Date,Open,High,Low,Close,Adj Close,Volume,Dividends,Stock Splits
2008-11-19,11.45,11.65,10.7,10.75,4.263863,231400,0.0,0.0
2008-11-20,10.53,10.8,9.4,9.8,3.887057,280300,0.0,0.0
2008-11-21,10.98,11.99,9.88,11.89,4.716032,618700,0.0,0.0
2008-11-24,11.54,11.95,10.45,10.98,4.35509,286600,0.0,0.0
2008-11-25,11.68,11.77,10.87,11.33,4.493915,291500,0.0,0.0
2008-11-26,11.33,12.75,11.11,12.1,4.799325,216100,0.0,0.0
2008-11-28,12.03,12.03,11.34,11.54,4.577208,138000,0.0,0.0
2008-12-01,11.0,11.53,10.71,10.77,4.271797,414400,0.0,0.0
2008-12-02,11.21,11.35,10.79,11.25,4.462184,255700,0.0,0.0
2008-12-03,11.09,11.39,10.5,10.91,4.327325,157400,0.0,0.0
2008-12-04,10.94,11.22,10.46,10.97,4.351124,148800,0.0,0.0
2008-12-05,10.63,11.98,10.56,11.71,4.644637,204900,0.0,0.0
2008-12-08,12.09,12.28,11.5,11.66,4.624804,312800,0.0,0.0
2008-12-09,11.66,12.02,11.38,11.57,4.589106,198900,0.0,0.0
2008-12-10,11.74,12.05,11.25,11.42,4.529611,206400,0.0,0.0
2008-12-11,11.54,12.11,11.26,11.26,4.46615,162100,0.0,0.0
2008-12-12,11.26,12.16,11.25,12.0,4.759661,182000,0.0,0.0
2008-12-15,11.77,11.88,11.35,11.48,4.55341,169600,0.0,0.0
2008-12-16,11.63,12.4,11.48,12.14,4.815192,243700,0.0,0.0
2008-12-17,11.68,11.76,11.25,11.44,4.537545,211500,0.0,0.0
2008-12-18,11.79,12.11,11.44,11.78,4.672401,359600,0.0,0.0
2008-12-19,12.07,13.32,11.92,12.13,4.811225,1287000,0.0,0.0
2008-12-22,12.02,12.07,11.3,11.59,4.59704,377400,0.0,0.0
2008-12-23,11.51,11.52,10.62,10.85,4.303527,396100,0.0,0.0
2008-12-24,10.37,11.13,10.37,10.78,4.275763,89900,0.0,0.0
2008-12-26,11.05,11.22,10.94,11.2,4.442351,110400,0.0,0.0
2008-12-29,10.73,10.77,10.42,10.63,4.216268,162000,0.0,0.0
2008-12-30,11.07,11.39,10.79,11.04,4.378889,189600,0.0,0.0
2008-12-31,10.73,11.71,10.71,11.17,4.430451,144600,0.0,0.0
2009-01-02,11.08,11.99,11.06,11.6,4.601007,191800,0.0,0.0
2009-01-05,11.61,12.3,11.61,12.14,4.815192,271600,0.0,0.0
2009-01-06,12.05,12.2,11.7,11.97,4.747764,382400,0.0,0.0
2009-01-07,11.72,11.86,11.31,11.65,4.620838,115000,0.0,0.0
2009-01-08,11.63,11.91,11.25,11.49,4.557376,214300,0.0,0.0
2009-01-09,11.4,11.61,11.18,11.31,4.485981,212900,0.0,0.0
2009-01-12,11.45,11.56,11.08,11.25,4.462184,193600,0.0,0.0
2009-01-13,11.52,11.79,11.41,11.61,4.604973,201100,0.0,0.0
2009-01-14,11.47,11.54,10.51,10.95,4.343192,203300,0.0,0.0
2009-01-15,11.1,12.0,10.71,11.86,4.704133,262000,0.0,0.0
2009-01-16,11.8,12.19,11.68,11.98,4.751729,333500,0.0,0.0
2009-01-20,11.45,11.45,10.78,10.8,4.283696,232600,0.0,0.0
2009-01-21,11.43,11.89,11.07,11.79,4.676368,359800,0.0,0.0
2009-01-22,11.22,11.35,10.88,11.14,4.418554,158600,0.0,0.0
2009-01-23,10.74,11.46,10.57,11.37,4.50978,207100,0.0,0.0
2009-01-26,11.2,11.55,11.16,11.2,4.442351,126600,0.0,0.0
2009-01-27,11.25,11.39,11.05,11.3,4.482015,109400,0.0,0.0
2009-01-28,11.59,11.73,11.38,11.54,4.577208,116900,0.0,0.0
2009-01-29,11.46,11.55,11.2,11.27,4.470117,171700,0.0,0.0
2009-01-30,11.46,11.58,11.04,11.18,4.434419,204700,0.0,0.0
2009-02-02,10.94,11.21,10.9,11.14,4.418554,163700,0.0,0.0
2009-02-03,10.91,11.1,10.86,10.92,4.331292,113400,0.0,0.0
2009-02-04,10.98,11.49,10.87,11.02,4.370957,436300,0.0,0.0
2009-02-05,10.95,11.77,10.9,11.68,4.632738,377200,0.0,0.0
2009-02-06,11.45,11.94,11.4,11.88,4.712066,193500,0.0,0.0
2009-02-09,11.76,12.26,11.67,12.05,4.779493,363000,0.0,0.0
2009-02-10,12.05,12.42,11.7,11.87,4.708099,313700,0.0,0.0
2009-02-11,11.94,12.33,11.76,12.17,4.82709,412500,0.0,0.0
2009-02-12,11.77,12.23,11.33,12.0,4.759661,168800,0.0,0.0
2009-02-13,11.81,12.43,11.65,12.25,4.858821,234900,0.0,0.0
2009-02-17,11.72,11.74,11.28,11.47,4.549442,692200,0.0,0.0
2009-02-18,11.43,11.58,11.15,11.25,4.462184,788900,0.0,0.0
2009-02-19,11.49,11.58,10.97,10.99,4.359056,662400,0.0,0.0
2009-02-20,10.94,11.15,10.84,11.03,4.374923,651500,0.0,0.0
2009-02-23,11.34,11.34,10.03,10.16,4.029847,452400,0.0,0.0
2009-02-24,9.21,10.59,9.21,10.42,4.132974,743300,0.0,0.0
2009-02-25,10.25,10.86,10.1,10.53,4.176603,678200,0.0,0.0
2009-02-26,10.82,11.17,10.65,10.76,4.267831,657700,0.0,0.0
2009-02-27,10.6,11.17,10.6,10.8,4.283696,332800,0.0,0.0
2009-03-02,10.72,10.77,9.84,10.4,4.125041,393300,0.0,0.0
2009-03-03,10.59,10.59,9.71,10.25,4.065544,364800,0.0,0.0
2009-03-04,10.32,10.62,10.3,10.54,4.18057,281700,0.0,0.0
2009-03-05,10.22,10.46,10.03,10.3,4.085376,284100,0.0,0.0
2009-03-06,10.26,10.73,10.15,10.51,4.168671,620700,0.0,0.0
2009-03-09,10.25,10.6,10.15,10.23,4.057611,353900,0.0,0.0
2009-03-10,10.35,11.08,10.35,11.08,4.394755,405000,0.0,0.0
2009-03-11,10.89,11.1,10.35,10.38,4.117107,621400,0.0,0.0
2009-03-12,10.53,10.67,10.4,10.6,4.204369,621600,0.0,0.0
2009-03-13,10.59,10.81,10.41,10.51,4.168671,353700,0.0,0.0
2009-03-16,10.73,11.08,10.46,10.48,4.15677,521400,0.0,0.0
2009-03-17,10.56,11.07,10.52,11.07,4.390788,405800,0.0,0.0
2009-03-18,10.96,11.47,10.72,11.28,4.474082,654100,0.0,0.0
2009-03-19,11.57,11.6,10.93,11.12,4.41062,541800,0.0,0.0
2009-03-20,11.01,11.09,10.7,10.97,4.351124,355200,0.0,0.0
2009-03-23,10.92,11.0,10.58,10.93,4.33526,615000,0.0,0.0
2009-03-24,10.69,10.81,10.59,10.69,4.240065,733500,0.0,0.0
2009-03-25,10.78,11.09,10.76,10.91,4.327325,545200,0.0,0.0
2009-03-26,10.99,11.57,10.9,11.51,4.56531,269000,0.0,0.0
2009-03-27,11.17,11.39,10.76,10.88,4.315428,277200,0.0,0.0
2009-03-30,10.85,11.03,10.68,11.02,4.370957,373300,0.0,0.0
2009-03-31,11.14,11.37,10.83,10.83,4.295595,475600,0.0,0.0
2009-04-01,11.06,11.69,10.99,11.68,4.632738,502500,0.0,0.0
2009-04-02,12.02,12.34,11.9,12.27,4.866755,463200,0.0,0.0
2009-04-03,12.42,12.79,12.24,12.79,5.073007,420900,0.0,0.0
2009-04-06,12.38,12.45,12.13,12.36,4.902452,210400,0.0,0.0
2009-04-07,12.12,12.36,12.09,12.24,4.854855,152400,0.0,0.0
2009-04-08,12.55,12.76,12.44,12.6,4.997645,144400,0.0,0.0
2009-04-09,13.1,13.23,12.57,12.78,5.06904,272600,0.0,0.0
2009-04-13,12.81,13.17,12.59,12.94,5.132502,264700,0.0,0.0
2009-04-14,12.63,12.75,12.25,12.25,4.858821,290000,0.0,0.0
2009-04-15,12.23,12.94,12.22,12.93,5.128535,341400,0.0,0.0
2009-04-16,13.05,13.2,12.81,13.0,5.156301,517000,0.0,0.0
2009-04-17,13.04,13.19,12.87,12.89,5.112671,381600,0.0,0.0
2009-04-20,12.68,12.7,12.25,12.55,4.977813,351600,0.0,0.0
2009-04-21,12.55,13.75,12.25,13.27,5.263393,413300,0.0,0.0
2009-04-22,12.88,12.99,12.61,12.72,5.045242,595400,0.0,0.0
2009-04-23,12.69,12.89,12.44,12.72,5.045242,570300,0.0,0.0
2009-04-24,12.81,12.92,12.6,12.61,5.001611,629800,0.0,0.0
2009-04-27,12.49,12.72,12.3,12.4,4.918316,423300,0.0,0.0
2009-04-28,12.34,13.02,12.34,12.81,5.080939,601800,0.0,0.0
2009-04-29,13.08,13.78,13.08,13.6,5.394284,432200,0.0,0.0
2009-04-30,13.58,13.7,13.08,13.08,5.188031,527100,0.0,0.0
2009-05-01,13.03,13.75,12.75,13.63,5.406182,358400,0.0,0.0
2009-05-04,13.55,14.07,13.45,13.89,5.509309,621900,0.0,0.0
2009-05-05,13.24,13.24,12.64,12.78,5.363266,216500,0.762,0.0
2009-05-06,12.89,13.3,12.86,12.9,5.413626,234700,0.0,0.0
2009-05-07,13.16,13.16,12.65,12.94,5.430413,435800,0.0,0.0
2009-05-08,13.1,13.25,12.86,13.25,5.560507,231300,0.0,0.0
2009-05-11,12.97,13.16,12.88,13.09,5.493362,258300,0.0,0.0
2009-05-12,13.23,13.27,12.67,12.78,5.363266,206500,0.0,0.0
2009-05-13,12.3,12.32,11.84,11.84,4.968786,299600,0.0,0.0
2009-05-14,11.96,12.7,11.96,12.62,5.296122,417900,0.0,0.0
2009-05-15,12.44,12.47,11.92,12.3,5.16183,157700,0.0,0.0
2009-05-18,12.48,12.72,12.43,12.67,5.317104,210700,0.0,0.0
2009-05-19,12.52,12.81,12.45,12.65,5.30871,297900,0.0,0.0
2009-05-20,12.83,12.98,12.53,12.57,5.275138,164300,0.0,0.0
2009-05-21,12.58,12.71,12.33,12.46,5.228976,201300,0.0,0.0
2009-05-22,12.63,12.63,12.35,12.52,5.254155,161200,0.0,0.0
2009-05-26,12.16,12.71,12.14,12.47,5.233171,214600,0.0,0.0
2009-05-27,12.62,13.19,12.46,12.6,5.287728,647800,0.0,0.0
2009-05-28,12.78,12.93,12.58,12.87,5.401036,286000,0.0,0.0
2009-05-29,12.92,13.63,12.75,13.23,5.552114,566300,0.0,0.0
2009-06-01,13.72,13.91,13.38,13.69,5.745158,340800,0.0,0.0
2009-06-02,13.49,13.78,13.31,13.58,5.698994,350300,0.0,0.0
2009-06-03,13.26,13.37,12.75,12.98,5.447198,345700,0.0,0.0
2009-06-04,12.98,13.3,12.9,13.3,5.58149,258400,0.0,0.0
2009-06-05,13.45,13.47,12.9,13.08,5.489164,320300,0.0,0.0
2009-06-08,12.91,13.04,12.71,12.85,5.392643,252600,0.0,0.0
2009-06-09,13.13,13.22,12.94,13.05,5.476574,220800,0.0,0.0
2009-06-10,13.29,13.33,12.97,13.28,5.573098,239800,0.0,0.0
2009-06-11,13.26,14.25,13.16,14.08,5.908827,482400,0.0,0.0
2009-06-12,13.58,14.02,13.58,14.02,5.883647,362600,0.0,0.0
2009-06-15,13.63,13.63,13.13,13.26,5.564704,396500,0.0,0.0
2009-06-16,13.31,13.61,13.0,13.15,5.518542,491400,0.0,0.0
2009-06-17,13.04,13.68,12.77,13.55,5.686407,374800,0.0,0.0
2009-06-18,13.66,13.95,13.35,13.69,5.745158,420800,0.0,0.0
2009-06-19,13.94,14.85,13.66,14.77,6.198392,1313500,0.0,0.0
2009-06-22,15.04,15.05,14.41,14.53,6.097673,1287100,0.0,0.0
2009-06-23,14.68,14.76,14.22,14.42,6.051511,785300,0.0,0.0
2009-06-24,14.77,14.84,14.0,14.15,5.938202,544300,0.0,0.0
2009-06-25,14.2,14.37,14.0,14.35,6.022136,739600,0.0,0.0
2009-06-26,14.42,14.46,14.23,14.36,6.026332,376100,0.0,0.0
2009-06-29,14.32,14.73,14.2,14.68,6.160624,254000,0.0,0.0
2009-06-30,14.61,14.67,14.17,14.58,6.118656,453800,0.0,0.0
2009-07-01,14.99,15.08,14.7,14.88,6.244555,244600,0.0,0.0
2009-07-02,14.39,14.55,14.18,14.3,6.001152,182900,0.0,0.0
2009-07-06,14.2,14.94,14.18,14.94,6.269734,392900,0.0,0.0
2009-07-07,14.63,14.83,14.47,14.56,6.110263,309800,0.0,0.0
2009-07-08,14.57,14.6,14.12,14.31,6.005348,240400,0.0,0.0
2009-07-09,14.36,14.45,14.1,14.31,6.005348,141800,0.0,0.0
2009-07-10,14.03,14.37,14.02,14.26,5.984365,147100,0.0,0.0
2009-07-13,14.39,14.74,14.11,14.69,6.164819,169400,0.0,0.0
2009-07-14,14.61,14.68,14.18,14.32,6.009544,357000,0.0,0.0
2009-07-15,14.8,14.91,14.48,14.85,6.231965,397000,0.0,0.0
2009-07-16,14.6,15.07,14.53,14.83,6.223571,190900,0.0,0.0
2009-07-17,15.11,15.13,14.89,14.95,6.273932,260500,0.0,0.0
2009-07-20,15.24,15.38,15.18,15.36,6.445992,313800,0.0,0.0
2009-07-21,15.45,15.54,15.08,15.28,6.412419,267000,0.0,0.0
2009-07-22,15.24,15.34,15.02,15.16,6.36206,358100,0.0,0.0
2009-07-23,15.12,15.42,15.02,15.14,6.353667,208900,0.0,0.0
2009-07-24,15.05,15.14,14.72,14.96,6.278128,161700,0.0,0.0
2009-07-27,15.14,15.27,14.94,15.2,6.378847,144800,0.0,0.0
2009-07-28,14.95,15.02,14.73,14.97,6.282323,283200,0.0,0.0
2009-07-29,14.71,14.88,14.59,14.79,6.206786,200900,0.0,0.0
2009-07-30,15.02,15.31,15.02,15.2,6.378847,261900,0.0,0.0
2009-07-31,15.11,15.44,15.09,15.29,6.416615,358000,0.0,0.0
2009-08-03,15.59,15.71,15.44,15.66,6.57189,200300,0.0,0.0
2009-08-04,15.65,15.85,15.54,15.79,6.626447,376100,0.0,0.0
2009-08-05,15.79,16.129999,15.42,16.059999,6.739755,293700,0.0,0.0
2009-08-06,16.33,16.76,16.049999,16.700001,7.008337,331700,0.0,0.0
2009-08-07,16.58,16.709999,16.309999,16.35,6.861455,229900,0.0,0.0
2009-08-10,16.16,16.24,15.69,15.89,6.668412,296900,0.0,0.0
2009-08-11,15.63,15.67,15.3,15.32,6.429206,349100,0.0,0.0
2009-08-12,15.12,15.44,15.07,15.29,6.416615,319800,0.0,0.0
2009-08-13,15.15,15.27,15.01,15.26,6.404026,334300,0.0,0.0
2009-08-14,15.23,15.23,14.77,14.92,6.261342,230700,0.0,0.0
2009-08-17,14.38,14.43,14.17,14.22,5.967579,261800,0.0,0.0
2009-08-18,14.4,14.88,14.34,14.8,6.210983,292800,0.0,0.0
2009-08-19,14.28,14.63,14.26,14.53,6.097673,247500,0.0,0.0
2009-08-20,14.55,14.81,14.55,14.65,6.148033,174100,0.0,0.0
2009-08-21,14.89,14.94,14.61,14.7,6.169015,239900,0.0,0.0
2009-08-24,14.78,14.99,14.68,14.83,6.223571,401200,0.0,0.0
2009-08-25,14.44,14.92,14.39,14.42,6.051511,310000,0.0,0.0
2009-08-26,14.45,14.69,14.32,14.6,6.12705,430400,0.0,0.0
2009-08-27,14.67,15.44,14.57,15.39,6.458581,684900,0.0,0.0
2009-08-28,15.43,15.48,14.8,14.8,6.210983,310500,0.0,0.0
2009-08-31,14.67,15.0,14.39,14.39,6.038921,666100,0.0,0.0
2009-09-01,14.57,14.74,14.09,14.1,5.91722,459100,0.0,0.0
2009-09-02,14.14,14.42,14.09,14.2,5.959185,167400,0.0,0.0
2009-09-03,14.43,14.7,14.35,14.66,6.152228,366200,0.0,0.0
2009-09-04,14.71,15.09,14.63,15.07,6.32429,201400,0.0,0.0
2009-09-08,15.26,15.46,15.13,15.38,6.454386,344200,0.0,0.0
2009-09-09,15.41,15.48,15.09,15.25,6.39983,271300,0.0,0.0
2009-09-10,15.28,15.71,15.25,15.64,6.563497,281900,0.0,0.0
2009-09-11,15.57,15.68,15.45,15.53,6.517334,440500,0.0,0.0
2009-09-14,15.54,15.8,15.52,15.77,6.618052,349000,0.0,0.0
2009-09-15,15.74,15.79,15.51,15.66,6.57189,251600,0.0,0.0
2009-09-16,15.81,16.0,15.58,15.98,6.706182,282800,0.0,0.0
2009-09-17,15.83,16.07,15.76,15.87,6.660019,184500,0.0,0.0
2009-09-18,15.99,16.059999,15.65,15.94,6.689395,479400,0.0,0.0
2009-09-21,15.55,15.58,15.3,15.38,6.454386,626900,0.0,0.0
2009-09-22,15.42,15.7,15.34,15.67,6.576087,374500,0.0,0.0
2009-09-23,15.48,15.72,15.32,15.32,6.429206,221100,0.0,0.0
2009-09-24,15.58,15.61,15.03,15.03,6.307504,222100,0.0,0.0
2009-09-25,15.09,15.24,15.04,15.15,6.357863,145100,0.0,0.0
2009-09-28,15.19,15.33,15.0,15.22,6.387239,121300,0.0,0.0
2009-09-29,15.11,15.19,15.01,15.15,6.357863,191400,0.0,0.0
2009-09-30,15.26,15.61,15.05,15.47,6.492155,371300,0.0,0.0
2009-10-01,15.37,15.48,14.95,14.96,6.278128,182700,0.0,0.0
2009-10-02,14.78,15.43,14.77,15.43,6.475369,377200,0.0,0.0
2009-10-05,15.31,15.9,15.28,15.84,6.64743,255400,0.0,0.0
2009-10-06,15.97,16.190001,15.75,15.95,6.693591,332500,0.0,0.0
2009-10-07,15.74,16.120001,15.65,16.120001,6.764935,215000,0.0,0.0
2009-10-08,16.190001,16.219999,15.91,16.15,6.777524,175400,0.0,0.0
2009-10-09,16.0,16.23,16.0,16.190001,6.794312,132600,0.0,0.0
2009-10-12,16.280001,16.48,16.120001,16.33,6.853064,89900,0.0,0.0
2009-10-13,16.200001,16.370001,16.0,16.370001,6.869849,207900,0.0,0.0
2009-10-14,16.440001,16.91,16.42,16.91,7.096466,266000,0.0,0.0
2009-10-15,16.690001,16.91,16.65,16.879999,7.083876,288800,0.0,0.0
2009-10-16,16.42,16.67,16.4,16.52,6.932798,423800,0.0,0.0
2009-10-19,16.459999,16.58,16.35,16.389999,6.878243,296800,0.0,0.0
2009-10-20,15.95,16.040001,15.35,15.69,6.58448,511800,0.0,0.0
2009-10-21,15.73,16.24,15.73,15.9,6.672609,591600,0.0,0.0
2009-10-22,15.87,15.89,15.66,15.8,6.630643,167600,0.0,0.0
2009-10-23,15.83,15.92,15.55,15.57,6.534121,284400,0.0,0.0
2009-10-26,15.68,15.77,14.88,15.09,6.332685,1238500,0.0,0.0
2009-10-27,14.91,15.11,14.63,14.64,6.143836,536900,0.0,0.0
2009-10-28,14.77,14.93,13.88,13.97,5.862664,754400,0.0,0.0
2009-10-29,14.33,14.89,14.09,14.81,6.215179,519000,0.0,0.0
2009-10-30,14.86,14.89,14.07,14.34,6.017937,977000,0.0,0.0
2009-11-02,14.34,14.39,13.85,14.24,5.975972,460500,0.0,0.0
2009-11-03,13.98,14.56,13.95,14.44,6.059904,371300,0.0,0.0
2009-11-04,15.18,15.48,15.05,15.23,6.391436,473700,0.0,0.0
2009-11-05,15.44,15.79,15.42,15.69,6.58448,586900,0.0,0.0
2009-11-06,15.51,16.09,15.51,16.09,6.752346,920600,0.0,0.0
2009-11-09,16.290001,16.889999,16.26,16.870001,7.07968,1421400,0.0,0.0
2009-11-10,16.42,16.66,16.219999,16.549999,6.945388,565000,0.0,0.0
2009-11-11,16.559999,16.620001,15.99,16.26,6.823686,507100,0.0,0.0
2009-11-12,16.33,16.389999,15.64,15.85,6.651627,911000,0.0,0.0
2009-11-13,15.86,16.4,15.75,16.190001,6.794312,365600,0.0,0.0
2009-11-16,16.34,16.530001,16.24,16.389999,6.878243,388700,0.0,0.0
2009-11-17,16.25,16.59,16.120001,16.57,6.953783,451000,0.0,0.0
2009-11-18,16.549999,16.549999,16.190001,16.459999,6.90762,333500,0.0,0.0
2009-11-19,16.41,16.43,15.95,16.24,6.815293,297800,0.0,0.0
2009-11-20,15.99,16.18,15.83,16.049999,6.735557,231400,0.0,0.0
2009-11-23,16.219999,16.41,16.08,16.26,6.823686,249000,0.0,0.0
2009-11-24,16.200001,16.379999,16.129999,16.33,6.853064,257200,0.0,0.0
2009-11-25,16.58,16.889999,16.389999,16.719999,7.016731,414300,0.0,0.0
2009-11-27,16.540001,17.620001,16.540001,17.389999,7.297904,769200,0.0,0.0
2009-11-30,17.48,17.59,16.93,17.17,7.205579,831300,0.0,0.0
2009-12-01,17.559999,18.360001,17.389999,18.09,7.591667,527800,0.0,0.0
2009-12-02,18.33,19.58,18.33,19.58,8.216962,782200,0.0,0.0
2009-12-03,19.610001,20.42,19.440001,19.549999,8.20437,955100,0.0,0.0
2009-12-04,20.209999,20.43,19.540001,19.84,8.326073,1265500,0.0,0.0
2009-12-07,19.440001,20.24,19.440001,19.83,8.321877,502100,0.0,0.0
2009-12-08,19.6,20.08,18.870001,20.030001,8.405809,541400,0.0,0.0
2009-12-09,20.09,20.889999,19.99,20.860001,8.754128,991600,0.0,0.0
2009-12-10,21.77,22.48,21.67,22.27,9.345851,1956900,0.0,0.0
2009-12-11,21.709999,22.16,21.25,22.1,9.274508,1578700,0.0,0.0
2009-12-14,21.309999,21.530001,20.790001,20.969999,8.80029,1003100,0.0,0.0
2009-12-15,20.629999,21.24,20.43,21.200001,8.896814,656200,0.0,0.0
2009-12-16,21.41,21.42,20.309999,20.889999,8.766717,909300,0.0,0.0
2009-12-17,20.16,20.450001,19.84,19.860001,8.334466,783400,0.0,0.0
2009-12-18,19.610001,20.02,19.469999,19.75,8.288303,680000,0.0,0.0
2009-12-21,19.99,20.280001,19.889999,20.08,8.426792,837900,0.0,0.0
2009-12-22,19.98,20.16,19.629999,19.860001,8.334466,887500,0.0,0.0
2009-12-23,19.59,19.959999,19.379999,19.879999,8.342859,1027600,0.0,0.0
2009-12-24,20.190001,20.290001,19.889999,20.18,8.468758,81800,0.0,0.0
2009-12-28,20.629999,20.870001,20.43,20.77,8.716358,420000,0.0,0.0
2009-12-29,21.09,21.34,21.049999,21.18,8.888418,508700,0.0,0.0
2009-12-30,21.09,21.25,21.030001,21.09,8.850649,297700,0.0,0.0
2009-12-31,21.34,21.34,20.91,21.09,8.850649,203300,0.0,0.0
2010-01-04,21.629999,22.4,21.51,22.23,9.329062,603400,0.0,0.0
2010-01-05,22.190001,22.219999,21.879999,22.09,9.27031,849600,0.0,0.0
2010-01-06,21.860001,22.0,21.57,21.68,9.098248,589100,0.0,0.0
2010-01-07,21.309999,22.0,21.280001,21.870001,9.177986,503100,0.0,0.0
2010-01-08,22.0,23.059999,22.0,22.74,9.54309,577400,0.0,0.0
2010-01-11,22.43,22.690001,21.93,22.08,9.266113,904000,0.0,0.0
2010-01-12,21.77,22.030001,21.51,21.940001,9.20736,1339500,0.0,0.0
2010-01-13,21.709999,21.889999,21.25,21.75,9.127625,915700,0.0,0.0
2010-01-14,21.940001,22.1,21.34,21.440001,8.997531,591100,0.0,0.0
2010-01-15,21.200001,21.309999,20.42,20.66,8.670194,474700,0.0,0.0
2010-01-19,20.379999,21.620001,20.26,21.52,9.031104,948600,0.0,0.0
2010-01-20,21.379999,21.450001,20.309999,20.809999,8.733146,1003800,0.0,0.0
2010-01-21,21.139999,21.41,20.889999,21.040001,8.829666,1146100,0.0,0.0
2010-01-22,23.790001,23.99,21.85,22.68,9.517909,4395300,0.0,0.0
2010-01-25,23.299999,23.299999,22.549999,22.610001,9.488535,693000,0.0,0.0
2010-01-26,22.389999,22.540001,21.879999,21.879999,9.18218,1224100,0.0,0.0
2010-01-27,21.59,21.68,21.030001,21.219999,8.905205,1874000,0.0,0.0
2010-01-28,21.17,21.17,20.469999,20.799999,8.728948,1093300,0.0,0.0
2010-01-29,21.16,21.49,20.93,21.280001,8.930385,1355400,0.0,0.0
2010-02-01,15.62,16.5,15.33,15.62,9.282799,2006300,6.253,0.0
2010-02-02,15.52,15.86,15.49,15.69,9.324399,1493000,0.0,0.0
2010-02-03,15.5,15.59,14.44,14.85,8.825196,968000,0.0,0.0
2010-02-04,14.11,14.3,13.44,13.52,8.034792,1920600,0.0,0.0
2010-02-05,13.53,13.59,12.82,13.23,7.862446,1818800,0.0,0.0
2010-02-08,13.06,13.19,12.83,12.89,7.66039,1304400,0.0,0.0
2010-02-09,13.22,13.84,13.18,13.48,8.01102,1363500,0.0,0.0
2010-02-10,13.54,13.57,13.17,13.37,7.945648,428200,0.0,0.0
2010-02-11,13.27,13.63,13.19,13.5,8.022904,686500,0.0,0.0
2010-02-12,13.21,13.41,13.09,13.3,7.904046,413300,0.0,0.0
2010-02-16,13.68,13.93,13.5,13.77,8.183364,533800,0.0,0.0
2010-02-17,13.87,13.99,13.56,13.56,8.05856,813500,0.0,0.0
2010-02-18,13.6,13.95,13.53,13.93,8.27845,633500,0.0,0.0
2010-02-19,13.72,13.93,13.62,13.75,8.171477,432300,0.0,0.0
2010-02-22,13.73,13.79,13.25,13.42,7.975362,520600,0.0,0.0
2010-02-23,13.18,13.29,12.95,12.95,7.696046,488000,0.0,0.0
2010-02-24,12.88,13.05,12.8,12.81,7.612844,448800,0.0,0.0
2010-02-25,12.44,13.23,12.42,13.17,7.82679,722100,0.0,0.0
2010-02-26,13.02,13.2,12.77,13.0,7.72576,506100,0.0,0.0
2010-03-01,13.28,13.58,13.24,13.58,8.070446,588300,0.0,0.0
2010-03-02,13.88,14.1,13.87,13.92,8.272507,750500,0.0,0.0
2010-03-03,13.92,14.14,13.38,13.66,8.11799,683400,0.0,0.0
2010-03-04,13.57,13.68,13.35,13.66,8.11799,863900,0.0,0.0
2010-03-05,13.86,14.79,13.83,13.97,8.302222,643800,0.0,0.0
2010-03-08,14.0,14.03,13.71,13.84,8.224964,432900,0.0,0.0
2010-03-09,13.71,14.65,13.71,14.48,8.605308,1176700,0.0,0.0
2010-03-10,14.66,15.05,14.43,14.7,8.736051,787100,0.0,0.0
2010-03-11,14.71,14.77,14.46,14.61,8.682567,363400,0.0,0.0
2010-03-12,14.7,14.73,14.28,14.52,8.629081,419400,0.0,0.0
2010-03-15,14.41,14.81,14.25,14.67,8.718224,558800,0.0,0.0
2010-03-16,14.85,15.12,14.75,15.11,8.979711,580100,0.0,0.0
2010-03-17,15.14,15.42,15.1,15.41,9.157997,617800,0.0,0.0
2010-03-18,15.25,15.35,14.9,15.25,9.062913,817400,0.0,0.0
2010-03-19,15.11,15.36,14.99,15.11,8.979711,748800,0.0,0.0
2010-03-22,14.76,14.87,14.6,14.66,8.712279,830200,0.0,0.0
2010-03-23,14.76,15.04,14.58,14.87,8.837082,457800,0.0,0.0
2010-03-24,14.58,14.77,14.44,14.55,8.64691,545600,0.0,0.0
2010-03-25,14.49,14.59,14.2,14.21,8.44485,649800,0.0,0.0
2010-03-26,14.26,14.41,14.17,14.39,8.551823,590700,0.0,0.0
2010-03-29,14.78,15.03,14.66,14.97,8.896509,478000,0.0,0.0
2010-03-30,14.85,15.0,14.76,14.92,8.866796,610900,0.0,0.0
2010-03-31,14.92,15.1,14.77,15.0,8.91434,664600,0.0,0.0
2010-04-01,15.02,15.35,15.02,15.26,9.068854,786400,0.0,0.0
2010-04-05,15.3,15.3,14.82,14.97,8.896509,891700,0.0,0.0
2010-04-06,14.91,15.05,14.76,15.01,8.920283,729500,0.0,0.0
2010-04-07,14.92,15.01,14.7,14.82,8.807366,776000,0.0,0.0
2010-04-08,14.6,14.84,14.54,14.6,8.676624,603100,0.0,0.0
2010-04-09,14.63,14.81,14.6,14.76,8.771708,566000,0.0,0.0
2010-04-12,14.77,14.94,14.55,14.63,8.694453,550600,0.0,0.0
2010-04-13,14.63,14.67,14.5,14.54,8.640965,561000,0.0,0.0
2010-04-14,14.57,14.67,14.53,14.61,8.682567,349100,0.0,0.0
2010-04-15,14.54,14.74,14.43,14.53,8.635022,566800,0.0,0.0
2010-04-16,14.32,14.5,14.25,14.46,8.593422,969700,0.0,0.0
2010-04-19,14.58,14.75,14.48,14.54,8.640965,700200,0.0,0.0
2010-04-20,14.72,14.78,14.43,14.48,8.605308,506400,0.0,0.0
2010-04-21,14.63,14.67,14.39,14.54,8.640965,589600,0.0,0.0
2010-04-22,14.33,14.71,14.29,14.68,8.724168,740900,0.0,0.0
2010-04-23,14.5,14.82,14.33,14.77,8.777653,748600,0.0,0.0
2010-04-26,14.85,14.85,14.47,14.57,8.658794,541500,0.0,0.0
2010-04-27,14.48,14.75,14.02,14.06,8.355707,855700,0.0,0.0
2010-04-28,14.38,14.41,14.11,14.28,8.486451,1202000,0.0,0.0
2010-04-29,14.43,14.53,14.34,14.48,8.605308,1044800,0.0,0.0
2010-04-30,14.58,14.69,14.22,14.29,8.492393,792000,0.0,0.0
2010-05-03,14.15,14.19,13.68,13.89,8.391502,1667900,0.233,0.0
2010-05-04,13.61,13.61,13.15,13.16,7.950481,1253200,0.0,0.0
2010-05-05,12.68,12.93,12.49,12.74,7.696742,1461200,0.0,0.0
2010-05-06,12.43,12.8,10.93,11.95,7.21947,2446100,0.0,0.0
2010-05-07,11.88,12.49,11.68,12.28,7.418838,2167400,0.0,0.0
2010-05-10,13.03,13.45,13.0,13.4,8.095473,1735000,0.0,0.0
2010-05-11,13.04,13.51,13.04,13.19,7.968604,1128200,0.0,0.0
2010-05-12,13.42,13.47,13.22,13.29,8.02902,625200,0.0,0.0
2010-05-13,13.25,13.4,13.15,13.2,7.974646,423300,0.0,0.0
2010-05-14,13.09,13.12,12.58,12.74,7.696742,764800,0.0,0.0
2010-05-17,12.64,12.81,12.23,12.72,7.684658,819900,0.0,0.0
2010-05-18,12.78,12.81,12.04,12.24,7.39467,135000,0.0,0.0
2010-05-19,12.36,12.54,12.0,12.21,7.376549,904600,0.0,0.0
2010-05-20,11.78,11.99,11.46,11.74,7.092601,1056000,0.0,0.0
2010-05-21,11.44,12.15,11.44,12.05,7.279884,729600,0.0,0.0
2010-05-24,11.99,12.18,11.76,11.89,7.183223,742600,0.0,0.0
2010-05-25,11.63,12.06,11.51,12.0,7.249678,824400,0.0,0.0
2010-05-26,11.93,12.39,11.8,11.98,7.237594,1007800,0.0,0.0
2010-05-27,12.39,12.56,12.3,12.52,7.563831,642800,0.0,0.0
2010-05-28,12.34,12.67,12.24,12.48,7.539666,658000,0.0,0.0
2010-06-01,12.26,12.73,12.08,12.39,7.485293,1003700,0.0,0.0
2010-06-02,12.43,12.59,12.25,12.59,7.606121,599800,0.0,0.0
2010-06-03,12.3,12.55,12.18,12.41,7.497376,854400,0.0,0.0
2010-06-04,12.26,12.4,12.09,12.14,7.334259,743800,0.0,0.0
2010-06-07,12.14,12.31,12.02,12.02,7.261761,898900,0.0,0.0
2010-06-08,12.12,12.2,11.9,12.09,7.304051,1005700,0.0,0.0
2010-06-09,12.26,12.27,12.05,12.06,7.285927,646500,0.0,0.0
2010-06-10,12.32,12.56,11.93,12.52,7.563831,1066000,0.0,0.0
2010-06-11,12.46,12.88,12.41,12.85,7.763198,709900,0.0,0.0
2010-06-14,12.91,13.07,12.79,12.81,7.739031,659000,0.0,0.0
2010-06-15,13.05,13.35,12.97,13.25,8.004852,663200,0.0,0.0
2010-06-16,13.1,13.68,13.05,13.6,8.216303,872700,0.0,0.0
2010-06-17,13.74,13.89,13.63,13.76,8.312964,747700,0.0,0.0
2010-06-18,13.92,14.25,13.88,13.99,8.451916,1066400,0.0,0.0
2010-06-21,14.2,14.36,13.85,13.93,8.415668,692000,0.0,0.0
2010-06-22,14.05,14.29,13.92,13.97,8.439834,597900,0.0,0.0
2010-06-23,13.91,13.94,13.63,13.92,8.409627,806600,0.0,0.0
2010-06-24,13.78,13.84,13.58,13.68,8.264632,704800,0.0,0.0
2010-06-25,13.85,14.0,13.68,13.9,8.397544,860000,0.0,0.0
2010-06-28,13.98,14.11,13.78,13.82,8.349214,466200,0.0,0.0
2010-06-29,13.6,13.7,13.39,13.56,8.192135,741400,0.0,0.0
2010-06-30,13.67,13.85,13.36,13.36,8.071306,570600,0.0,0.0
2010-07-01,13.33,13.33,12.93,13.19,7.968604,721700,0.0,0.0
2010-07-02,13.16,13.28,12.92,13.02,7.865901,810500,0.0,0.0
2010-07-06,13.23,13.32,12.8,12.91,7.799444,1116100,0.0,0.0
2010-07-07,13.0,13.12,12.89,13.07,7.896108,816800,0.0,0.0
2010-07-08,13.0,13.05,12.75,12.97,7.835693,812200,0.0,0.0
2010-07-09,12.62,13.4,12.56,13.24,7.998811,330600,0.0,0.0
2010-07-12,13.01,13.08,12.52,12.63,7.630286,810400,0.0,0.0
2010-07-13,12.79,12.87,12.61,12.74,7.696742,406900,0.0,0.0
2010-07-14,12.93,12.95,12.66,12.77,7.714866,731900,0.0,0.0
2010-07-15,12.75,12.79,12.31,12.55,7.581955,1256300,0.0,0.0
2010-07-16,12.53,12.54,12.19,12.28,7.418838,961300,0.0,0.0
2010-07-19,12.35,12.39,12.21,12.32,7.443002,560400,0.0,0.0
2010-07-20,12.2,12.67,12.16,12.51,7.557788,1036400,0.0,0.0
2010-07-21,12.61,12.61,12.33,12.45,7.52154,813200,0.0,0.0
2010-07-22,12.67,12.9,12.65,12.84,7.757155,583700,0.0,0.0
2010-07-23,12.74,13.03,12.58,12.98,7.841734,873800,0.0,0.0
2010-07-26,12.9,13.02,12.85,12.99,7.847777,682000,0.0,0.0
2010-07-27,13.08,13.08,12.6,12.64,7.636328,1133100,0.0,0.0
2010-07-28,12.57,12.8,12.51,12.72,7.684658,693500,0.0,0.0
2010-07-29,12.88,12.96,12.77,12.84,7.757155,425000,0.0,0.0
2010-07-30,12.89,13.17,12.82,13.08,7.902149,567300,0.0,0.0
2010-08-02,13.3,13.33,13.17,13.25,8.004852,445000,0.0,0.0
2010-08-03,13.17,13.25,13.06,13.15,7.94444,434000,0.0,0.0
2010-08-04,13.13,13.28,12.98,13.22,7.986729,498200,0.0,0.0
2010-08-05,13.12,13.17,13.01,13.15,7.94444,293300,0.0,0.0
2010-08-06,13.14,13.28,13.1,13.16,7.950481,405100,0.0,0.0
2010-08-09,13.16,13.23,13.05,13.07,7.896108,280600,0.0,0.0
2010-08-10,13.04,13.25,12.97,13.06,7.890068,450800,0.0,0.0
2010-08-11,12.89,12.95,12.62,12.64,7.636328,407600,0.0,0.0
2010-08-12,12.63,12.72,12.56,12.62,7.624245,397900,0.0,0.0
2010-08-13,12.65,12.89,12.61,12.68,7.660493,389600,0.0,0.0
2010-08-16,12.78,12.94,12.68,12.85,7.763198,425500,0.0,0.0
2010-08-17,12.97,12.99,12.73,12.73,7.6907,739600,0.0,0.0
2010-08-18,12.83,12.93,12.76,12.88,7.781322,756800,0.0,0.0
2010-08-19,12.84,12.84,12.62,12.67,7.654453,477700,0.0,0.0
2010-08-20,12.56,12.97,12.53,12.94,7.817569,517600,0.0,0.0
2010-08-23,13.0,13.0,12.63,12.67,7.654453,625400,0.0,0.0
2010-08-24,12.51,12.78,12.39,12.73,7.6907,611700,0.0,0.0
2010-08-25,12.63,12.69,12.5,12.59,7.606121,725400,0.0,0.0
2010-08-26,12.59,12.66,12.3,12.3,7.430921,727400,0.0,0.0
2010-08-27,12.37,12.83,12.36,12.6,7.612161,930400,0.0,0.0
2010-08-30,12.63,12.72,12.25,12.29,7.424879,880300,0.0,0.0
2010-08-31,12.54,12.56,12.3,12.36,7.467169,1062100,0.0,0.0
2010-09-01,12.52,12.67,12.46,12.55,7.581955,1019400,0.0,0.0
2010-09-02,12.53,12.62,12.51,12.6,7.612161,410100,0.0,0.0
2010-09-03,12.73,12.8,12.5,12.61,7.618202,711800,0.0,0.0
2010-09-07,12.61,12.91,12.57,12.81,7.739031,568100,0.0,0.0
2010-09-08,12.56,12.74,12.42,12.5,7.551747,954900,0.0,0.0
2010-09-09,12.56,12.56,12.37,12.41,7.497376,473300,0.0,0.0
2010-09-10,12.41,12.66,12.38,12.6,7.612161,1293600,0.0,0.0
2010-09-13,12.76,12.92,12.66,12.91,7.799444,1409200,0.0,0.0
2010-09-14,12.96,13.0,12.77,12.8,7.73299,1163200,0.0,0.0
2010-09-15,12.75,12.82,12.55,12.69,7.666533,874800,0.0,0.0
2010-09-16,12.71,12.79,12.68,12.76,7.708825,351300,0.0,0.0
2010-09-17,12.65,12.78,12.56,12.6,7.612161,973600,0.0,0.0
2010-09-20,12.6,12.8,12.56,12.71,7.678617,762300,0.0,0.0
2010-09-21,12.71,12.86,12.52,12.8,7.73299,566700,0.0,0.0
2010-09-22,12.91,13.01,12.62,12.71,7.678617,1017900,0.0,0.0
2010-09-23,12.7,12.85,12.63,12.72,7.684658,905600,0.0,0.0
2010-09-24,12.85,12.9,12.76,12.82,7.745072,592700,0.0,0.0
2010-09-27,12.86,12.92,12.84,12.86,7.769237,580500,0.0,0.0
2010-09-28,12.84,12.92,12.73,12.85,7.763198,318800,0.0,0.0
2010-09-29,12.87,12.92,12.73,12.79,7.726948,682400,0.0,0.0
2010-09-30,12.84,12.9,12.78,12.85,7.763198,510800,0.0,0.0
2010-10-01,12.99,13.1,12.87,13.03,7.871942,913200,0.0,0.0
2010-10-04,13.24,13.39,13.19,13.32,8.047142,864600,0.0,0.0
2010-10-05,13.48,13.93,13.48,13.84,8.361296,1205400,0.0,0.0
2010-10-06,13.88,13.9,13.71,13.9,8.397544,699700,0.0,0.0
2010-10-07,13.9,13.98,13.73,13.82,8.349214,859700,0.0,0.0
2010-10-08,13.75,14.06,13.7,14.0,8.457957,554600,0.0,0.0
2010-10-11,14.07,14.16,13.98,14.13,8.536496,583000,0.0,0.0
2010-10-12,14.2,14.69,14.1,14.53,8.778152,1382200,0.0,0.0
2010-10-13,14.72,15.3,14.69,15.22,9.195007,2090300,0.0,0.0
2010-10-14,15.08,15.56,15.08,15.37,9.285629,2162700,0.0,0.0
2010-10-15,15.53,15.93,15.48,15.92,9.617907,1115200,0.0,0.0
2010-10-18,15.23,15.4,14.77,14.83,8.959393,1428700,0.0,0.0
2010-10-19,14.14,14.62,14.08,14.59,8.8144,1914200,0.0,0.0
2010-10-20,14.81,15.07,14.74,15.01,9.068138,1503800,0.0,0.0
2010-10-21,14.46,14.68,14.28,14.31,8.645241,2835000,0.0,0.0
2010-10-22,14.27,14.33,14.05,14.14,8.542538,995300,0.0,0.0
2010-10-25,14.23,14.34,13.96,14.0,8.457957,1082600,0.0,0.0
2010-10-26,13.82,14.6,13.8,14.44,8.723779,1373900,0.0,0.0
2010-10-27,14.23,14.28,14.0,14.28,8.627118,987100,0.0,0.0
2010-10-28,14.41,14.41,13.89,13.96,8.433791,1017600,0.0,0.0
2010-10-29,13.92,14.18,13.92,13.97,8.439834,898100,0.0,0.0
2010-11-01,14.04,14.48,14.04,14.33,8.657324,482000,0.0,0.0
2010-11-02,14.51,14.54,14.24,14.38,8.687531,462100,0.0,0.0
2010-11-03,14.29,14.42,14.11,14.29,8.633159,760800,0.0,0.0
2010-11-04,14.43,14.71,14.42,14.66,8.85669,855600,0.0,0.0
2010-11-05,14.53,14.63,14.25,14.36,8.675447,642700,0.0,0.0
2010-11-08,14.07,14.3,14.07,14.3,8.639199,485800,0.0,0.0
2010-11-09,14.28,14.28,13.83,13.96,8.433791,756400,0.0,0.0
2010-11-10,13.96,13.97,13.65,13.78,8.325047,820500,0.0,0.0
2010-11-11,13.45,13.52,13.39,13.48,8.143805,776000,0.0,0.0
2010-11-12,13.29,13.43,13.16,13.27,8.016934,725400,0.0,0.0
2010-11-15,13.4,13.5,13.32,13.41,8.101513,272000,0.0,0.0
2010-11-16,13.31,13.42,13.03,13.14,7.938396,1003800,0.0,0.0
2010-11-17,13.17,13.43,13.1,13.24,7.998811,629600,0.0,0.0
2010-11-18,13.33,13.46,13.24,13.42,8.107556,718900,0.0,0.0
2010-11-19,13.31,13.4,13.24,13.39,8.089433,671200,0.0,0.0
2010-11-22,13.35,13.6,13.02,13.25,8.004852,748500,0.0,0.0
2010-11-23,13.05,13.08,12.87,12.94,7.817569,711300,0.0,0.0
2010-11-24,13.1,13.31,13.08,13.23,7.99277,471800,0.0,0.0
2010-11-26,12.92,13.24,12.89,13.09,7.908191,476400,0.0,0.0
2010-11-29,12.89,13.01,12.73,13.0,7.853816,410200,0.0,0.0
2010-11-30,12.95,13.44,12.93,13.38,8.083391,745700,0.0,0.0
2010-12-01,13.45,13.72,13.38,13.65,8.246508,550300,0.0,0.0
2010-12-02,13.63,13.84,13.6,13.76,8.312964,445800,0.0,0.0
2010-12-03,13.79,14.28,13.72,14.23,8.596909,623100,0.0,0.0
2010-12-06,14.18,14.31,14.14,14.31,8.645241,545800,0.0,0.0
2010-12-07,14.2,14.26,13.81,13.88,8.385461,460500,0.0,0.0
2010-12-08,13.84,13.96,13.71,13.83,8.355253,432800,0.0,0.0
2010-12-09,13.8,13.82,13.29,13.36,8.071306,1059800,0.0,0.0
2010-12-10,13.44,13.56,13.38,13.53,8.174013,278600,0.0,0.0
2010-12-13,13.7,13.76,13.55,13.69,8.270673,353700,0.0,0.0
2010-12-14,13.57,13.6,13.41,13.54,8.180055,396600,0.0,0.0
2010-12-15,13.43,13.45,13.18,13.22,7.986729,566200,0.0,0.0
2010-12-16,13.31,13.34,13.16,13.26,8.010895,413900,0.0,0.0
2010-12-17,13.13,13.15,12.93,13.15,7.94444,720700,0.0,0.0
2010-12-20,13.07,13.25,13.03,13.22,7.986729,636900,0.0,0.0
2010-12-21,13.34,13.45,13.3,13.33,8.053185,368700,0.0,0.0
2010-12-22,13.1,13.29,13.03,13.19,7.968604,414600,0.0,0.0
2010-12-23,13.09,13.24,13.06,13.2,7.974646,230100,0.0,0.0
2010-12-27,13.14,13.26,13.13,13.23,7.99277,304700,0.0,0.0
2010-12-28,13.15,13.2,13.04,13.11,7.920273,574200,0.0,0.0
2010-12-29,13.19,13.54,13.18,13.49,8.149847,377800,0.0,0.0
2010-12-30,13.56,13.74,13.53,13.66,8.252549,391700,0.0,0.0
2010-12-31,13.65,13.9,13.6,13.75,8.306922,282900,0.0,0.0
2011-01-03,13.91,14.04,13.88,14.0,8.457957,878300,0.0,0.0
2011-01-04,14.09,14.29,13.96,14.22,8.59087,802900,0.0,0.0
2011-01-05,14.32,14.52,14.28,14.4,8.699614,950300,0.0,0.0
2011-01-06,14.28,14.28,13.97,14.1,8.518373,855800,0.0,0.0
2011-01-07,14.0,14.04,13.76,13.96,8.433791,586000,0.0,0.0
2011-01-10,13.84,13.87,13.67,13.69,8.270673,1020300,0.0,0.0
2011-01-11,13.76,13.76,13.56,13.71,8.282758,1545800,0.0,0.0
2011-01-12,13.76,13.88,13.71,13.8,8.337129,1122600,0.0,0.0
2011-01-13,13.88,14.09,13.83,13.98,8.445874,576900,0.0,0.0
2011-01-14,14.0,14.34,13.95,14.25,8.608993,676700,0.0,0.0
2011-01-18,14.14,14.17,13.99,14.08,8.506289,531700,0.0,0.0
2011-01-19,14.07,14.08,13.73,13.76,8.312964,564900,0.0,0.0
2011-01-20,13.72,13.75,13.53,13.57,8.198177,702600,0.0,0.0
2011-01-21,13.68,13.71,13.53,13.62,8.228386,712000,0.0,0.0
2011-01-24,13.72,13.8,13.61,13.69,8.270673,702400,0.0,0.0
2011-01-25,13.59,13.67,13.36,13.56,8.192135,635900,0.0,0.0
2011-01-26,13.72,13.73,13.53,13.61,8.222342,1395400,0.0,0.0
2011-01-27,13.68,13.71,13.4,13.5,8.155888,934800,0.0,0.0
2011-01-28,13.46,13.57,13.19,13.41,8.101513,810300,0.0,0.0
2011-01-31,13.44,13.66,13.36,13.63,8.234426,811000,0.0,0.0
2011-02-01,13.71,13.87,13.6,13.78,8.325047,1206800,0.0,0.0
2011-02-02,13.68,13.74,13.58,13.67,8.258593,720600,0.0,0.0
2011-02-03,13.61,13.77,13.59,13.71,8.282758,617600,0.0,0.0
2011-02-04,13.72,13.73,13.57,13.63,8.234426,486100,0.0,0.0
2011-02-07,13.58,13.74,13.58,13.67,8.258593,400100,0.0,0.0
2011-02-08,13.74,13.85,13.69,13.8,8.337129,1074600,0.0,0.0
2011-02-09,13.74,13.79,13.71,13.77,8.319006,779400,0.0,0.0
2011-02-10,13.7,13.81,13.67,13.81,8.343173,410000,0.0,0.0
2011-02-11,13.79,13.92,13.77,13.88,8.385461,550100,0.0,0.0
2011-02-14,13.76,13.87,13.76,13.79,8.331087,601300,0.0,0.0
2011-02-15,13.76,13.82,13.72,13.76,8.312964,772300,0.0,0.0
2011-02-16,13.79,14.0,13.71,13.93,8.415668,528500,0.0,0.0
2011-02-17,13.88,14.12,13.86,14.01,8.463999,483100,0.0,0.0
2011-02-18,14.06,14.22,13.97,14.19,8.572745,608200,0.0,0.0
2011-02-22,14.12,14.25,13.93,14.02,8.47004,872500,0.0,0.0
2011-02-23,13.91,14.16,13.84,14.05,8.496649,773800,0.014,0.0
2011-02-24,14.18,14.31,14.09,14.16,8.56317,927400,0.0,0.0
2011-02-25,14.14,14.24,13.94,14.01,8.472459,822500,0.0,0.0
2011-02-28,14.09,14.28,14.06,14.28,8.63574,1083300,0.0,0.0
2011-03-01,14.37,14.41,14.18,14.24,8.611547,704200,0.0,0.0
2011-03-02,14.05,14.38,13.99,14.37,8.690166,702000,0.0,0.0
2011-03-03,14.43,14.61,14.43,14.61,8.835305,1141400,0.0,0.0
2011-03-04,14.53,14.8,14.49,14.8,8.950207,866800,0.0,0.0
2011-03-07,14.76,14.88,14.64,14.73,8.907874,350100,0.0,0.0
2011-03-08,14.68,14.98,14.64,14.96,9.046967,495200,0.0,0.0
2011-03-09,14.92,14.99,14.78,14.91,9.016729,792600,0.0,0.0
2011-03-10,14.77,14.86,14.63,14.66,8.865542,1223800,0.0,0.0
2011-03-11,14.71,14.88,14.62,14.79,8.94416,875300,0.0,0.0
2011-03-14,14.64,15.08,14.62,15.07,9.113487,1402400,0.0,0.0
2011-03-15,14.64,14.9,14.59,14.77,8.932064,896300,0.0,0.0
2011-03-16,14.71,14.81,14.27,14.29,8.641787,1177000,0.0,0.0
2011-03-17,14.43,14.51,14.37,14.45,8.738545,894500,0.0,0.0
2011-03-18,14.62,14.86,14.45,14.7,8.889733,1266700,0.0,0.0
2011-03-21,14.97,14.97,14.6,14.67,8.87159,727100,0.0,0.0
2011-03-22,14.87,15.09,14.78,15.06,9.10744,987200,0.0,0.0
2011-03-23,14.95,14.97,14.83,14.94,9.03487,596400,0.0,0.0
2011-03-24,15.04,15.19,14.98,15.17,9.173962,941300,0.0,0.0
2011-03-25,15.18,15.22,15.11,15.12,9.143724,448500,0.0,0.0
2011-03-28,15.1,15.1,14.89,14.9,9.010681,575900,0.0,0.0
2011-03-29,14.93,14.96,14.83,14.92,9.022776,1035600,0.0,0.0
2011-03-30,15.05,15.26,15.03,15.21,9.198152,487100,0.0,0.0
2011-03-31,15.3,15.58,15.3,15.51,9.379575,1108100,0.0,0.0
2011-04-01,15.6,15.84,15.57,15.73,9.512618,703000,0.0,0.0
2011-04-04,15.86,15.92,15.72,15.91,9.621472,714100,0.0,0.0
2011-04-05,15.85,16.08,15.85,16.059999,9.712185,667500,0.0,0.0
2011-04-06,16.1,16.25,15.97,16.049999,9.706136,952400,0.0,0.0
2011-04-07,16.02,16.24,16.0,16.200001,9.796847,969500,0.0,0.0
2011-04-08,16.27,16.290001,16.139999,16.24,9.821037,751900,0.0,0.0
2011-04-11,16.219999,16.27,15.87,15.9,9.615424,1287600,0.0,0.0
2011-04-12,15.86,15.89,15.43,15.5,9.373527,1328300,0.0,0.0
2011-04-13,15.63,15.69,15.24,15.39,9.307004,1200700,0.0,0.0
2011-04-14,15.31,15.55,15.22,15.48,9.361432,782700,0.0,0.0
2011-04-15,15.46,15.49,15.32,15.4,9.313052,853300,0.0,0.0
2011-04-18,15.41,15.43,15.11,15.27,9.234436,622900,0.0,0.0
2011-04-19,15.29,15.45,15.23,15.35,9.282817,373100,0.0,0.0
2011-04-20,15.52,15.57,15.33,15.47,9.355386,631300,0.0,0.0
2011-04-21,15.51,15.54,15.39,15.47,9.355386,359200,0.0,0.0
2011-04-25,15.42,15.43,15.17,15.25,9.222342,548500,0.0,0.0
2011-04-26,15.34,15.49,15.25,15.48,9.361432,900700,0.0,0.0
2011-04-27,15.41,15.41,14.96,15.09,9.125583,1060300,0.0,0.0
2011-04-28,14.82,15.05,14.69,14.88,8.998586,1646000,0.0,0.0
2011-04-29,14.85,14.95,14.76,14.82,8.9623,1515600,0.0,0.0
2011-05-02,14.86,14.87,14.42,14.47,8.750643,994900,0.0,0.0
2011-05-03,14.33,14.47,14.25,14.33,8.665977,1447400,0.0,0.0
2011-05-04,14.39,14.42,14.13,14.15,8.557124,1553000,0.0,0.0
2011-05-05,14.22,14.29,14.12,14.21,8.593409,1371300,0.0,0.0
2011-05-06,14.32,14.56,14.28,14.36,8.684121,1125900,0.0,0.0
2011-05-09,14.34,14.36,14.13,14.3,8.647835,576200,0.0,0.0
2011-05-10,14.31,14.49,14.26,14.41,8.714357,920500,0.0,0.0
2011-05-11,14.26,14.33,14.07,14.16,8.56317,755000,0.0,0.0
2011-05-12,14.01,14.36,13.98,14.23,8.605502,882000,0.0,0.0
2011-05-13,14.12,14.19,13.77,14.03,8.484555,902200,0.0,0.0
2011-05-16,13.91,14.06,13.84,13.88,8.393842,983300,0.0,0.0
2011-05-17,13.72,14.16,13.69,14.07,8.508742,1087700,0.0,0.0
2011-05-18,14.09,14.39,14.06,14.26,8.623645,816100,0.0,0.0
2011-05-19,14.28,14.44,14.15,14.25,8.617598,770600,0.0,0.0
2011-05-20,14.25,14.46,14.19,14.29,8.641787,1005600,0.0,0.0
2011-05-23,14.02,14.19,13.97,14.09,8.520839,1341700,0.0,0.0
2011-05-24,14.14,14.18,14.02,14.1,8.526886,1261800,0.0,0.0
2011-05-25,14.06,14.13,13.96,14.05,8.496649,819300,0.0,0.0
2011-05-26,14.07,14.11,13.95,14.08,8.514791,545600,0.0,0.0
2011-05-27,14.13,14.26,14.12,14.21,8.593409,432600,0.0,0.0
2011-05-31,14.4,14.43,14.25,14.43,8.726452,801800,0.0,0.0
2011-06-01,14.37,14.4,14.19,14.23,8.605502,1944300,0.0,0.0
2011-06-02,14.31,14.41,14.26,14.31,8.653882,1046300,0.0,0.0
2011-06-03,14.27,14.78,14.27,14.46,8.744593,1261700,0.0,0.0
2011-06-06,14.5,14.54,14.14,14.14,8.551076,610600,0.0,0.0
2011-06-07,14.14,14.24,13.95,13.95,8.436174,1584400,0.0,0.0
2011-06-08,13.94,14.06,13.76,13.79,8.339415,1664800,0.0,0.0
2011-06-09,13.85,13.95,13.83,13.85,8.375701,756700,0.0,0.0
2011-06-10,13.82,13.83,13.54,13.55,8.194278,825300,0.0,0.0
2011-06-13,13.63,13.66,13.52,13.63,8.242657,1154800,0.0,0.0
2011-06-14,13.69,13.82,13.62,13.64,8.248705,776400,0.0,0.0
2011-06-15,13.59,13.67,13.48,13.52,8.176135,7506700,0.0,0.0
2011-06-16,13.49,13.55,13.29,13.41,8.109612,1283600,0.0,0.0
2011-06-17,13.05,13.18,12.9,13.15,8.275757,8069100,0.524,0.0
2011-06-20,13.1,13.16,12.98,13.07,8.225411,1456700,0.0,0.0
2011-06-21,13.47,13.49,13.2,13.25,8.33869,1125800,0.0,0.0
2011-06-22,13.15,13.24,13.08,13.09,8.237998,1168700,0.0,0.0
2011-06-23,12.93,12.99,12.66,12.82,8.068077,833600,0.0,0.0
2011-06-24,13.03,13.06,12.8,12.8,8.05549,1194600,0.0,0.0
2011-06-27,12.83,13.06,12.81,13.02,8.193944,684500,0.0,0.0
2011-06-28,13.01,13.2,12.98,13.17,8.288343,834100,0.0,0.0
2011-06-29,13.19,13.48,13.13,13.42,8.445678,1348200,0.0,0.0
2011-06-30,13.43,13.55,13.43,13.5,8.496025,1605400,0.0,0.0
2011-07-01,13.54,13.67,13.43,13.63,8.577836,783100,0.0,0.0
2011-07-05,13.58,13.58,13.26,13.31,8.376451,887400,0.0,0.0
2011-07-06,13.29,13.32,13.09,13.16,8.28205,732600,0.0,0.0
2011-07-07,13.28,13.34,13.1,13.17,8.288343,1031700,0.0,0.0
2011-07-08,13.1,13.1,12.94,12.97,8.162477,837200,0.0,0.0
2011-07-11,12.67,12.7,12.4,12.44,7.82893,1754700,0.0,0.0
2011-07-12,12.42,12.56,12.41,12.48,7.854102,1550200,0.0,0.0
2011-07-13,12.56,12.73,12.51,12.62,7.94221,506500,0.0,0.0
2011-07-14,12.63,12.63,12.45,12.52,7.879277,1278200,0.0,0.0
2011-07-15,12.61,12.64,12.49,12.56,7.904451,557400,0.0,0.0
2011-07-18,12.5,12.5,12.36,12.47,7.847808,621300,0.0,0.0
2011-07-19,12.52,12.56,12.36,12.36,7.778584,619500,0.0,0.0
2011-07-20,12.36,12.45,12.21,12.28,7.728236,786900,0.0,0.0
2011-07-21,12.36,12.63,12.32,12.46,7.841516,681500,0.0,0.0
2011-07-22,12.49,12.54,12.35,12.48,7.854102,821900,0.0,0.0
2011-07-25,12.51,12.57,12.48,12.5,7.866689,620600,0.0,0.0
2011-07-26,12.51,12.53,12.26,12.32,7.753409,1070100,0.0,0.0
2011-07-27,12.27,12.28,11.9,11.95,7.520555,1837800,0.0,0.0
2011-07-28,11.9,11.94,11.71,11.74,7.388395,929300,0.0,0.0
2011-07-29,11.72,12.08,11.71,12.06,7.589782,1400600,0.0,0.0
2011-08-01,12.23,12.24,11.9,11.98,7.539434,951500,0.0,0.0
2011-08-02,11.95,12.11,11.77,11.8,7.426155,1490900,0.0,0.0
2011-08-03,11.65,11.72,11.51,11.59,7.293995,1824800,0.0,0.0
2011-08-04,11.34,11.42,10.99,11.0,6.922687,1933300,0.0,0.0
2011-08-05,11.12,11.24,10.72,10.99,6.916392,2519600,0.0,0.0
2011-08-08,10.6,10.66,9.83,9.88,6.217832,2637800,0.0,0.0
2011-08-09,9.93,10.3,9.59,10.29,6.475859,2268000,0.0,0.0
2011-08-10,9.97,10.08,9.68,9.74,6.129725,1856000,0.0,0.0
2011-08-11,9.85,10.32,9.75,10.21,6.425513,1219500,0.0,0.0
2011-08-12,10.22,10.25,9.93,10.12,6.368872,992800,0.0,0.0
2011-08-15,10.29,10.66,10.26,10.59,6.664659,1360000,0.0,0.0
2011-08-16,10.62,10.65,10.4,10.61,6.677245,846000,0.0,0.0
2011-08-17,10.84,10.94,10.52,10.72,6.746473,1077700,0.0,0.0
2011-08-18,10.44,10.45,10.09,10.32,6.494739,1016600,0.0,0.0
2011-08-19,10.42,10.66,10.31,10.32,6.494739,942800,0.0,0.0
2011-08-22,10.72,10.73,10.42,10.46,6.582845,833900,0.0,0.0
2011-08-23,10.3,10.31,9.78,10.15,6.387752,2191400,0.0,0.0
2011-08-24,10.01,10.15,9.89,10.09,6.349993,861700,0.0,0.0
2011-08-25,9.96,10.09,9.84,10.06,6.331111,1378800,0.0,0.0
2011-08-26,10.04,10.23,9.9,10.11,6.362578,685500,0.0,0.0
2011-08-29,10.21,10.38,10.19,10.28,6.469564,570600,0.0,0.0
2011-08-30,10.27,10.36,10.16,10.32,6.494739,479500,0.0,0.0
2011-08-31,10.33,10.51,10.32,10.43,6.563966,1165200,0.0,0.0
2011-09-01,10.43,10.5,10.26,10.28,6.469564,1471300,0.0,0.0
2011-09-02,10.11,10.2,9.93,9.99,6.287058,1348200,0.0,0.0
2011-09-06,9.7,10.28,9.7,10.27,6.463274,1218300,0.0,0.0
2011-09-07,10.42,10.53,10.29,10.49,6.601726,741300,0.0,0.0
2011-09-08,10.32,10.46,10.15,10.2,6.419219,874400,0.0,0.0
2011-09-09,9.94,9.98,9.69,9.8,6.167485,948500,0.0,0.0
2011-09-12,9.7,9.81,9.44,9.65,6.073083,1065300,0.0,0.0
2011-09-13,9.67,9.69,9.55,9.63,6.060498,1210600,0.0,0.0
2011-09-14,9.64,9.81,9.41,9.73,6.123431,1098600,0.0,0.0
2011-09-15,9.84,9.87,9.61,9.62,6.054204,870800,0.0,0.0
2011-09-16,9.76,10.24,9.76,10.21,6.425513,2644100,0.0,0.0
2011-09-19,9.92,10.04,9.78,9.99,6.287058,1405000,0.0,0.0
2011-09-20,9.9,9.95,9.72,9.8,6.167485,1091700,0.0,0.0
2011-09-21,9.79,10.06,9.61,9.63,6.060498,1355800,0.0,0.0
2011-09-22,9.24,9.24,8.71,8.8,5.538149,2472800,0.0,0.0
2011-09-23,8.83,8.97,8.77,8.89,5.59479,1237300,0.0,0.0
2011-09-26,8.89,9.02,8.63,9.0,5.664017,1295700,0.0,0.0
2011-09-27,9.15,9.34,9.05,9.12,5.739536,1477100,0.0,0.0
2011-09-28,9.15,9.24,8.85,8.87,5.582203,1888900,0.0,0.0
2011-09-29,8.99,9.1,8.68,8.82,5.550735,1002300,0.0,0.0
2011-09-30,8.71,8.79,8.61,8.77,5.519269,1991700,0.0,0.0
2011-10-03,8.77,8.79,8.51,8.56,5.38711,1490900,0.0,0.0
2011-10-04,8.47,8.48,8.24,8.46,5.324175,1302100,0.0,0.0
2011-10-05,8.46,8.57,8.32,8.51,5.355642,745500,0.0,0.0
2011-10-06,8.64,9.01,8.61,8.98,5.65143,1052900,0.0,0.0
2011-10-07,9.07,9.15,8.75,8.79,5.531856,1071400,0.0,0.0
2011-10-10,9.08,9.33,8.98,9.22,5.802472,763800,0.0,0.0
2011-10-11,9.24,9.52,9.16,9.42,5.928338,1058300,0.0,0.0
2011-10-12,9.62,9.69,9.38,9.54,6.003858,852300,0.0,0.0
2011-10-13,9.5,9.59,9.32,9.52,5.991271,826600,0.0,0.0
2011-10-14,9.58,9.67,9.54,9.65,6.073083,483500,0.0,0.0
2011-10-17,9.52,9.59,9.31,9.38,5.903163,561600,0.0,0.0
2011-10-18,9.43,9.67,9.27,9.61,6.047912,650100,0.0,0.0
2011-10-19,9.5,9.68,9.34,9.42,5.928338,713600,0.0,0.0
2011-10-20,9.35,9.41,9.08,9.26,5.827643,1072500,0.0,0.0
2011-10-21,9.43,9.7,9.42,9.66,6.079378,634000,0.0,0.0
2011-10-24,9.71,10.23,9.65,10.12,6.368872,1149500,0.0,0.0
2011-10-25,9.92,9.96,9.6,9.64,6.066791,785000,0.0,0.0
2011-10-26,9.82,9.85,9.65,9.77,6.148605,577000,0.0,0.0
2011-10-27,10.09,10.48,10.03,10.36,6.519912,830800,0.0,0.0
2011-10-28,10.38,10.6,10.35,10.41,6.551378,646200,0.0,0.0
2011-10-31,10.24,10.3,9.94,9.95,6.261884,865900,0.0,0.0
2011-11-01,9.64,9.95,9.58,9.79,6.161191,885000,0.0,0.0
2011-11-02,9.93,10.08,9.77,9.9,6.230418,699800,0.0,0.0
2011-11-03,9.96,9.99,9.78,9.87,6.211537,827700,0.0,0.0
2011-11-04,9.74,10.32,9.64,10.29,6.475859,1063900,0.0,0.0
2011-11-07,10.36,10.61,10.34,10.47,6.58914,705800,0.0,0.0
2011-11-08,10.43,10.46,10.32,10.45,6.576552,442800,0.0,0.0
2011-11-09,10.13,10.22,9.83,9.98,6.280764,666000,0.0,0.0
2011-11-10,10.1,10.17,9.9,9.98,6.280764,534000,0.0,0.0
2011-11-11,10.21,10.39,10.01,10.14,6.381458,703100,0.0,0.0
2011-11-14,9.75,9.84,9.63,9.66,6.079378,664000,0.0,0.0
2011-11-15,9.6,9.76,9.57,9.72,6.117139,383000,0.0,0.0
2011-11-16,9.56,9.93,9.52,9.66,6.079378,696100,0.0,0.0
2011-11-17,9.67,9.72,9.15,9.21,5.796176,797500,0.0,0.0
2011-11-18,9.31,9.34,9.19,9.28,5.840231,640900,0.0,0.0
2011-11-21,9.15,9.24,8.92,9.19,5.78359,533600,0.0,0.0
2011-11-22,9.14,9.16,8.9,8.93,5.619964,670100,0.0,0.0
2011-11-23,8.74,8.74,8.52,8.57,5.393403,476200,0.0,0.0
2011-11-25,8.5,8.68,8.41,8.42,5.299003,301800,0.0,0.0
2011-11-28,8.87,9.03,8.85,8.96,5.638844,748900,0.0,0.0
2011-11-29,9.02,9.07,8.82,8.88,5.588497,594000,0.0,0.0
2011-11-30,9.51,9.52,9.06,9.29,5.846524,1070500,0.0,0.0
2011-12-01,9.33,9.45,9.22,9.26,5.827643,612900,0.0,0.0
2011-12-02,9.52,9.59,9.31,9.34,5.877991,717700,0.0,0.0
2011-12-05,9.55,9.66,9.49,9.55,6.010151,1125300,0.0,0.0
2011-12-06,9.54,9.74,9.5,9.66,6.079378,805700,0.0,0.0
2011-12-07,9.6,9.64,9.5,9.61,6.047912,973700,0.0,0.0
2011-12-08,9.4,9.51,9.25,9.34,5.877991,972400,0.0,0.0
2011-12-09,9.37,9.61,9.32,9.56,6.016445,429800,0.0,0.0
2011-12-12,9.46,9.46,9.21,9.34,5.877991,552500,0.0,0.0
2011-12-13,9.47,9.54,9.22,9.3,5.852817,901700,0.0,0.0
2011-12-14,9.29,9.36,9.15,9.22,5.802472,883200,0.0,0.0
2011-12-15,9.26,9.31,9.14,9.18,5.777297,639400,0.0,0.0
2011-12-16,9.33,9.43,9.23,9.27,5.833938,1222100,0.0,0.0
2011-12-19,9.27,9.28,9.03,9.1,5.726949,996500,0.0,0.0
2011-12-20,9.34,9.47,9.31,9.39,5.909458,906100,0.0,0.0
2011-12-21,9.36,9.58,9.28,9.56,6.016445,662000,0.0,0.0
2011-12-22,9.55,9.82,9.51,9.73,6.123431,699800,0.0,0.0
2011-12-23,9.78,9.92,9.74,9.8,6.167485,457900,0.0,0.0
2011-12-27,9.86,9.88,9.74,9.77,6.148605,341900,0.0,0.0
2011-12-28,9.64,9.68,9.36,9.43,5.93463,468400,0.0,0.0
2011-12-29,9.49,9.6,9.43,9.58,6.029031,534500,0.0,0.0
2011-12-30,9.63,9.73,9.59,9.71,6.110846,290300,0.0,0.0
2012-01-03,9.57,9.85,9.55,9.75,6.136018,1251400,0.0,0.0
2012-01-04,9.8,10.22,9.76,10.2,6.419219,1023800,0.0,0.0
2012-01-05,10.06,10.12,9.87,9.89,6.224126,703700,0.0,0.0
2012-01-06,9.89,9.94,9.71,9.71,6.110846,491900,0.0,0.0
2012-01-09,9.85,9.97,9.8,9.91,6.236711,929200,0.0,0.0
2012-01-10,10.01,10.08,9.88,9.93,6.249299,754700,0.0,0.0
2012-01-11,9.9,9.96,9.75,9.84,6.192658,927500,0.0,0.0
2012-01-12,9.84,9.93,9.77,9.9,6.230418,572200,0.0,0.0
2012-01-13,9.72,9.87,9.6,9.85,6.198951,591400,0.0,0.0
2012-01-17,9.99,10.04,9.85,9.91,6.236711,700000,0.0,0.0
2012-01-18,9.88,10.21,9.84,10.19,6.412925,862900,0.0,0.0
2012-01-19,10.18,10.19,10.02,10.05,6.324819,652200,0.0,0.0
2012-01-20,10.04,10.15,9.96,10.12,6.368872,845600,0.0,0.0
2012-01-23,10.04,10.08,9.82,9.87,6.211537,1364800,0.0,0.0
2012-01-24,9.74,9.89,9.68,9.83,6.186364,690700,0.0,0.0
2012-01-25,9.85,10.18,9.76,10.16,6.394045,542800,0.0,0.0
2012-01-26,10.0,10.05,9.89,9.96,6.268178,1146000,0.0,0.0
2012-01-27,10.0,10.24,9.99,10.17,6.400339,757500,0.0,0.0
2012-01-30,10.13,10.18,10.03,10.18,6.406632,742500,0.0,0.0
2012-01-31,10.25,10.29,10.12,10.21,6.425513,884600,0.0,0.0
2012-02-01,10.41,10.49,10.22,10.29,6.475859,1151600,0.0,0.0
2012-02-02,10.34,10.34,10.18,10.25,6.450686,1299200,0.0,0.0
2012-02-03,10.29,10.31,10.17,10.31,6.488445,568200,0.0,0.0
2012-02-06,10.31,10.44,10.29,10.36,6.519912,336400,0.0,0.0
2012-02-07,10.42,10.51,10.36,10.49,6.601726,472200,0.0,0.0
2012-02-08,10.46,10.56,10.43,10.5,6.608018,545500,0.0,0.0
2012-02-09,10.62,10.69,10.57,10.68,6.7213,684500,0.0,0.0
2012-02-10,10.86,11.06,10.8,11.02,6.935275,1229500,0.0,0.0
2012-02-13,11.03,11.07,10.85,10.93,6.878634,678800,0.0,0.0
2012-02-14,10.89,10.92,10.58,10.7,6.733886,535600,0.0,0.0
2012-02-15,10.8,11.02,10.75,10.9,6.859754,1080800,0.0,0.0
2012-02-16,11.11,11.28,10.92,11.22,7.061141,723100,0.0,0.0
2012-02-17,11.32,11.37,11.27,11.3,7.111488,414200,0.0,0.0
2012-02-21,11.38,11.45,11.12,11.15,7.017087,288600,0.0,0.0
2012-02-22,11.2,11.24,11.09,11.11,6.991912,515500,0.0,0.0
2012-02-23,11.14,11.14,10.83,10.92,6.872342,511000,0.0,0.0
2012-02-24,10.95,11.15,10.95,11.12,6.998207,534400,0.0,0.0
2012-02-27,11.07,11.08,10.87,10.87,6.840873,397400,0.0,0.0
2012-02-28,10.97,11.06,10.92,11.0,6.922687,830000,0.0,0.0
2012-02-29,10.92,11.02,10.8,10.81,6.803113,815000,0.0,0.0
2012-03-01,10.83,10.94,10.78,10.88,6.847167,560700,0.0,0.0
2012-03-02,10.82,10.93,10.78,10.91,6.866046,600200,0.0,0.0
2012-03-05,10.89,10.91,10.73,10.89,6.85346,406200,0.0,0.0
2012-03-06,10.74,10.74,10.56,10.62,6.683539,505400,0.0,0.0
2012-03-07,10.56,10.68,10.46,10.64,6.696126,775200,0.0,0.0
2012-03-08,10.68,10.72,10.52,10.54,6.633193,727100,0.0,0.0
2012-03-09,10.47,10.47,10.27,10.27,6.463274,977500,0.0,0.0
2012-03-12,10.13,10.2,10.0,10.17,6.400339,773400,0.0,0.0
2012-03-13,10.17,10.4,10.09,10.39,6.538793,530000,0.0,0.0
2012-03-14,10.31,10.38,10.08,10.14,6.381458,898200,0.0,0.0
2012-03-15,10.12,10.14,9.73,9.77,6.148605,1630800,0.0,0.0
2012-03-16,9.74,9.83,9.71,9.83,6.186364,1035500,0.0,0.0
2012-03-19,9.82,9.88,9.78,9.85,6.198951,750400,0.0,0.0
2012-03-20,9.67,9.74,9.58,9.72,6.117139,500600,0.0,0.0
2012-03-21,9.69,9.7,9.57,9.59,6.035325,935900,0.0,0.0
2012-03-22,9.57,9.59,9.45,9.52,5.991271,667300,0.0,0.0
2012-03-23,9.52,9.63,9.46,9.6,6.041618,601400,0.0,0.0
2012-03-26,9.67,9.68,9.52,9.65,6.073083,1131200,0.0,0.0
2012-03-27,9.61,9.76,9.58,9.73,6.123431,1507600,0.0,0.0
2012-03-28,9.72,9.73,9.64,9.7,6.10455,2399300,0.0,0.0
2012-03-29,9.6,9.61,9.46,9.53,5.997563,1159100,0.0,0.0
2012-03-30,9.54,9.55,9.28,9.36,5.890577,1313100,0.0,0.0
2012-04-02,9.29,9.59,9.28,9.51,5.984977,766600,0.0,0.0
2012-04-03,9.55,9.59,9.09,9.2,5.789883,1665200,0.0,0.0
2012-04-04,9.11,9.25,8.98,9.22,5.802472,1160100,0.0,0.0
2012-04-05,9.16,9.21,9.06,9.1,5.726949,576300,0.0,0.0
2012-04-09,8.94,8.98,8.89,8.92,5.613669,675400,0.0,0.0
2012-04-10,8.86,8.88,8.65,8.71,5.481509,780300,0.0,0.0
2012-04-11,8.75,8.78,8.6,8.62,5.424869,791700,0.0,0.0
2012-04-12,8.7,8.83,8.66,8.81,5.544443,593800,0.0,0.0
2012-04-13,8.72,8.73,8.57,8.64,5.437456,896100,0.0,0.0
2012-04-16,8.67,8.67,8.42,8.54,5.374523,728600,0.0,0.0
2012-04-17,8.81,9.14,8.71,9.08,5.714364,1846800,0.0,0.0
2012-04-18,9.17,9.17,8.69,8.71,5.481509,972800,0.0,0.0
2012-04-19,8.65,8.71,8.51,8.53,5.368228,704600,0.0,0.0
2012-04-20,8.61,8.63,8.51,8.53,5.368228,636500,0.0,0.0
2012-04-23,8.49,8.63,8.42,8.59,5.405989,915000,0.0,0.0
2012-04-24,8.72,8.8,8.68,8.76,5.512977,878500,0.0,0.0
2012-04-25,9.02,9.06,8.65,8.65,5.443749,1008000,0.0,0.0
2012-04-26,8.65,8.69,8.49,8.52,5.361936,1457100,0.0,0.0
2012-04-27,8.61,8.63,8.36,8.36,5.261242,3985200,0.0,0.0
2012-04-30,8.51,8.58,8.46,8.52,5.361936,1128600,0.0,0.0
2012-05-01,8.4,8.59,8.4,8.42,5.299003,660700,0.0,0.0
2012-05-02,8.44,8.55,8.35,8.42,5.299003,1384200,0.0,0.0
2012-05-03,8.47,8.5,8.32,8.37,5.267535,1268200,0.0,0.0
2012-05-04,8.39,8.45,8.29,8.34,5.248656,999700,0.0,0.0
2012-05-07,8.35,8.41,8.3,8.32,5.236069,1174900,0.0,0.0
2012-05-08,8.31,8.33,8.18,8.24,5.18572,1501200,0.0,0.0
2012-05-09,8.16,8.17,8.08,8.12,5.110201,2290700,0.0,0.0
2012-05-10,8.16,8.29,8.16,8.26,5.198308,1084300,0.0,0.0
2012-05-11,8.2,8.37,8.19,8.2,5.160548,1100200,0.0,0.0
2012-05-14,8.1,8.11,7.85,7.87,4.952868,1918700,0.0,0.0
2012-05-15,7.84,7.95,7.7,7.75,4.877347,1280300,0.0,0.0
2012-05-16,7.9,7.99,7.78,7.95,5.003214,3220100,0.0,0.0
2012-05-17,8.03,8.1,7.82,7.83,4.927693,1758800,0.0,0.0
2012-05-18,7.28,7.37,6.94,7.07,4.854906,1748700,0.654,0.0
2012-05-21,7.04,7.06,6.72,6.75,4.635164,1886000,0.0,0.0
2012-05-22,6.66,6.71,6.48,6.51,4.470358,1935000,0.0,0.0
2012-05-23,6.54,6.6,6.32,6.42,4.408557,1200000,0.0,0.0
2012-05-24,6.44,6.51,6.29,6.4,4.394822,1173600,0.0,0.0
2012-05-25,6.48,6.55,6.41,6.44,4.42229,807600,0.0,0.0
2012-05-29,6.64,6.65,6.3,6.36,4.367354,1058300,0.0,0.0
2012-05-30,6.33,6.43,6.25,6.36,4.367354,1439900,0.0,0.0
2012-05-31,6.44,6.59,6.38,6.56,4.504693,1836700,0.0,0.0
2012-06-01,6.38,6.46,6.31,6.31,4.33302,1283400,0.0,0.0
2012-06-04,6.38,6.5,6.36,6.38,4.381089,850300,0.0,0.0
2012-06-05,6.45,6.5,6.3,6.34,4.353621,1080200,0.0,0.0
2012-06-06,6.37,6.56,6.35,6.56,4.504693,1482300,0.0,0.0
2012-06-07,6.59,6.67,6.49,6.53,4.484093,870800,0.0,0.0
2012-06-08,6.44,6.75,6.39,6.68,4.587095,1943700,0.0,0.0
2012-06-11,6.71,6.72,6.51,6.52,4.477225,1187900,0.0,0.0
2012-06-12,6.59,6.69,6.54,6.64,4.559628,713800,0.0,0.0
2012-06-13,6.65,6.76,6.62,6.71,4.607697,932800,0.0,0.0
2012-06-14,6.68,6.77,6.63,6.74,4.628298,828700,0.0,0.0
2012-06-15,6.77,7.25,6.73,7.07,4.854906,3414900,0.0,0.0
2012-06-18,6.84,6.91,6.78,6.8,4.669498,2716800,0.0,0.0
2012-06-19,6.94,7.02,6.87,6.92,4.751902,824300,0.0,0.0
2012-06-20,6.9,7.03,6.85,6.94,4.765635,956300,0.0,0.0
2012-06-21,6.91,7.0,6.8,6.83,4.690099,1017400,0.0,0.0
2012-06-22,6.91,6.91,6.59,6.59,4.525293,1333400,0.0,0.0
2012-06-25,6.56,6.62,6.52,6.58,4.518426,741400,0.0,0.0
2012-06-26,6.57,6.63,6.51,6.55,4.497826,776800,0.0,0.0
2012-06-27,6.61,6.73,6.6,6.68,4.587095,713500,0.0,0.0
2012-06-28,6.67,6.77,6.61,6.74,4.628298,1128400,0.0,0.0
2012-06-29,6.98,7.04,6.92,7.03,4.827437,732600,0.0,0.0
2012-07-02,7.09,7.17,7.05,7.17,4.923574,617100,0.0,0.0
2012-07-03,7.15,7.16,7.0,7.07,4.854906,698300,0.0,0.0
2012-07-05,7.24,7.25,7.07,7.16,4.916708,760400,0.0,0.0
2012-07-06,7.08,7.1,6.88,6.9,4.738167,786500,0.0,0.0
2012-07-09,6.86,6.91,6.75,6.79,4.662631,532200,0.0,0.0
2012-07-10,6.86,6.87,6.72,6.75,4.635164,747100,0.0,0.0
2012-07-11,6.69,6.79,6.57,6.68,4.587095,746800,0.0,0.0
2012-07-12,6.62,6.72,6.62,6.65,4.566495,372700,0.0,0.0
2012-07-13,6.64,6.74,6.62,6.63,4.552762,1120100,0.0,0.0
2012-07-16,6.7,6.76,6.53,6.68,4.587095,469500,0.0,0.0
2012-07-17,6.67,6.78,6.56,6.76,4.642031,369800,0.0,0.0
2012-07-18,6.71,6.86,6.69,6.85,4.703834,622500,0.0,0.0
2012-07-19,6.91,6.93,6.84,6.92,4.751902,423800,0.0,0.0
2012-07-20,6.84,6.93,6.75,6.78,4.655765,1154500,0.0,0.0
2012-07-23,6.63,6.64,6.49,6.55,4.497826,701900,0.0,0.0
2012-07-24,6.54,6.57,6.44,6.48,4.449757,842900,0.0,0.0
2012-07-25,6.53,6.58,6.46,6.48,4.449757,333800,0.0,0.0
2012-07-26,6.51,6.52,6.38,6.48,4.449757,676000,0.0,0.0
2012-07-27,6.59,6.92,6.57,6.88,4.724434,851600,0.0,0.0
2012-07-30,6.78,6.89,6.77,6.88,4.724434,396600,0.0,0.0
2012-07-31,6.9,6.96,6.74,6.83,4.690099,966700,0.0,0.0
2012-08-01,6.97,7.05,6.87,6.92,4.751902,641700,0.0,0.0
2012-08-02,6.8,6.89,6.66,6.79,4.662631,986000,0.0,0.0
2012-08-03,6.95,7.09,6.95,7.05,4.841171,692600,0.0,0.0
2012-08-06,7.15,7.3,7.12,7.22,4.957909,722600,0.0,0.0
2012-08-07,7.28,7.34,7.2,7.31,5.019711,1421000,0.0,0.0
2012-08-08,7.3,7.45,7.3,7.43,5.102113,701600,0.0,0.0
2012-08-09,7.49,7.51,7.45,7.49,5.143315,791100,0.0,0.0
2012-08-10,7.49,7.55,7.44,7.53,5.170783,766500,0.0,0.0
2012-08-13,7.47,7.56,7.44,7.54,5.177649,627600,0.0,0.0
2012-08-14,7.54,7.59,7.48,7.52,5.163916,963900,0.0,0.0
2012-08-15,7.6,7.73,7.55,7.69,5.280653,847100,0.0,0.0
2012-08-16,7.76,7.82,7.64,7.79,5.349322,1043200,0.0,0.0
2012-08-17,7.73,7.73,7.58,7.67,5.26692,528800,0.0,0.0
2012-08-20,7.66,7.96,7.6,7.95,5.459192,1014500,0.0,0.0
2012-08-21,7.92,7.95,7.67,7.74,5.314988,596800,0.0,0.0
2012-08-22,7.62,7.82,7.58,7.73,5.308121,873300,0.0,0.0
2012-08-23,7.69,7.69,7.42,7.49,5.143315,1003300,0.0,0.0
2012-08-24,7.47,7.52,7.4,7.45,5.115848,845700,0.0,0.0
2012-08-27,7.36,7.48,7.34,7.43,5.102113,883200,0.0,0.0
2012-08-28,7.45,7.49,7.42,7.45,5.115848,919100,0.0,0.0
2012-08-29,7.42,7.42,7.24,7.3,5.012844,1646000,0.0,0.0
2012-08-30,7.23,7.26,6.95,6.95,4.772502,1799300,0.0,0.0
2012-08-31,6.5,6.83,6.37,6.5,4.46349,3580800,0.0,0.0
2012-09-04,6.46,6.46,6.31,6.46,4.436024,1500100,0.0,0.0
2012-09-05,6.43,6.52,6.37,6.52,4.477225,1233300,0.0,0.0
2012-09-06,6.49,6.57,6.44,6.49,4.456624,1088100,0.0,0.0
2012-09-07,6.51,6.63,6.36,6.42,4.408557,1451900,0.0,0.0
2012-09-10,6.45,6.51,6.39,6.47,4.442891,1222800,0.0,0.0
2012-09-11,6.45,6.56,6.26,6.32,4.339887,2170900,0.0,0.0
2012-09-12,5.63,6.04,5.61,5.82,3.996542,2934400,0.0,0.0
2012-09-13,5.9,6.08,5.88,6.05,4.15448,1342500,0.0,0.0
2012-09-14,6.13,6.21,6.1,6.18,4.243751,1447600,0.0,0.0
2012-09-17,6.16,6.2,6.11,6.11,4.195683,1482000,0.0,0.0
2012-09-18,6.11,6.17,6.06,6.14,4.216283,1135400,0.0,0.0
2012-09-19,6.16,6.2,5.98,6.0,4.120145,1567500,0.0,0.0
2012-09-20,5.97,6.11,5.93,6.03,4.140747,1220200,0.0,0.0
2012-09-21,6.06,6.18,5.93,5.93,4.072077,2008700,0.0,0.0
2012-09-24,5.96,6.07,5.93,6.04,4.147614,743000,0.0,0.0
2012-09-25,6.04,6.12,6.02,6.04,4.147614,1106100,0.0,0.0
2012-09-26,6.01,6.05,5.93,6.01,4.127013,925800,0.0,0.0
2012-09-27,6.04,6.09,5.97,6.05,4.15448,626700,0.0,0.0
2012-09-28,6.01,6.04,5.92,5.93,4.072077,852200,0.0,0.0
2012-10-01,5.99,6.06,5.95,6.04,4.147614,838500,0.0,0.0
2012-10-02,6.01,6.06,5.99,5.99,4.113278,390100,0.0,0.0
2012-10-03,5.98,6.0,5.89,5.91,4.058343,1128700,0.0,0.0
2012-10-04,5.89,5.94,5.64,5.77,3.962207,957100,0.0,0.0
2012-10-05,5.8,5.92,5.78,5.79,3.97594,824500,0.0,0.0
2012-10-08,5.83,5.96,5.82,5.85,4.017142,1314400,0.0,0.0
2012-10-09,5.83,5.84,5.74,5.79,3.97594,549400,0.0,0.0
2012-10-10,5.78,5.85,5.71,5.75,3.948474,1072900,0.0,0.0
2012-10-11,5.83,5.88,5.75,5.78,3.969074,435500,0.0,0.0
2012-10-12,5.77,6.01,5.75,5.75,3.948474,1623200,0.0,0.0
2012-10-15,5.84,5.95,5.81,5.89,4.04461,1781400,0.0,0.0
2012-10-16,5.94,5.96,5.84,5.87,4.030876,680100,0.0,0.0
2012-10-17,5.86,5.86,5.64,5.69,3.907271,1585900,0.0,0.0
2012-10-18,5.75,5.92,5.67,5.89,4.04461,2305500,0.0,0.0
2012-10-19,5.89,5.93,5.77,5.86,4.024009,1200200,0.0,0.0
2012-10-22,5.83,6.02,5.83,6.01,4.127013,1391500,0.0,0.0
2012-10-23,5.88,5.92,5.75,5.81,3.989674,655400,0.0,0.0
2012-10-24,5.81,5.85,5.64,5.65,3.879804,880900,0.0,0.0
2012-10-25,5.72,5.79,5.71,5.77,3.962207,661500,0.0,0.0
2012-10-26,5.73,5.75,5.6,5.64,3.872937,576200,0.0,0.0
2012-10-31,5.56,5.66,5.48,5.56,3.818002,864000,0.0,0.0
2012-11-01,5.53,5.71,5.52,5.67,3.893538,670700,0.0,0.0
2012-11-02,5.59,5.6,5.12,5.16,3.543325,2099500,0.0,0.0
2012-11-05,5.26,5.42,5.23,5.35,3.673797,953100,0.0,0.0
2012-11-06,5.26,5.38,5.25,5.31,3.646329,557500,0.0,0.0
2012-11-07,5.22,5.27,5.12,5.16,3.543325,632600,0.0,0.0
2012-11-08,5.05,5.15,5.01,5.07,3.481523,1428700,0.0,0.0
2012-11-09,4.95,5.06,4.92,4.95,3.39912,718700,0.0,0.0
2012-11-12,4.86,4.91,4.72,4.73,3.248048,845400,0.0,0.0
2012-11-13,4.53,4.8,4.53,4.71,3.234314,1495800,0.0,0.0
2012-11-14,4.68,4.68,4.55,4.59,3.151912,1595600,0.0,0.0
2012-11-15,4.53,4.61,4.36,4.44,3.048908,1020300,0.0,0.0
2012-11-16,4.34,4.53,4.28,4.43,3.042041,1975700,0.0,0.0
2012-11-19,4.22,4.31,3.78,3.79,2.602559,2952400,0.0,0.0
2012-11-20,3.79,3.8,3.51,3.57,2.451487,1720900,0.0,0.0
2012-11-21,3.22,3.3,3.13,3.22,2.211145,3461600,0.0,0.0
2012-11-23,3.18,3.3,2.96,3.18,2.183677,4173900,0.0,0.0
2012-11-26,3.29,3.39,3.21,3.28,2.252346,3061100,0.0,0.0
2012-11-27,3.38,3.5,3.18,3.29,2.259213,3803000,0.0,0.0
2012-11-28,3.25,3.31,3.21,3.27,2.245479,960200,0.0,0.0
2012-11-29,3.11,3.17,2.92,3.17,2.176811,1995400,0.0,0.0
2012-11-30,3.44,3.72,3.29,3.66,2.513288,4788600,0.0,0.0
2012-12-03,3.63,3.64,3.46,3.46,2.375951,1525600,0.0,0.0
2012-12-04,3.56,3.57,3.39,3.42,2.348483,1173600,0.0,0.0
2012-12-05,3.23,3.34,3.2,3.32,2.279814,1288600,0.0,0.0
2012-12-06,3.27,3.31,3.18,3.24,2.224879,1805300,0.0,0.0
2012-12-07,3.25,3.26,3.2,3.23,2.218012,1459700,0.0,0.0
2012-12-10,3.16,3.2,3.11,3.14,2.15621,1339800,0.0,0.0
2012-12-11,3.15,3.29,3.14,3.28,2.252346,1534900,0.0,0.0
2012-12-12,3.25,3.29,3.2,3.23,2.218012,986500,0.0,0.0
2012-12-13,3.17,3.21,3.14,3.15,2.163076,1394800,0.0,0.0
2012-12-14,3.19,3.22,3.16,3.19,2.190544,900800,0.0,0.0
2012-12-17,3.18,3.2,3.08,3.08,2.115008,1639800,0.0,0.0
2012-12-18,3.15,3.16,3.13,3.15,2.163076,924800,0.0,0.0
2012-12-19,3.16,3.19,3.07,3.08,2.115008,838900,0.0,0.0
2012-12-20,3.11,3.14,3.03,3.05,2.094407,798700,0.0,0.0
2012-12-21,2.99,3.15,2.97,3.15,2.163076,1380100,0.0,0.0
2012-12-24,3.18,3.18,2.96,3.04,2.08754,583500,0.0,0.0
2012-12-26,3.12,3.15,3.06,3.07,2.108141,1382400,0.0,0.0
2012-12-27,3.09,3.09,2.99,3.01,2.06694,1539400,0.0,0.0
2012-12-28,3.08,3.14,3.05,3.06,2.101274,1191000,0.0,0.0
2012-12-31,3.07,3.13,2.99,3.12,2.142476,882000,0.0,0.0
2013-01-02,3.14,3.26,3.12,3.24,2.224879,1419600,0.0,0.0
2013-01-03,3.28,3.4,3.28,3.36,2.307282,1340400,0.0,0.0
2013-01-04,3.41,3.56,3.36,3.39,2.327882,1794800,0.0,0.0
2013-01-07,3.41,3.46,3.33,3.34,2.293548,2160500,0.0,0.0
2013-01-08,3.27,3.28,3.04,3.1,2.128742,2141200,0.0,0.0
2013-01-09,3.17,3.22,3.14,3.22,2.211145,725500,0.0,0.0
2013-01-10,3.26,3.26,3.18,3.2,2.197411,416200,0.0,0.0
2013-01-11,3.18,3.22,3.13,3.21,2.204278,1078200,0.0,0.0
2013-01-14,3.23,3.28,3.19,3.22,2.211145,1040100,0.0,0.0
2013-01-15,3.16,3.32,3.16,3.31,2.272947,1794000,0.0,0.0
2013-01-16,3.29,3.35,3.27,3.33,2.286681,1292800,0.0,0.0
2013-01-17,3.36,3.52,3.35,3.42,2.348483,2256900,0.0,0.0
2013-01-18,3.5,3.63,3.49,3.57,2.451487,1213600,0.0,0.0
2013-01-22,3.95,3.99,3.86,3.93,2.698695,2476900,0.0,0.0
2013-01-23,3.93,3.95,3.76,3.76,2.581958,2311300,0.0,0.0
2013-01-24,3.73,3.74,3.53,3.59,2.465221,1880000,0.0,0.0
2013-01-25,3.61,3.64,3.43,3.5,2.403419,756200,0.0,0.0
2013-01-28,3.59,3.59,3.48,3.51,2.410285,953600,0.0,0.0
2013-01-29,3.57,3.59,3.48,3.53,2.424019,910000,0.0,0.0
2013-01-30,3.53,3.53,3.43,3.48,2.389685,669600,0.0,0.0
2013-01-31,3.45,3.62,3.41,3.55,2.437753,1616300,0.0,0.0
2013-02-01,3.61,3.65,3.53,3.58,2.458354,1142200,0.0,0.0
2013-02-04,3.55,3.55,3.46,3.46,2.375951,1046300,0.0,0.0
2013-02-05,3.51,3.54,3.45,3.47,2.382818,787300,0.0,0.0
2013-02-06,3.47,3.56,3.37,3.5,2.403419,1045400,0.0,0.0
2013-02-07,3.54,3.56,3.43,3.44,2.362217,626700,0.0,0.0
2013-02-08,3.5,3.53,3.44,3.47,2.382818,945000,0.0,0.0
2013-02-11,3.55,3.55,3.4,3.42,2.348483,325000,0.0,0.0
2013-02-12,3.45,3.46,3.35,3.4,2.334749,579800,0.0,0.0
2013-02-13,3.4,3.56,3.38,3.51,2.410285,697400,0.0,0.0
2013-02-14,3.48,3.62,3.47,3.58,2.458354,1062400,0.0,0.0
2013-02-15,3.54,3.56,3.4,3.4,2.334749,741100,0.0,0.0
2013-02-19,3.43,3.44,3.35,3.37,2.314149,680300,0.0,0.0
2013-02-20,3.37,3.39,3.22,3.23,2.218012,1075200,0.0,0.0
2013-02-21,3.16,3.17,3.1,3.15,2.163076,1044900,0.0,0.0
2013-02-22,3.14,3.15,3.07,3.07,2.108141,997900,0.0,0.0
2013-02-25,3.1,3.19,3.09,3.15,2.163076,1103900,0.0,0.0
2013-02-26,3.23,3.36,3.15,3.35,2.300415,1336000,0.0,0.0
2013-02-27,3.37,3.46,3.35,3.37,2.314149,1031500,0.0,0.0
2013-02-28,3.43,3.54,3.42,3.49,2.396551,1716600,0.0,0.0
2013-03-01,3.37,3.44,3.34,3.38,2.321016,1150900,0.0,0.0
2013-03-04,3.44,3.46,3.31,3.34,2.293548,745200,0.0,0.0
2013-03-05,3.4,3.45,3.3,3.31,2.272947,558700,0.0,0.0
2013-03-06,3.36,3.56,3.36,3.47,2.382818,1619600,0.0,0.0
2013-03-07,3.68,3.8,3.65,3.78,2.595691,1959900,0.0,0.0
2013-03-08,3.74,3.77,3.66,3.69,2.53389,1092400,0.0,0.0
2013-03-11,3.69,3.7,3.63,3.66,2.513288,553500,0.0,0.0
2013-03-12,3.73,3.79,3.7,3.74,2.568224,940100,0.0,0.0
2013-03-13,3.75,3.76,3.62,3.64,2.499555,888400,0.0,0.0
2013-03-14,3.68,3.69,3.45,3.47,2.382818,1275100,0.0,0.0
2013-03-15,3.42,3.44,3.35,3.4,2.334749,1586100,0.0,0.0
2013-03-18,3.32,3.38,3.31,3.35,2.300415,689300,0.0,0.0
2013-03-19,3.37,3.43,3.31,3.36,2.307282,858100,0.0,0.0
2013-03-20,3.33,3.34,3.22,3.26,2.238613,1465100,0.0,0.0
2013-03-21,3.26,3.29,3.15,3.15,2.163076,1032100,0.0,0.0
2013-03-22,3.17,3.23,3.15,3.17,2.176811,453300,0.0,0.0
2013-03-25,3.18,3.21,3.14,3.17,2.176811,476300,0.0,0.0
2013-03-26,3.2,3.29,3.13,3.15,2.163076,1298200,0.0,0.0
2013-03-27,3.1,3.19,3.05,3.12,2.142476,1014500,0.0,0.0
2013-03-28,3.25,3.52,3.25,3.42,2.348483,2166600,0.0,0.0
2013-04-01,3.48,3.52,3.42,3.46,2.375951,1205000,0.0,0.0
2013-04-02,3.48,3.48,3.31,3.32,2.279814,824200,0.0,0.0
2013-04-03,3.3,3.34,3.18,3.19,2.190544,1337300,0.0,0.0
2013-04-04,3.23,3.25,3.14,3.17,2.176811,1542100,0.0,0.0
2013-04-05,3.18,3.3,3.16,3.19,2.190544,2078900,0.0,0.0
2013-04-08,3.21,3.21,3.1,3.1,2.128742,1798200,0.0,0.0
2013-04-09,3.17,3.19,3.1,3.15,2.163076,3263300,0.0,0.0
2013-04-10,3.17,3.22,3.11,3.16,2.169943,2897000,0.0,0.0
2013-04-11,3.15,3.16,3.04,3.1,2.128742,1848600,0.0,0.0
2013-04-12,3.08,3.14,3.01,3.07,2.108141,1357600,0.0,0.0
2013-04-15,2.97,2.98,2.79,2.8,1.922735,1804200,0.0,0.0
2013-04-16,2.82,2.9,2.77,2.78,1.909001,1015800,0.0,0.0
2013-04-17,2.75,2.78,2.62,2.62,1.79913,2044300,0.0,0.0
2013-04-18,2.61,2.62,2.5,2.57,1.764796,1479300,0.0,0.0
2013-04-19,2.58,2.61,2.55,2.61,1.792263,655500,0.0,0.0
2013-04-22,2.61,2.68,2.54,2.67,1.833465,657000,0.0,0.0
2013-04-23,2.7,2.71,2.66,2.68,1.840332,770700,0.0,0.0
2013-04-24,2.68,2.73,2.63,2.71,1.860932,1880800,0.0,0.0
2013-04-25,2.69,2.76,2.64,2.69,1.847199,1154300,0.0,0.0
2013-04-26,2.68,2.68,2.57,2.6,1.785396,685900,0.0,0.0
2013-04-29,2.62,2.67,2.57,2.62,1.79913,1630300,0.0,0.0
2013-04-30,2.61,2.69,2.6,2.69,1.847199,1695300,0.0,0.0
2013-05-01,2.69,2.77,2.64,2.71,1.860932,703000,0.0,0.0
2013-05-02,2.57,2.59,2.48,2.51,1.859451,1225800,0.198,0.0
2013-05-03,2.54,2.58,2.48,2.49,1.844635,919300,0.0,0.0
2013-05-06,2.48,2.49,2.38,2.41,1.785369,1525700,0.0,0.0
2013-05-07,2.44,2.47,2.42,2.44,1.807594,496300,0.0,0.0
2013-05-08,2.47,2.51,2.42,2.46,1.82241,787900,0.0,0.0
2013-05-09,2.46,2.47,2.39,2.39,1.770553,661100,0.0,0.0
2013-05-10,2.4,2.43,2.37,2.41,1.785369,1084600,0.0,0.0
2013-05-13,2.41,2.41,2.37,2.38,1.763144,567200,0.0,0.0
2013-05-14,2.37,2.39,2.28,2.29,1.696471,1313500,0.0,0.0
2013-05-15,2.29,2.34,2.28,2.33,1.726104,625300,0.0,0.0
2013-05-16,2.47,2.59,2.47,2.54,1.881675,2197400,0.0,0.0
2013-05-17,2.65,2.76,2.51,2.54,1.881675,1951600,0.0,0.0
2013-05-20,2.52,2.57,2.42,2.57,1.9039,1528000,0.0,0.0
2013-05-21,2.59,2.75,2.56,2.71,2.007614,2415800,0.0,0.0
2013-05-22,2.82,3.0,2.79,2.9,2.14837,3521600,0.0,0.0
2013-05-23,2.94,3.05,2.87,2.95,2.18541,2235700,0.0,0.0
2013-05-24,2.97,3.0,2.93,2.97,2.200227,1674100,0.0,0.0
2013-05-28,3.05,3.06,2.99,3.02,2.237268,1052400,0.0,0.0
2013-05-29,2.97,3.01,2.83,2.83,2.096512,897500,0.0,0.0
2013-05-30,2.87,2.91,2.71,2.81,2.081696,1046300,0.0,0.0
2013-05-31,2.74,2.75,2.55,2.58,1.911308,3071900,0.0,0.0
2013-06-03,2.64,2.75,2.56,2.7,2.000206,958500,0.0,0.0
2013-06-04,2.71,2.71,2.6,2.62,1.940941,710000,0.0,0.0
2013-06-05,2.61,2.66,2.5,2.51,1.859451,849600,0.0,0.0
2013-06-06,2.48,2.54,2.45,2.53,1.874267,666100,0.0,0.0
2013-06-07,2.44,2.47,2.33,2.38,1.763144,939900,0.0,0.0
2013-06-10,2.34,2.4,2.3,2.39,1.770553,1143800,0.0,0.0
2013-06-11,2.25,2.35,2.23,2.29,1.696471,952800,0.0,0.0
2013-06-12,2.31,2.33,2.15,2.23,1.652022,1090500,0.0,0.0
2013-06-13,2.24,2.38,2.24,2.38,1.763144,780600,0.0,0.0
2013-06-14,2.35,2.36,2.23,2.24,1.65943,629700,0.0,0.0
2013-06-17,2.27,2.3,2.21,2.25,1.666838,540500,0.0,0.0
2013-06-18,2.25,2.34,2.19,2.33,1.726104,813400,0.0,0.0
2013-06-19,2.31,2.36,2.16,2.17,1.607573,915400,0.0,0.0
2013-06-20,2.1,2.16,2.01,2.11,1.563124,1926700,0.0,0.0
2013-06-21,2.07,2.1,2.02,2.02,1.496451,2910200,0.0,0.0
2013-06-24,2.0,2.07,1.92,2.03,1.503858,1121900,0.0,0.0
2013-06-25,2.07,2.09,2.03,2.07,1.533491,443400,0.0,0.0
2013-06-26,2.12,2.15,2.07,2.12,1.570532,738900,0.0,0.0
2013-06-27,2.11,2.17,2.1,2.13,1.57794,1047800,0.0,0.0
2013-06-28,2.09,2.12,2.05,2.12,1.570532,949600,0.0,0.0
2013-07-01,2.09,2.12,2.06,2.06,1.526083,619900,0.0,0.0
2013-07-02,2.05,2.06,1.96,2.0,1.481634,734500,0.0,0.0
2013-07-03,2.0,2.05,1.97,2.01,1.489042,346500,0.0,0.0
2013-07-05,1.99,1.99,1.88,1.94,1.437185,2115000,0.0,0.0
2013-07-08,1.94,1.98,1.94,1.95,1.444593,470300,0.0,0.0
2013-07-09,2.01,2.05,1.98,1.99,1.474226,316400,0.0,0.0
2013-07-10,1.97,2.01,1.95,1.99,1.474226,657600,0.0,0.0
2013-07-11,2.05,2.1,1.99,2.1,1.555716,803600,0.0,0.0
2013-07-12,2.08,2.13,2.04,2.13,1.57794,680800,0.0,0.0
2013-07-15,2.12,2.22,2.11,2.21,1.637206,1225800,0.0,0.0
2013-07-16,2.21,2.22,2.13,2.18,1.614981,557200,0.0,0.0
2013-07-17,2.18,2.23,2.16,2.18,1.614981,674500,0.0,0.0
2013-07-18,2.18,2.21,2.13,2.15,1.592757,520000,0.0,0.0
2013-07-19,2.04,2.09,1.99,2.08,1.5409,515300,0.0,0.0
2013-07-22,2.1,2.19,2.1,2.18,1.614981,430500,0.0,0.0
2013-07-23,2.2,2.2,2.15,2.2,1.629798,524900,0.0,0.0
2013-07-24,2.2,2.21,2.1,2.11,1.563124,575600,0.0,0.0
2013-07-25,2.12,2.2,2.11,2.2,1.629798,505200,0.0,0.0
2013-07-26,2.17,2.22,2.15,2.21,1.637206,752300,0.0,0.0
2013-07-29,2.18,2.19,2.12,2.15,1.592757,599200,0.0,0.0
2013-07-30,2.14,2.14,2.06,2.09,1.548308,666400,0.0,0.0
2013-07-31,2.02,2.05,2.0,2.03,1.503858,784600,0.0,0.0
2013-08-01,2.04,2.04,1.98,2.03,1.503858,839500,0.0,0.0
2013-08-02,2.04,2.06,2.01,2.02,1.496451,796900,0.0,0.0
2013-08-05,2.0,2.05,1.98,2.03,1.503858,314800,0.0,0.0
2013-08-06,2.01,2.02,1.96,1.97,1.45941,1062800,0.0,0.0
2013-08-07,1.94,1.98,1.91,1.92,1.422369,1136100,0.0,0.0
2013-08-08,1.96,2.07,1.92,2.07,1.533491,974500,0.0,0.0
2013-08-09,2.08,2.16,2.05,2.15,1.592757,888600,0.0,0.0
2013-08-12,2.16,2.28,2.15,2.18,1.614981,1077300,0.0,0.0
2013-08-13,2.18,2.19,2.14,2.17,1.607573,1178200,0.0,0.0
2013-08-14,2.19,2.22,2.16,2.19,1.622389,711800,0.0,0.0
2013-08-15,2.11,2.17,2.06,2.16,1.600165,771200,0.0,0.0
2013-08-16,2.15,2.15,2.08,2.14,1.585349,1580500,0.0,0.0
2013-08-19,2.13,2.15,2.06,2.06,1.526083,1462700,0.0,0.0
2013-08-20,2.06,2.1,2.04,2.04,1.511267,569100,0.0,0.0
2013-08-21,2.02,2.08,2.01,2.03,1.503858,1271500,0.0,0.0
2013-08-22,2.05,2.09,2.03,2.08,1.5409,633100,0.0,0.0
2013-08-23,2.09,2.17,2.07,2.17,1.607573,329900,0.0,0.0
2013-08-26,2.15,2.16,2.07,2.08,1.5409,1968200,0.0,0.0
2013-08-27,2.05,2.1,2.04,2.1,1.555716,1685800,0.0,0.0
2013-08-28,2.09,2.16,2.08,2.12,1.570532,2158200,0.0,0.0
2013-08-29,2.12,2.17,2.1,2.14,1.585349,806100,0.0,0.0
2013-08-30,2.16,2.16,2.08,2.12,1.570532,3350100,0.0,0.0
2013-09-03,2.2,2.28,2.2,2.26,1.674246,1750400,0.0,0.0
2013-09-04,2.26,2.28,2.22,2.27,1.681655,622600,0.0,0.0
2013-09-05,2.3,2.36,2.27,2.36,1.748328,648800,0.0,0.0
2013-09-06,2.37,2.47,2.36,2.45,1.815002,1757900,0.0,0.0
2013-09-09,2.5,2.72,2.46,2.68,1.98539,2446700,0.0,0.0
2013-09-10,2.72,2.75,2.63,2.7,2.000206,1823000,0.0,0.0
2013-09-11,2.69,2.71,2.6,2.71,2.007614,1211000,0.0,0.0
2013-09-12,2.66,2.7,2.62,2.67,1.977982,1108000,0.0,0.0
2013-09-13,2.65,2.7,2.62,2.69,1.992798,762800,0.0,0.0
2013-09-16,2.73,2.74,2.62,2.64,1.955757,1244600,0.0,0.0
2013-09-17,2.67,2.73,2.67,2.73,2.022431,975900,0.0,0.0
2013-09-18,2.72,2.9,2.68,2.89,2.140961,1995300,0.0,0.0
2013-09-19,2.86,2.89,2.76,2.84,2.103921,1699600,0.0,0.0
2013-09-20,2.83,2.85,2.72,2.79,2.066879,1162900,0.0,0.0
2013-09-23,2.77,2.82,2.75,2.81,2.081696,959600,0.0,0.0
2013-09-24,2.78,2.81,2.76,2.79,2.066879,1371800,0.0,0.0
2013-09-25,2.75,2.77,2.71,2.75,2.037247,974800,0.0,0.0
2013-09-26,2.75,2.81,2.72,2.74,2.029839,515800,0.0,0.0
2013-09-27,2.73,2.75,2.71,2.71,2.007614,686700,0.0,0.0
2013-09-30,2.74,2.82,2.72,2.81,2.081696,1774100,0.0,0.0
2013-10-01,2.82,2.92,2.8,2.8,2.074288,1202100,0.0,0.0
2013-10-02,2.84,2.95,2.84,2.94,2.178002,840600,0.0,0.0
2013-10-03,2.94,2.99,2.91,2.97,2.200227,834600,0.0,0.0
2013-10-04,2.97,3.03,2.96,3.0,2.222451,780800,0.0,0.0
2013-10-07,2.99,3.03,2.97,3.01,2.229859,824700,0.0,0.0
2013-10-08,3.03,3.04,2.94,2.96,2.192818,1086500,0.0,0.0
2013-10-09,2.95,2.96,2.84,2.89,2.140961,1271300,0.0,0.0
2013-10-10,2.95,3.09,2.95,3.09,2.289125,804800,0.0,0.0
2013-10-11,3.08,3.1,3.05,3.1,2.296533,849100,0.0,0.0
2013-10-14,3.04,3.22,3.03,3.21,2.378023,938100,0.0,0.0
2013-10-15,3.19,3.33,3.13,3.28,2.42988,1514400,0.0,0.0
2013-10-16,3.21,3.38,3.18,3.29,2.437288,2477600,0.0,0.0
2013-10-17,3.32,3.33,3.27,3.33,2.466921,832000,0.0,0.0
2013-10-18,3.33,3.39,3.31,3.34,2.474329,1151200,0.0,0.0
2013-10-21,3.4,3.45,3.37,3.43,2.541003,1558000,0.0,0.0
2013-10-22,3.44,3.48,3.43,3.45,2.555819,929900,0.0,0.0
2013-10-23,3.46,3.47,3.37,3.39,2.51137,737100,0.0,0.0
2013-10-24,3.33,3.35,3.23,3.26,2.415063,1465500,0.0,0.0
2013-10-25,3.33,3.35,3.27,3.3,2.444696,746300,0.0,0.0
2013-10-28,3.33,3.4,3.33,3.36,2.489145,555400,0.0,0.0
2013-10-29,3.41,3.41,3.33,3.38,2.503962,483700,0.0,0.0
2013-10-30,3.32,3.34,3.24,3.28,2.42988,594200,0.0,0.0
2013-10-31,3.28,3.32,3.16,3.16,2.340982,1239100,0.0,0.0
2013-11-01,3.11,3.12,2.97,3.01,2.229859,2883300,0.0,0.0
2013-11-04,3.06,3.07,3.01,3.05,2.259492,925400,0.0,0.0
2013-11-05,2.88,2.92,2.77,2.8,2.074288,1377900,0.0,0.0
2013-11-06,2.73,2.8,2.69,2.8,2.074288,1625900,0.0,0.0
2013-11-07,2.77,2.78,2.67,2.69,1.992798,1057000,0.0,0.0
2013-11-08,2.66,2.66,2.59,2.63,1.948349,617200,0.0,0.0
2013-11-11,2.59,2.62,2.56,2.58,1.911308,864500,0.0,0.0
2013-11-12,2.58,2.64,2.57,2.61,1.933532,818500,0.0,0.0
2013-11-13,2.6,2.68,2.6,2.64,1.955757,1032700,0.0,0.0
2013-11-14,2.68,2.75,2.65,2.74,2.029839,978800,0.0,0.0
2013-11-15,2.72,2.74,2.63,2.65,1.963166,952600,0.0,0.0
2013-11-18,2.68,2.8,2.68,2.76,2.044655,972300,0.0,0.0
2013-11-19,2.77,2.77,2.6,2.6,1.926124,1280000,0.0,0.0
2013-11-20,2.61,2.64,2.53,2.53,1.874267,915000,0.0,0.0
2013-11-21,2.6,2.66,2.58,2.6,1.926124,1345600,0.0,0.0
2013-11-22,2.7,2.71,2.6,2.61,1.933532,1600300,0.0,0.0
2013-11-25,2.72,2.74,2.65,2.66,1.970573,622200,0.0,0.0
2013-11-26,2.63,2.63,2.55,2.61,1.933532,892500,0.0,0.0
2013-11-27,2.6,2.6,2.55,2.56,1.896491,1129000,0.0,0.0
2013-11-29,2.57,2.59,2.53,2.56,1.896491,358700,0.0,0.0
2013-12-02,2.52,2.54,2.46,2.5,1.852043,1285800,0.0,0.0
2013-12-03,2.47,2.49,2.41,2.45,1.815002,1905000,0.0,0.0
2013-12-04,2.43,2.46,2.39,2.4,1.777961,1130200,0.0,0.0
2013-12-05,2.45,2.53,2.43,2.46,1.82241,802100,0.0,0.0
2013-12-06,2.51,2.61,2.5,2.61,1.933532,753700,0.0,0.0
2013-12-09,2.56,2.65,2.54,2.65,1.963166,986800,0.0,0.0
2013-12-10,2.6,2.66,2.58,2.62,1.940941,924500,0.0,0.0
2013-12-11,2.57,2.65,2.52,2.55,1.889084,2530000,0.0,0.0
2013-12-12,2.55,2.59,2.51,2.58,1.911308,770000,0.0,0.0
2013-12-13,2.56,2.58,2.49,2.5,1.852043,986800,0.0,0.0
2013-12-16,2.54,2.64,2.53,2.58,1.911308,847000,0.0,0.0
2013-12-17,2.57,2.66,2.55,2.63,1.948349,2178700,0.0,0.0
2013-12-18,2.58,2.71,2.54,2.67,1.977982,1908900,0.0,0.0
2013-12-19,2.62,2.63,2.53,2.59,1.918716,1297600,0.0,0.0
2013-12-20,2.58,2.59,2.47,2.52,1.866859,2114700,0.0,0.0
2013-12-23,2.58,2.6,2.57,2.58,1.911308,518000,0.0,0.0
2013-12-24,2.6,2.62,2.56,2.6,1.926124,136500,0.0,0.0
2013-12-26,2.6,2.63,2.54,2.56,1.896491,996500,0.0,0.0
2013-12-27,2.57,2.62,2.56,2.62,1.940941,940300,0.0,0.0
2013-12-30,2.57,2.6,2.51,2.56,1.896491,982700,0.0,0.0
2013-12-31,2.51,2.59,2.51,2.59,1.918716,415900,0.0,0.0
2014-01-02,2.42,2.43,2.33,2.39,1.770553,1418300,0.0,0.0
2014-01-03,2.43,2.53,2.42,2.52,1.866859,766600,0.0,0.0
2014-01-06,2.52,2.6,2.49,2.57,1.9039,647600,0.0,0.0
2014-01-07,2.6,2.63,2.49,2.51,1.859451,788600,0.0,0.0
2014-01-08,2.49,2.5,2.43,2.45,1.815002,334700,0.0,0.0
2014-01-09,2.45,2.47,2.4,2.46,1.82241,414300,0.0,0.0
2014-01-10,2.46,2.52,2.44,2.51,1.859451,777700,0.0,0.0
2014-01-13,2.48,2.5,2.44,2.47,1.829818,487500,0.0,0.0
2014-01-14,2.44,2.52,2.42,2.49,1.844635,632400,0.0,0.0
2014-01-15,2.41,2.45,2.31,2.39,1.770553,1312100,0.0,0.0
2014-01-16,2.4,2.42,2.28,2.39,1.770553,1128400,0.0,0.0
2014-01-17,2.34,2.36,2.32,2.36,1.748328,1009200,0.0,0.0
2014-01-21,2.32,2.34,2.29,2.32,1.718696,1001000,0.0,0.0
2014-01-22,2.33,2.38,2.29,2.37,1.755736,886300,0.0,0.0
2014-01-23,2.31,2.31,2.21,2.23,1.652022,1417900,0.0,0.0
2014-01-24,2.19,2.23,2.14,2.18,1.614981,1261000,0.0,0.0
2014-01-27,2.15,2.21,2.14,2.19,1.622389,940400,0.0,0.0
2014-01-28,2.22,2.22,2.19,2.19,1.622389,536700,0.0,0.0
2014-01-29,2.14,2.18,2.12,2.15,1.592757,807000,0.0,0.0
2014-01-30,2.19,2.22,2.14,2.21,1.637206,1569000,0.0,0.0
2014-01-31,2.12,2.19,2.12,2.12,1.570532,1297300,0.0,0.0
2014-02-03,2.14,2.14,2.07,2.1,1.555716,709400,0.0,0.0
2014-02-04,2.12,2.15,2.1,2.11,1.563124,588600,0.0,0.0
2014-02-05,2.06,2.15,2.05,2.14,1.585349,1832700,0.0,0.0
2014-02-06,2.11,2.2,2.1,2.15,1.592757,1387100,0.0,0.0
2014-02-07,2.15,2.2,2.13,2.19,1.622389,746800,0.0,0.0
2014-02-10,2.15,2.18,2.08,2.12,1.570532,2259300,0.0,0.0
2014-02-11,2.09,2.17,2.08,2.15,1.592757,702400,0.0,0.0
2014-02-12,2.14,2.17,2.11,2.14,1.585349,712900,0.0,0.0
2014-02-13,2.07,2.18,2.07,2.17,1.607573,1053900,0.0,0.0
2014-02-14,2.14,2.19,2.13,2.16,1.600165,872500,0.0,0.0
2014-02-18,1.98,2.03,1.95,1.98,1.466818,3613600,0.0,0.0
2014-02-19,1.95,2.03,1.95,2.02,1.496451,2180500,0.0,0.0
2014-02-20,2.04,2.07,2.01,2.06,1.526083,676600,0.0,0.0
2014-02-21,2.07,2.14,2.07,2.11,1.563124,1190800,0.0,0.0
2014-02-24,2.09,2.11,2.06,2.08,1.5409,780700,0.0,0.0
2014-02-25,2.07,2.14,2.05,2.13,1.57794,2099200,0.0,0.0
2014-02-26,2.09,2.12,2.0,2.08,1.5409,2006900,0.0,0.0
2014-02-27,2.1,2.21,2.09,2.19,1.622389,940000,0.0,0.0
2014-02-28,2.17,2.2,2.13,2.18,1.614981,2305000,0.0,0.0
2014-03-03,2.15,2.17,2.1,2.15,1.592757,429100,0.0,0.0
2014-03-04,2.19,2.26,2.18,2.2,1.629798,481100,0.0,0.0
2014-03-05,2.2,2.23,2.11,2.15,1.592757,1396100,0.0,0.0
2014-03-06,2.16,2.17,2.13,2.16,1.600165,1282000,0.0,0.0
2014-03-07,2.13,2.14,2.02,2.05,1.518675,1430300,0.0,0.0
2014-03-10,2.04,2.05,1.97,1.99,1.474226,1252400,0.0,0.0
2014-03-11,2.03,2.09,2.0,2.01,1.489042,755800,0.0,0.0
2014-03-12,2.02,2.15,2.01,2.13,1.57794,627300,0.0,0.0
2014-03-13,2.19,2.24,2.12,2.18,1.614981,1703600,0.0,0.0
2014-03-14,2.17,2.18,2.08,2.12,1.570532,807700,0.0,0.0
2014-03-17,2.14,2.16,2.12,2.14,1.585349,597600,0.0,0.0
2014-03-18,2.14,2.27,2.13,2.25,1.666838,906200,0.0,0.0
2014-03-19,2.27,2.4,2.26,2.37,1.755736,1816400,0.0,0.0
2014-03-20,2.4,2.65,2.36,2.48,1.837226,2925100,0.0,0.0
2014-03-21,2.43,2.55,2.41,2.49,1.844635,1651100,0.0,0.0
2014-03-24,2.53,2.6,2.49,2.56,1.896491,1437800,0.0,0.0
2014-03-25,2.56,2.58,2.51,2.55,1.889084,1341800,0.0,0.0
2014-03-26,2.56,2.58,2.51,2.53,1.874267,904100,0.0,0.0
2014-03-27,2.62,2.88,2.59,2.79,2.066879,4182600,0.0,0.0
2014-03-28,2.81,2.95,2.68,2.76,2.044655,4981400,0.0,0.0
2014-03-31,2.81,2.91,2.81,2.84,2.103921,2036400,0.0,0.0
2014-04-01,2.9,2.98,2.8,2.95,2.18541,1722400,0.0,0.0
2014-04-02,2.99,3.25,2.98,3.11,2.303941,2188300,0.0,0.0
2014-04-03,3.19,3.25,3.04,3.24,2.400247,4952000,0.0,0.0
2014-04-04,3.3,3.38,3.19,3.23,2.392839,3671400,0.0,0.0
2014-04-07,3.27,3.37,3.24,3.33,2.466921,1747200,0.0,0.0
2014-04-08,3.41,3.45,3.29,3.33,2.466921,1929800,0.0,0.0
2014-04-09,3.17,3.2,3.03,3.13,2.318758,2716300,0.0,0.0
2014-04-10,3.2,3.31,3.16,3.23,2.392839,1982800,0.0,0.0
2014-04-11,3.17,3.25,3.16,3.22,2.385431,893900,0.0,0.0
2014-04-14,3.24,3.29,3.17,3.27,2.422472,767800,0.0,0.0
2014-04-15,3.27,3.29,3.19,3.25,2.407655,1480100,0.0,0.0
2014-04-16,3.28,3.37,3.25,3.3,2.444696,1851100,0.0,0.0
2014-04-17,3.31,3.46,3.25,3.44,2.548411,2356900,0.0,0.0
2014-04-21,3.42,3.48,3.39,3.45,2.555819,547200,0.0,0.0
2014-04-22,3.41,3.56,3.39,3.5,2.59286,2377700,0.0,0.0
2014-04-23,3.54,3.59,3.48,3.52,2.607676,2295400,0.0,0.0
2014-04-24,3.57,3.59,3.5,3.56,2.637309,1064100,0.0,0.0
2014-04-25,3.54,3.55,3.39,3.43,2.541003,1057400,0.0,0.0
2014-04-28,3.43,3.49,3.35,3.44,2.548411,1624700,0.0,0.0
2014-04-29,3.57,3.62,3.54,3.56,2.637309,1790200,0.0,0.0
2014-04-30,3.54,3.56,3.39,3.47,2.570635,2420000,0.0,0.0
2014-05-01,3.43,3.48,3.4,3.43,2.541003,895000,0.0,0.0
2014-05-02,3.29,3.37,3.26,3.33,2.601149,1146200,0.177,0.0
2014-05-05,3.48,3.56,3.41,3.47,2.710507,1454400,0.0,0.0
2014-05-06,3.49,3.51,3.46,3.47,2.710507,1138700,0.0,0.0
2014-05-07,3.52,3.52,3.35,3.4,2.655828,2235500,0.0,0.0
2014-05-08,3.38,3.46,3.33,3.41,2.663639,961200,0.0,0.0
2014-05-09,3.36,3.37,3.13,3.18,2.48398,1040600,0.0,0.0
2014-05-12,3.17,3.32,3.16,3.27,2.554281,704400,0.0,0.0
2014-05-13,3.3,3.37,3.29,3.32,2.593338,624300,0.0,0.0
2014-05-14,3.35,3.44,3.33,3.4,2.655828,700200,0.0,0.0
2014-05-15,3.37,3.37,3.18,3.18,2.48398,919600,0.0,0.0
2014-05-16,3.36,3.37,3.32,3.34,2.60896,760000,0.0,0.0
2014-05-19,3.29,3.31,3.23,3.23,2.523036,464500,0.0,0.0
2014-05-20,3.27,3.31,3.14,3.15,2.460546,689100,0.0,0.0
2014-05-21,3.19,3.21,3.06,3.11,2.429302,535800,0.0,0.0
2014-05-22,3.14,3.17,3.11,3.14,2.452736,561400,0.0,0.0
2014-05-23,3.16,3.16,3.1,3.13,2.444924,772200,0.0,0.0
2014-05-27,3.13,3.13,2.99,3.04,2.374623,992800,0.0,0.0
2014-05-28,2.98,3.04,2.93,3.01,2.351189,574200,0.0,0.0
2014-05-29,3.01,3.08,3.01,3.05,2.382433,384800,0.0,0.0
2014-05-30,3.01,3.02,2.98,2.98,2.327755,849500,0.0,0.0
2014-06-02,2.97,3.0,2.91,2.92,2.280888,610600,0.0,0.0
2014-06-03,2.9,2.99,2.9,2.94,2.29651,1206400,0.0,0.0
2014-06-04,2.92,2.94,2.9,2.91,2.273077,310900,0.0,0.0
2014-06-05,2.92,2.94,2.9,2.93,2.288699,399900,0.0,0.0
2014-06-06,3.06,3.24,3.03,3.24,2.530848,2033200,0.0,0.0
2014-06-09,3.2,3.36,3.17,3.28,2.562093,1254000,0.0,0.0
2014-06-10,3.29,3.34,3.25,3.32,2.593338,1043500,0.0,0.0
2014-06-11,3.35,3.35,3.18,3.2,2.499603,776100,0.0,0.0
2014-06-12,3.19,3.27,3.18,3.22,2.515225,310600,0.0,0.0
2014-06-13,3.16,3.23,3.14,3.17,2.476169,871400,0.0,0.0
2014-06-16,3.16,3.17,3.06,3.09,2.413679,775500,0.0,0.0
2014-06-17,3.05,3.07,2.98,3.0,2.343378,492500,0.0,0.0
2014-06-18,3.02,3.15,3.01,3.14,2.452736,507500,0.0,0.0
2014-06-19,3.1,3.17,3.09,3.12,2.437113,469100,0.0,0.0
2014-06-20,3.06,3.07,2.99,3.0,2.343378,721600,0.0,0.0
2014-06-23,3.02,3.03,2.96,2.98,2.327755,472300,0.0,0.0
2014-06-24,3.01,3.04,2.93,2.94,2.29651,1083300,0.0,0.0
2014-06-25,2.94,3.03,2.94,2.98,2.327755,827400,0.0,0.0
2014-06-26,2.98,3.0,2.95,2.98,2.327755,391500,0.0,0.0
2014-06-27,2.98,2.99,2.88,2.93,2.288699,652200,0.0,0.0
2014-06-30,2.93,2.95,2.88,2.92,2.280888,622800,0.0,0.0
2014-07-01,2.9,2.91,2.8,2.81,2.194963,916300,0.0,0.0
2014-07-02,2.8,2.83,2.79,2.8,2.187152,577500,0.0,0.0
2014-07-03,2.74,2.81,2.73,2.8,2.187152,365100,0.0,0.0
2014-07-07,2.84,2.9,2.83,2.9,2.265265,526300,0.0,0.0
2014-07-08,2.93,2.94,2.88,2.89,2.257454,429600,0.0,0.0
2014-07-09,2.91,2.96,2.9,2.95,2.304321,718000,0.0,0.0
2014-07-10,2.94,2.95,2.86,2.89,2.257454,785800,0.0,0.0
2014-07-11,2.86,2.89,2.85,2.88,2.249643,444900,0.0,0.0
2014-07-14,2.89,3.01,2.88,3.0,2.343378,641500,0.0,0.0
2014-07-15,3.02,3.03,2.99,3.03,2.366812,506800,0.0,0.0
2014-07-16,3.05,3.07,2.92,2.98,2.327755,816500,0.0,0.0
2014-07-17,2.97,2.98,2.87,2.9,2.265265,442600,0.0,0.0
2014-07-18,2.96,3.11,2.95,3.1,2.42149,472400,0.0,0.0
2014-07-21,3.09,3.18,3.07,3.17,2.476169,755500,0.0,0.0
2014-07-22,3.19,3.23,3.1,3.13,2.444924,770100,0.0,0.0
2014-07-23,3.07,3.07,2.98,3.0,2.343378,569700,0.0,0.0
2014-07-24,3.02,3.05,3.0,3.02,2.359,457100,0.0,0.0
2014-07-25,3.0,3.01,2.95,2.96,2.312132,205400,0.0,0.0
2014-07-28,2.96,2.99,2.9,2.91,2.273077,372400,0.0,0.0
2014-07-29,2.9,2.92,2.83,2.91,2.273077,1045900,0.0,0.0
2014-07-30,2.88,2.9,2.8,2.84,2.218398,389500,0.0,0.0
2014-07-31,2.78,2.82,2.76,2.78,2.17153,647300,0.0,0.0
2014-08-01,2.77,2.83,2.75,2.81,2.194963,409800,0.0,0.0
2014-08-04,2.81,2.86,2.78,2.86,2.23402,460000,0.0,0.0
2014-08-05,2.83,2.87,2.79,2.82,2.202775,840600,0.0,0.0
2014-08-06,2.81,2.88,2.8,2.86,2.23402,320400,0.0,0.0
2014-08-07,2.88,2.89,2.83,2.84,2.218398,747500,0.0,0.0
2014-08-08,2.82,2.93,2.81,2.92,2.280888,524100,0.0,0.0
2014-08-11,2.94,3.0,2.93,3.0,2.343378,366600,0.0,0.0
2014-08-12,2.96,3.0,2.93,2.95,2.304321,312100,0.0,0.0
2014-08-13,2.99,2.99,2.85,2.86,2.23402,1166500,0.0,0.0
2014-08-14,2.84,2.94,2.84,2.9,2.265265,435200,0.0,0.0
2014-08-15,3.0,3.05,2.98,3.04,2.374623,856200,0.0,0.0
2014-08-18,3.08,3.09,3.03,3.05,2.382433,303600,0.0,0.0
2014-08-19,3.05,3.1,3.04,3.07,2.398057,577100,0.0,0.0
2014-08-20,3.1,3.18,3.09,3.18,2.48398,981900,0.0,0.0
2014-08-21,3.2,3.25,3.18,3.21,2.507414,1916000,0.0,0.0
2014-08-22,3.19,3.22,3.16,3.17,2.476169,431300,0.0,0.0
2014-08-25,3.19,3.25,3.17,3.24,2.530848,395300,0.0,0.0
2014-08-26,3.29,3.34,3.25,3.33,2.601149,730900,0.0,0.0
2014-08-27,3.4,3.64,3.38,3.63,2.835487,1086200,0.0,0.0
2014-08-28,3.59,3.63,3.44,3.51,2.741751,903300,0.0,0.0
2014-08-29,3.51,3.68,3.45,3.67,2.866732,1189500,0.0,0.0
2014-09-02,3.82,3.91,3.72,3.76,2.937033,1852300,0.0,0.0
2014-09-03,3.82,3.89,3.68,3.71,2.897977,1471300,0.0,0.0
2014-09-04,3.67,3.72,3.54,3.56,2.780808,1387900,0.0,0.0
2014-09-05,3.62,3.63,3.46,3.5,2.733941,824700,0.0,0.0
2014-09-08,3.65,3.66,3.29,3.33,2.601149,955400,0.0,0.0
2014-09-09,3.32,3.41,3.18,3.22,2.515225,1473400,0.0,0.0
2014-09-10,3.23,3.24,3.11,3.21,2.507414,889400,0.0,0.0
2014-09-11,3.25,3.33,3.23,3.26,2.54647,576200,0.0,0.0
2014-09-12,3.19,3.21,3.09,3.19,2.491792,2106800,0.0,0.0
2014-09-15,3.17,3.2,3.09,3.13,2.444924,1092700,0.0,0.0
2014-09-16,3.15,3.35,3.15,3.33,2.601149,750600,0.0,0.0
2014-09-17,3.41,3.43,3.33,3.33,2.601149,838100,0.0,0.0
2014-09-18,3.31,3.34,3.22,3.29,2.569904,380600,0.0,0.0
2014-09-19,3.3,3.31,3.14,3.21,2.507414,643900,0.0,0.0
2014-09-22,3.07,3.09,2.95,3.05,2.382433,1308100,0.0,0.0
2014-09-23,3.03,3.09,2.95,2.98,2.327755,637700,0.0,0.0
2014-09-24,2.95,3.01,2.91,2.99,2.335567,431100,0.0,0.0
2014-09-25,2.94,2.98,2.91,2.93,2.288699,400800,0.0,0.0
2014-09-26,2.9,3.11,2.89,3.06,2.390245,1114800,0.0,0.0
2014-09-29,2.84,2.93,2.83,2.83,2.210586,822400,0.0,0.0
2014-09-30,2.77,2.8,2.67,2.7,2.10904,1077400,0.0,0.0
2014-10-01,2.63,2.67,2.52,2.55,1.991871,979900,0.0,0.0
2014-10-02,2.6,2.61,2.48,2.52,1.968437,1079800,0.0,0.0
2014-10-03,2.52,2.6,2.51,2.59,2.023116,710700,0.0,0.0
2014-10-06,2.99,3.01,2.83,2.88,2.249643,1132400,0.0,0.0
2014-10-07,2.95,3.06,2.9,3.02,2.359,881200,0.0,0.0
2014-10-08,3.07,3.09,2.86,2.96,2.312132,1378500,0.0,0.0
2014-10-09,3.02,3.03,2.95,2.98,2.327755,972100,0.0,0.0
2014-10-10,2.95,2.95,2.78,2.81,2.194963,830200,0.0,0.0
2014-10-13,2.95,3.08,2.92,3.0,2.343378,1055300,0.0,0.0
2014-10-14,2.93,3.01,2.87,2.97,2.319944,844800,0.0,0.0
2014-10-15,2.86,2.87,2.69,2.76,2.155907,1463900,0.0,0.0
2014-10-16,2.67,2.75,2.64,2.69,2.101229,849100,0.0,0.0
2014-10-17,2.76,2.89,2.72,2.89,2.257454,706200,0.0,0.0
2014-10-20,2.82,2.85,2.75,2.76,2.155907,706800,0.0,0.0
2014-10-21,2.54,2.68,2.54,2.56,1.999682,1683500,0.0,0.0
2014-10-22,2.58,2.6,2.42,2.46,1.92157,878900,0.0,0.0
2014-10-23,2.38,2.42,2.28,2.29,1.788778,2686100,0.0,0.0
2014-10-24,2.39,2.55,2.39,2.51,1.960626,1589400,0.0,0.0
2014-10-27,2.16,2.23,2.12,2.21,1.726288,4366300,0.0,0.0
2014-10-28,2.24,2.32,2.22,2.3,1.796589,1847500,0.0,0.0
2014-10-29,2.35,2.4,2.3,2.35,1.835646,1535600,0.0,0.0
2014-10-30,2.48,2.52,2.46,2.52,1.968437,1294200,0.0,0.0
2014-10-31,2.49,2.53,2.45,2.53,1.976248,1535300,0.0,0.0
2014-11-03,2.42,2.46,2.4,2.41,1.882513,1921300,0.0,0.0
2014-11-04,2.41,2.46,2.39,2.41,1.882513,1485800,0.0,0.0
2014-11-05,2.39,2.43,2.35,2.39,1.866891,710800,0.0,0.0
2014-11-06,2.33,2.36,2.28,2.28,1.780967,735600,0.0,0.0
2014-11-07,2.29,2.34,2.28,2.32,1.812212,612300,0.0,0.0
2014-11-10,2.38,2.43,2.37,2.39,1.866891,1032000,0.0,0.0
2014-11-11,2.38,2.43,2.34,2.41,1.882513,790100,0.0,0.0
2014-11-12,2.43,2.46,2.35,2.37,1.851268,651000,0.0,0.0
2014-11-13,2.38,2.4,2.27,2.28,1.780967,502400,0.0,0.0
2014-11-14,2.18,2.23,2.17,2.18,1.702855,599400,0.0,0.0
2014-11-17,2.1,2.1,2.0,2.03,1.585685,1484000,0.0,0.0
2014-11-18,1.99,2.06,1.99,2.05,1.601308,1385600,0.0,0.0
2014-11-19,2.19,2.3,2.16,2.3,1.796589,2113700,0.0,0.0
2014-11-20,2.26,2.32,2.21,2.27,1.773156,871200,0.0,0.0
2014-11-21,2.34,2.54,2.32,2.48,1.937192,1313600,0.0,0.0
2014-11-24,2.47,2.5,2.36,2.36,1.843457,765100,0.0,0.0
2014-11-25,2.43,2.44,2.37,2.41,1.882513,576100,0.0,0.0
2014-11-26,2.45,2.49,2.44,2.49,1.945003,991000,0.0,0.0
2014-11-28,2.4,2.41,2.34,2.39,1.866891,688900,0.0,0.0
2014-12-01,2.28,2.29,2.19,2.22,1.734099,1129400,0.0,0.0
2014-12-02,2.26,2.28,2.24,2.26,1.765344,666800,0.0,0.0
2014-12-03,2.26,2.36,2.26,2.34,1.827834,1242400,0.0,0.0
2014-12-04,2.29,2.32,2.27,2.3,1.796589,1413600,0.0,0.0
2014-12-05,2.19,2.22,2.17,2.19,1.710666,733700,0.0,0.0
2014-12-08,2.19,2.22,2.13,2.13,1.663798,1694900,0.0,0.0
2014-12-09,2.11,2.18,2.08,2.14,1.67161,676200,0.0,0.0
2014-12-10,2.12,2.14,2.01,2.01,1.570063,655800,0.0,0.0
2014-12-11,1.98,2.05,1.97,2.02,1.577874,1196900,0.0,0.0
2014-12-12,2.05,2.1,2.01,2.03,1.585685,996600,0.0,0.0
2014-12-15,2.05,2.06,1.99,2.0,1.562252,892600,0.0,0.0
2014-12-16,1.89,1.92,1.81,1.86,1.452894,1130800,0.0,0.0
2014-12-17,1.92,2.14,1.91,2.03,1.585685,1295300,0.0,0.0
2014-12-18,2.12,2.15,2.04,2.04,1.593497,987000,0.0,0.0
2014-12-19,2.08,2.13,2.03,2.04,1.593497,1123100,0.0,0.0
2014-12-22,2.13,2.15,2.1,2.13,1.663798,544800,0.0,0.0
2014-12-23,2.12,2.14,2.06,2.08,1.624742,640100,0.0,0.0
2014-12-24,2.08,2.11,2.05,2.09,1.632553,167000,0.0,0.0
2014-12-26,2.18,2.24,2.17,2.19,1.710666,823500,0.0,0.0
2014-12-29,2.24,2.28,2.18,2.18,1.702855,489000,0.0,0.0
2014-12-30,2.26,2.28,2.17,2.19,1.710666,570800,0.0,0.0
2014-12-31,2.17,2.19,2.09,2.14,1.67161,392300,0.0,0.0
2015-01-02,2.09,2.14,2.07,2.14,1.67161,455800,0.0,0.0
2015-01-05,2.06,2.08,2.02,2.04,1.593497,427900,0.0,0.0
2015-01-06,2.07,2.1,1.98,1.99,1.55444,1184200,0.0,0.0
2015-01-07,2.16,2.2,2.13,2.16,1.687232,524800,0.0,0.0
2015-01-08,2.09,2.17,2.09,2.09,1.632553,325700,0.0,0.0
2015-01-09,2.11,2.15,2.08,2.13,1.663798,278100,0.0,0.0
2015-01-12,2.07,2.12,2.06,2.06,1.609119,1046000,0.0,0.0
2015-01-13,2.11,2.15,2.09,2.15,1.679421,846000,0.0,0.0
2015-01-14,2.11,2.19,2.11,2.15,1.679421,814400,0.0,0.0
2015-01-15,2.23,2.23,2.13,2.17,1.695043,582500,0.0,0.0
2015-01-16,2.14,2.18,2.14,2.17,1.695043,437900,0.0,0.0
2015-01-20,2.03,2.08,2.0,2.05,1.601308,3664100,0.0,0.0
2015-01-21,2.09,2.19,2.08,2.16,1.687232,1406100,0.0,0.0
2015-01-22,2.19,2.22,2.12,2.16,1.687232,764500,0.0,0.0
2015-01-23,2.1,2.11,2.03,2.07,1.616931,472700,0.0,0.0
2015-01-26,2.04,2.08,2.02,2.02,1.577874,692000,0.0,0.0
2015-01-27,2.02,2.08,2.02,2.07,1.616931,336800,0.0,0.0
2015-01-28,2.03,2.12,2.0,2.08,1.624742,741000,0.0,0.0
2015-01-29,2.04,2.07,2.03,2.04,1.593497,667400,0.0,0.0
2015-01-30,1.92,1.96,1.88,1.88,1.468517,1423700,0.0,0.0
2015-02-02,1.91,1.97,1.89,1.95,1.523195,994900,0.0,0.0
2015-02-03,1.98,2.02,1.96,1.97,1.538818,1562800,0.0,0.0
2015-02-04,1.95,2.01,1.89,1.9,1.484139,574500,0.0,0.0
2015-02-05,1.91,1.94,1.87,1.94,1.515384,568400,0.0,0.0
2015-02-06,1.85,1.87,1.83,1.86,1.452894,528100,0.0,0.0
2015-02-09,1.82,1.88,1.82,1.87,1.460705,557400,0.0,0.0
2015-02-10,1.84,1.84,1.71,1.74,1.359159,1248600,0.0,0.0
2015-02-11,1.71,1.77,1.7,1.75,1.36697,741500,0.0,0.0
2015-02-12,1.79,1.84,1.78,1.81,1.413838,316000,0.0,0.0
2015-02-13,1.84,1.86,1.8,1.81,1.413838,929100,0.0,0.0
2015-02-17,1.8,1.84,1.79,1.81,1.413838,361500,0.0,0.0
2015-02-18,1.83,1.9,1.8,1.88,1.468517,538200,0.0,0.0
2015-02-19,1.86,1.91,1.86,1.91,1.49195,349700,0.0,0.0
2015-02-20,1.86,1.87,1.84,1.85,1.445083,627100,0.0,0.0
2015-02-23,1.87,1.87,1.77,1.77,1.382593,305600,0.0,0.0
2015-02-24,1.79,1.85,1.78,1.83,1.42946,427000,0.0,0.0
2015-02-25,1.79,1.83,1.78,1.81,1.413838,210000,0.0,0.0
2015-02-26,1.79,1.9,1.79,1.85,1.445083,545400,0.0,0.0
2015-02-27,1.87,1.92,1.87,1.91,1.49195,295900,0.0,0.0
2015-03-02,1.87,1.87,1.76,1.79,1.398215,574600,0.0,0.0
2015-03-03,1.77,1.79,1.76,1.76,1.374782,411900,0.0,0.0
2015-03-04,1.73,1.75,1.71,1.74,1.359159,880200,0.0,0.0
2015-03-05,1.72,1.74,1.7,1.72,1.343536,752400,0.0,0.0
2015-03-06,1.69,1.7,1.66,1.68,1.312291,696100,0.0,0.0
2015-03-09,1.62,1.63,1.6,1.62,1.265424,946300,0.0,0.0
2015-03-10,1.6,1.67,1.6,1.6,1.249801,407000,0.0,0.0
2015-03-11,1.59,1.61,1.57,1.58,1.234179,381800,0.0,0.0
2015-03-12,1.64,1.65,1.54,1.54,1.202934,365400,0.0,0.0
2015-03-13,1.54,1.57,1.49,1.54,1.202934,1045800,0.0,0.0
2015-03-16,1.58,1.58,1.51,1.54,1.202934,915900,0.0,0.0
2015-03-17,1.52,1.61,1.52,1.61,1.257613,496600,0.0,0.0
2015-03-18,1.62,1.72,1.62,1.68,1.312291,959800,0.0,0.0
2015-03-19,1.66,1.67,1.57,1.62,1.265424,644400,0.0,0.0
2015-03-20,1.69,1.74,1.67,1.73,1.351348,1125100,0.0,0.0
2015-03-23,1.76,1.84,1.76,1.84,1.437272,713400,0.0,0.0
2015-03-24,1.9,1.92,1.84,1.9,1.484139,542300,0.0,0.0
2015-03-25,1.93,1.97,1.9,1.9,1.484139,1019200,0.0,0.0
2015-03-26,1.87,1.87,1.78,1.78,1.390404,353300,0.0,0.0
2015-03-27,1.75,1.76,1.69,1.7,1.327914,474500,0.0,0.0
2015-03-30,1.73,1.8,1.69,1.78,1.390404,570800,0.0,0.0
2015-03-31,1.8,1.84,1.77,1.81,1.413838,388300,0.0,0.0
2015-04-01,1.92,1.98,1.88,1.9,1.484139,1069000,0.0,0.0
2015-04-02,1.95,1.96,1.9,1.94,1.515384,534500,0.0,0.0
2015-04-06,1.97,2.01,1.93,1.95,1.523195,1225100,0.0,0.0
2015-04-07,1.95,1.97,1.91,1.93,1.507573,386800,0.0,0.0
2015-04-08,1.99,1.99,1.92,1.94,1.515384,3328300,0.0,0.0
2015-04-09,1.95,1.98,1.93,1.94,1.515384,1523800,0.0,0.0
2015-04-10,1.94,1.96,1.93,1.94,1.515384,547800,0.0,0.0
2015-04-13,1.94,1.97,1.92,1.92,1.499762,841800,0.0,0.0
2015-04-14,1.95,1.98,1.93,1.96,1.531007,1670900,0.0,0.0
2015-04-15,1.97,2.05,1.96,2.02,1.577874,594000,0.0,0.0
2015-04-16,2.04,2.13,2.03,2.08,1.624742,889300,0.0,0.0
2015-04-17,2.05,2.11,2.03,2.03,1.585685,846100,0.0,0.0
2015-04-20,2.07,2.08,2.04,2.05,1.601308,361200,0.0,0.0
2015-04-21,2.07,2.11,2.05,2.05,1.601308,175200,0.0,0.0
2015-04-22,2.11,2.25,2.11,2.2,1.718477,813700,0.0,0.0
2015-04-23,2.2,2.34,2.18,2.31,1.804401,841000,0.0,0.0
2015-04-24,2.4,2.52,2.4,2.52,1.968437,1600100,0.0,0.0
2015-04-27,2.52,2.56,2.47,2.56,1.999682,2690500,0.0,0.0
2015-04-28,2.54,2.68,2.52,2.67,2.085606,2661600,0.0,0.0
2015-04-29,2.64,2.71,2.62,2.67,2.085606,1743900,0.0,0.0
2015-04-30,2.69,2.7,2.38,2.45,1.913759,1300200,0.0,0.0
2015-05-01,2.44,2.45,2.36,2.37,1.851268,624900,0.0,0.0
2015-05-04,2.37,2.48,2.34,2.43,1.898136,680400,0.0,0.0
2015-05-05,2.52,2.81,2.52,2.71,2.116851,1789300,0.0,0.0
2015-05-06,2.96,2.96,2.77,2.82,2.202775,1851700,0.0,0.0
2015-05-07,2.87,2.88,2.65,2.69,2.101229,1047300,0.0,0.0
2015-05-08,2.74,2.74,2.62,2.7,2.10904,740600,0.0,0.0
2015-05-11,2.69,2.73,2.62,2.63,2.054361,381500,0.0,0.0
2015-05-12,2.67,2.74,2.54,2.67,2.085606,864000,0.0,0.0
2015-05-13,2.59,2.6,2.39,2.4,1.874702,1738400,0.0,0.0
2015-05-14,2.48,2.49,2.33,2.34,1.827834,1096800,0.0,0.0
2015-05-15,2.37,2.48,2.36,2.37,1.851268,1267800,0.0,0.0
2015-05-18,2.42,2.42,2.33,2.38,1.85908,614800,0.0,0.0
2015-05-19,2.36,2.36,2.23,2.26,1.765344,826000,0.0,0.0
2015-05-20,2.27,2.29,2.2,2.25,1.757533,1024000,0.0,0.0
2015-05-21,2.22,2.24,2.16,2.19,1.710666,536100,0.0,0.0
2015-05-22,2.1,2.19,2.07,2.16,1.687232,1082400,0.0,0.0
2015-05-26,2.18,2.18,2.05,2.12,1.655987,1713700,0.0,0.0
2015-05-27,2.12,2.2,2.09,2.19,1.710666,811300,0.0,0.0
2015-05-28,2.25,2.26,2.1,2.11,1.648175,508100,0.0,0.0
2015-05-29,2.07,2.08,1.99,2.01,1.570063,9541000,0.0,0.0
2015-06-01,2.04,2.16,2.0,2.12,1.655987,931500,0.0,0.0
2015-06-02,2.16,2.22,2.15,2.2,1.718477,764500,0.0,0.0
2015-06-03,2.2,2.22,2.12,2.14,1.67161,385800,0.0,0.0
2015-06-04,2.13,2.14,2.06,2.09,1.632553,280300,0.0,0.0
2015-06-05,2.1,2.12,2.05,2.07,1.616931,218300,0.0,0.0
2015-06-08,2.12,2.16,2.09,2.13,1.663798,338900,0.0,0.0
2015-06-09,2.12,2.14,2.08,2.08,1.624742,198100,0.0,0.0
2015-06-10,2.12,2.14,2.03,2.04,1.593497,399400,0.0,0.0
2015-06-11,2.02,2.06,2.0,2.06,1.609119,283800,0.0,0.0
2015-06-12,2.06,2.07,2.03,2.05,1.601308,137700,0.0,0.0
2015-06-15,2.04,2.07,2.02,2.02,1.577874,244300,0.0,0.0
2015-06-16,2.04,2.06,2.02,2.04,1.593497,265300,0.0,0.0
2015-06-17,2.02,2.09,2.02,2.08,1.624742,296300,0.0,0.0
2015-06-18,2.09,2.12,2.07,2.11,1.648175,449700,0.0,0.0
2015-06-19,2.09,2.1,2.02,2.03,1.585685,780000,0.0,0.0
2015-06-22,2.09,2.09,2.06,2.07,1.616931,251200,0.0,0.0
2015-06-23,2.06,2.08,2.02,2.02,1.577874,521900,0.0,0.0
2015-06-24,2.02,2.03,1.95,1.97,1.538818,472800,0.0,0.0
2015-06-25,1.97,1.97,1.86,1.87,1.460705,838600,0.0,0.0
2015-06-26,1.9,1.91,1.85,1.86,1.452894,1354700,0.0,0.0
2015-06-29,1.8,1.91,1.79,1.91,1.49195,1251400,0.0,0.0
2015-06-30,1.92,1.94,1.85,1.88,1.468517,366600,0.0,0.0
2015-07-01,1.89,1.91,1.83,1.85,1.445083,370300,0.0,0.0
2015-07-02,1.85,1.89,1.83,1.88,1.468517,688400,0.0,0.0
2015-07-06,1.82,1.9,1.82,1.85,1.445083,666600,0.0,0.0
2015-07-07,1.82,1.82,1.77,1.8,1.406026,854000,0.0,0.0
2015-07-08,1.77,1.81,1.76,1.77,1.382593,1275800,0.0,0.0
2015-07-09,1.79,1.81,1.73,1.74,1.359159,284500,0.0,0.0
2015-07-10,1.82,1.86,1.77,1.86,1.452894,853000,0.0,0.0
2015-07-13,1.85,1.89,1.82,1.86,1.452894,515800,0.0,0.0
2015-07-14,1.88,1.96,1.87,1.93,1.507573,544100,0.0,0.0
2015-07-15,1.9,1.91,1.87,1.88,1.468517,336100,0.0,0.0
2015-07-16,1.9,1.91,1.85,1.86,1.452894,457200,0.0,0.0
2015-07-17,1.86,1.86,1.8,1.81,1.413838,474900,0.0,0.0
2015-07-20,1.8,1.8,1.74,1.75,1.36697,318400,0.0,0.0
2015-07-21,1.73,1.81,1.73,1.78,1.390404,86200,0.0,0.0
2015-07-22,1.76,1.82,1.74,1.76,1.374782,342400,0.0,0.0
2015-07-23,1.69,1.71,1.67,1.67,1.30448,931900,0.0,0.0
2015-07-24,1.65,1.65,1.53,1.56,1.218556,804300,0.0,0.0
2015-07-27,1.53,1.63,1.52,1.6,1.249801,358900,0.0,0.0
2015-07-28,1.6,1.62,1.56,1.59,1.24199,411700,0.0,0.0
2015-07-29,1.58,1.62,1.57,1.6,1.249801,316700,0.0,0.0
2015-07-30,1.6,1.67,1.6,1.66,1.296669,281800,0.0,0.0
2015-07-31,1.68,1.71,1.66,1.67,1.30448,345300,0.0,0.0
2015-08-03,1.68,1.7,1.63,1.65,1.288858,142300,0.0,0.0
2015-08-04,1.69,1.73,1.63,1.64,1.281046,239900,0.0,0.0
2015-08-05,1.62,1.62,1.59,1.6,1.249801,225300,0.0,0.0
2015-08-06,1.58,1.59,1.57,1.58,1.234179,315600,0.0,0.0
2015-08-07,1.57,1.57,1.52,1.53,1.195122,1436600,0.0,0.0
2015-08-10,1.52,1.55,1.51,1.54,1.202934,1131000,0.0,0.0
2015-08-11,1.5,1.51,1.47,1.49,1.163878,624900,0.0,0.0
2015-08-12,1.52,1.53,1.46,1.47,1.148255,2511500,0.0,0.0
2015-08-13,1.46,1.47,1.43,1.44,1.124821,313400,0.0,0.0
2015-08-14,1.44,1.48,1.44,1.45,1.132633,1216400,0.0,0.0
2015-08-17,1.45,1.5,1.43,1.43,1.11701,286300,0.0,0.0
2015-08-18,1.42,1.46,1.39,1.45,1.132633,529300,0.0,0.0
2015-08-19,1.4,1.42,1.36,1.37,1.070143,352700,0.0,0.0
2015-08-20,1.38,1.42,1.35,1.4,1.093576,349500,0.0,0.0
2015-08-21,1.36,1.38,1.35,1.36,1.062331,248600,0.0,0.0
2015-08-24,1.28,1.28,1.26,1.28,0.999841,469700,0.0,0.0
2015-08-25,1.31,1.32,1.26,1.27,0.99203,388300,0.0,0.0
2015-08-26,1.27,1.3,1.25,1.29,1.007652,267400,0.0,0.0
2015-08-27,1.33,1.4,1.33,1.39,1.085765,456700,0.0,0.0
2015-08-28,1.37,1.38,1.33,1.35,1.05452,190700,0.0,0.0
2015-08-31,1.29,1.35,1.27,1.35,1.05452,269000,0.0,0.0
2015-09-01,1.3,1.31,1.27,1.3,1.015464,237500,0.0,0.0
2015-09-02,1.29,1.29,1.25,1.27,0.99203,202500,0.0,0.0
2015-09-03,1.25,1.33,1.25,1.31,1.023275,278100,0.0,0.0
2015-09-04,1.33,1.37,1.3,1.32,1.031086,410800,0.0,0.0
2015-09-08,1.33,1.33,1.25,1.27,0.99203,478800,0.0,0.0
2015-09-09,1.29,1.3,1.25,1.26,0.984219,190000,0.0,0.0
2015-09-10,1.22,1.28,1.2,1.25,0.976407,384000,0.0,0.0
2015-09-11,1.23,1.28,1.23,1.27,0.99203,180700,0.0,0.0
2015-09-14,1.29,1.34,1.25,1.32,1.031086,423600,0.0,0.0
2015-09-15,1.3,1.35,1.3,1.35,1.05452,217600,0.0,0.0
2015-09-16,1.4,1.41,1.37,1.4,1.093576,1978000,0.0,0.0
2015-09-17,1.37,1.41,1.36,1.38,1.077954,691900,0.0,0.0
2015-09-18,1.35,1.38,1.28,1.29,1.007652,487000,0.0,0.0
2015-09-21,1.28,1.33,1.28,1.29,1.007652,227600,0.0,0.0
2015-09-22,1.24,1.26,1.19,1.19,0.92954,1408900,0.0,0.0
2015-09-23,1.19,1.21,1.17,1.19,0.92954,289200,0.0,0.0
2015-09-24,1.14,1.22,1.12,1.21,0.945162,449500,0.0,0.0
2015-09-25,1.23,1.26,1.2,1.23,0.960785,488400,0.0,0.0
2015-09-28,1.23,1.23,1.17,1.17,0.913917,519600,0.0,0.0
2015-09-29,1.18,1.23,1.18,1.2,0.937351,1102100,0.0,0.0
2015-09-30,1.27,1.3,1.26,1.29,1.007652,1107500,0.0,0.0
2015-10-01,1.29,1.32,1.25,1.25,0.976407,180600,0.0,0.0
2015-10-02,1.25,1.36,1.25,1.35,1.05452,1281700,0.0,0.0
2015-10-05,1.41,1.45,1.39,1.43,1.11701,571200,0.0,0.0
2015-10-06,1.45,1.48,1.39,1.41,1.101387,310200,0.0,0.0
2015-10-07,1.44,1.47,1.4,1.41,1.101387,381500,0.0,0.0
2015-10-08,1.42,1.45,1.41,1.44,1.124821,345600,0.0,0.0
2015-10-09,1.46,1.49,1.45,1.48,1.156066,1919900,0.0,0.0
2015-10-12,1.49,1.5,1.47,1.47,1.148255,124700,0.0,0.0
2015-10-13,1.43,1.47,1.33,1.37,1.070143,604300,0.0,0.0
2015-10-14,1.37,1.41,1.33,1.37,1.070143,189700,0.0,0.0
2015-10-15,1.37,1.4,1.34,1.36,1.062331,496700,0.0,0.0
2015-10-16,1.36,1.38,1.3,1.31,1.023275,687400,0.0,0.0
2015-10-19,1.28,1.29,1.26,1.29,1.007652,364600,0.0,0.0
2015-10-20,1.31,1.31,1.27,1.3,1.015464,718700,0.0,0.0
2015-10-21,1.27,1.27,1.22,1.23,0.960785,523100,0.0,0.0
2015-10-22,1.26,1.32,1.24,1.29,1.007652,371300,0.0,0.0
2015-10-23,1.31,1.33,1.3,1.31,1.023275,284700,0.0,0.0
2015-10-26,1.35,1.35,1.27,1.28,0.999841,264100,0.0,0.0
2015-10-27,1.28,1.29,1.26,1.27,0.99203,172500,0.0,0.0
2015-10-28,1.28,1.28,1.21,1.24,0.968596,707900,0.0,0.0
2015-10-29,1.22,1.25,1.22,1.23,0.960785,226200,0.0,0.0
2015-10-30,1.24,1.26,1.23,1.26,0.984219,1334800,0.0,0.0
2015-11-02,1.26,1.33,1.26,1.3,1.015464,254900,0.0,0.0
2015-11-03,1.33,1.44,1.31,1.42,1.109199,351000,0.0,0.0
2015-11-04,1.41,1.42,1.37,1.4,1.093576,422700,0.0,0.0
2015-11-05,1.5,1.55,1.48,1.5,1.171689,674500,0.0,0.0
2015-11-06,1.49,1.5,1.43,1.47,1.148255,406500,0.0,0.0
2015-11-09,1.45,1.47,1.42,1.42,1.109199,97500,0.0,0.0
2015-11-10,1.5,1.58,1.48,1.54,1.202934,430600,0.0,0.0
2015-11-11,1.63,1.64,1.57,1.61,1.257613,478900,0.0,0.0
2015-11-12,1.56,1.6,1.53,1.55,1.210745,378600,0.0,0.0
2015-11-13,1.58,1.61,1.53,1.55,1.210745,348400,0.0,0.0
2015-11-16,1.58,1.6,1.55,1.6,1.249801,203700,0.0,0.0
2015-11-17,1.58,1.59,1.51,1.51,1.1795,477000,0.0,0.0
2015-11-18,1.53,1.57,1.51,1.56,1.218556,455800,0.0,0.0
2015-11-19,1.62,1.64,1.59,1.6,1.249801,809300,0.0,0.0
2015-11-20,1.58,1.66,1.57,1.62,1.265424,414400,0.0,0.0
2015-11-23,1.62,1.64,1.57,1.6,1.249801,330900,0.0,0.0
2015-11-24,1.6,1.66,1.57,1.62,1.265424,1028400,0.0,0.0
2015-11-25,1.56,1.59,1.53,1.55,1.210745,691800,0.0,0.0
2015-11-27,1.58,1.59,1.48,1.49,1.163878,543100,0.0,0.0
2015-11-30,1.47,1.48,1.41,1.41,1.101387,324200,0.0,0.0
2015-12-01,1.39,1.41,1.34,1.35,1.05452,320300,0.0,0.0
2015-12-02,1.43,1.46,1.39,1.45,1.132633,640400,0.0,0.0
2015-12-03,1.58,1.6,1.51,1.52,1.187311,744400,0.0,0.0
2015-12-04,1.47,1.49,1.42,1.43,1.11701,386800,0.0,0.0
2015-12-07,1.47,1.48,1.39,1.4,1.093576,419100,0.0,0.0
2015-12-08,1.37,1.41,1.35,1.39,1.085765,406200,0.0,0.0
2015-12-09,1.46,1.5,1.43,1.46,1.140444,342500,0.0,0.0
2015-12-10,1.44,1.47,1.42,1.42,1.109199,437100,0.0,0.0
2015-12-11,1.46,1.47,1.39,1.42,1.109199,652300,0.0,0.0
2015-12-14,1.42,1.43,1.36,1.36,1.062331,513300,0.0,0.0
2015-12-15,1.41,1.43,1.39,1.41,1.101387,726400,0.0,0.0
2015-12-16,1.36,1.46,1.33,1.45,1.132633,780200,0.0,0.0
2015-12-17,1.46,1.47,1.41,1.42,1.109199,528100,0.0,0.0
2015-12-18,1.41,1.43,1.36,1.37,1.070143,738700,0.0,0.0
2015-12-21,1.38,1.38,1.3,1.31,1.023275,350500,0.0,0.0
2015-12-22,1.32,1.35,1.3,1.34,1.046709,516100,0.0,0.0
2015-12-23,1.35,1.39,1.33,1.38,1.077954,256700,0.0,0.0
2015-12-24,1.36,1.41,1.36,1.38,1.077954,114600,0.0,0.0
2015-12-28,1.37,1.41,1.37,1.39,1.085765,363200,0.0,0.0
2015-12-29,1.38,1.41,1.31,1.4,1.093576,747400,0.0,0.0
2015-12-30,1.41,1.48,1.36,1.41,1.101387,522200,0.0,0.0
2015-12-31,1.38,1.42,1.36,1.36,1.062331,409100,0.0,0.0
2016-01-04,1.31,1.33,1.3,1.3,1.015464,229600,0.0,0.0
2016-01-05,1.34,1.34,1.3,1.32,1.031086,127900,0.0,0.0
2016-01-06,1.32,1.33,1.3,1.3,1.015464,231800,0.0,0.0
2016-01-07,1.28,1.28,1.23,1.23,0.960785,382300,0.0,0.0
2016-01-08,1.23,1.24,1.16,1.2,0.937351,861000,0.0,0.0
2016-01-11,1.26,1.26,1.16,1.17,0.913917,577400,0.0,0.0
2016-01-12,1.22,1.25,1.19,1.22,0.952974,228800,0.0,0.0
2016-01-13,1.22,1.24,1.19,1.2,0.937351,153300,0.0,0.0
2016-01-14,1.18,1.22,1.17,1.2,0.937351,334900,0.0,0.0
2016-01-15,1.15,1.21,1.15,1.18,0.921729,254200,0.0,0.0
2016-01-19,1.17,1.18,1.15,1.17,0.913917,427100,0.0,0.0
2016-01-20,1.14,1.16,1.12,1.16,0.906106,330000,0.0,0.0
2016-01-21,1.15,1.19,1.14,1.16,0.906106,213100,0.0,0.0
2016-01-22,1.19,1.23,1.19,1.22,0.952974,198600,0.0,0.0
2016-01-25,1.22,1.24,1.21,1.21,0.945162,45900,0.0,0.0
2016-01-26,1.14,1.16,1.13,1.14,0.890483,197300,0.0,0.0
2016-01-27,1.2,1.26,1.19,1.21,0.945162,409400,0.0,0.0
2016-01-28,1.28,1.3,1.26,1.3,1.015464,205800,0.0,0.0
2016-01-29,1.34,1.47,1.33,1.42,1.109199,842700,0.0,0.0
2016-02-01,1.42,1.46,1.41,1.44,1.124821,712400,0.0,0.0
2016-02-02,1.42,1.43,1.36,1.38,1.077954,494600,0.0,0.0
2016-02-03,1.38,1.45,1.36,1.43,1.11701,313900,0.0,0.0
2016-02-04,1.51,1.56,1.48,1.5,1.171689,319300,0.0,0.0
2016-02-05,1.49,1.52,1.47,1.49,1.163878,234100,0.0,0.0
2016-02-08,1.45,1.49,1.42,1.43,1.11701,269700,0.0,0.0
2016-02-09,1.44,1.44,1.39,1.4,1.093576,237000,0.0,0.0
2016-02-10,1.45,1.49,1.43,1.44,1.124821,189300,0.0,0.0
2016-02-11,1.43,1.46,1.42,1.43,1.11701,246700,0.0,0.0
2016-02-12,1.42,1.44,1.39,1.39,1.085765,195500,0.0,0.0
2016-02-16,1.4,1.41,1.37,1.39,1.085765,318900,0.0,0.0
2016-02-17,1.44,1.49,1.43,1.47,1.148255,360000,0.0,0.0
2016-02-18,1.47,1.5,1.45,1.46,1.140444,145800,0.0,0.0
2016-02-19,1.45,1.53,1.43,1.52,1.187311,1542300,0.0,0.0
2016-02-22,1.58,1.6,1.57,1.6,1.249801,342800,0.0,0.0
2016-02-23,1.56,1.57,1.5,1.5,1.171689,177800,0.0,0.0
2016-02-24,1.43,1.44,1.4,1.41,1.101387,446600,0.0,0.0
2016-02-25,1.46,1.48,1.42,1.43,1.11701,146600,0.0,0.0
2016-02-26,1.43,1.44,1.36,1.37,1.070143,267700,0.0,0.0
2016-02-29,1.4,1.43,1.39,1.42,1.109199,280100,0.0,0.0
2016-03-01,1.41,1.45,1.41,1.44,1.124821,202700,0.0,0.0
2016-03-02,1.45,1.54,1.45,1.51,1.1795,229900,0.0,0.0
2016-03-03,1.6,1.74,1.58,1.72,1.343536,1035200,0.0,0.0
2016-03-04,1.83,1.84,1.76,1.79,1.398215,1519900,0.0,0.0
2016-03-07,1.72,1.8,1.67,1.69,1.320103,1167200,0.0,0.0
2016-03-08,1.72,1.78,1.67,1.78,1.390404,669400,0.0,0.0
2016-03-09,1.81,1.87,1.79,1.85,1.445083,388200,0.0,0.0
2016-03-10,1.83,1.94,1.83,1.93,1.507573,322300,0.0,0.0
2016-03-11,1.94,2.0,1.91,1.99,1.55444,374000,0.0,0.0
2016-03-14,1.97,2.0,1.92,1.93,1.507573,228300,0.0,0.0
2016-03-15,1.77,1.81,1.67,1.7,1.327914,258000,0.0,0.0
2016-03-16,1.66,1.71,1.61,1.71,1.335725,383300,0.0,0.0
2016-03-17,1.86,1.95,1.78,1.92,1.499762,908400,0.0,0.0
2016-03-18,1.92,1.94,1.87,1.93,1.507573,404900,0.0,0.0
2016-03-21,1.92,1.95,1.89,1.9,1.484139,140900,0.0,0.0
2016-03-22,1.94,1.97,1.91,1.93,1.507573,577900,0.0,0.0
2016-03-23,1.88,1.88,1.8,1.82,1.421649,401600,0.0,0.0
2016-03-24,1.77,1.81,1.75,1.77,1.382593,232300,0.0,0.0
2016-03-28,1.87,1.9,1.82,1.89,1.476328,938100,0.0,0.0
2016-03-29,1.88,1.92,1.83,1.83,1.42946,551600,0.0,0.0
2016-03-30,1.87,1.91,1.77,1.79,1.398215,396800,0.0,0.0
2016-03-31,1.83,1.83,1.75,1.78,1.390404,205700,0.0,0.0
2016-04-01,1.83,1.87,1.8,1.87,1.460705,840900,0.0,0.0
2016-04-04,1.83,1.85,1.76,1.8,1.406026,186400,0.0,0.0
2016-04-05,1.78,1.79,1.75,1.76,1.374782,309300,0.0,0.0
2016-04-06,1.74,1.76,1.63,1.65,1.288858,556200,0.0,0.0
2016-04-07,1.64,1.66,1.59,1.61,1.257613,213600,0.0,0.0
2016-04-08,1.71,1.74,1.68,1.68,1.312291,167500,0.0,0.0
2016-04-11,1.8,1.82,1.75,1.77,1.382593,174600,0.0,0.0
2016-04-12,1.8,1.89,1.76,1.88,1.468517,359900,0.0,0.0
2016-04-13,1.94,2.0,1.92,1.97,1.538818,701000,0.0,0.0
2016-04-14,1.96,1.96,1.85,1.87,1.460705,774100,0.0,0.0
2016-04-15,1.89,1.93,1.89,1.91,1.49195,358200,0.0,0.0
2016-04-18,1.87,1.9,1.84,1.87,1.460705,425800,0.0,0.0
2016-04-19,1.89,1.97,1.88,1.95,1.523195,300400,0.0,0.0
2016-04-20,1.93,1.97,1.93,1.95,1.523195,139600,0.0,0.0
2016-04-21,1.96,1.97,1.91,1.92,1.499762,93200,0.0,0.0
2016-04-22,1.93,2.16,1.93,2.11,1.648175,968000,0.0,0.0
2016-04-25,2.13,2.17,2.06,2.15,1.679421,668000,0.0,0.0
2016-04-26,2.12,2.17,2.1,2.15,1.679421,420200,0.0,0.0
2016-04-27,2.16,2.19,2.14,2.19,1.710666,455000,0.0,0.0
2016-04-28,2.17,2.22,2.15,2.16,1.687232,420400,0.0,0.0
2016-04-29,2.22,2.23,2.18,2.21,1.726288,774200,0.0,0.0
2016-05-02,2.16,2.25,2.14,2.22,1.734099,730900,0.0,0.0
2016-05-03,2.18,2.21,2.11,2.2,1.718477,512400,0.0,0.0
2016-05-04,2.18,2.25,2.16,2.23,1.741911,538600,0.0,0.0
2016-05-05,2.29,2.29,2.13,2.13,1.663798,679200,0.0,0.0
2016-05-06,2.13,2.22,2.12,2.19,1.710666,2106400,0.0,0.0
2016-05-09,2.18,2.19,2.07,2.11,1.648175,739100,0.0,0.0
2016-05-10,2.17,2.21,2.16,2.2,1.718477,416500,0.0,0.0
2016-05-11,2.26,2.29,2.23,2.27,1.773156,1181500,0.0,0.0
2016-05-12,2.23,2.26,2.19,2.23,1.741911,2344500,0.0,0.0
2016-05-13,2.18,2.24,2.16,2.2,1.718477,1767100,0.0,0.0
2016-05-16,2.19,2.19,2.01,2.06,1.609119,2616700,0.0,0.0
2016-05-17,1.96,1.98,1.92,1.96,1.531007,4233200,0.0,0.0
2016-05-18,1.96,1.96,1.96,1.96,1.531007,0,0.0,0.0
2016-05-19,1.7,1.95,1.7,1.89,1.476328,584900,0.0,0.0
2016-05-20,1.92,2.06,1.9,2.05,1.601308,6564000,0.0,0.0
2016-05-23,1.95,2.1,1.95,2.04,1.593497,329900,0.0,0.0
2016-05-24,2.06,2.15,1.9,2.09,1.632553,1407900,0.0,0.0
2016-05-25,2.18,2.18,2.06,2.11,1.648175,494500,0.0,0.0
2016-05-26,2.0,2.19,2.0,2.14,1.67161,592700,0.0,0.0
2016-05-27,2.14,2.16,2.1,2.15,1.679421,882200,0.0,0.0
2016-05-31,2.15,2.18,2.11,2.12,1.655987,254100,0.0,0.0
2016-06-01,2.1,2.34,2.1,2.34,1.827834,8970800,0.0,0.0
2016-06-02,2.27,2.36,2.24,2.36,1.843457,179700,0.0,0.0
2016-06-03,2.39,2.43,2.25,2.42,1.890324,1098700,0.0,0.0
2016-06-06,2.45,2.5,2.35,2.46,1.92157,112000,0.0,0.0
2016-06-07,2.5,2.55,2.37,2.55,1.991871,615900,0.0,0.0
2016-06-08,2.56,2.67,2.53,2.62,2.04655,2731500,0.0,0.0
2016-06-09,2.64,2.67,2.58,2.59,2.023116,1470000,0.0,0.0
2016-06-10,2.51,2.61,2.5,2.53,1.976248,33100,0.0,0.0
2016-06-13,2.38,2.54,2.38,2.51,1.960626,18200,0.0,0.0
2016-06-14,2.5,2.53,2.33,2.4,1.874702,131200,0.0,0.0
2016-06-15,2.59,2.59,2.29,2.32,1.812212,149100,0.0,0.0
2016-06-16,2.46,2.46,2.26,2.39,1.866891,660800,0.0,0.0
2016-06-17,2.44,2.47,2.34,2.36,1.843457,582100,0.0,0.0
2016-06-20,2.47,2.5,2.43,2.47,1.929381,85200,0.0,0.0
2016-06-21,2.47,2.61,2.44,2.61,2.038738,993500,0.0,0.0
2016-06-22,2.73,2.99,2.73,2.88,2.249643,690300,0.0,0.0
2016-06-23,2.79,3.36,2.5,3.34,2.60896,1733600,0.0,0.0
2016-06-24,3.2,3.47,3.09,3.37,2.632394,389000,0.0,0.0
2016-06-27,3.3,3.47,3.24,3.4,2.655828,99800,0.0,0.0
2016-06-28,3.56,3.96,3.56,3.88,3.030768,354600,0.0,0.0
2016-06-29,3.9,4.05,3.72,3.85,3.007335,716000,0.0,0.0
2016-06-30,3.85,4.07,3.85,3.94,3.077636,499800,0.0,0.0
2016-07-01,3.91,3.97,3.72,3.82,2.983901,198700,0.0,0.0
2016-07-05,3.94,4.09,3.94,4.08,3.186994,1371400,0.0,0.0
2016-07-06,3.82,4.02,3.82,3.96,3.093258,274700,0.0,0.0
2016-07-07,4.05,4.05,3.94,3.95,3.085447,768600,0.0,0.0
2016-07-08,4.1,4.17,3.96,4.17,3.257295,685100,0.0,0.0
2016-07-11,4.19,4.55,4.19,4.51,3.522878,377300,0.0,0.0
2016-07-12,4.41,4.72,4.41,4.62,3.608801,355800,0.0,0.0
2016-07-13,4.65,4.65,4.4,4.56,3.561934,163200,0.0,0.0
2016-07-14,4.67,4.91,4.5,4.79,3.741593,419300,0.0,0.0
2016-07-15,4.76,4.89,4.69,4.86,3.796273,171300,0.0,0.0
2016-07-18,4.8,4.96,4.8,4.96,3.874384,383200,0.0,0.0
2016-07-19,4.89,4.9,4.61,4.76,3.718159,188300,0.0,0.0
2016-07-20,4.71,4.83,4.62,4.67,3.647858,706900,0.0,0.0
2016-07-21,4.58,4.67,4.58,4.67,3.647858,477300,0.0,0.0
2016-07-22,4.65,5.02,4.65,5.02,3.921252,430600,0.0,0.0
2016-07-25,5.05,5.2,5.05,5.12,3.999364,389300,0.0,0.0
2016-07-26,5.08,5.16,4.9,5.08,3.96812,290100,0.0,0.0
2016-07-27,5.1,5.11,4.96,5.04,3.936874,246000,0.0,0.0
2016-07-28,4.94,5.17,4.9,5.13,4.007176,424300,0.0,0.0
2016-07-29,5.22,5.36,5.15,5.34,4.171212,457600,0.0,0.0
2016-08-01,5.39,5.39,5.22,5.3,4.139968,392700,0.0,0.0
2016-08-02,5.34,5.37,5.3,5.32,4.155589,147100,0.0,0.0
2016-08-03,5.27,5.5,5.2,5.48,4.280571,122200,0.0,0.0
2016-08-04,5.49,5.96,5.49,5.94,4.639888,282900,0.0,0.0
2016-08-05,5.98,6.22,5.59,6.11,4.77268,368300,0.0,0.0
2016-08-08,6.08,6.19,5.89,6.15,4.803925,1171100,0.0,0.0
2016-08-09,6.19,6.2,5.8,5.94,4.639888,157400,0.0,0.0
2016-08-10,5.94,6.19,5.93,6.0,4.686755,251200,0.0,0.0
2016-08-11,5.82,6.28,5.82,6.2,4.84298,271700,0.0,0.0
2016-08-12,6.2,6.24,6.03,6.09,4.757057,1180200,0.0,0.0
2016-08-15,5.82,6.17,5.82,6.14,4.796113,133900,0.0,0.0
2016-08-16,6.17,6.27,6.03,6.14,4.796113,365300,0.0,0.0
2016-08-17,6.0,6.0,5.69,5.96,4.65551,112800,0.0,0.0
2016-08-18,5.97,6.03,5.91,6.02,4.702378,47500,0.0,0.0
2016-08-19,5.88,5.94,5.84,5.88,4.59302,58400,0.0,0.0
2016-08-22,5.88,5.88,5.57,5.69,4.444606,130800,0.0,0.0
2016-08-23,5.75,5.76,5.58,5.58,4.358682,113400,0.0,0.0
2016-08-24,5.47,5.67,5.45,5.66,4.421172,170500,0.0,0.0
2016-08-25,5.36,5.76,5.36,5.71,4.460229,92600,0.0,0.0
2016-08-26,5.75,6.39,5.71,6.12,4.78049,403200,0.0,0.0
2016-08-29,6.08,6.37,6.08,6.31,4.928905,527100,0.0,0.0
2016-08-30,6.34,6.76,6.3,6.76,5.280411,378800,0.0,0.0
2016-08-31,6.79,6.88,6.62,6.87,5.366334,1029800,0.0,0.0
2016-09-01,6.53,7.01,6.46,6.99,5.46007,131300,0.0,0.0
2016-09-02,7.13,7.35,7.13,7.25,5.663162,52400,0.0,0.0
2016-09-06,7.02,7.21,6.95,7.21,5.631917,37300,0.0,0.0
2016-09-07,7.35,7.35,6.89,7.22,5.639729,42100,0.0,0.0
2016-09-08,7.36,7.5,7.02,7.44,5.811576,288500,0.0,0.0
2016-09-09,7.41,7.41,6.9,6.97,5.444448,47500,0.0,0.0
2016-09-12,6.82,6.96,6.77,6.95,5.428824,211700,0.0,0.0
2016-09-13,6.89,6.92,6.26,6.38,4.983583,288900,0.0,0.0
2016-09-14,6.27,6.63,6.27,6.42,5.014828,316200,0.0,0.0
2016-09-15,6.67,6.76,6.58,6.7,5.233543,55000,0.0,0.0
2016-09-16,6.44,6.44,6.18,6.37,4.975772,459900,0.0,0.0
2016-09-19,6.36,6.36,6.12,6.13,4.788302,68600,0.0,0.0
2016-09-20,6.25,6.34,6.21,6.26,4.889849,53400,0.0,0.0
2016-09-21,6.33,6.33,6.05,6.18,4.827358,33600,0.0,0.0
2016-09-22,6.28,6.32,6.02,6.07,4.741435,73600,0.0,0.0
2016-09-23,6.04,6.17,5.98,5.98,4.671133,30200,0.0,0.0
2016-09-26,5.77,5.89,5.72,5.86,4.577397,1038300,0.0,0.0
2016-09-27,5.83,5.86,5.7,5.84,4.561775,130600,0.0,0.0
2016-09-28,5.84,6.09,5.84,6.08,4.749245,75600,0.0,0.0
2016-09-29,6.12,6.2,5.82,5.84,4.561775,17200,0.0,0.0
2016-09-30,6.0,6.0,5.77,5.88,4.59302,102800,0.0,0.0
2016-10-03,5.92,6.05,5.91,6.01,4.694567,14500,0.0,0.0
2016-10-04,5.76,5.99,5.74,5.99,4.678944,11900,0.0,0.0
2016-10-05,5.92,6.0,5.81,5.81,4.538341,39400,0.0,0.0
2016-10-06,5.87,6.02,5.86,6.0,4.686755,49400,0.0,0.0
2016-10-07,6.18,6.18,5.96,5.96,4.65551,70100,0.0,0.0
2016-10-10,6.28,6.41,6.24,6.38,4.983583,423800,0.0,0.0
2016-10-11,6.38,6.48,6.23,6.44,5.030451,165800,0.0,0.0
2016-10-12,6.44,6.44,6.36,6.36,4.967961,6200,0.0,0.0
2016-10-13,6.65,7.1,6.31,6.66,5.202299,396800,0.0,0.0
2016-10-14,6.68,6.85,6.49,6.57,5.131997,477400,0.0,0.0
2016-10-17,6.53,6.69,6.46,6.57,5.131997,331600,0.0,0.0
2016-10-18,6.77,7.11,6.66,6.98,5.452258,1385600,0.0,0.0
2016-10-19,7.04,7.14,6.8,6.94,5.421013,497500,0.0,0.0
2016-10-20,6.88,7.02,6.83,6.95,5.428824,376500,0.0,0.0
2016-10-21,7.09,7.13,6.96,7.07,5.522561,262700,0.0,0.0
2016-10-24,7.28,7.33,7.15,7.29,5.694408,520300,0.0,0.0
2016-10-25,7.14,7.43,7.01,7.39,5.77252,460800,0.0,0.0
2016-10-26,7.43,7.44,7.25,7.33,5.725653,243000,0.0,0.0
2016-10-27,7.54,7.61,7.32,7.34,5.733465,320700,0.0,0.0
2016-10-28,7.41,7.43,7.32,7.39,5.77252,115600,0.0,0.0
2016-10-31,7.7,7.7,7.34,7.39,5.77252,152200,0.0,0.0
2016-11-01,7.29,7.3,7.04,7.15,5.58505,87600,0.0,0.0
2016-11-02,7.0,7.11,7.0,7.05,5.506938,89300,0.0,0.0
2016-11-03,7.04,7.19,7.0,7.06,5.514749,453400,0.0,0.0
2016-11-04,7.05,7.17,6.95,7.07,5.522561,179000,0.0,0.0
2016-11-07,7.27,7.36,7.03,7.18,5.608484,137100,0.0,0.0
2016-11-08,7.23,7.37,7.18,7.3,5.702219,166200,0.0,0.0
2016-11-09,7.09,7.3,7.08,7.19,5.616294,231100,0.0,0.0
2016-11-10,6.94,7.03,6.45,6.56,5.124186,528300,0.0,0.0
2016-11-11,6.18,6.69,5.99,6.49,5.069507,181200,0.0,0.0
2016-11-14,6.2,6.45,6.13,6.42,5.014828,109000,0.0,0.0
2016-11-15,6.4,6.95,6.31,6.7,5.233543,176400,0.0,0.0
2016-11-16,6.34,6.73,6.34,6.62,5.171053,125000,0.0,0.0
2016-11-17,6.43,6.67,6.34,6.42,5.014828,116500,0.0,0.0
2016-11-18,6.55,6.66,6.43,6.6,5.155431,133100,0.0,0.0
2016-11-21,6.71,7.03,6.71,7.0,5.467881,90400,0.0,0.0
2016-11-22,7.17,7.18,6.99,7.09,5.538183,68600,0.0,0.0
2016-11-23,6.83,7.03,6.81,7.03,5.491315,69300,0.0,0.0
2016-11-25,7.16,7.24,7.13,7.21,5.631917,194900,0.0,0.0
2016-11-28,7.53,7.6,7.42,7.45,5.819388,99300,0.0,0.0
2016-11-29,7.49,7.56,7.47,7.54,5.889689,104300,0.0,0.0
2016-11-30,7.49,7.52,7.15,7.51,5.866256,277700,0.0,0.0
2016-12-01,7.38,7.39,6.96,7.09,5.538183,170100,0.0,0.0
2016-12-02,7.0,7.06,6.85,6.94,5.421013,31300,0.0,0.0
2016-12-05,6.75,6.93,6.72,6.85,5.350712,102400,0.0,0.0
2016-12-06,6.85,7.07,6.85,6.96,5.436636,40300,0.0,0.0
2016-12-07,6.78,6.91,6.62,6.86,5.358524,141000,0.0,0.0
2016-12-08,6.74,6.8,6.6,6.74,5.264789,80200,0.0,0.0
2016-12-09,6.68,6.77,6.62,6.73,5.256977,128400,0.0,0.0
2016-12-12,6.74,6.81,6.71,6.8,5.311656,78800,0.0,0.0
2016-12-13,6.74,6.8,6.65,6.78,5.296034,566000,0.0,0.0
2016-12-14,6.69,6.79,6.49,6.62,5.171053,134700,0.0,0.0
2016-12-15,6.6,6.73,6.56,6.73,5.256977,152400,0.0,0.0
2016-12-16,6.67,6.72,6.46,6.58,5.139809,253200,0.0,0.0
2016-12-19,6.7,6.73,6.6,6.66,5.202299,96600,0.0,0.0
2016-12-20,6.59,6.61,6.35,6.41,5.007017,62000,0.0,0.0
2016-12-21,6.72,6.72,6.57,6.64,5.186676,74000,0.0,0.0
2016-12-22,6.52,6.64,6.43,6.53,5.100752,68600,0.0,0.0
2016-12-23,6.69,6.82,6.56,6.68,5.21792,99900,0.0,0.0
2016-12-27,6.83,6.85,6.66,6.75,5.2726,103000,0.0,0.0
2016-12-28,6.76,6.9,6.73,6.9,5.389769,43900,0.0,0.0
2016-12-29,6.93,7.0,6.85,6.94,5.421013,65300,0.0,0.0
2016-12-30,6.94,7.25,6.85,6.86,5.358524,45500,0.0,0.0
2017-01-03,6.87,6.98,6.67,6.82,5.327279,95700,0.0,0.0
2017-01-04,6.88,6.98,6.87,6.88,5.374146,60900,0.0,0.0
2017-01-05,6.98,7.06,6.95,7.02,5.483503,40800,0.0,0.0
2017-01-06,6.94,6.99,6.75,6.83,5.335089,54900,0.0,0.0
2017-01-09,6.98,7.08,6.71,7.0,5.467881,136700,0.0,0.0
2017-01-10,6.92,6.93,6.6,6.81,5.319468,85400,0.0,0.0
2017-01-11,6.62,6.89,6.53,6.87,5.366334,201700,0.0,0.0
2017-01-12,7.06,7.33,6.92,7.19,5.616294,572400,0.0,0.0
2017-01-13,7.23,7.26,6.96,7.13,5.569427,103000,0.0,0.0
2017-01-17,7.12,7.15,7.02,7.08,5.530371,71800,0.0,0.0
2017-01-18,6.95,6.96,6.72,6.78,5.296034,115300,0.0,0.0
2017-01-19,6.53,6.75,6.49,6.65,5.194487,234700,0.0,0.0
2017-01-20,6.9,7.06,6.27,6.85,5.350712,281600,0.0,0.0
2017-01-23,7.17,7.24,7.05,7.15,5.58505,222700,0.0,0.0
2017-01-24,7.16,7.2,6.91,7.04,5.499126,208400,0.0,0.0
2017-01-25,7.01,7.24,6.96,7.08,5.530371,58800,0.0,0.0
2017-01-26,7.0,7.09,6.87,6.95,5.428824,102400,0.0,0.0
2017-01-27,6.86,6.89,6.79,6.82,5.327279,82500,0.0,0.0
2017-01-30,6.76,6.76,6.5,6.56,5.124186,95700,0.0,0.0
2017-01-31,6.71,6.83,6.55,6.57,5.131997,125200,0.0,0.0
2017-02-01,6.65,6.68,6.46,6.64,5.186676,113900,0.0,0.0
2017-02-02,6.86,6.88,6.71,6.77,5.288223,76400,0.0,0.0
2017-02-03,6.99,7.09,6.93,7.0,5.467881,141100,0.0,0.0
2017-02-06,6.85,6.95,6.8,6.84,5.342901,97000,0.0,0.0
2017-02-07,7.02,7.08,6.82,6.9,5.389769,387600,0.0,0.0
2017-02-08,7.07,7.21,7.01,7.05,5.506938,636000,0.0,0.0
2017-02-09,6.95,7.02,6.7,6.77,5.288223,204200,0.0,0.0
2017-02-10,7.02,7.26,7.01,7.11,5.553806,329400,0.0,0.0
2017-02-13,7.3,7.33,7.13,7.18,5.608484,467100,0.0,0.0
2017-02-14,7.1,7.24,6.95,7.2,5.624106,177100,0.0,0.0
2017-02-15,7.15,7.34,7.15,7.22,5.639729,95500,0.0,0.0
2017-02-16,7.13,7.17,7.06,7.14,5.577239,96000,0.0,0.0
2017-02-17,7.01,7.04,6.75,6.92,5.405391,160100,0.0,0.0
2017-02-21,6.87,6.93,6.74,6.76,5.280411,479900,0.0,0.0
2017-02-22,6.82,6.95,6.79,6.85,5.350712,129500,0.0,0.0
2017-02-23,7.07,7.2,6.9,6.91,5.39758,223600,0.0,0.0
2017-02-24,6.89,6.9,6.7,6.76,5.280411,129400,0.0,0.0
2017-02-27,6.84,6.84,6.5,6.63,5.178865,71200,0.0,0.0
2017-02-28,6.57,6.65,6.39,6.58,5.139809,85900,0.0,0.0
2017-03-01,6.5,6.91,6.42,6.89,5.381957,171900,0.0,0.0
2017-03-02,6.71,6.72,6.37,6.43,5.022639,152600,0.0,0.0
2017-03-03,6.61,6.71,6.56,6.68,5.21792,126300,0.0,0.0
2017-03-06,6.8,6.91,6.73,6.9,5.389769,192700,0.0,0.0
2017-03-07,6.92,6.92,6.66,6.69,5.225732,108000,0.0,0.0
2017-03-08,6.43,6.54,6.37,6.48,5.061696,258700,0.0,0.0
2017-03-09,6.45,6.53,6.38,6.42,5.014828,148300,0.0,0.0
2017-03-10,6.59,6.62,6.3,6.43,5.022639,126900,0.0,0.0
2017-03-13,6.5,6.54,6.34,6.38,4.983583,58200,0.0,0.0
2017-03-14,6.34,6.36,6.0,6.08,4.749245,110800,0.0,0.0
2017-03-15,6.07,6.37,5.93,6.32,4.936716,168800,0.0,0.0
2017-03-16,6.31,6.32,6.1,6.18,4.827358,198600,0.0,0.0
2017-03-17,6.26,6.32,5.96,5.98,4.671133,345000,0.0,0.0
2017-03-20,6.11,6.44,6.09,6.27,4.897659,129300,0.0,0.0
2017-03-21,6.3,6.32,5.98,6.0,4.686755,66300,0.0,0.0
2017-03-22,5.98,6.21,5.95,6.11,4.77268,64000,0.0,0.0
2017-03-23,6.01,6.05,5.91,5.91,4.616454,118500,0.0,0.0
2017-03-24,5.97,6.09,5.96,6.07,4.741435,55100,0.0,0.0
2017-03-27,5.96,5.96,5.58,5.7,4.452417,280600,0.0,0.0
2017-03-28,5.54,5.54,5.41,5.51,4.304005,319200,0.0,0.0
2017-03-29,5.51,5.56,5.42,5.49,4.288381,211400,0.0,0.0
2017-03-30,5.51,5.54,5.4,5.42,4.233702,98100,0.0,0.0
2017-03-31,5.43,5.55,5.36,5.43,4.241513,143400,0.0,0.0
2017-04-03,5.52,5.58,5.48,5.5,4.296192,80700,0.0,0.0
2017-04-04,5.44,5.59,5.44,5.55,4.335248,363100,0.0,0.0
2017-04-05,5.49,5.51,5.27,5.29,4.132155,128000,0.0,0.0
2017-04-06,5.27,5.28,5.01,5.08,3.96812,124100,0.0,0.0
2017-04-07,5.12,5.19,4.96,4.97,3.882195,108000,0.0,0.0
2017-04-10,4.95,4.96,4.83,4.89,3.819705,83500,0.0,0.0
2017-04-11,4.83,5.01,4.79,4.99,3.897818,172000,0.0,0.0
2017-04-12,5.0,5.02,4.92,5.0,3.90563,97900,0.0,0.0
2017-04-13,4.99,5.04,4.82,4.86,3.796273,60100,0.0,0.0
2017-04-17,4.93,5.04,4.89,4.95,3.866573,225500,0.0,0.0
2017-04-18,4.91,4.96,4.88,4.96,3.874384,340600,0.0,0.0
2017-04-19,5.02,5.03,4.77,4.81,3.757215,76600,0.0,0.0
2017-04-20,4.81,4.95,4.77,4.88,3.811895,126700,0.0,0.0
2017-04-21,4.85,4.95,4.81,4.84,3.780649,39600,0.0,0.0
2017-04-24,5.04,5.09,4.97,5.01,3.913442,321300,0.0,0.0
2017-04-25,4.9,5.36,4.9,5.35,4.179023,162300,0.0,0.0
2017-04-26,5.26,5.38,5.21,5.35,4.179023,173800,0.0,0.0
2017-04-27,5.29,5.35,5.22,5.32,4.155589,176000,0.0,0.0
2017-04-28,5.27,5.57,5.25,5.53,4.319627,166400,0.0,0.0
2017-05-01,5.67,5.67,5.34,5.55,4.335248,80400,0.0,0.0
2017-05-02,5.59,5.78,5.53,5.67,4.428983,179300,0.0,0.0
2017-05-03,5.63,5.67,5.53,5.53,4.319627,92200,0.0,0.0
2017-05-04,5.43,5.44,5.13,5.18,4.046232,672700,0.0,0.0
2017-05-05,5.23,5.3,5.06,5.13,4.007176,99800,0.0,0.0
2017-05-08,5.16,5.18,4.91,4.96,3.874384,181300,0.0,0.0
2017-05-09,4.91,5.14,4.89,5.11,3.991553,149500,0.0,0.0
2017-05-10,5.21,5.26,5.03,5.06,3.952497,221800,0.0,0.0
2017-05-11,5.44,5.49,5.23,5.43,4.241513,234800,0.0,0.0
2017-05-12,5.68,5.77,5.54,5.59,4.366494,160000,0.0,0.0
2017-05-15,5.74,5.76,5.5,5.54,4.327437,114200,0.0,0.0
2017-05-16,5.56,5.56,5.29,5.33,4.163401,180000,0.0,0.0
2017-05-17,5.21,5.21,5.02,5.04,3.936874,184000,0.0,0.0
2017-05-18,4.15,4.74,3.59,3.72,2.905788,1613600,0.0,0.0
2017-05-19,3.96,4.07,3.92,4.01,3.132315,1872400,0.0,0.0
2017-05-22,3.9,3.97,3.64,3.76,2.937033,712800,0.0,0.0
2017-05-23,3.87,4.07,3.87,3.98,3.108881,550600,0.0,0.0
2017-05-24,4.06,4.4,4.05,4.28,3.343219,873300,0.0,0.0
2017-05-25,4.38,4.45,4.09,4.14,3.233861,672100,0.0,0.0
2017-05-26,4.22,4.41,4.2,4.28,3.343219,155100,0.0,0.0
2017-05-30,4.28,4.29,4.2,4.25,3.319785,251800,0.0,0.0
2017-05-31,4.24,4.29,4.09,4.13,3.22605,207800,0.0,0.0
2017-06-01,4.19,4.25,3.98,4.02,3.140126,176100,0.0,0.0
2017-06-02,4.07,4.11,3.96,4.02,3.140126,226700,0.0,0.0
2017-06-05,3.93,4.01,3.9,3.96,3.093258,204200,0.0,0.0
2017-06-06,3.99,4.05,3.98,4.04,3.155749,243100,0.0,0.0
2017-06-07,4.06,4.1,3.99,4.06,3.171371,639900,0.0,0.0
2017-06-08,3.89,3.97,3.87,3.94,3.077636,293200,0.0,0.0
2017-06-09,3.92,4.06,3.89,3.92,3.062014,927400,0.0,0.0
2017-06-12,3.92,3.95,3.81,3.81,2.97609,213600,0.0,0.0
2017-06-13,3.82,3.82,3.71,3.79,2.960467,242400,0.0,0.0
2017-06-14,3.83,3.85,3.69,3.79,2.960467,357000,0.0,0.0
2017-06-15,3.77,3.83,3.71,3.8,2.968278,94600,0.0,0.0
2017-06-16,3.75,3.83,3.73,3.79,2.960467,359100,0.0,0.0
2017-06-19,3.76,3.86,3.74,3.8,2.968278,291800,0.0,0.0
2017-06-20,3.73,3.74,3.57,3.63,2.835487,246700,0.0,0.0
2017-06-21,3.54,3.63,3.49,3.54,2.765186,125400,0.0,0.0
2017-06-22,3.66,4.02,3.66,3.75,2.929222,546300,0.0,0.0
2017-06-23,3.71,3.71,3.56,3.56,2.780808,528500,0.0,0.0
2017-06-26,3.65,3.72,3.65,3.68,2.874543,157500,0.0,0.0
2017-06-27,3.74,3.74,3.61,3.65,2.85111,308300,0.0,0.0
2017-06-28,3.7,3.84,3.66,3.82,2.983901,122300,0.0,0.0
2017-06-29,3.78,3.83,3.63,3.69,2.882355,184900,0.0,0.0
2017-06-30,3.65,3.77,3.63,3.75,2.929222,180000,0.0,0.0
2017-07-03,3.8,3.84,3.69,3.7,2.890166,61300,0.0,0.0
2017-07-05,3.97,4.15,3.92,4.14,3.233861,568000,0.0,0.0
2017-07-06,4.7,4.79,4.5,4.74,3.702536,1260700,0.0,0.0
2017-07-07,4.84,4.9,4.76,4.78,3.733783,607500,0.0,0.0
2017-07-10,4.89,4.93,4.56,4.67,3.647858,436100,0.0,0.0
2017-07-11,4.55,4.59,4.47,4.52,3.530689,429500,0.0,0.0
2017-07-12,4.61,4.76,4.51,4.7,3.671291,435600,0.0,0.0
2017-07-13,4.77,4.77,4.67,4.73,3.694726,176800,0.0,0.0
2017-07-14,4.72,4.73,4.51,4.57,3.569746,103100,0.0,0.0
2017-07-17,4.52,4.53,4.41,4.42,3.452576,279400,0.0,0.0
2017-07-18,4.49,4.63,4.45,4.57,3.569746,239200,0.0,0.0
2017-07-19,4.58,4.62,4.48,4.51,3.522878,260200,0.0,0.0
2017-07-20,4.56,4.58,4.49,4.53,3.538501,362500,0.0,0.0
2017-07-21,4.49,4.54,4.41,4.46,3.483821,482000,0.0,0.0
2017-07-24,4.41,4.45,4.34,4.36,3.405709,171700,0.0,0.0
2017-07-25,4.43,4.48,4.4,4.41,3.444765,251300,0.0,0.0
2017-07-26,4.38,4.38,4.26,4.3,3.358842,229700,0.0,0.0
2017-07-27,4.35,4.36,4.2,4.27,3.335407,169700,0.0,0.0
2017-07-28,4.26,4.41,4.2,4.41,3.444765,212200,0.0,0.0
2017-07-31,4.41,4.43,4.28,4.31,3.366653,314300,0.0,0.0
2017-08-01,4.29,4.37,4.29,4.34,3.390087,187500,0.0,0.0
2017-08-02,4.26,4.31,4.26,4.3,3.358842,285600,0.0,0.0
2017-08-03,4.3,4.42,4.25,4.39,3.429142,181900,0.0,0.0
2017-08-04,4.44,4.58,4.43,4.56,3.561934,514100,0.0,0.0
2017-08-07,4.48,4.59,4.43,4.57,3.569746,1208000,0.0,0.0
2017-08-08,4.55,4.66,4.5,4.62,3.608801,216000,0.0,0.0
2017-08-09,4.48,4.53,4.41,4.45,3.47601,188200,0.0,0.0
2017-08-10,4.44,4.44,4.24,4.26,3.327596,158500,0.0,0.0
2017-08-11,4.28,4.34,4.24,4.33,3.382275,105900,0.0,0.0
2017-08-14,4.29,4.35,4.24,4.27,3.335407,168600,0.0,0.0
2017-08-15,4.3,4.36,4.27,4.33,3.382275,176900,0.0,0.0
2017-08-16,4.35,4.45,4.3,4.45,3.47601,158400,0.0,0.0
2017-08-17,4.27,4.35,4.22,4.3,3.358842,405100,0.0,0.0
2017-08-18,4.33,4.41,4.25,4.38,3.421332,226700,0.0,0.0
2017-08-21,4.37,4.51,4.37,4.45,3.47601,673900,0.0,0.0
2017-08-22,5.9,6.77,5.73,6.61,5.163242,5584200,0.0,0.0
2017-08-23,6.26,6.46,5.95,5.97,4.663321,1909300,0.0,0.0
2017-08-24,6.15,6.34,6.07,6.27,4.897659,555200,0.0,0.0
2017-08-25,6.24,6.36,6.17,6.26,4.889849,577700,0.0,0.0
2017-08-28,6.21,6.26,6.02,6.1,4.764867,644500,0.0,0.0
2017-08-29,5.96,5.99,5.87,5.91,4.616454,458200,0.0,0.0
2017-08-30,5.91,5.95,5.79,5.83,4.553964,191900,0.0,0.0
2017-08-31,5.8,5.83,5.57,5.61,4.382116,253800,0.0,0.0
2017-09-01,5.63,5.7,5.52,5.61,4.382116,233900,0.0,0.0
2017-09-05,5.97,6.03,5.82,6.0,4.686755,289800,0.0,0.0
2017-09-06,6.08,6.11,5.93,6.1,4.764867,284600,0.0,0.0
2017-09-07,6.12,6.3,6.05,6.08,4.749245,191200,0.0,0.0
2017-09-08,6.18,6.48,6.13,6.33,4.944527,569100,0.0,0.0
2017-09-11,6.46,6.91,6.46,6.75,5.2726,904800,0.0,0.0
2017-09-12,6.64,7.15,6.64,6.7,5.233543,1150000,0.0,0.0
2017-09-13,6.8,6.82,6.64,6.67,5.21011,518500,0.0,0.0
2017-09-14,6.69,6.87,6.49,6.81,5.319468,260500,0.0,0.0
2017-09-15,6.79,7.01,6.79,6.82,5.327279,477500,0.0,0.0
2017-09-18,6.88,7.11,6.86,6.89,5.381957,701900,0.0,0.0
2017-09-19,6.89,6.95,6.75,6.81,5.319468,444200,0.0,0.0
2017-09-20,6.93,7.04,6.85,6.95,5.428824,758300,0.0,0.0
2017-09-21,6.97,6.98,6.62,6.73,5.256977,400700,0.0,0.0
2017-09-22,6.69,6.71,6.55,6.65,5.194487,200900,0.0,0.0
2017-09-25,6.6,6.61,6.34,6.43,5.022639,312800,0.0,0.0
2017-09-26,6.52,6.66,6.42,6.45,5.038262,305400,0.0,0.0
2017-09-27,6.34,6.36,6.12,6.21,4.850791,316200,0.0,0.0
2017-09-28,6.03,6.16,5.98,6.1,4.764867,344800,0.0,0.0
2017-09-29,6.19,6.23,6.0,6.2,4.84298,600800,0.0,0.0
2017-10-02,6.15,6.54,6.15,6.46,5.046073,354300,0.0,0.0
2017-10-03,6.5,6.87,6.48,6.84,5.342901,191900,0.0,0.0
2017-10-04,6.8,6.95,6.79,6.92,5.405391,366400,0.0,0.0
2017-10-05,6.97,7.03,6.73,6.75,5.2726,284500,0.0,0.0
2017-10-06,6.57,6.67,6.5,6.57,5.131997,365300,0.0,0.0
2017-10-09,6.57,6.58,6.41,6.48,5.061696,201400,0.0,0.0
2017-10-10,6.65,6.74,6.61,6.64,5.186676,224800,0.0,0.0
2017-10-11,6.68,6.69,6.53,6.59,5.147619,164400,0.0,0.0
2017-10-12,6.56,6.56,6.37,6.49,5.069507,150300,0.0,0.0
2017-10-13,6.63,6.66,6.49,6.61,5.163242,347000,0.0,0.0
2017-10-16,6.55,6.64,6.49,6.49,5.069507,177700,0.0,0.0
2017-10-17,6.49,6.49,6.31,6.4,4.999206,198600,0.0,0.0
2017-10-18,6.44,6.54,6.33,6.51,5.08513,107000,0.0,0.0
2017-10-19,6.44,6.5,6.4,6.45,5.038262,266700,0.0,0.0
2017-10-20,6.51,6.76,6.44,6.75,5.2726,598900,0.0,0.0
2017-10-23,6.87,7.07,6.81,6.87,5.366334,549300,0.0,0.0
2017-10-24,6.88,6.99,6.73,6.94,5.421013,401600,0.0,0.0
2017-10-25,7.17,7.24,7.03,7.22,5.639729,475800,0.0,0.0
2017-10-26,7.38,7.38,7.05,7.09,5.538183,438100,0.0,0.0
2017-10-27,7.21,7.33,7.14,7.2,5.624106,355400,0.0,0.0
2017-10-30,7.04,7.06,6.76,6.79,5.303844,310400,0.0,0.0
2017-10-31,6.74,6.86,6.64,6.71,5.241354,487600,0.0,0.0
2017-11-01,6.33,6.44,6.2,6.29,4.913282,465400,0.0,0.0
2017-11-02,6.35,6.35,5.85,6.21,4.850791,483100,0.0,0.0
2017-11-03,5.96,5.99,5.75,5.91,4.616454,502800,0.0,0.0
2017-11-06,6.19,6.38,6.1,6.29,4.913282,657200,0.0,0.0
2017-11-07,6.56,6.6,6.21,6.43,5.022639,725700,0.0,0.0
2017-11-08,6.35,6.55,6.31,6.55,5.116375,443900,0.0,0.0
2017-11-09,6.31,6.4,6.18,6.35,4.960149,677400,0.0,0.0
2017-11-10,5.99,6.11,5.82,6.02,4.702378,529600,0.0,0.0
2017-11-13,6.1,6.18,6.03,6.15,4.803925,237000,0.0,0.0
2017-11-14,6.06,6.06,5.78,5.85,4.569587,565900,0.0,0.0
2017-11-15,5.86,6.0,5.77,5.96,4.65551,154700,0.0,0.0
2017-11-16,6.05,6.18,5.97,6.06,4.733623,220400,0.0,0.0
2017-11-17,5.95,6.24,5.93,6.22,4.858603,729400,0.0,0.0
2017-11-20,6.16,6.4,6.16,6.3,4.921093,227900,0.0,0.0
2017-11-21,6.22,6.42,6.17,6.18,4.827358,314100,0.0,0.0
2017-11-22,6.35,6.43,6.33,6.38,4.983583,256600,0.0,0.0
2017-11-24,6.32,6.49,6.28,6.36,4.967961,300300,0.0,0.0
2017-11-27,6.29,6.42,6.2,6.36,4.967961,516900,0.0,0.0
2017-11-28,6.37,6.46,6.16,6.22,4.858603,476500,0.0,0.0
2017-11-29,6.18,6.29,6.07,6.09,4.757057,195800,0.0,0.0
2017-11-30,5.76,5.84,5.63,5.66,4.421172,253700,0.0,0.0
2017-12-01,5.76,5.76,5.64,5.7,4.452417,137700,0.0,0.0
2017-12-04,5.76,5.92,5.75,5.86,4.577397,348200,0.0,0.0
2017-12-05,5.99,6.04,5.75,5.79,4.522719,535000,0.0,0.0
2017-12-06,5.73,5.97,5.66,5.94,4.639888,468100,0.0,0.0
2017-12-07,5.54,5.82,5.54,5.8,4.53053,594400,0.0,0.0
2017-12-08,5.7,5.73,5.62,5.69,4.444606,327000,0.0,0.0
2017-12-11,5.65,5.79,5.55,5.72,4.46804,601900,0.0,0.0
2017-12-12,5.43,5.79,5.43,5.73,4.475852,1068600,0.0,0.0
2017-12-13,5.69,5.8,5.43,5.5,4.296192,884600,0.0,0.0
2017-12-14,5.31,5.4,5.23,5.27,4.116534,1011100,0.0,0.0
2017-12-15,5.32,5.41,5.26,5.36,4.186835,981100,0.0,0.0
2017-12-18,5.43,5.52,5.39,5.43,4.241513,212000,0.0,0.0
2017-12-19,5.34,5.36,5.23,5.25,4.100911,340400,0.0,0.0
2017-12-20,5.36,5.38,5.16,5.16,4.03061,228300,0.0,0.0
2017-12-21,5.39,5.56,5.32,5.51,4.304005,524000,0.0,0.0
2017-12-22,5.46,5.73,5.45,5.73,4.475852,501000,0.0,0.0
2017-12-26,5.67,5.69,5.55,5.65,4.413361,208000,0.0,0.0
2017-12-27,5.58,5.6,5.51,5.55,4.335248,147400,0.0,0.0
2017-12-28,5.61,5.88,5.52,5.77,4.507096,726000,0.0,0.0
2017-12-29,5.72,5.8,5.68,5.7,4.452417,64000,0.0,0.0
2018-01-02,5.83,5.87,5.76,5.83,4.553964,154900,0.0,0.0
2018-01-03,5.73,5.81,5.71,5.74,4.483663,124700,0.0,0.0
2018-01-04,5.72,5.81,5.64,5.71,4.460229,396700,0.0,0.0
2018-01-05,5.73,6.1,5.62,5.72,4.46804,572800,0.0,0.0
2018-01-08,5.7,5.75,5.64,5.64,4.40555,225500,0.0,0.0
2018-01-09,5.56,5.57,5.4,5.41,4.225891,355800,0.0,0.0
2018-01-10,5.4,5.41,5.23,5.32,4.155589,357200,0.0,0.0
2018-01-11,5.26,5.5,5.24,5.47,4.272758,375200,0.0,0.0
2018-01-12,5.31,5.35,5.19,5.24,4.0931,257700,0.0,0.0
2018-01-16,5.44,5.44,5.3,5.34,4.171212,199100,0.0,0.0
2018-01-17,5.32,5.39,5.29,5.38,4.202457,213100,0.0,0.0
2018-01-18,5.39,5.39,5.25,5.3,4.139968,552200,0.0,0.0
2018-01-19,5.4,5.63,5.32,5.62,4.389927,490300,0.0,0.0
2018-01-22,6.02,6.09,5.74,5.86,4.577397,1217700,0.0,0.0
2018-01-23,5.69,5.75,5.56,5.58,4.358682,445400,0.0,0.0
2018-01-24,5.85,6.28,5.76,6.23,4.866414,1001000,0.0,0.0
2018-01-25,6.2,6.76,6.2,6.33,4.944527,702500,0.0,0.0
2018-01-26,6.27,6.4,6.22,6.34,4.952339,441200,0.0,0.0
2018-01-29,6.37,6.42,6.24,6.27,4.897659,278400,0.0,0.0
2018-01-30,6.3,6.3,6.08,6.2,4.84298,536800,0.0,0.0
2018-01-31,6.53,6.53,6.26,6.45,5.038262,410000,0.0,0.0
2018-02-01,6.46,6.52,6.31,6.35,4.960149,249600,0.0,0.0
2018-02-02,6.2,6.26,6.0,6.04,4.718001,527000,0.0,0.0
2018-02-05,6.08,6.22,6.0,6.06,4.733623,285700,0.0,0.0
2018-02-06,6.12,6.47,6.12,6.46,5.046073,224000,0.0,0.0
2018-02-07,6.43,6.66,6.28,6.28,4.905471,261700,0.0,0.0
2018-02-08,6.6,6.65,6.32,6.48,5.061696,1082300,0.0,0.0
2018-02-09,6.61,6.64,6.07,6.37,4.975772,758000,0.0,0.0
2018-02-12,6.4,6.56,6.31,6.42,5.014828,162200,0.0,0.0
2018-02-13,6.39,6.62,6.39,6.59,5.147619,125100,0.0,0.0
2018-02-14,6.53,6.74,6.46,6.63,5.178865,246800,0.0,0.0
2018-02-15,6.72,6.77,6.51,6.71,5.241354,411100,0.0,0.0
2018-02-16,6.56,6.65,6.41,6.58,5.139809,540200,0.0,0.0
2018-02-20,6.71,7.04,6.71,6.99,5.46007,767000,0.0,0.0
2018-02-21,7.07,7.58,6.85,7.13,5.569427,1065300,0.0,0.0
2018-02-22,7.31,7.39,7.2,7.29,5.694408,346000,0.0,0.0
2018-02-23,7.42,7.63,7.3,7.61,5.944368,497000,0.0,0.0
2018-02-26,7.7,7.7,7.46,7.57,5.913123,525100,0.0,0.0
2018-02-27,7.7,7.86,7.5,7.61,5.944368,479300,0.0,0.0
2018-02-28,7.62,7.66,7.48,7.51,5.866256,361200,0.0,0.0
2018-03-01,7.52,7.6,7.24,7.36,5.749087,419200,0.0,0.0
2018-03-02,7.34,7.52,7.08,7.51,5.866256,463300,0.0,0.0
2018-03-05,7.5,7.64,7.49,7.51,5.866256,181400,0.0,0.0
2018-03-06,7.65,7.72,7.48,7.52,5.874066,331000,0.0,0.0
2018-03-07,7.27,7.33,7.08,7.18,5.608484,245200,0.0,0.0
2018-03-08,7.04,7.12,6.76,7.05,5.506938,621900,0.0,0.0
2018-03-09,7.22,7.31,7.14,7.27,5.678785,215400,0.0,0.0
2018-03-12,7.36,7.56,7.3,7.55,5.897501,398800,0.0,0.0
2018-03-13,7.53,7.59,7.39,7.45,5.819388,237700,0.0,0.0
2018-03-14,7.25,7.25,6.88,6.98,5.452258,279500,0.0,0.0
2018-03-15,6.98,7.01,6.84,6.88,5.374146,215500,0.0,0.0
2018-03-16,6.85,6.94,6.75,6.94,5.421013,179900,0.0,0.0
2018-03-19,6.7,6.77,6.53,6.72,5.249166,851200,0.0,0.0
2018-03-20,6.78,6.85,6.64,6.71,5.241354,636500,0.0,0.0
2018-03-21,6.6,6.74,6.55,6.63,5.178865,1421000,0.0,0.0
2018-03-22,6.42,6.66,6.42,6.48,5.061696,596100,0.0,0.0
2018-03-23,6.53,6.56,6.37,6.43,5.022639,492300,0.0,0.0
2018-03-26,6.55,6.86,6.51,6.81,5.319468,262400,0.0,0.0
2018-03-27,6.81,6.84,6.59,6.64,5.186676,130100,0.0,0.0
2018-03-28,6.48,6.54,6.23,6.31,4.928905,266800,0.0,0.0
2018-03-29,6.33,6.52,6.27,6.35,4.960149,639000,0.0,0.0
2018-04-02,6.33,6.37,6.18,6.33,4.944527,260200,0.0,0.0
2018-04-03,6.34,6.55,6.29,6.33,4.944527,307300,0.0,0.0
2018-04-04,6.26,6.46,6.19,6.43,5.022639,392700,0.0,0.0
2018-04-05,6.67,6.74,6.6,6.68,5.21792,202700,0.0,0.0
2018-04-06,6.53,6.54,5.97,6.1,4.764867,1123200,0.0,0.0
2018-04-09,6.1,6.13,5.39,5.44,4.249325,1986000,0.0,0.0
2018-04-10,5.48,5.66,5.33,5.63,4.397739,312500,0.0,0.0
2018-04-11,5.55,5.6,5.48,5.51,4.304005,1656200,0.0,0.0
2018-04-12,5.77,5.82,5.59,5.67,4.428983,641800,0.0,0.0
2018-04-13,5.59,5.75,5.52,5.64,4.40555,1473900,0.0,0.0
2018-04-16,5.63,5.63,5.39,5.51,4.304005,473000,0.0,0.0
2018-04-17,5.56,5.57,5.41,5.48,4.280571,775000,0.0,0.0
2018-04-18,5.61,5.76,5.59,5.63,4.397739,844700,0.0,0.0
2018-04-19,5.57,5.67,5.48,5.66,4.421172,261700,0.0,0.0
2018-04-20,5.59,5.59,5.32,5.33,4.163401,429100,0.0,0.0
2018-04-23,5.26,5.34,5.21,5.26,4.108722,455400,0.0,0.0
2018-04-24,5.29,5.38,5.16,5.19,4.054044,348300,0.0,0.0
2018-04-25,5.11,5.24,4.99,5.21,4.069666,1028900,0.0,0.0
2018-04-26,5.27,5.36,5.19,5.34,4.171212,263400,0.0,0.0
2018-04-27,5.51,5.64,5.49,5.61,4.382116,361500,0.0,0.0
2018-04-30,5.65,5.68,5.48,5.51,4.304005,261600,0.0,0.0
2018-05-01,5.43,5.47,5.33,5.44,4.249325,168800,0.0,0.0
2018-05-02,5.44,5.75,5.39,5.71,4.460229,448700,0.0,0.0
2018-05-03,5.82,5.82,5.59,5.61,4.382116,246500,0.0,0.0
2018-05-04,5.64,5.74,5.56,5.68,4.436795,698600,0.0,0.0
2018-05-07,5.6,5.6,5.14,5.17,4.038421,583300,0.0,0.0
2018-05-08,5.17,5.18,4.97,5.12,3.999364,373700,0.0,0.0
2018-05-09,5.07,5.22,5.02,5.17,4.038421,232400,0.0,0.0
2018-05-10,5.34,5.46,5.31,5.43,4.241513,405400,0.0,0.0
2018-05-11,5.44,5.48,5.15,5.24,4.0931,231200,0.0,0.0
2018-05-14,5.24,5.29,5.04,5.1,3.983742,229100,0.0,0.0
2018-05-15,5.0,5.2,4.89,5.18,4.046232,408700,0.0,0.0
2018-05-16,5.13,5.22,4.96,5.09,3.97593,269100,0.0,0.0
2018-05-17,5.28,5.36,5.11,5.17,4.038421,366900,0.0,0.0
2018-05-18,5.02,5.09,4.9,4.99,3.897818,775300,0.0,0.0
2018-05-21,5.09,5.12,4.85,4.95,3.866573,879500,0.0,0.0
2018-05-22,4.91,5.05,4.79,5.01,3.913442,989300,0.0,0.0
2018-05-23,4.9,4.9,4.39,4.43,3.460387,2745400,0.0,0.0
2018-05-24,4.2,4.31,4.16,4.24,3.311973,1122300,0.0,0.0
2018-05-25,4.25,4.27,4.14,4.16,3.249484,1004500,0.0,0.0
2018-05-29,3.91,3.99,3.79,3.86,3.015146,1014100,0.0,0.0
2018-05-30,3.89,3.97,3.83,3.92,3.062014,718400,0.0,0.0
2018-05-31,3.9,4.07,3.77,3.95,3.085447,295400,0.0,0.0
2018-06-01,4.02,4.11,3.84,4.07,3.179183,860700,0.0,0.0
2018-06-04,4.08,4.41,4.03,4.36,3.405709,609700,0.0,0.0
2018-06-05,4.15,4.15,4.0,4.0,3.124504,759400,0.0,0.0
2018-06-06,3.96,4.07,3.77,3.8,2.968278,750200,0.0,0.0
2018-06-07,3.68,3.68,3.35,3.49,2.726129,1273200,0.0,0.0
2018-06-08,3.55,3.66,3.35,3.48,2.718318,1496300,0.0,0.0
2018-06-11,3.52,3.72,3.5,3.65,2.85111,778800,0.0,0.0
2018-06-12,3.72,3.79,3.64,3.76,2.937033,352800,0.0,0.0
2018-06-13,3.8,3.92,3.78,3.9,3.046391,788200,0.0,0.0
2018-06-14,3.98,3.99,3.75,3.75,2.929222,313800,0.0,0.0
2018-06-15,3.79,3.86,3.54,3.54,2.765186,414000,0.0,0.0
2018-06-18,3.5,3.61,3.41,3.5,2.733941,285700,0.0,0.0
2018-06-19,3.48,3.79,3.46,3.64,2.843298,476500,0.0,0.0
2018-06-20,3.69,3.69,3.53,3.6,2.812053,227200,0.0,0.0
2018-06-21,3.57,3.57,3.38,3.38,2.640205,643600,0.0,0.0
2018-06-22,3.41,3.51,3.37,3.43,2.679262,343000,0.0,0.0
2018-06-25,3.5,3.58,3.38,3.44,2.687073,201700,0.0,0.0
2018-06-26,3.44,3.47,3.31,3.36,2.624583,650800,0.0,0.0
2018-06-27,3.35,3.37,3.14,3.16,2.468358,433600,0.0,0.0
2018-06-28,3.24,3.34,3.17,3.23,2.523036,228600,0.0,0.0
2018-06-29,3.23,3.31,3.19,3.21,2.507414,210800,0.0,0.0
2018-07-02,3.24,3.42,3.15,3.41,2.663639,115000,0.0,0.0
2018-07-03,3.41,3.53,3.31,3.53,2.757374,134900,0.0,0.0
2018-07-05,4.03,4.13,3.73,3.75,2.929222,864700,0.0,0.0
2018-07-06,3.66,3.83,3.63,3.8,2.968278,325500,0.0,0.0
2018-07-09,3.8,3.9,3.75,3.87,3.022957,202300,0.0,0.0
2018-07-10,3.8,3.84,3.71,3.79,2.960467,246400,0.0,0.0
2018-07-11,3.73,4.05,3.73,3.76,2.937033,432700,0.0,0.0
2018-07-12,3.83,3.87,3.78,3.81,2.97609,264100,0.0,0.0
2018-07-13,3.71,3.84,3.68,3.84,2.999523,172200,0.0,0.0
2018-07-16,3.96,4.06,3.87,3.92,3.062014,237800,0.0,0.0
2018-07-17,3.9,4.03,3.89,3.99,3.116692,186600,0.0,0.0
2018-07-18,4.28,4.31,4.14,4.24,3.311973,578100,0.0,0.0
2018-07-19,4.17,4.33,4.13,4.3,3.358842,318200,0.0,0.0
2018-07-20,4.54,4.75,4.52,4.62,3.608801,1034500,0.0,0.0
2018-07-23,4.64,4.67,4.51,4.52,3.530689,224100,0.0,0.0
2018-07-24,4.66,4.69,4.57,4.62,3.608801,277300,0.0,0.0
2018-07-25,4.68,4.86,4.64,4.83,3.772838,529400,0.0,0.0
2018-07-26,4.7,4.72,4.42,4.42,3.452576,237500,0.0,0.0
2018-07-27,4.59,4.61,4.43,4.49,3.507255,562300,0.0,0.0
2018-07-30,4.49,4.49,4.39,4.42,3.452576,149100,0.0,0.0
2018-07-31,4.49,4.62,4.41,4.58,3.577557,190000,0.0,0.0
2018-08-01,4.57,4.64,4.54,4.58,3.577557,215100,0.0,0.0
2018-08-02,4.55,4.6,4.5,4.53,3.538501,94300,0.0,0.0
2018-08-03,4.61,4.83,4.53,4.77,3.725971,447400,0.0,0.0
2018-08-06,4.78,4.78,4.58,4.6,3.593179,77200,0.0,0.0
2018-08-07,4.57,4.6,4.28,4.3,3.358842,193600,0.0,0.0
2018-08-08,4.32,4.49,4.25,4.33,3.382275,557500,0.0,0.0
2018-08-09,4.32,4.36,4.22,4.26,3.327596,110200,0.0,0.0
2018-08-10,4.05,4.1,3.95,4.0,3.124504,284200,0.0,0.0
2018-08-13,3.8,3.94,3.76,3.92,3.062014,170300,0.0,0.0
2018-08-14,3.97,4.05,3.9,3.96,3.093258,131600,0.0,0.0
2018-08-15,4.02,4.04,3.88,3.96,3.093258,84200,0.0,0.0
2018-08-16,4.12,4.38,4.11,4.24,3.311973,263400,0.0,0.0
2018-08-17,4.22,4.22,3.99,4.16,3.249484,80400,0.0,0.0
2018-08-20,4.17,4.19,4.0,4.07,3.179183,65300,0.0,0.0
2018-08-21,4.03,4.04,3.73,3.75,2.929222,665600,0.0,0.0
2018-08-22,3.72,3.9,3.7,3.88,3.030768,510100,0.0,0.0
2018-08-23,3.91,3.92,3.7,3.73,2.913599,425000,0.0,0.0
2018-08-24,3.73,3.76,3.55,3.64,2.843298,304100,0.0,0.0
2018-08-27,3.69,3.92,3.67,3.9,3.046391,173500,0.0,0.0
2018-08-28,3.92,3.95,3.76,3.82,2.983901,105000,0.0,0.0
2018-08-29,3.9,4.15,3.9,4.13,3.22605,418700,0.0,0.0
2018-08-30,4.13,4.15,3.86,3.89,3.03858,169600,0.0,0.0
2018-08-31,3.88,4.01,3.85,3.95,3.085447,64700,0.0,0.0
2018-09-04,3.77,3.77,3.64,3.64,2.843298,258700,0.0,0.0
2018-09-05,3.6,3.8,3.58,3.76,2.937033,320900,0.0,0.0
2018-09-06,3.8,3.98,3.77,3.96,3.093258,551800,0.0,0.0
2018-09-07,4.0,4.11,3.93,3.99,3.116692,196100,0.0,0.0
2018-09-10,4.06,4.09,3.84,3.95,3.085447,489600,0.0,0.0
2018-09-11,3.83,3.87,3.61,3.64,2.843298,408500,0.0,0.0
2018-09-12,3.81,3.83,3.74,3.77,2.944844,156300,0.0,0.0
2018-09-13,3.7,3.75,3.62,3.7,2.890166,247400,0.0,0.0
2018-09-14,3.74,3.77,3.51,3.57,2.788619,482400,0.0,0.0
2018-09-17,3.6,3.8,3.59,3.77,2.944844,133800,0.0,0.0
2018-09-18,3.68,3.92,3.68,3.91,3.054202,256500,0.0,0.0
2018-09-19,3.82,3.9,3.73,3.76,2.937033,355600,0.0,0.0
2018-09-20,3.79,3.85,3.71,3.85,3.007335,491900,0.0,0.0
2018-09-21,3.84,4.02,3.84,3.93,3.069825,341100,0.0,0.0
2018-09-24,4.01,4.03,3.82,3.83,2.991712,838500,0.0,0.0
2018-09-25,3.76,3.85,3.73,3.83,2.991712,91500,0.0,0.0
2018-09-26,3.89,3.97,3.83,3.84,2.999523,153300,0.0,0.0
2018-09-27,3.91,4.14,3.9,4.04,3.155749,552600,0.0,0.0
2018-09-28,3.99,4.09,3.85,3.89,3.03858,196600,0.0,0.0
2018-10-01,3.93,3.93,3.73,3.77,2.944844,291400,0.0,0.0
2018-10-02,4.02,4.22,4.02,4.2,3.280729,966700,0.0,0.0
2018-10-03,4.71,4.79,4.4,4.53,3.538501,1992000,0.0,0.0
2018-10-04,4.42,4.78,4.3,4.71,3.679103,460200,0.0,0.0
2018-10-05,4.9,4.95,4.69,4.86,3.796273,777700,0.0,0.0
2018-10-08,5.65,5.87,5.36,5.86,4.577397,3024300,0.0,0.0
2018-10-09,5.77,6.24,5.73,6.14,4.796113,1595200,0.0,0.0
2018-10-10,5.45,5.68,5.11,5.56,4.34306,2312000,0.0,0.0
2018-10-11,5.62,5.64,5.25,5.26,4.108722,616900,0.0,0.0
2018-10-12,5.38,5.55,5.02,5.42,4.233702,255000,0.0,0.0
2018-10-15,5.43,5.74,5.36,5.62,4.389927,626900,0.0,0.0
2018-10-16,5.93,5.93,5.63,5.86,4.577397,1057700,0.0,0.0
2018-10-17,5.44,5.98,5.07,5.69,4.444606,1558300,0.0,0.0
2018-10-18,5.65,5.71,5.52,5.57,4.350872,632500,0.0,0.0
2018-10-19,5.66,5.94,5.61,5.89,4.600831,706300,0.0,0.0
2018-10-22,6.16,6.19,5.97,6.13,4.788302,657000,0.0,0.0
2018-10-23,6.05,6.2,5.93,5.99,4.678944,1036000,0.0,0.0
2018-10-24,6.07,6.07,5.62,5.62,4.389927,619700,0.0,0.0
2018-10-25,5.77,6.04,5.71,5.89,4.600831,809800,0.0,0.0
2018-10-26,6.1,6.49,6.0,6.44,5.030451,2940200,0.0,0.0
2018-10-29,6.62,6.64,5.7,5.9,4.608643,1203100,0.0,0.0
2018-10-30,6.05,6.24,5.96,6.22,4.858603,627400,0.0,0.0
2018-10-31,6.21,6.28,6.01,6.23,4.866414,384200,0.0,0.0
2018-11-01,6.32,6.51,6.23,6.43,5.022639,478800,0.0,0.0
2018-11-02,6.47,6.79,6.46,6.62,5.171053,403400,0.0,0.0
2018-11-05,6.41,6.56,6.4,6.52,5.092941,496600,0.0,0.0
2018-11-06,6.46,6.51,6.27,6.33,4.944527,637800,0.0,0.0
2018-11-07,6.36,6.36,6.04,6.16,4.811735,799300,0.0,0.0
2018-11-08,6.15,6.2,5.89,5.95,4.647699,547000,0.0,0.0
2018-11-09,6.06,6.32,6.02,6.28,4.905471,377400,0.0,0.0
2018-11-12,6.33,6.37,6.18,6.3,4.921093,221500,0.0,0.0
2018-11-13,6.18,6.23,5.94,6.01,4.694567,185300,0.0,0.0
2018-11-14,6.02,6.06,5.82,6.0,4.686755,352900,0.0,0.0
2018-11-15,6.0,6.33,6.0,6.2,4.84298,239000,0.0,0.0
2018-11-16,6.37,6.64,6.36,6.55,5.116375,484400,0.0,0.0
2018-11-19,6.68,6.68,6.41,6.48,5.061696,335200,0.0,0.0
2018-11-20,6.23,6.39,6.19,6.23,4.866414,264100,0.0,0.0
2018-11-21,6.45,6.47,6.33,6.39,4.991394,122000,0.0,0.0
2018-11-23,6.44,6.47,6.22,6.37,4.975772,348700,0.0,0.0
2018-11-26,6.39,6.46,6.16,6.23,4.866414,183500,0.0,0.0
2018-11-27,6.36,6.74,6.32,6.64,5.186676,318200,0.0,0.0
2018-11-28,6.7,6.74,6.49,6.69,5.225732,378700,0.0,0.0
2018-11-29,6.67,6.68,6.55,6.63,5.178865,261900,0.0,0.0
2018-11-30,6.4,6.46,6.26,6.33,4.944527,624800,0.0,0.0
2018-12-03,6.55,6.56,6.35,6.42,5.014828,317000,0.0,0.0
2018-12-04,6.51,6.6,6.25,6.32,4.936716,530600,0.0,0.0
2018-12-06,6.07,6.42,6.07,6.41,5.007017,293000,0.0,0.0
2018-12-07,6.58,6.67,6.33,6.42,5.014828,4014400,0.0,0.0
2018-12-10,6.36,6.44,6.25,6.33,4.944527,281400,0.0,0.0
2018-12-11,6.58,6.65,6.5,6.54,5.108563,541200,0.0,0.0
2018-12-12,6.73,6.78,6.49,6.57,5.131997,273400,0.0,0.0
2018-12-13,6.46,6.48,6.35,6.44,5.030451,305900,0.0,0.0
2018-12-14,6.35,6.44,6.17,6.27,4.897659,257200,0.0,0.0
2018-12-17,6.19,6.27,6.06,6.1,4.764867,244400,0.0,0.0
2018-12-18,6.23,6.33,6.18,6.27,4.897659,212900,0.0,0.0
2018-12-19,6.06,6.26,5.94,6.0,4.686755,395500,0.0,0.0
2018-12-20,6.12,6.12,5.82,5.87,4.585208,1932000,0.0,0.0
2018-12-21,5.73,5.86,5.67,5.67,4.428983,320700,0.0,0.0
2018-12-24,5.66,5.83,5.62,5.66,4.421172,98600,0.0,0.0
2018-12-26,5.56,5.79,5.56,5.75,4.491474,317400,0.0,0.0
2018-12-27,5.89,6.18,5.88,6.16,4.811735,243300,0.0,0.0
2018-12-28,6.24,6.4,6.21,6.4,4.999206,560200,0.0,0.0
2018-12-31,6.38,6.38,6.26,6.35,4.960149,226800,0.0,0.0
2019-01-02,6.85,7.71,6.83,7.55,5.897501,1102800,0.0,0.0
2019-01-03,8.17,8.25,7.91,8.22,6.420856,1337500,0.0,0.0
2019-01-04,8.17,8.31,8.08,8.27,6.459912,1106800,0.0,0.0
2019-01-07,8.02,8.04,7.66,7.66,5.983424,763500,0.0,0.0
2019-01-08,7.8,8.27,7.8,8.25,6.444289,1618700,0.0,0.0
2019-01-09,8.18,8.34,8.11,8.2,6.405232,350300,0.0,0.0
2019-01-10,8.29,8.43,8.13,8.38,6.545835,854400,0.0,0.0
2019-01-11,8.33,8.45,8.28,8.36,6.530213,321300,0.0,0.0
2019-01-14,8.3,8.45,8.28,8.44,6.592701,899000,0.0,0.0
2019-01-15,8.32,8.35,8.07,8.13,6.350553,898900,0.0,0.0
2019-01-16,8.04,8.24,8.01,8.18,6.38961,321500,0.0,0.0
2019-01-17,8.35,8.44,8.22,8.23,6.428666,261300,0.0,0.0
2019-01-18,8.72,8.77,8.55,8.59,6.709872,698700,0.0,0.0
2019-01-22,8.7,8.77,8.39,8.48,6.623947,574700,0.0,0.0
2019-01-23,8.65,8.9,8.63,8.86,6.920774,597100,0.0,0.0
2019-01-24,8.88,9.01,8.85,8.99,7.022321,853800,0.0,0.0
2019-01-25,9.02,9.1,8.72,9.04,7.061378,1106000,0.0,0.0
2019-01-28,8.89,9.18,8.89,9.1,7.108244,752800,0.0,0.0
2019-01-29,10.02,10.22,9.6,9.62,7.514431,1251900,0.0,0.0
2019-01-30,9.76,10.1,9.68,9.96,7.780014,1009600,0.0,0.0
2019-01-31,10.4,10.46,10.11,10.19,7.959672,1462600,0.0,0.0
2019-02-01,10.14,10.35,10.09,10.34,8.076842,699700,0.0,0.0
2019-02-04,10.09,10.23,9.96,10.17,7.94405,700900,0.0,0.0
2019-02-05,10.05,10.19,9.94,10.02,7.826883,482000,0.0,0.0
2019-02-06,9.79,9.9,9.56,9.66,7.545675,443100,0.0,0.0
2019-02-07,9.91,9.91,9.35,9.57,7.475373,580300,0.0,0.0
2019-02-08,9.55,9.62,9.27,9.53,7.444129,379100,0.0,0.0
2019-02-11,9.44,9.62,9.25,9.53,7.444129,451000,0.0,0.0
2019-02-12,9.46,9.79,9.42,9.62,7.514431,384400,0.0,0.0
2019-02-13,9.61,9.83,9.47,9.78,7.639411,307100,0.0,0.0
2019-02-14,9.67,10.01,9.59,9.93,7.756581,408100,0.0,0.0
2019-02-15,9.99,9.99,9.72,9.84,7.686279,249100,0.0,0.0
2019-02-19,9.47,9.79,9.44,9.58,7.483185,695400,0.0,0.0
2019-02-20,9.7,9.79,9.36,9.43,7.366017,709500,0.0,0.0
2019-02-21,9.25,9.67,9.17,9.65,7.537864,776000,0.0,0.0
2019-02-22,9.91,10.19,9.89,10.03,7.834692,710900,0.0,0.0
2019-02-25,10.1,10.13,9.91,9.96,7.780014,381300,0.0,0.0
2019-02-26,9.85,9.99,9.73,9.92,7.748768,473600,0.0,0.0
2019-02-27,9.87,10.89,9.77,10.51,8.209633,1082400,0.0,0.0
2019-02-28,10.15,10.22,9.64,9.78,7.639411,838500,0.0,0.0
2019-03-01,9.67,9.74,9.32,9.43,7.366017,753000,0.0,0.0
2019-03-04,9.43,9.51,9.29,9.42,7.358206,260500,0.0,0.0
2019-03-05,9.7,9.7,9.2,9.5,7.420697,401300,0.0,0.0
2019-03-06,9.44,9.61,9.06,9.13,7.13168,348500,0.0,0.0
2019-03-07,8.99,8.99,8.54,8.61,6.725493,733000,0.0,0.0
2019-03-08,8.6,8.87,8.57,8.85,6.912964,994600,0.0,0.0
2019-03-11,9.04,9.36,8.99,9.25,7.225414,704100,0.0,0.0
2019-03-12,9.19,9.31,9.12,9.22,7.201982,271100,0.0,0.0
2019-03-13,9.13,9.43,9.05,9.26,7.233226,385700,0.0,0.0
2019-03-14,9.3,9.3,9.08,9.15,7.147301,198200,0.0,0.0
2019-03-15,9.23,9.58,9.21,9.58,7.483185,545900,0.0,0.0
2019-03-18,9.54,9.7,9.49,9.61,7.50662,315300,0.0,0.0
2019-03-19,9.66,9.86,9.56,9.67,7.553488,549900,0.0,0.0
2019-03-20,9.64,9.79,9.47,9.6,7.498809,432700,0.0,0.0
2019-03-21,9.8,9.85,9.13,9.41,7.350394,779000,0.0,0.0
2019-03-22,8.94,9.11,8.65,8.7,6.795795,598200,0.0,0.0
2019-03-25,8.76,9.13,8.75,8.98,7.01451,515500,0.0,0.0
2019-03-26,9.21,9.47,9.18,9.36,7.311338,514400,0.0,0.0
2019-03-27,9.06,9.1,8.43,8.46,6.608325,639100,0.0,0.0
2019-03-28,8.88,9.2,8.8,9.12,7.123868,760500,0.0,0.0
2019-03-29,9.25,9.57,9.16,9.36,7.311338,1941200,0.0,0.0
2019-04-01,9.72,9.8,9.61,9.62,7.514431,851500,0.0,0.0
2019-04-02,9.66,9.68,9.22,9.28,7.248849,545000,0.0,0.0
2019-04-03,9.4,9.54,9.14,9.22,7.201982,580800,0.0,0.0
2019-04-04,9.25,9.42,9.24,9.37,7.319149,303000,0.0,0.0
2019-04-05,9.4,9.4,9.19,9.26,7.233226,333000,0.0,0.0
2019-04-08,9.35,9.35,9.01,9.04,7.061378,878000,0.0,0.0
2019-04-09,8.86,8.9,8.6,8.77,6.850473,748600,0.0,0.0
2019-04-10,8.93,8.97,8.83,8.9,6.952021,388100,0.0,0.0
2019-04-11,8.77,8.85,8.57,8.64,6.748928,386600,0.0,0.0
2019-04-12,8.52,8.72,8.07,8.2,6.405232,1026900,0.0,0.0
2019-04-15,8.31,8.53,8.24,8.29,6.475534,600600,0.0,0.0
2019-04-16,8.22,8.44,8.2,8.27,6.459912,559000,0.0,0.0
2019-04-17,8.25,8.31,7.88,8.01,6.256819,467500,0.0,0.0
2019-04-18,8.05,8.44,8.04,8.25,6.444289,443000,0.0,0.0
2019-04-22,8.34,8.39,8.21,8.32,6.498967,262000,0.0,0.0
2019-04-23,8.5,8.72,8.41,8.61,6.725493,524900,0.0,0.0
2019-04-24,8.51,8.51,8.08,8.15,6.366175,336700,0.0,0.0
2019-04-25,8.21,8.63,8.15,8.49,6.631759,932300,0.0,0.0
2019-04-26,8.48,8.55,8.37,8.39,6.553646,220400,0.0,0.0
2019-04-29,8.63,8.71,8.36,8.42,6.57708,345700,0.0,0.0
2019-04-30,8.43,8.55,8.26,8.48,6.623947,335800,0.0,0.0
2019-05-01,8.47,8.59,8.37,8.38,6.545835,280800,0.0,0.0
2019-05-02,8.29,8.34,8.17,8.3,6.483345,296300,0.0,0.0
2019-05-03,8.38,8.53,8.36,8.45,6.600513,231700,0.0,0.0
2019-05-06,8.32,8.43,8.22,8.4,6.561457,338100,0.0,0.0
2019-05-07,8.27,8.35,8.1,8.34,6.51459,287900,0.0,0.0
2019-05-08,8.57,8.72,8.46,8.57,6.694249,244100,0.0,0.0
2019-05-09,8.19,8.31,8.06,8.29,6.635023,609700,0.206,0.0
2019-05-10,8.19,8.24,7.94,8.08,6.466946,363400,0.0,0.0
2019-05-13,7.81,7.84,7.55,7.55,6.042753,243200,0.0,0.0
2019-05-14,7.85,8.07,7.8,8.01,6.41092,231500,0.0,0.0
2019-05-15,7.79,8.05,7.74,7.91,6.330883,306700,0.0,0.0
2019-05-16,7.75,7.77,7.6,7.68,6.146799,365100,0.0,0.0
2019-05-17,7.52,7.73,7.41,7.47,5.978723,444600,0.0,0.0
2019-05-20,7.53,7.8,7.44,7.74,6.194822,274500,0.0,0.0
2019-05-21,7.87,8.21,7.79,8.19,6.554985,494000,0.0,0.0
2019-05-22,8.38,8.38,8.11,8.11,6.490956,416500,0.0,0.0
2019-05-23,8.06,8.31,7.95,8.07,6.458942,331300,0.0,0.0
2019-05-24,8.17,8.29,8.12,8.21,6.570993,303300,0.0,0.0
2019-05-28,8.41,8.41,8.06,8.33,6.667036,395600,0.0,0.0
2019-05-29,8.35,8.49,8.2,8.4,6.723062,294300,0.0,0.0
2019-05-30,8.45,8.81,8.45,8.54,6.835113,376900,0.0,0.0
2019-05-31,8.63,8.87,8.61,8.75,7.003189,351700,0.0,0.0
2019-06-03,8.9,8.93,8.74,8.85,7.083226,224600,0.0,0.0
2019-06-04,8.99,9.1,8.89,9.1,7.283318,247000,0.0,0.0
2019-06-05,9.07,9.13,8.88,8.89,7.115242,214500,0.0,0.0
2019-06-06,9.08,9.21,8.98,9.19,7.355349,292800,0.0,0.0
2019-06-07,9.3,9.48,9.23,9.28,7.427383,603000,0.0,0.0
2019-06-10,9.23,9.23,9.08,9.14,7.315332,227100,0.0,0.0
2019-06-11,9.28,9.41,9.19,9.37,7.499415,252900,0.0,0.0
2019-06-12,9.52,9.64,9.21,9.21,7.371357,644200,0.0,0.0
2019-06-13,9.19,9.4,9.15,9.24,7.395368,442600,0.0,0.0
2019-06-14,9.11,9.24,8.93,8.94,7.155258,375500,0.0,0.0
2019-06-17,9.1,9.11,8.83,8.83,7.067219,239400,0.0,0.0
2019-06-18,8.99,9.14,8.86,8.93,7.147256,310300,0.0,0.0
2019-06-19,8.85,9.15,8.82,9.13,7.307328,279700,0.0,0.0
2019-06-20,9.12,9.37,9.12,9.3,7.44339,259700,0.0,0.0
2019-06-21,9.2,9.27,8.92,9.0,7.20328,409100,0.0,0.0
2019-06-24,9.03,9.12,8.88,8.96,7.171266,172200,0.0,0.0
2019-06-25,8.84,8.88,8.54,8.55,6.843117,249700,0.0,0.0
2019-06-26,8.71,8.82,8.66,8.79,7.035204,238600,0.0,0.0
2019-06-27,8.68,8.85,8.52,8.8,7.043208,339900,0.0,0.0
2019-06-28,8.99,9.17,8.99,9.12,7.299325,300400,0.0,0.0
2019-07-01,9.36,9.4,9.14,9.19,7.355349,342000,0.0,0.0
2019-07-02,9.17,9.22,8.95,9.01,7.211285,177900,0.0,0.0
2019-07-03,8.88,9.02,8.86,8.96,7.171266,165000,0.0,0.0
2019-07-05,9.39,9.48,9.26,9.47,7.579453,401400,0.0,0.0
2019-07-08,9.49,9.57,9.38,9.39,7.515424,313600,0.0,0.0
2019-07-09,9.33,9.51,9.3,9.49,7.595459,190200,0.0,0.0
2019-07-10,9.74,9.9,9.66,9.71,7.771539,462400,0.0,0.0
2019-07-11,9.65,10.32,9.65,10.2,8.163717,732700,0.0,0.0
2019-07-12,10.31,10.5,10.06,10.4,8.323791,672900,0.0,0.0
2019-07-15,10.31,10.36,9.94,9.95,7.963627,366900,0.0,0.0
2019-07-16,9.93,10.16,9.8,10.16,8.131705,233200,0.0,0.0
2019-07-17,10.63,10.69,10.5,10.64,8.515879,704900,0.0,0.0
2019-07-18,10.61,10.82,10.61,10.76,8.611922,438500,0.0,0.0
2019-07-19,10.61,10.76,10.46,10.48,8.387819,248300,0.0,0.0
2019-07-22,10.55,10.58,10.26,10.32,8.259762,267500,0.0,0.0
2019-07-23,10.27,10.31,10.15,10.19,8.155714,114700,0.0,0.0
2019-07-24,10.23,10.35,10.08,10.14,8.115696,453100,0.0,0.0
2019-07-25,10.08,10.08,9.88,9.93,7.94762,152100,0.0,0.0
2019-07-26,10.02,10.2,9.96,10.14,8.115696,204100,0.0,0.0
2019-07-29,10.2,10.21,9.99,10.12,8.099688,177100,0.0,0.0
2019-07-30,10.08,10.29,10.07,10.24,8.195732,235200,0.0,0.0
2019-07-31,10.29,10.45,10.08,10.26,8.21174,226000,0.0,0.0
2019-08-01,10.6,10.95,10.58,10.78,8.627931,993500,0.0,0.0
2019-08-02,11.1,11.16,10.66,10.87,8.699962,359000,0.0,0.0
2019-08-05,10.67,10.88,10.59,10.64,8.515879,497000,0.0,0.0
2019-08-06,10.79,10.81,10.49,10.69,8.555896,264100,0.0,0.0
2019-08-07,10.51,10.51,10.24,10.4,8.323791,325100,0.0,0.0
2019-08-08,10.45,10.99,10.42,10.95,8.763991,296400,0.0,0.0
2019-08-09,10.85,11.12,10.85,11.07,8.860036,170700,0.0,0.0
2019-08-12,10.55,10.94,10.49,10.69,8.555896,258600,0.0,0.0
2019-08-13,10.67,10.96,10.56,10.9,8.723972,305800,0.0,0.0
2019-08-14,10.54,10.61,10.11,10.13,8.107694,345400,0.0,0.0
2019-08-15,10.21,10.22,9.76,9.99,7.995641,234200,0.0,0.0
2019-08-16,10.15,10.31,10.03,10.29,8.235752,429900,0.0,0.0
2019-08-19,10.33,10.35,9.76,9.95,7.963627,307800,0.0,0.0
2019-08-20,9.68,9.96,9.55,9.83,7.867586,324300,0.0,0.0
2019-08-21,10.26,11.3,10.08,11.04,8.836024,1816100,0.0,0.0
2019-08-22,10.9,11.58,10.89,11.47,9.180182,1428600,0.0,0.0
2019-08-23,11.31,11.69,10.86,10.92,8.739981,474600,0.0,0.0
2019-08-26,10.88,10.95,10.5,10.52,8.419835,269600,0.0,0.0
2019-08-27,10.49,10.67,10.17,10.27,8.219745,508700,0.0,0.0
2019-08-28,10.11,10.61,9.98,10.48,8.387819,511300,0.0,0.0
2019-08-29,10.57,10.92,10.42,10.78,8.627931,265700,0.0,0.0
2019-08-30,11.08,11.32,10.91,11.06,8.852033,275200,0.0,0.0
2019-09-03,10.93,11.09,10.61,10.69,8.555896,180500,0.0,0.0
2019-09-04,10.85,11.06,10.8,11.0,8.804008,351300,0.0,0.0
2019-09-05,11.17,11.23,11.02,11.13,8.908056,317200,0.0,0.0
2019-09-06,11.25,11.29,10.93,11.08,8.868039,285800,0.0,0.0
2019-09-09,11.16,11.16,10.72,10.89,8.71597,299100,0.0,0.0
2019-09-10,10.7,10.91,10.62,10.89,8.71597,181800,0.0,0.0
2019-09-11,10.96,11.24,10.93,11.18,8.948076,348800,0.0,0.0
2019-09-12,11.19,11.35,11.0,11.03,8.82802,278400,0.0,0.0
2019-09-13,10.96,10.97,10.49,10.55,8.443846,202900,0.0,0.0
2019-09-16,10.42,10.86,10.34,10.65,8.523882,367500,0.0,0.0
2019-09-17,10.53,10.82,10.44,10.78,8.627931,101400,0.0,0.0
2019-09-18,10.68,10.72,10.48,10.56,8.451852,92400,0.0,0.0
2019-09-19,10.65,10.67,9.89,10.18,8.147712,372700,0.0,0.0
2019-09-20,9.89,10.02,9.58,9.62,7.699507,763100,0.0,0.0
2019-09-23,9.55,9.7,9.5,9.67,7.739525,340900,0.0,0.0
2019-09-24,9.71,9.75,9.43,9.46,7.571448,253600,0.0,0.0
2019-09-25,9.27,9.52,9.16,9.47,7.579453,172000,0.0,0.0
2019-09-26,9.76,9.77,9.46,9.47,7.579453,221100,0.0,0.0
2019-09-27,9.48,9.72,9.42,9.55,7.643482,389500,0.0,0.0
2019-09-30,9.59,9.68,9.48,9.58,7.667493,438200,0.0,0.0
2019-10-01,9.43,9.47,9.35,9.38,7.50742,263300,0.0,0.0
2019-10-02,9.22,9.24,9.01,9.02,7.219288,228500,0.0,0.0
2019-10-03,9.15,9.34,8.97,9.26,7.411376,310300,0.0,0.0
2019-10-04,9.35,9.53,9.26,9.47,7.579453,146700,0.0,0.0
2019-10-07,9.31,9.33,8.65,8.69,6.955167,254000,0.0,0.0
2019-10-08,8.92,9.2,8.75,8.8,7.043208,350200,0.0,0.0
2019-10-09,8.97,8.97,8.69,8.7,6.963172,166200,0.0,0.0
2019-10-10,8.85,8.94,8.46,8.59,6.875132,708200,0.0,0.0
2019-10-11,8.6,8.66,8.47,8.52,6.819106,306700,0.0,0.0
2019-10-14,8.48,8.5,8.27,8.3,6.643025,127700,0.0,0.0
2019-10-15,8.4,8.46,8.22,8.34,6.67504,171100,0.0,0.0
2019-10-16,8.25,8.77,8.23,8.73,6.987182,361000,0.0,0.0
2019-10-17,8.64,8.73,8.6,8.62,6.899142,208800,0.0,0.0
2019-10-18,8.84,9.27,8.78,9.12,7.299325,442600,0.0,0.0
2019-10-21,9.21,9.3,9.15,9.22,7.379361,267600,0.0,0.0
2019-10-22,9.2,9.45,9.1,9.15,7.323336,114700,0.0,0.0
2019-10-23,9.16,9.3,8.95,9.22,7.379361,246000,0.0,0.0
2019-10-24,9.28,9.32,9.12,9.2,7.363354,189900,0.0,0.0
2019-10-25,9.17,9.3,9.15,9.28,7.427383,88200,0.0,0.0
2019-10-28,9.31,9.54,9.16,9.49,7.595459,193000,0.0,0.0
2019-10-29,9.43,9.5,9.3,9.37,7.499415,128000,0.0,0.0
2019-10-30,9.31,9.69,9.22,9.66,7.731521,201600,0.0,0.0
2019-10-31,9.59,9.91,9.51,9.81,7.851577,317500,0.0,0.0
2019-11-01,10.07,10.29,9.8,9.95,7.963627,375000,0.0,0.0
2019-11-04,9.98,10.01,9.88,9.94,7.955623,123000,0.0,0.0
2019-11-05,9.97,10.13,9.88,10.0,8.003645,537900,0.0,0.0
2019-11-06,9.73,10.0,9.63,9.84,7.875586,270600,0.0,0.0
2019-11-07,9.82,9.93,9.72,9.75,7.803553,116600,0.0,0.0
2019-11-08,9.5,9.59,9.07,9.12,7.299325,618200,0.0,0.0
2019-11-11,9.1,9.25,9.09,9.19,7.355349,403300,0.0,0.0
2019-11-12,9.25,9.26,8.77,8.9,7.123245,491100,0.0,0.0
2019-11-13,8.64,8.78,8.49,8.62,6.899142,1171000,0.0,0.0
2019-11-14,8.6,8.71,8.45,8.45,6.76308,513300,0.0,0.0
2019-11-15,8.56,8.69,8.54,8.67,6.93916,128000,0.0,0.0
2019-11-18,8.62,8.66,8.46,8.53,6.82711,320400,0.0,0.0
2019-11-19,8.5,8.5,8.24,8.3,6.643025,242700,0.0,0.0
2019-11-20,8.29,8.35,8.22,8.31,6.65103,114200,0.0,0.0
2019-11-21,8.34,8.41,8.25,8.36,6.691047,179500,0.0,0.0
2019-11-22,8.43,8.48,8.33,8.41,6.731066,334300,0.0,0.0
2019-11-25,8.31,8.36,8.23,8.26,6.611011,237600,0.0,0.0
2019-11-26,8.12,8.13,8.01,8.06,6.450938,380700,0.0,0.0
2019-11-27,8.1,8.14,7.98,8.12,6.49896,501800,0.0,0.0
2019-11-29,8.19,8.23,8.15,8.22,6.578998,162900,0.0,0.0
2019-12-02,8.28,8.36,8.23,8.33,6.667036,189500,0.0,0.0
2019-12-03,8.36,8.47,8.34,8.37,6.69905,157900,0.0,0.0
2019-12-04,8.5,8.5,8.41,8.42,6.739069,107200,0.0,0.0
2019-12-05,8.44,8.55,8.4,8.51,6.811101,155200,0.0,0.0
2019-12-06,8.61,8.75,8.57,8.61,6.891139,162500,0.0,0.0
2019-12-09,8.58,8.7,8.58,8.62,6.899142,117200,0.0,0.0
2019-12-10,8.61,8.67,8.56,8.62,6.899142,120700,0.0,0.0
2019-12-11,8.64,8.74,8.62,8.74,6.995186,247000,0.0,0.0
2019-12-12,8.72,8.85,8.7,8.83,7.067219,258300,0.0,0.0
2019-12-13,8.78,8.85,8.71,8.72,6.979179,147400,0.0,0.0
2019-12-16,8.81,8.94,8.79,8.89,7.115242,529800,0.0,0.0
2019-12-17,8.8,8.82,8.7,8.77,7.019196,327000,0.0,0.0
2019-12-18,8.58,8.65,8.4,8.64,6.915149,1091400,0.0,0.0
2019-12-19,8.6,8.81,8.56,8.74,6.995186,985200,0.0,0.0
2019-12-20,8.75,8.77,8.63,8.65,6.923152,793400,0.0,0.0
2019-12-23,8.93,9.28,8.91,9.28,7.427383,817000,0.0,0.0
2019-12-24,9.3,9.34,9.2,9.34,7.475406,96000,0.0,0.0
2019-12-26,9.23,9.34,9.18,9.34,7.475406,163600,0.0,0.0
2019-12-27,9.21,9.26,9.14,9.24,7.395368,318300,0.0,0.0
2019-12-30,9.34,9.36,9.28,9.34,7.475406,175600,0.0,0.0
2019-12-31,9.33,9.35,9.28,9.32,7.459396,59700,0.0,0.0
2020-01-02,9.26,9.45,9.2,9.45,7.563446,278500,0.0,0.0
2020-01-03,9.2,9.3,9.16,9.17,7.339343,148000,0.0,0.0
2020-01-06,9.09,9.36,9.08,9.16,7.331339,480600,0.0,0.0
2020-01-07,9.11,9.52,9.11,9.5,7.603464,421300,0.0,0.0
2020-01-08,9.38,9.71,9.33,9.62,7.699507,301600,0.0,0.0
2020-01-09,9.61,9.65,9.52,9.52,7.61947,241500,0.0,0.0
2020-01-10,9.64,9.86,9.6,9.7,7.763536,461700,0.0,0.0
2020-01-13,9.73,9.77,9.59,9.59,7.675496,188100,0.0,0.0
2020-01-14,9.67,9.67,9.19,9.55,7.643482,415600,0.0,0.0
2020-01-15,9.44,9.47,9.29,9.29,7.435386,215000,0.0,0.0
2020-01-16,9.49,9.64,9.42,9.64,7.715515,854000,0.0,0.0
2020-01-17,9.64,9.72,9.62,9.62,7.699507,264600,0.0,0.0
2020-01-21,9.46,9.46,9.28,9.28,7.427383,235900,0.0,0.0
2020-01-22,9.93,10.1,9.8,9.92,7.939615,682200,0.0,0.0
2020-01-23,9.79,9.95,9.62,9.85,7.883591,626700,0.0,0.0
2020-01-24,9.86,9.93,9.7,9.71,7.771539,238000,0.0,0.0
2020-01-27,9.24,9.3,9.01,9.18,7.347346,834500,0.0,0.0
2020-01-28,9.33,9.65,9.3,9.61,7.691503,331100,0.0,0.0
2020-01-29,9.64,9.64,9.35,9.49,7.595459,397700,0.0,0.0
2020-01-30,9.29,9.34,9.02,9.33,7.467402,586400,0.0,0.0
2020-01-31,9.06,9.2,9.02,9.11,7.29132,278300,0.0,0.0
2020-02-03,9.13,9.2,8.95,9.11,7.29132,1033200,0.0,0.0
2020-02-04,9.17,9.22,8.97,9.0,7.20328,377700,0.0,0.0
2020-02-05,9.14,9.18,8.93,8.93,7.147256,869900,0.0,0.0
2020-02-06,8.96,8.96,8.39,8.48,6.787092,929800,0.0,0.0
2020-02-07,8.39,8.44,8.21,8.25,6.603007,514000,0.0,0.0
2020-02-10,8.17,8.25,7.9,7.93,6.34689,1020900,0.0,0.0
2020-02-11,7.96,8.12,7.95,8.02,6.418923,453400,0.0,0.0
2020-02-12,8.09,8.13,7.9,8.07,6.458942,383800,0.0,0.0
2020-02-13,8.07,8.2,8.05,8.07,6.458942,342200,0.0,0.0
2020-02-14,8.3,8.42,8.11,8.38,6.707055,274200,0.0,0.0
2020-02-18,8.36,8.8,8.35,8.76,7.011195,685600,0.0,0.0
2020-02-19,8.72,9.0,8.65,8.92,7.139251,477800,0.0,0.0
2020-02-20,8.71,8.79,8.53,8.65,6.923152,577300,0.0,0.0
2020-02-21,8.54,8.62,8.46,8.54,6.835113,269100,0.0,0.0
2020-02-24,8.21,8.25,8.0,8.14,6.514968,415900,0.0,0.0
2020-02-25,8.18,8.24,8.12,8.12,6.49896,414500,0.0,0.0
2020-02-26,8.15,8.31,7.7,7.71,6.170811,691500,0.0,0.0
2020-02-27,7.56,7.85,7.47,7.53,6.026745,723500,0.0,0.0
2020-02-28,7.24,7.76,7.14,7.73,6.186818,814000,0.0,0.0
2020-03-02,7.94,8.05,7.72,7.95,6.362898,584000,0.0,0.0
2020-03-03,7.91,8.17,7.62,7.7,6.162807,600500,0.0,0.0
2020-03-04,7.87,7.99,7.69,7.96,6.370902,759400,0.0,0.0
2020-03-05,7.74,7.84,7.44,7.57,6.05876,395700,0.0,0.0
2020-03-06,7.15,7.31,6.85,7.02,5.618558,639900,0.0,0.0
2020-03-09,6.12,6.32,5.7,5.7,4.562078,936200,0.0,0.0
2020-03-10,6.13,6.8,5.99,6.79,5.434475,1096600,0.0,0.0
2020-03-11,6.77,6.9,5.76,6.22,4.978267,1016800,0.0,0.0
2020-03-12,5.09,5.43,4.41,4.78,3.825743,1454700,0.0,0.0
2020-03-13,5.95,5.98,5.11,5.84,4.674129,1338100,0.0,0.0
2020-03-16,4.71,5.16,4.56,4.88,3.905779,2090100,0.0,0.0
2020-03-17,4.95,5.11,4.64,5.04,4.033838,1118300,0.0,0.0
2020-03-18,4.29,4.48,3.68,3.99,3.193455,1310800,0.0,0.0
2020-03-19,3.69,3.92,3.3,3.53,2.825287,2566400,0.0,0.0
2020-03-20,3.75,3.79,3.29,3.48,2.785269,1485400,0.0,0.0
2020-03-23,3.36,3.36,2.96,3.12,2.497137,1426400,0.0,0.0
2020-03-24,3.43,3.58,3.26,3.56,2.849297,664200,0.0,0.0
2020-03-25,3.51,4.17,3.44,3.99,3.193455,1677900,0.0,0.0
2020-03-26,4.11,4.4,4.11,4.4,3.521604,1588600,0.0,0.0
2020-03-27,4.0,4.39,4.0,4.21,3.369535,883800,0.0,0.0
2020-03-30,4.4,4.71,4.31,4.62,3.697684,856000,0.0,0.0
2020-03-31,4.75,4.93,4.51,4.61,3.689681,750400,0.0,0.0
2020-04-01,4.3,4.46,4.17,4.29,3.433563,712400,0.0,0.0
2020-04-02,4.4,4.53,4.22,4.36,3.489589,525700,0.0,0.0
2020-04-03,4.27,4.28,3.9,4.13,3.305506,737200,0.0,0.0
2020-04-06,4.4,4.51,4.11,4.2,3.361531,688100,0.0,0.0
2020-04-07,4.66,4.66,4.3,4.33,3.465579,598200,0.0,0.0
2020-04-08,4.22,4.74,4.2,4.68,3.745706,765400,0.0,0.0
2020-04-09,5.04,5.26,4.95,5.03,4.025834,908400,0.0,0.0
2020-04-13,4.83,5.15,4.71,4.99,3.993818,1226000,0.0,0.0
2020-04-14,5.31,5.5,5.27,5.37,4.297958,992300,0.0,0.0
2020-04-15,5.14,5.3,5.06,5.07,4.057848,921700,0.0,0.0
2020-04-16,5.17,5.18,4.92,4.96,3.969808,386400,0.0,0.0
2020-04-17,5.09,5.12,4.9,4.97,3.977812,585400,0.0,0.0
2020-04-20,4.69,5.03,4.61,4.84,3.873765,947900,0.0,0.0
2020-04-21,4.71,4.83,4.48,4.56,3.649662,1549000,0.0,0.0
2020-04-22,4.8,4.99,4.76,4.97,3.977812,1174200,0.0,0.0
2020-04-23,4.9,4.9,4.37,4.54,3.633655,707500,0.0,0.0
2020-04-24,4.22,4.23,3.64,3.91,3.129425,2696900,0.0,0.0
2020-04-27,4.1,4.15,3.88,3.96,3.169443,1342600,0.0,0.0
2020-04-28,4.28,4.32,4.17,4.27,3.417557,1250700,0.0,0.0
2020-04-29,4.36,4.69,4.33,4.67,3.737703,1197300,0.0,0.0
2020-04-30,4.53,4.53,4.34,4.46,3.569626,1357700,0.0,0.0
2020-05-01,4.28,4.3,4.2,4.21,3.369535,520100,0.0,0.0
2020-05-04,4.21,4.21,3.97,4.19,3.353528,966200,0.0,0.0
2020-05-05,4.22,4.32,4.08,4.13,3.305506,778600,0.0,0.0
2020-05-06,4.06,4.07,3.89,3.99,3.193455,786400,0.0,0.0
2020-05-07,3.9,3.91,3.68,3.72,2.977356,2479100,0.0,0.0
2020-05-08,3.8,3.96,3.79,3.95,3.16144,1640600,0.0,0.0
2020-05-11,3.86,4.01,3.75,3.83,3.065396,762800,0.0,0.0
2020-05-12,3.9,3.95,3.62,3.63,2.905323,1069500,0.0,0.0
2020-05-13,3.65,3.68,3.35,3.55,2.841294,1540500,0.0,0.0
2020-05-14,3.47,3.92,3.39,3.91,3.129425,901100,0.0,0.0
2020-05-15,3.92,4.03,3.75,3.91,3.129425,1227000,0.0,0.0
2020-05-18,4.08,4.3,4.08,4.29,3.433563,1187100,0.0,0.0
2020-05-19,4.23,4.31,4.14,4.14,3.313509,506900,0.0,0.0
2020-05-20,4.28,4.35,4.15,4.19,3.353528,528800,0.0,0.0
2020-05-21,4.32,4.43,4.2,4.32,3.457575,451400,0.0,0.0
2020-05-22,4.24,4.59,4.15,4.58,3.66567,697300,0.0,0.0
2020-05-26,5.1,5.21,4.9,5.12,4.097866,1215300,0.0,0.0
2020-05-27,5.27,5.62,5.22,5.48,4.385998,1378700,0.0,0.0
2020-05-28,5.4,5.53,5.28,5.36,4.289954,1169500,0.0,0.0
2020-05-29,5.38,5.4,5.14,5.36,4.289954,739100,0.0,0.0
2020-06-01,5.34,5.57,5.32,5.47,4.377994,460000,0.0,0.0
2020-06-02,5.62,5.77,5.6,5.72,4.578085,978300,0.0,0.0
2020-06-03,6.0,6.07,5.8,5.89,4.714147,856100,0.0,0.0
2020-06-04,5.82,5.88,5.69,5.8,4.642115,491700,0.0,0.0
2020-06-05,6.1,6.23,5.99,6.02,4.818194,620000,0.0,0.0
2020-06-08,6.1,6.53,6.09,6.5,5.20237,795500,0.0,0.0
2020-06-09,6.23,6.6,6.14,6.46,5.170355,878000,0.0,0.0
2020-06-10,6.57,6.59,6.15,6.15,4.922242,551500,0.0,0.0
2020-06-11,5.88,5.9,5.5,5.6,4.482041,401700,0.0,0.0
2020-06-12,5.84,6.0,5.68,5.98,4.78618,508800,0.0,0.0
2020-06-15,5.6,5.92,5.53,5.67,4.538067,495900,0.0,0.0
2020-06-16,5.93,5.95,5.52,5.59,4.474038,632900,0.0,0.0
2020-06-17,5.97,6.19,5.87,6.05,4.842206,1000900,0.0,0.0
2020-06-18,5.87,5.97,5.76,5.78,4.626107,281500,0.0,0.0
2020-06-19,5.91,5.93,5.62,5.66,4.530063,419900,0.0,0.0
2020-06-22,5.88,6.05,5.82,5.88,4.706144,371900,0.0,0.0
2020-06-23,6.05,6.05,5.86,5.89,4.714147,242400,0.0,0.0
2020-06-24,5.73,5.81,5.51,5.57,4.458031,465000,0.0,0.0
2020-06-25,5.8,5.84,5.59,5.76,4.6101,672500,0.0,0.0
2020-06-26,5.54,5.67,5.43,5.46,4.36999,676800,0.0,0.0
2020-06-29,5.75,5.78,5.59,5.7,4.562078,321100,0.0,0.0
2020-06-30,5.69,5.86,5.62,5.67,4.538067,1235300,0.0,0.0
2020-07-01,5.85,6.16,5.83,6.1,4.882223,609300,0.0,0.0
2020-07-02,6.2,6.25,5.98,6.0,4.802187,437100,0.0,0.0
2020-07-06,6.3,6.35,6.12,6.22,4.978267,336800,0.0,0.0
2020-07-07,6.19,6.39,6.17,6.17,4.938249,268300,0.0,0.0
2020-07-08,6.35,6.4,6.29,6.37,5.098322,271600,0.0,0.0
2020-07-09,6.82,7.25,6.73,6.75,5.402461,1020900,0.0,0.0
2020-07-10,6.59,6.95,6.58,6.75,5.402461,418300,0.0,0.0
2020-07-13,6.66,6.74,6.44,6.44,5.154348,346000,0.0,0.0
2020-07-14,6.38,6.54,6.34,6.45,5.162351,396700,0.0,0.0
2020-07-15,6.55,6.71,6.49,6.62,5.298413,541100,0.0,0.0
2020-07-16,6.58,6.66,6.52,6.52,5.218377,164800,0.0,0.0
2020-07-17,6.82,7.54,6.76,7.47,5.978723,1324700,0.0,0.0
2020-07-20,7.5,7.5,7.3,7.38,5.90669,326600,0.0,0.0
2020-07-21,7.5,7.5,7.28,7.29,5.834658,389700,0.0,0.0
2020-07-22,7.5,7.72,7.47,7.6,6.082771,714100,0.0,0.0
2020-07-23,7.56,7.6,7.25,7.25,5.802643,315700,0.0,0.0
2020-07-24,7.21,7.39,7.11,7.27,5.81865,206200,0.0,0.0
2020-07-27,7.39,7.59,7.22,7.54,6.034749,405000,0.0,0.0
2020-07-28,7.45,7.64,7.45,7.52,6.018741,329400,0.0,0.0
2020-07-29,7.5,7.71,7.4,7.6,6.082771,455700,0.0,0.0
2020-07-30,7.65,7.7,7.54,7.68,6.146799,283700,0.0,0.0
2020-07-31,7.53,7.53,7.3,7.36,5.890684,225100,0.0,0.0
2020-08-03,7.29,7.37,7.23,7.36,5.890684,224800,0.0,0.0
2020-08-04,7.22,7.38,7.06,7.19,5.754621,418000,0.0,0.0
2020-08-05,7.46,7.55,7.13,7.17,5.738613,693500,0.0,0.0
2020-08-06,7.19,7.65,7.13,7.4,5.922698,784400,0.0,0.0
2020-08-07,6.96,7.02,6.8,6.91,5.530519,388300,0.0,0.0
2020-08-10,6.88,6.93,6.77,6.81,5.450483,484200,0.0,0.0
2020-08-11,6.87,6.88,6.71,6.75,5.402461,441200,0.0,0.0
2020-08-12,6.53,6.58,6.32,6.47,5.178359,722600,0.0,0.0
2020-08-13,6.66,6.76,6.07,6.19,4.954256,869400,0.0,0.0
2020-08-14,6.19,6.32,6.06,6.28,5.026289,669200,0.0,0.0
2020-08-17,6.25,6.29,5.7,5.83,4.666126,1584000,0.0,0.0
2020-08-18,5.98,6.05,5.8,5.93,4.746161,496800,0.0,0.0
2020-08-19,5.93,5.93,5.72,5.75,4.602096,877300,0.0,0.0
2020-08-20,5.57,5.8,5.51,5.76,4.6101,1026100,0.0,0.0
2020-08-21,5.86,6.29,5.86,6.08,4.866217,923100,0.0,0.0
2020-08-24,6.3,6.69,6.16,6.62,5.298413,1314500,0.0,0.0
2020-08-25,6.56,7.04,6.43,6.85,5.482498,1462100,0.0,0.0
2020-08-26,6.87,6.88,6.42,6.46,5.170355,766900,0.0,0.0
2020-08-27,6.56,6.58,6.31,6.44,5.154348,318200,0.0,0.0
2020-08-28,6.72,7.05,6.64,6.86,5.490501,585400,0.0,0.0
2020-08-31,6.65,6.66,6.48,6.48,5.186362,418100,0.0,0.0
2020-09-01,6.72,6.81,6.67,6.74,5.394457,381300,0.0,0.0
2020-09-02,6.7,7.03,6.7,7.01,5.610556,565300,0.0,0.0
2020-09-03,7.12,7.28,6.88,6.95,5.562533,411100,0.0,0.0
2020-09-04,6.9,7.01,6.69,6.87,5.498504,344300,0.0,0.0
2020-09-08,6.7,6.85,6.62,6.76,5.410465,269500,0.0,0.0
2020-09-09,6.98,7.07,6.9,6.92,5.538522,394600,0.0,0.0
2020-09-10,7.1,7.12,6.59,6.64,5.314421,659700,0.0,0.0
2020-09-11,6.64,6.66,6.46,6.5,5.20237,706200,0.0,0.0
2020-09-14,6.47,6.6,6.42,6.57,5.258395,539900,0.0,0.0
2020-09-15,6.6,6.68,6.29,6.31,5.0503,593200,0.0,0.0
2020-09-16,6.36,6.46,6.3,6.41,5.130337,287200,0.0,0.0
2020-09-17,6.29,6.44,6.24,6.44,5.154348,358300,0.0,0.0
2020-09-18,6.37,6.39,6.02,6.05,4.842206,683100,0.0,0.0
2020-09-21,5.85,6.09,5.79,6.08,4.866217,280400,0.0,0.0
2020-09-22,6.14,6.15,5.92,5.99,4.794183,289800,0.0,0.0
2020-09-23,5.92,5.97,5.74,5.75,4.602096,329300,0.0,0.0
2020-09-24,5.82,5.99,5.79,5.9,4.722151,651200,0.0,0.0
2020-09-25,5.73,5.85,5.7,5.82,4.658122,418100,0.0,0.0
2020-09-28,5.89,5.91,5.4,5.52,4.418012,892700,0.0,0.0
2020-09-29,5.41,5.51,5.33,5.43,4.345979,742400,0.0,0.0
2020-09-30,5.44,5.53,5.41,5.52,4.418012,1375000,0.0,0.0
2020-10-01,5.39,5.4,5.28,5.39,4.313965,539900,0.0,0.0
2020-10-02,5.35,5.51,5.29,5.34,4.273947,432900,0.0,0.0
2020-10-05,5.28,5.74,5.27,5.64,4.514055,487600,0.0,0.0
2020-10-06,5.73,5.88,5.59,5.66,4.530063,475000,0.0,0.0
2020-10-07,5.6,5.68,5.43,5.61,4.490045,407200,0.0,0.0
2020-10-08,5.5,5.61,5.49,5.58,4.466034,394100,0.0,0.0
2020-10-09,5.64,5.75,5.58,5.64,4.514055,330600,0.0,0.0
2020-10-12,5.69,6.02,5.64,5.8,4.642115,411000,0.0,0.0
2020-10-13,5.63,5.74,5.57,5.68,4.546071,617200,0.0,0.0
2020-10-14,5.71,5.85,5.67,5.75,4.602096,788900,0.0,0.0
2020-10-15,5.6,5.83,5.59,5.81,4.650118,808500,0.0,0.0
2020-10-16,5.73,5.88,5.68,5.77,4.618104,1807300,0.0,0.0
2020-10-19,5.77,5.86,5.74,5.79,4.63411,304000,0.0,0.0
2020-10-20,5.84,5.97,5.81,5.85,4.682133,230100,0.0,0.0
2020-10-21,5.84,5.93,5.79,5.9,4.722151,110500,0.0,0.0
2020-10-22,5.88,6.06,5.88,6.02,4.818194,2386200,0.0,0.0
2020-10-23,6.01,6.05,5.96,6.03,4.826199,1063700,0.0,0.0
2020-10-26,6.14,6.25,5.99,6.05,4.842206,402800,0.0,0.0
2020-10-27,6.03,6.03,5.79,5.8,4.642115,273700,0.0,0.0
2020-10-28,5.62,5.71,5.55,5.56,4.450027,697500,0.0,0.0
2020-10-29,5.37,5.61,5.31,5.55,4.442022,214400,0.0,0.0
2020-10-30,5.46,5.49,5.37,5.47,4.377994,280600,0.0,0.0
2020-11-02,5.53,5.63,5.39,5.44,4.353983,250200,0.0,0.0
2020-11-03,5.58,5.66,5.48,5.59,4.474038,146500,0.0,0.0
2020-11-04,5.66,5.93,5.63,5.81,4.650118,350200,0.0,0.0
2020-11-05,6.04,6.14,5.98,6.13,4.906234,223900,0.0,0.0
2020-11-06,6.13,6.34,6.12,6.34,5.074311,209600,0.0,0.0
2020-11-09,6.53,6.64,6.23,6.27,5.018286,473900,0.0,0.0
2020-11-10,6.5,6.62,6.45,6.45,5.162351,315300,0.0,0.0
2020-11-11,6.41,6.45,6.32,6.43,5.146343,195400,0.0,0.0
2020-11-12,6.2,6.22,5.92,5.94,4.754165,400600,0.0,0.0
2020-11-13,5.99,6.03,5.89,6.03,4.826199,491700,0.0,0.0
2020-11-16,6.3,6.3,6.01,6.07,4.858213,503300,0.0,0.0
2020-11-17,5.96,6.22,5.96,6.16,4.930245,372200,0.0,0.0
2020-11-18,6.07,6.14,5.93,5.99,4.794183,502800,0.0,0.0
2020-11-19,5.96,6.07,5.9,5.94,4.754165,236500,0.0,0.0
2020-11-20,5.94,5.94,5.81,5.82,4.658122,573800,0.0,0.0
2020-11-23,5.91,5.91,5.7,5.77,4.618104,328500,0.0,0.0
2020-11-24,5.86,6.08,5.86,6.07,4.858213,696900,0.0,0.0
2020-11-25,5.94,6.05,5.91,6.05,4.842206,475100,0.0,0.0
2020-11-27,6.1,6.13,6.04,6.07,4.858213,218600,0.0,0.0
2020-11-30,6.02,6.07,5.8,5.8,4.642115,483800,0.0,0.0
2020-12-01,5.94,6.18,5.91,6.15,4.922242,751400,0.0,0.0
2020-12-02,6.33,6.45,6.18,6.41,5.130337,499600,0.0,0.0
2020-12-03,6.46,6.62,6.36,6.51,5.210373,479200,0.0,0.0
2020-12-04,6.71,6.8,6.65,6.78,5.426472,623700,0.0,0.0
2020-12-07,6.71,6.85,6.53,6.56,5.250391,615700,0.0,0.0
2020-12-08,6.92,7.02,6.87,6.97,5.57854,554700,0.0,0.0
2020-12-09,7.0,7.12,6.9,6.95,5.562533,508800,0.0,0.0
2020-12-10,7.02,7.41,7.01,7.33,5.866672,434700,0.0,0.0
2020-12-11,7.64,7.72,7.55,7.64,6.114785,950800,0.0,0.0
2020-12-14,7.71,7.75,7.43,7.46,5.970719,523400,0.0,0.0
2020-12-15,7.52,7.72,7.44,7.63,6.106782,254200,0.0,0.0
2020-12-16,7.47,7.48,7.14,7.4,5.922698,650100,0.0,0.0
2020-12-17,7.46,7.49,7.23,7.27,5.81865,273500,0.0,0.0
2020-12-18,7.2,7.32,7.18,7.3,5.842661,296700,0.0,0.0
2020-12-21,6.93,7.12,6.89,7.0,5.602552,559700,0.0,0.0
2020-12-22,6.96,6.99,6.88,6.92,5.538522,308300,0.0,0.0
2020-12-23,7.02,7.15,6.97,7.03,5.626563,238300,0.0,0.0
2020-12-24,7.1,7.16,7.03,7.13,5.706599,107700,0.0,0.0
2020-12-28,7.04,7.06,6.93,7.04,5.634567,290000,0.0,0.0
2020-12-29,7.12,7.16,7.06,7.07,5.658577,165300,0.0,0.0
2020-12-30,7.09,7.1,7.01,7.07,5.658577,392600,0.0,0.0
2020-12-31,7.15,7.15,6.91,6.99,5.594548,271000,0.0,0.0
2021-01-04,7.1,7.18,6.77,6.82,5.458486,671600,0.0,0.0
2021-01-05,6.58,6.72,6.55,6.68,5.346435,914800,0.0,0.0
2021-01-06,6.46,6.73,6.41,6.51,5.210373,1166800,0.0,0.0
2021-01-07,6.48,6.51,6.3,6.31,5.0503,1284500,0.0,0.0
2021-01-08,6.5,6.58,6.38,6.56,5.250391,614100,0.0,0.0
2021-01-11,6.29,6.33,6.13,6.18,4.946253,824900,0.0,0.0
2021-01-12,6.29,6.5,6.24,6.48,5.186362,598000,0.0,0.0
2021-01-13,6.42,6.5,6.35,6.44,5.154348,394700,0.0,0.0
2021-01-14,6.66,6.88,6.62,6.88,5.506508,605100,0.0,0.0
2021-01-15,6.58,6.64,6.45,6.47,5.178359,1070200,0.0,0.0
2021-01-19,6.34,6.34,6.13,6.2,4.96226,861300,0.0,0.0
2021-01-20,6.32,6.34,6.21,6.26,5.010283,338100,0.0,0.0
2021-01-21,6.27,6.27,5.78,5.88,4.706144,1785700,0.0,0.0
2021-01-22,5.65,5.67,5.41,5.61,4.490045,2054100,0.0,0.0
2021-01-25,5.0,5.05,4.69,4.95,3.961804,9543700,0.0,0.0
2021-01-26,5.26,5.33,5.07,5.1,4.081859,7069100,0.0,0.0
2021-01-27,5.24,5.36,5.12,5.23,4.185906,2931200,0.0,0.0
2021-01-28,5.32,5.44,5.27,5.32,4.257939,1409100,0.0,0.0
2021-01-29,5.29,5.35,5.14,5.17,4.137885,1604800,0.0,0.0
2021-02-01,5.51,5.71,5.43,5.57,4.458031,3064400,0.0,0.0
2021-02-02,5.91,5.96,5.81,5.82,4.658122,2053900,0.0,0.0
2021-02-03,5.82,5.86,5.72,5.82,4.658122,1422100,0.0,0.0
2021-02-04,5.75,5.75,5.56,5.69,4.554074,2856500,0.0,0.0
2021-02-05,5.79,5.8,5.68,5.76,4.6101,941200,0.0,0.0
2021-02-08,5.71,5.75,5.62,5.68,4.546071,994700,0.0,0.0
2021-02-09,5.7,5.78,5.62,5.72,4.578085,624500,0.0,0.0
2021-02-10,5.72,5.72,5.59,5.68,4.546071,710100,0.0,0.0
2021-02-11,5.52,5.57,5.41,5.47,4.590549,932100,0.263,0.0
2021-02-12,5.5,5.56,5.45,5.51,4.624118,522300,0.0,0.0
2021-02-16,5.57,5.61,5.4,5.42,4.548588,855300,0.0,0.0
2021-02-17,5.45,5.52,5.42,5.52,4.63251,575800,0.0,0.0
2021-02-18,5.51,5.52,5.35,5.39,4.523411,946800,0.0,0.0
2021-02-19,5.41,5.44,5.31,5.37,4.506627,1161800,0.0,0.0
2021-02-22,4.96,5.37,4.93,5.25,4.40592,3765200,0.0,0.0
2021-02-23,5.26,6.05,5.22,5.84,4.901062,6231600,0.0,0.0
2021-02-24,6.35,6.42,5.82,6.02,5.052121,4649600,0.0,0.0
2021-02-25,6.28,6.3,5.91,6.02,5.052121,2741400,0.0,0.0
2021-02-26,6.11,6.11,5.74,5.78,4.850708,1749000,0.0,0.0
2021-03-01,5.75,5.83,5.59,5.59,4.691257,1180500,0.0,0.0
2021-03-02,5.43,5.69,5.3,5.64,4.733217,2112000,0.0,0.0
2021-03-03,5.49,5.71,5.32,5.69,4.775178,1503200,0.0,0.0
2021-03-04,5.87,5.93,5.61,5.65,4.741609,916600,0.0,0.0
2021-03-05,5.74,5.77,5.6,5.62,4.716432,839600,0.0,0.0
2021-03-08,5.67,5.83,5.43,5.49,4.607334,1054300,0.0,0.0
2021-03-09,5.4,5.53,5.34,5.45,4.573765,1048600,0.0,0.0
2021-03-10,5.57,5.72,5.52,5.66,4.750001,919600,0.0,0.0
2021-03-11,5.67,5.81,5.61,5.76,4.833924,813800,0.0,0.0
2021-03-12,5.69,5.82,5.63,5.76,4.833924,399600,0.0,0.0
2021-03-15,5.81,6.01,5.74,5.95,4.993376,2052000,0.0,0.0
2021-03-16,6.0,6.04,5.9,5.96,5.001768,1228900,0.0,0.0
2021-03-17,5.88,6.12,5.83,6.11,5.127653,890300,0.0,0.0
2021-03-18,6.09,6.23,6.09,6.13,5.144436,1204500,0.0,0.0
2021-03-19,6.22,6.32,6.04,6.09,5.110867,1109300,0.0,0.0
2021-03-22,6.03,6.03,5.86,5.96,5.001768,417200,0.0,0.0
2021-03-23,5.92,6.11,5.88,5.98,5.018553,417300,0.0,0.0
2021-03-24,5.97,6.08,5.76,5.79,4.859101,476400,0.0,0.0
2021-03-25,5.84,6.06,5.81,5.99,5.026945,864500,0.0,0.0
2021-03-26,6.04,6.05,5.82,5.91,4.959807,294300,0.0,0.0
2021-03-29,5.82,5.86,5.74,5.82,4.884277,388600,0.0,0.0
2021-03-30,5.75,5.85,5.73,5.85,4.909454,486900,0.0,0.0
2021-03-31,5.83,6.1,5.82,6.1,5.11926,567100,0.0,0.0
2021-04-01,6.02,6.03,5.9,5.97,5.01016,608100,0.0,0.0
2021-04-05,6.13,6.32,6.1,6.18,5.186398,4494400,0.0,0.0
2021-04-06,6.23,6.37,6.15,6.34,5.320673,2033300,0.0,0.0
2021-04-07,6.41,6.63,6.34,6.44,5.404596,1868500,0.0,0.0
2021-04-08,6.45,6.61,6.28,6.54,5.488518,1517400,0.0,0.0
2021-04-09,6.36,6.48,6.29,6.36,5.337458,926900,0.0,0.0
2021-04-12,6.33,6.4,6.09,6.16,5.169613,1607300,0.0,0.0
2021-04-13,6.15,6.19,6.02,6.08,5.102475,1158300,0.0,0.0
2021-04-14,6.17,6.2,6.07,6.12,5.136044,887000,0.0,0.0
2021-04-15,6.14,6.21,6.06,6.11,5.127653,1003700,0.0,0.0
2021-04-16,6.08,6.47,6.07,6.31,5.295496,7613000,0.0,0.0
2021-04-19,6.3,6.43,6.24,6.38,5.354243,1011900,0.0,0.0
2021-04-20,6.46,6.64,6.39,6.46,5.42138,1117100,0.0,0.0
2021-04-21,6.53,6.53,6.38,6.43,5.396203,455100,0.0,0.0
2021-04-22,6.56,6.59,6.47,6.58,5.522087,823700,0.0,0.0
2021-04-23,6.64,6.87,6.64,6.86,5.757069,1273900,0.0,0.0
2021-04-26,6.84,6.89,6.72,6.87,5.765461,841500,0.0,0.0
2021-04-27,6.87,6.91,6.67,6.7,5.622793,1296100,0.0,0.0
2021-04-28,6.71,7.04,6.71,7.04,5.908129,783300,0.0,0.0
2021-04-29,7.08,7.08,6.92,6.99,5.866168,550300,0.0,0.0
2021-04-30,6.99,7.09,6.95,7.03,5.899737,466100,0.0,0.0
2021-05-03,7.03,7.12,6.89,7.03,5.899737,338100,0.0,0.0
2021-05-04,6.92,6.96,6.68,6.76,5.673147,629400,0.0,0.0
2021-05-05,6.81,6.9,6.76,6.85,5.748678,549100,0.0,0.0
2021-05-06,6.9,7.1,6.86,7.06,5.924913,742400,0.0,0.0
2021-05-07,7.1,7.37,7.1,7.35,6.168289,949100,0.0,0.0
2021-05-10,7.35,7.39,7.25,7.27,6.10115,554100,0.0,0.0
2021-05-11,7.21,7.77,7.09,7.7,6.462016,1498000,0.0,0.0
2021-05-12,7.56,7.59,6.97,7.02,6.028352,1703500,0.175,0.0
2021-05-13,7.14,7.6,7.14,7.51,6.449136,1007700,0.0,0.0
2021-05-14,7.54,7.6,7.35,7.54,6.474897,955600,0.0,0.0
2021-05-17,7.35,7.63,7.33,7.55,6.483485,1137800,0.0,0.0
2021-05-18,7.63,7.84,7.5,7.75,6.655233,1411000,0.0,0.0
2021-05-19,7.83,8.17,7.82,8.02,6.887093,1473500,0.0,0.0
2021-05-20,8.08,8.09,7.77,7.93,6.809805,910500,0.0,0.0
2021-05-21,7.93,8.03,7.82,7.89,6.775456,712300,0.0,0.0
2021-05-24,7.89,8.04,7.89,8.0,6.869917,690600,0.0,0.0
2021-05-25,8.0,8.17,7.89,8.09,6.947205,411500,0.0,0.0
2021-05-26,8.15,8.21,8.06,8.18,7.02449,628300,0.0,0.0
2021-05-27,8.21,8.26,8.16,8.21,7.050253,464300,0.0,0.0
2021-05-28,8.25,8.34,8.25,8.28,7.110365,618900,0.0,0.0
2021-06-01,8.64,8.78,8.51,8.67,7.445273,1421600,0.0,0.0
2021-06-02,8.67,8.96,8.67,8.84,7.591258,887600,0.0,0.0
2021-06-03,8.75,8.83,8.67,8.82,7.574084,333300,0.0,0.0
2021-06-04,8.85,9.07,8.82,9.03,7.754419,637200,0.0,0.0
2021-06-07,9.21,9.29,9.13,9.18,7.88323,999700,0.0,0.0
2021-06-08,9.09,9.13,8.88,8.95,7.68572,588800,0.0,0.0
2021-06-09,9.06,9.13,8.9,8.91,7.651371,449600,0.0,0.0
2021-06-10,9.1,9.15,8.82,8.91,7.651371,616200,0.0,0.0
2021-06-11,8.79,8.8,8.57,8.75,7.513972,619400,0.0,0.0
2021-06-14,8.83,9.04,8.77,8.94,7.677132,836400,0.0,0.0
2021-06-15,8.72,8.81,8.51,8.8,7.55691,864900,0.0,0.0
2021-06-16,8.86,9.03,8.73,8.93,7.668545,1274300,0.0,0.0
2021-06-17,9.03,9.05,8.54,8.64,7.419511,1926900,0.0,0.0
2021-06-18,9.53,9.55,9.0,9.0,7.728658,3971900,0.0,0.0
2021-06-21,9.06,9.47,9.02,9.44,8.106502,1149100,0.0,0.0
2021-06-22,9.35,9.45,9.17,9.42,8.089329,1456200,0.0,0.0
2021-06-23,9.51,9.61,9.22,9.3,7.986278,1240700,0.0,0.0
2021-06-24,9.39,9.42,9.12,9.27,7.960516,775200,0.0,0.0
2021-06-25,9.27,9.28,8.86,8.96,7.694308,880100,0.0,0.0
2021-06-28,8.95,9.03,8.84,9.03,7.754419,652100,0.0,0.0
2021-06-29,8.96,8.97,8.76,8.8,7.55691,911700,0.0,0.0
2021-06-30,8.67,8.69,8.54,8.65,7.428098,1023500,0.0,0.0
2021-07-01,8.69,8.69,8.51,8.54,7.333637,861800,0.0,0.0
2021-07-02,8.67,8.68,8.51,8.58,7.367986,928600,0.0,0.0
2021-07-06,8.26,8.31,8.12,8.14,6.990142,541500,0.0,0.0
2021-07-07,8.2,8.21,7.99,8.16,7.007316,664500,0.0,0.0
2021-07-08,8.04,8.14,7.91,8.1,6.955791,487800,0.0,0.0
2021-07-09,8.17,8.22,8.13,8.17,7.015903,243600,0.0,0.0
2021-07-12,8.17,8.49,8.17,8.45,7.256351,2263700,0.0,0.0
2021-07-13,8.44,8.49,8.34,8.41,7.222001,2472000,0.0,0.0
2021-07-14,8.62,8.78,8.54,8.68,7.453861,1496400,0.0,0.0
2021-07-15,8.69,8.76,8.54,8.63,7.410924,1009500,0.0,0.0
2021-07-16,8.62,8.75,8.57,8.68,7.453861,2470400,0.0,0.0
2021-07-19,8.36,8.49,8.24,8.3,7.127539,851900,0.0,0.0
2021-07-20,8.24,8.44,8.22,8.39,7.204827,962600,0.0,0.0
2021-07-21,8.34,8.43,8.26,8.4,7.213414,688700,0.0,0.0
2021-07-22,8.4,8.44,8.3,8.36,7.179064,485900,0.0,0.0
2021-07-23,8.41,8.41,8.09,8.15,6.998728,574800,0.0,0.0
2021-07-26,8.1,8.27,8.08,8.19,7.033077,494700,0.0,0.0
2021-07-27,8.17,8.27,8.13,8.26,7.09319,374500,0.0,0.0
2021-07-28,8.25,8.42,8.2,8.38,7.196238,422500,0.0,0.0
2021-07-29,8.49,8.49,8.32,8.37,7.187651,430900,0.0,0.0
2021-07-30,8.28,8.37,7.75,7.82,6.715344,1065800,0.0,0.0
2021-08-02,8.01,8.11,7.87,7.9,6.784043,434300,0.0,0.0
2021-08-03,7.71,7.85,7.54,7.85,6.741107,600000,0.0,0.0
2021-08-04,7.85,7.91,7.64,7.84,6.73252,501100,0.0,0.0
2021-08-05,7.95,8.01,7.6,7.65,6.569359,598300,0.0,0.0
2021-08-06,7.73,7.97,7.62,7.88,6.766869,719800,0.0,0.0
2021-08-09,7.87,7.91,7.69,7.8,6.69817,372500,0.0,0.0
2021-08-10,7.82,7.84,7.69,7.72,6.62947,360400,0.0,0.0
2021-08-11,7.72,7.73,7.54,7.68,6.595121,354700,0.0,0.0
2021-08-12,7.68,7.7,7.47,7.49,6.43196,364800,0.0,0.0
2021-08-13,7.44,7.49,7.29,7.46,6.406199,434800,0.0,0.0
2021-08-16,7.47,7.48,7.18,7.22,6.2001,579400,0.0,0.0
2021-08-17,7.17,7.46,7.15,7.27,6.243037,663100,0.0,0.0
2021-08-18,7.18,7.2,6.96,7.02,6.028352,1115600,0.0,0.0
2021-08-19,6.91,7.11,6.84,7.07,6.07129,596900,0.0,0.0
2021-08-20,6.96,7.19,6.93,7.14,6.131401,564700,0.0,0.0
2021-08-23,7.1,7.12,6.96,7.06,6.062702,755900,0.0,0.0
2021-08-24,7.16,7.5,7.12,7.46,6.406199,565300,0.0,0.0
2021-08-25,7.47,7.55,7.37,7.54,6.474897,631200,0.0,0.0
2021-08-26,7.48,7.59,7.41,7.45,6.397611,357300,0.0,0.0
2021-08-27,7.4,7.53,7.36,7.5,6.440548,309700,0.0,0.0
2021-08-30,7.4,7.42,7.31,7.38,6.337499,427600,0.0,0.0
2021-08-31,7.42,7.47,7.28,7.35,6.311738,491000,0.0,0.0
2021-09-01,7.46,7.69,7.45,7.51,6.449136,650400,0.0,0.0
2021-09-02,7.24,7.32,7.14,7.19,6.174338,706200,0.0,0.0
2021-09-03,7.25,7.26,7.08,7.11,6.105639,451800,0.0,0.0
2021-09-07,7.23,7.33,7.2,7.24,6.217275,494400,0.0,0.0
2021-09-08,7.08,7.1,6.5,6.55,5.624745,2039200,0.0,0.0
2021-09-09,6.62,7.09,6.62,7.0,6.011178,2183100,0.0,0.0
2021-09-10,7.17,7.19,6.93,6.94,5.959653,861600,0.0,0.0
2021-09-13,7.18,7.33,7.07,7.23,6.208688,638800,0.0,0.0
2021-09-14,7.3,7.39,7.19,7.29,6.260212,873000,0.0,0.0
2021-09-15,7.23,7.29,7.14,7.26,6.23445,1016400,0.0,0.0
2021-09-16,7.2,7.24,7.1,7.15,6.139989,669600,0.0,0.0
2021-09-17,7.07,7.14,6.96,7.11,6.105639,792000,0.0,0.0
2021-09-20,7.08,7.14,6.84,6.97,5.985415,855600,0.0,0.0
2021-09-21,7.02,7.29,6.95,7.21,6.191513,476900,0.0,0.0
2021-09-22,7.25,7.35,7.17,7.26,6.23445,1143100,0.0,0.0
2021-09-23,7.27,7.43,7.25,7.38,6.337499,583000,0.0,0.0
2021-09-24,7.26,7.45,7.25,7.39,6.346086,957700,0.0,0.0
2021-09-27,7.4,7.55,7.3,7.38,6.337499,646600,0.0,0.0
2021-09-28,7.32,7.37,7.14,7.18,6.165751,559200,0.0,0.0
2021-09-29,7.15,7.34,7.13,7.14,6.131401,526800,0.0,0.0
2021-09-30,7.13,7.25,7.08,7.1,6.097052,720600,0.0,0.0
2021-10-01,7.24,7.3,7.15,7.26,6.23445,1068300,0.0,0.0
2021-10-04,7.01,7.05,6.67,6.78,5.822256,2910900,0.0,0.0
2021-10-05,6.76,6.78,6.64,6.71,5.762143,1038200,0.0,0.0
2021-10-06,6.61,6.71,6.47,6.7,5.753555,1291000,0.0,0.0
2021-10-07,6.75,6.84,6.67,6.81,5.848018,1477600,0.0,0.0
2021-10-08,6.87,7.02,6.85,6.97,5.985415,1624300,0.0,0.0
2021-10-11,6.98,7.23,6.96,7.14,6.131401,3760300,0.0,0.0
2021-10-12,7.11,7.49,7.07,7.29,6.260212,2734500,0.0,0.0
2021-10-13,7.2,7.26,7.05,7.18,6.165751,3298700,0.0,0.0
2021-10-14,7.14,7.31,7.12,7.31,6.277387,1756500,0.0,0.0
2021-10-15,7.33,7.44,7.21,7.21,6.191513,6771600,0.0,0.0
2021-10-18,7.08,7.43,7.02,7.41,6.363261,1459000,0.0,0.0
2021-10-19,7.26,7.32,7.02,7.06,6.062702,2262300,0.0,0.0
2021-10-20,7.13,7.14,6.88,6.89,5.916716,1590700,0.0,0.0
2021-10-21,6.62,6.66,6.31,6.44,5.530284,2960200,0.0,0.0
2021-10-22,6.26,6.91,5.9,6.34,5.444409,5736700,0.0,0.0
2021-10-25,6.45,6.68,6.41,6.63,5.693444,1828700,0.0,0.0
2021-10-26,6.45,6.6,6.35,6.56,5.633333,1077400,0.0,0.0
2021-10-27,6.66,6.76,6.57,6.61,5.676269,963500,0.0,0.0
2021-10-28,6.56,6.63,6.43,6.46,5.547459,1089800,0.0,0.0
2021-10-29,6.49,6.5,6.03,6.08,5.221137,3688600,0.0,0.0
2021-11-01,6.13,6.29,6.12,6.24,5.358536,985000,0.0,0.0
2021-11-02,6.24,6.26,6.06,6.13,5.264074,627800,0.0,0.0
2021-11-03,6.15,6.42,6.07,6.36,5.461585,1060400,0.0,0.0
2021-11-04,6.19,6.21,5.91,5.94,5.100914,1391300,0.0,0.0
2021-11-05,6.15,6.29,6.13,6.26,5.37571,691500,0.0,0.0
2021-11-08,6.24,6.28,6.15,6.2,5.324186,480000,0.0,0.0
2021-11-09,6.51,6.59,6.36,6.41,5.504521,951600,0.0,0.0
2021-11-10,6.6,6.68,6.47,6.48,5.564633,951100,0.0,0.0
2021-11-11,6.66,6.77,6.65,6.67,5.727794,881500,0.0,0.0
2021-11-12,6.64,6.64,6.55,6.56,5.633333,564600,0.0,0.0
2021-11-15,6.75,6.75,6.52,6.57,5.64192,477000,0.0,0.0
2021-11-16,6.33,6.41,6.25,6.31,5.418647,794900,0.0,0.0
2021-11-17,5.97,6.09,5.84,5.93,5.092326,1936600,0.0,0.0
2021-11-18,6.01,6.06,5.84,5.93,5.092326,1208500,0.0,0.0
2021-11-19,6.01,6.08,5.93,5.96,5.118088,594700,0.0,0.0
2021-11-22,5.94,6.0,5.75,5.76,4.946341,1231200,0.0,0.0
2021-11-23,5.72,5.97,5.66,5.95,5.109501,950200,0.0,0.0
2021-11-24,5.85,5.98,5.82,5.9,5.066565,773300,0.0,0.0
2021-11-26,5.86,5.9,5.83,5.88,5.04939,474400,0.0,0.0
2021-11-29,5.95,5.95,5.86,5.91,5.075151,391900,0.0,0.0
2021-11-30,5.89,5.92,5.66,5.83,5.006453,1367500,0.0,0.0
2021-12-01,5.97,6.04,5.75,5.81,4.989278,593000,0.0,0.0
2021-12-02,6.15,6.2,6.1,6.16,5.289836,1025400,0.0,0.0
2021-12-03,6.27,6.33,6.1,6.24,5.358536,927000,0.0,0.0
2021-12-06,6.4,6.46,6.3,6.31,5.418647,695700,0.0,0.0
2021-12-07,6.28,6.34,6.23,6.32,5.427235,704400,0.0,0.0
2021-12-08,6.58,6.63,6.39,6.47,5.556046,835300,0.0,0.0
2021-12-09,6.36,6.37,6.19,6.2,5.324186,837700,0.0,0.0
2021-12-10,6.25,6.35,6.23,6.35,5.452997,470900,0.0,0.0
2021-12-13,6.46,6.52,6.39,6.42,5.513109,1083200,0.0,0.0
2021-12-14,6.25,6.33,5.95,6.07,5.21255,2982000,0.0,0.0
2021-12-15,5.53,6.06,5.51,5.98,5.135263,4515900,0.0,0.0
2021-12-16,5.88,5.94,5.83,5.85,5.023627,1693200,0.0,0.0
2021-12-17,5.77,5.93,5.75,5.85,5.023627,4696800,0.0,0.0
2021-12-20,5.69,5.72,5.6,5.68,4.877642,1154600,0.0,0.0
2021-12-21,5.69,5.77,5.69,5.72,4.91199,1002800,0.0,0.0
2021-12-22,5.75,5.93,5.7,5.92,5.083739,2717600,0.0,0.0
2021-12-23,5.86,5.87,5.8,5.81,4.989278,1567900,0.0,0.0
2021-12-27,5.85,5.91,5.8,5.89,5.057977,433000,0.0,0.0
2021-12-28,5.84,5.94,5.81,5.93,5.092326,663100,0.0,0.0
2021-12-29,5.9,5.93,5.77,5.81,4.989278,558300,0.0,0.0
2021-12-30,5.87,6.06,5.87,5.99,5.14385,478500,0.0,0.0
2021-12-31,6.0,6.09,5.99,6.09,5.229724,518500,0.0,0.0
2022-01-03,5.88,5.88,5.72,5.73,4.920578,1064900,0.0,0.0
2022-01-04,5.58,5.75,5.57,5.6,4.808943,910900,0.0,0.0
2022-01-05,5.56,5.62,5.49,5.52,4.740243,1692400,0.0,0.0
2022-01-06,5.57,5.59,5.51,5.51,4.731656,794600,0.0,0.0
2022-01-07,5.5,5.59,5.37,5.39,4.628607,1635400,0.0,0.0
2022-01-10,5.31,5.31,5.17,5.21,4.474034,2237700,0.0,0.0
2022-01-11,5.26,5.44,5.23,5.42,4.654369,2118900,0.0,0.0
2022-01-12,5.46,5.73,5.46,5.72,4.91199,1529500,0.0,0.0
2022-01-13,5.76,5.86,5.65,5.73,4.920578,1169600,0.0,0.0
2022-01-14,5.63,5.8,5.62,5.75,4.937753,951200,0.0,0.0
2022-01-18,5.77,5.83,5.63,5.71,4.903403,1697700,0.0,0.0
2022-01-19,5.9,6.15,5.84,6.07,5.21255,1646200,0.0,0.0
2022-01-20,6.16,6.26,6.14,6.16,5.289836,1298700,0.0,0.0
2022-01-21,6.27,6.35,6.18,6.19,5.315598,1566100,0.0,0.0
2022-01-24,6.14,6.16,6.0,6.08,5.221137,1468200,0.0,0.0
2022-01-25,6.09,6.31,6.08,6.25,5.367123,1133100,0.0,0.0
2022-01-26,6.38,6.56,6.33,6.45,5.538871,2704400,0.0,0.0
2022-01-27,6.58,6.6,6.37,6.41,5.504521,1203200,0.0,0.0
2022-01-28,6.46,6.57,6.43,6.54,5.616158,1620200,0.0,0.0
2022-01-31,6.52,6.65,6.49,6.62,5.684856,1351500,0.0,0.0
2022-02-01,6.65,6.66,6.53,6.58,5.650507,576000,0.0,0.0
2022-02-02,6.58,6.64,6.29,6.46,5.547459,2072900,0.0,0.0
2022-02-03,6.4,6.53,6.33,6.46,5.547459,1097700,0.0,0.0
2022-02-04,6.37,6.42,6.27,6.33,5.435822,916200,0.0,0.0
2022-02-07,6.24,6.39,6.23,6.36,5.461585,1112400,0.0,0.0
2022-02-08,6.29,6.37,6.27,6.3,5.41006,741500,0.0,0.0
2022-02-09,6.18,6.51,6.13,6.46,5.547459,2149700,0.0,0.0
2022-02-10,6.47,6.59,6.4,6.43,5.521696,1763100,0.0,0.0
2022-02-11,6.44,6.6,6.32,6.4,5.495934,1521500,0.0,0.0
2022-02-14,6.44,6.51,6.29,6.4,5.495934,1101500,0.0,0.0
2022-02-15,6.42,6.78,6.4,6.76,5.80508,2575400,0.0,0.0
2022-02-16,7.05,7.06,6.8,6.86,5.890954,1355000,0.0,0.0
2022-02-17,6.79,6.82,6.72,6.77,5.813667,850800,0.0,0.0
2022-02-18,6.76,6.83,6.67,6.69,5.744968,1234800,0.0,0.0
2022-02-22,6.68,6.78,6.65,6.68,5.736381,1109300,0.0,0.0
2022-02-23,6.91,7.0,6.88,6.91,5.933891,1686500,0.0,0.0
2022-02-24,6.48,6.64,6.34,6.52,5.598983,2173200,0.0,0.0
2022-02-25,6.62,6.64,6.52,6.64,5.702031,875500,0.0,0.0
2022-02-28,6.58,6.69,6.49,6.63,5.693444,1219100,0.0,0.0
2022-03-01,6.55,6.85,6.44,6.62,5.684856,1794000,0.0,0.0
2022-03-02,6.61,6.76,6.51,6.72,5.770731,1572600,0.0,0.0
2022-03-03,6.79,7.05,6.77,6.92,5.942479,2216300,0.0,0.0
2022-03-04,6.7,6.82,6.6,6.82,5.856605,1313300,0.0,0.0
2022-03-07,6.72,6.73,6.39,6.4,5.495934,1394500,0.0,0.0
2022-03-08,6.4,6.61,6.34,6.54,5.616158,1288300,0.0,0.0
2022-03-09,6.79,7.07,6.79,6.92,5.942479,1539000,0.0,0.0
2022-03-10,6.55,6.86,6.5,6.84,5.87378,1602800,0.0,0.0
2022-03-11,6.86,6.91,6.62,6.66,5.719206,1315100,0.0,0.0
2022-03-14,6.74,6.76,6.49,6.55,5.624745,854200,0.0,0.0
2022-03-15,6.46,6.65,6.4,6.51,5.590396,1560900,0.0,0.0
2022-03-16,6.54,6.65,6.38,6.54,5.616158,1034900,0.0,0.0
2022-03-17,6.52,6.76,6.46,6.73,5.779318,1277200,0.0,0.0
2022-03-18,6.66,6.92,6.66,6.87,5.899542,1073800,0.0,0.0
2022-03-21,6.99,7.06,6.87,6.99,6.00259,959200,0.0,0.0
2022-03-22,7.17,7.27,7.07,7.22,6.2001,1226000,0.0,0.0
2022-03-23,7.22,7.39,7.22,7.34,6.30315,1053700,0.0,0.0
2022-03-24,7.4,7.49,7.37,7.45,6.397611,1071400,0.0,0.0
2022-03-25,7.5,7.66,7.45,7.63,6.552184,1631700,0.0,0.0
2022-03-28,7.63,7.66,7.52,7.59,6.517834,1014700,0.0,0.0
2022-03-29,7.8,7.83,7.71,7.78,6.680996,1232700,0.0,0.0
2022-03-30,7.63,7.78,7.59,7.67,6.586534,898300,0.0,0.0
2022-03-31,7.85,7.96,7.81,7.91,6.792631,2445900,0.0,0.0
2022-04-01,8.15,8.43,8.13,8.41,7.222001,3321100,0.0,0.0
2022-04-04,8.49,8.62,8.39,8.58,7.367986,2005400,0.0,0.0
2022-04-05,8.46,8.48,8.11,8.16,7.007316,1941200,0.0,0.0
2022-04-06,7.94,8.37,7.85,8.26,7.09319,4050400,0.0,0.0
2022-04-07,8.44,8.69,8.29,8.53,7.325049,3163600,0.0,0.0
2022-04-08,8.69,9.07,8.68,9.01,7.737245,4754400,0.0,0.0
2022-04-11,8.84,9.05,8.81,8.91,7.651371,4569100,0.0,0.0
2022-04-12,9.23,9.26,8.92,9.01,7.737245,2118500,0.0,0.0
2022-04-13,8.91,9.26,8.84,9.17,7.874643,2924000,0.0,0.0
2022-04-14,9.1,9.19,9.05,9.12,7.831706,2013300,0.0,0.0
2022-04-18,9.2,9.21,8.99,9.07,7.788768,1343300,0.0,0.0
2022-04-19,9.0,9.09,8.48,8.72,7.488209,2811300,0.0,0.0
2022-04-20,8.8,9.2,8.64,9.12,7.831706,4395000,0.0,0.0
2022-04-21,9.08,9.15,8.74,8.74,7.505386,1987200,0.0,0.0
2022-04-22,8.6,8.61,8.26,8.32,7.144714,6772400,0.0,0.0
2022-04-25,8.14,8.46,8.05,8.4,7.213414,2543500,0.0,0.0
2022-04-26,8.25,8.28,8.06,8.07,6.930029,2202400,0.0,0.0
2022-04-27,8.09,8.28,8.06,8.19,7.033077,1236400,0.0,0.0
2022-04-28,8.13,8.41,8.11,8.34,7.16189,1054900,0.0,0.0
2022-04-29,8.56,8.74,8.28,8.29,7.118952,1513800,0.0,0.0
2022-05-02,8.11,8.11,7.57,7.85,6.741107,1991900,0.0,0.0
2022-05-03,7.9,8.01,7.79,7.9,6.784043,831000,0.0,0.0
2022-05-04,7.53,8.07,7.51,8.05,7.047561,2290300,0.151,0.0
2022-05-05,7.92,7.94,7.58,7.73,6.767409,1886400,0.0,0.0
2022-05-06,7.68,7.85,7.56,7.61,6.662353,846500,0.0,0.0
2022-05-09,7.46,7.63,7.4,7.49,6.557295,1798800,0.0,0.0
2022-05-10,7.7,7.83,7.64,7.73,6.767409,2116400,0.0,0.0
2022-05-11,7.74,7.84,7.66,7.68,6.723636,1558200,0.0,0.0
2022-05-12,7.62,7.81,7.54,7.76,6.793674,1733900,0.0,0.0
2022-05-13,7.82,8.23,7.81,8.18,7.161373,1292400,0.0,0.0
2022-05-16,8.2,8.33,8.12,8.25,7.222655,1331700,0.0,0.0
2022-05-17,8.5,8.82,8.49,8.78,7.686656,1887700,0.0,0.0
2022-05-18,8.63,8.74,8.24,8.5,7.441524,2193900,0.0,0.0
2022-05-19,8.76,9.04,8.74,8.93,7.817978,3557200,0.0,0.0
2022-05-20,8.9,9.02,8.81,9.0,7.879261,3078200,0.0,0.0
2022-05-23,9.05,9.19,8.98,9.1,7.966807,3018400,0.0,0.0
2022-05-24,9.16,9.21,8.96,9.2,8.054356,3547800,0.0,0.0
2022-05-25,9.3,9.39,9.15,9.25,8.098128,3386900,0.0,0.0
2022-05-26,9.35,9.35,9.03,9.23,8.08062,3244300,0.0,0.0
2022-05-27,9.23,9.29,9.07,9.1,7.966807,3193000,0.0,0.0
2022-05-31,9.08,9.12,8.77,8.79,7.695411,3349500,0.0,0.0
2022-06-01,8.85,8.91,8.64,8.87,7.765449,3916500,0.0,0.0
2022-06-02,8.92,9.06,8.8,8.96,7.844242,4064900,0.0,0.0
2022-06-03,8.8,8.88,8.71,8.75,7.660392,1442100,0.0,0.0
2022-06-06,8.78,8.82,8.53,8.66,7.5816,2071200,0.0,0.0
2022-06-07,8.48,8.6,8.4,8.55,7.485298,1646200,0.0,0.0
2022-06-08,8.56,8.76,8.52,8.65,7.572844,3409000,0.0,0.0
2022-06-09,8.57,8.99,8.54,8.68,7.59911,4114100,0.0,0.0
2022-06-10,8.15,8.37,8.15,8.22,7.196392,11336500,0.0,0.0
2022-06-13,7.91,7.97,7.76,7.85,6.872467,2583200,0.0,0.0
2022-06-14,8.1,8.18,7.98,8.11,7.100089,4565700,0.0,0.0
2022-06-15,8.28,8.5,8.21,8.47,7.41526,2372900,0.0,0.0
2022-06-16,8.21,8.34,8.1,8.19,7.170126,1938800,0.0,0.0
2022-06-17,8.26,8.49,8.18,8.45,7.39775,2901900,0.0,0.0
2022-06-21,8.57,8.75,8.53,8.55,7.485298,2035500,0.0,0.0
2022-06-22,8.58,8.78,8.54,8.64,7.56409,2299700,0.0,0.0
2022-06-23,8.57,8.61,8.39,8.5,7.441524,2240500,0.0,0.0
2022-06-24,8.47,8.54,8.41,8.5,7.441524,1217500,0.0,0.0
2022-06-27,8.51,8.74,8.47,8.71,7.625373,2023900,0.0,0.0
2022-06-28,8.78,8.87,8.65,8.7,7.616619,2409300,0.0,0.0
2022-06-29,8.84,8.93,8.72,8.88,7.774204,2112900,0.0,0.0
2022-06-30,8.73,9.01,8.68,8.87,7.765449,2534500,0.0,0.0
2022-07-01,8.79,9.0,8.64,8.71,7.625373,3836600,0.0,0.0
2022-07-05,8.36,8.39,8.15,8.38,7.336467,4334700,0.0,0.0
2022-07-06,8.31,8.33,8.04,8.18,7.161373,1815900,0.0,0.0
2022-07-07,8.36,8.53,8.35,8.42,7.371486,1666400,0.0,0.0
2022-07-08,8.47,8.48,8.3,8.39,7.345222,2035100,0.0,0.0
2022-07-11,8.19,8.23,7.82,7.92,6.93375,3987500,0.0,0.0
2022-07-12,7.77,8.02,7.67,7.91,6.924994,1701100,0.0,0.0
2022-07-13,7.91,8.19,7.91,8.03,7.030051,2249500,0.0,0.0
2022-07-14,7.86,8.06,7.8,8.06,7.056315,2063500,0.0,0.0
2022-07-15,8.0,8.23,7.85,8.23,7.205146,1749600,0.0,0.0
2022-07-18,8.3,8.37,8.07,8.1,7.091334,1669700,0.0,0.0
2022-07-19,8.22,8.3,8.15,8.22,7.196392,1528800,0.0,0.0
2022-07-20,8.34,8.41,8.12,8.17,7.152617,1252400,0.0,0.0
2022-07-21,8.06,8.18,8.03,8.15,7.135108,1096500,0.0,0.0
2022-07-22,8.16,8.25,8.07,8.16,7.143863,1471700,0.0,0.0
2022-07-25,8.26,8.44,8.26,8.42,7.371486,730000,0.0,0.0
2022-07-26,8.42,8.48,8.35,8.42,7.371486,674600,0.0,0.0
2022-07-27,8.52,8.73,8.49,8.69,7.607863,968500,0.0,0.0
2022-07-28,8.78,8.9,8.67,8.88,7.774204,1086300,0.0,0.0
2022-07-29,8.79,9.02,8.79,8.96,7.844242,722700,0.0,0.0
2022-08-01,8.92,9.15,8.88,9.01,7.888016,1156900,0.0,0.0
2022-08-02,9.07,9.08,8.91,8.96,7.844242,1023600,0.0,0.0
2022-08-03,8.88,9.07,8.77,8.96,7.844242,1885800,0.0,0.0
2022-08-04,9.08,9.38,9.08,9.3,8.141902,2205600,0.0,0.0
2022-08-05,9.22,9.39,9.15,9.35,8.185677,1086600,0.0,0.0
2022-08-08,9.46,9.63,9.46,9.51,8.325751,1475800,0.0,0.0
2022-08-09,9.55,9.6,9.4,9.48,8.299488,1132000,0.0,0.0
2022-08-10,9.67,9.72,9.36,9.46,8.281979,1872400,0.0,0.0
2022-08-11,9.48,9.52,9.11,9.15,8.010581,1963700,0.0,0.0
2022-08-12,9.28,9.29,9.09,9.27,8.11564,1754600,0.0,0.0
2022-08-15,9.16,9.66,9.13,9.61,8.4133,970100,0.0,0.0
2022-08-16,9.49,9.52,9.34,9.49,8.308244,1702400,0.0,0.0
2022-08-17,9.42,9.67,9.4,9.66,8.457074,2452200,0.0,0.0
2022-08-18,9.73,9.8,9.52,9.59,8.39579,1735600,0.0,0.0
2022-08-19,9.42,9.44,9.3,9.34,8.176922,1785600,0.0,0.0
2022-08-22,9.3,9.31,9.14,9.27,8.11564,2028000,0.0,0.0
2022-08-23,9.37,9.55,9.34,9.35,8.185677,1861300,0.0,0.0
2022-08-24,9.35,9.52,9.32,9.38,8.21194,958000,0.0,0.0
2022-08-25,9.28,9.31,9.1,9.19,8.0456,763700,0.0,0.0
2022-08-26,9.2,9.26,9.08,9.18,8.036845,1157600,0.0,0.0
2022-08-29,9.17,9.42,9.17,9.34,8.176922,823400,0.0,0.0
2022-08-30,9.34,9.35,9.02,9.04,7.914279,1199100,0.0,0.0
2022-08-31,8.94,9.19,8.91,8.94,7.826732,1129500,0.0,0.0
2022-09-01,9.08,9.11,8.82,8.97,7.852996,1381000,0.0,0.0
2022-09-02,9.04,9.11,8.94,8.99,7.870506,1075600,0.0,0.0
2022-09-06,8.73,8.75,8.6,8.64,7.56409,1471000,0.0,0.0
2022-09-07,8.57,8.79,8.54,8.74,7.651637,686000,0.0,0.0
2022-09-08,8.73,8.87,8.57,8.73,7.642882,1534000,0.0,0.0
2022-09-09,8.8,8.9,8.77,8.83,7.730431,1038300,0.0,0.0
2022-09-12,9.0,9.18,8.99,9.08,7.949298,1277000,0.0,0.0
2022-09-13,8.83,9.04,8.76,8.77,7.677903,1392300,0.0,0.0
2022-09-14,8.78,8.86,8.75,8.82,7.721675,1030000,0.0,0.0
2022-09-15,8.69,8.75,8.53,8.55,7.485298,1157000,0.0,0.0
2022-09-16,8.43,8.54,8.32,8.45,7.39775,1953600,0.0,0.0
2022-09-19,8.34,8.63,8.3,8.58,7.511561,1137400,0.0,0.0
2022-09-20,8.51,8.63,8.45,8.58,7.511561,1658900,0.0,0.0
2022-09-21,8.63,8.78,8.48,8.61,7.537825,1593600,0.0,0.0
2022-09-22,8.65,9.1,8.63,9.06,7.93179,1750700,0.0,0.0
2022-09-23,8.82,8.87,8.7,8.76,7.669148,1441500,0.0,0.0
2022-09-26,8.56,8.62,8.26,8.36,7.318957,4471300,0.0,0.0
2022-09-27,8.34,8.36,8.07,8.14,7.126354,1946700,0.0,0.0
2022-09-28,8.19,8.19,7.96,8.05,7.047561,2991700,0.0,0.0
2022-09-29,7.85,7.98,7.68,7.94,6.951259,2357900,0.0,0.0
2022-09-30,7.95,8.12,7.89,8.03,7.030051,6501600,0.0,0.0
2022-10-03,8.58,8.9,8.47,8.88,7.774204,2830900,0.0,0.0
2022-10-04,8.88,8.93,8.61,8.64,7.56409,4265500,0.0,0.0
2022-10-05,8.54,8.61,8.44,8.55,7.485298,1492200,0.0,0.0
2022-10-06,8.61,8.91,8.6,8.8,7.704167,2258800,0.0,0.0
2022-10-07,8.71,8.82,8.63,8.73,7.642882,1957200,0.0,0.0
2022-10-10,8.79,8.9,8.78,8.87,7.765449,2015100,0.0,0.0
2022-10-11,8.85,8.91,8.61,8.66,7.5816,2065300,0.0,0.0
2022-10-12,8.66,8.66,8.36,8.38,7.336467,1664200,0.0,0.0
2022-10-13,8.32,8.72,8.3,8.58,7.511561,1958800,0.0,0.0
2022-10-14,8.57,8.6,8.18,8.22,7.196392,2314900,0.0,0.0
2022-10-17,8.44,8.78,8.41,8.67,7.590355,4176700,0.0,0.0
2022-10-18,8.82,9.01,8.72,8.99,7.870506,2884100,0.0,0.0
2022-10-19,8.94,9.08,8.89,9.05,7.923035,2563200,0.0,0.0
2022-10-20,9.13,9.27,9.11,9.24,8.089374,3267300,0.0,0.0
2022-10-21,9.18,9.54,9.15,9.29,8.133148,12836400,0.0,0.0
2022-10-24,9.19,9.21,8.89,9.13,7.993072,3319000,0.0,0.0
2022-10-25,8.89,9.04,8.84,8.86,7.756694,2196800,0.0,0.0
2022-10-26,8.79,8.87,8.41,8.42,7.371486,1899000,0.0,0.0
2022-10-27,8.65,9.18,8.64,8.94,7.826732,4079300,0.0,0.0
2022-10-28,8.91,9.13,8.82,9.05,7.923035,4147800,0.0,0.0
2022-10-31,8.84,9.66,8.84,9.57,8.378281,5326400,0.0,0.0
2022-11-01,9.49,9.85,9.44,9.67,8.465827,2996800,0.0,0.0
2022-11-02,9.64,9.72,9.34,9.34,8.176922,2200800,0.0,0.0
2022-11-03,9.39,9.96,9.38,9.88,8.649678,2590900,0.0,0.0
2022-11-04,10.22,10.39,10.02,10.2,8.929829,3648000,0.0,0.0
2022-11-07,10.0,10.04,9.45,9.5,8.316997,3321100,0.0,0.0
2022-11-08,9.45,9.61,9.41,9.49,8.308244,1605700,0.0,0.0
2022-11-09,9.43,9.57,9.29,9.36,8.194431,2566200,0.0,0.0
2022-11-10,8.61,8.63,8.13,8.33,7.292693,4397700,0.0,0.0
2022-11-11,8.48,8.71,8.29,8.4,7.353976,3130600,0.0,0.0
2022-11-14,8.42,8.66,8.38,8.45,7.39775,3269200,0.0,0.0
2022-11-15,8.51,8.53,8.35,8.39,7.345222,2404800,0.0,0.0
2022-11-16,8.31,8.4,8.04,8.05,7.047561,3153600,0.0,0.0
2022-11-17,7.72,8.07,7.7,8.01,7.012542,3668400,0.0,0.0
2022-11-18,8.18,8.24,8.07,8.13,7.117599,1388500,0.0,0.0
2022-11-21,8.31,8.66,8.2,8.58,7.511561,2852800,0.0,0.0
2022-11-22,8.62,8.66,8.34,8.41,7.362731,1518200,0.0,0.0
2022-11-23,8.3,8.43,8.2,8.4,7.353976,1217300,0.0,0.0
2022-11-25,8.62,8.62,8.37,8.45,7.39775,700900,0.0,0.0
2022-11-28,8.37,8.56,8.35,8.52,7.459033,897300,0.0,0.0
2022-11-29,8.56,8.87,8.56,8.8,7.704167,1275300,0.0,0.0
2022-11-30,8.76,8.97,8.57,8.96,7.844242,2463600,0.0,0.0
2022-12-01,8.97,9.04,8.77,8.85,7.74794,1602100,0.0,0.0
2022-12-02,8.97,9.16,8.4,8.45,7.39775,3789900,0.0,0.0
2022-12-05,8.21,8.22,8.03,8.1,7.091334,1711500,0.0,0.0
2022-12-06,8.15,8.28,8.13,8.23,7.205146,1018100,0.0,0.0
2022-12-07,8.48,8.57,8.39,8.42,7.371486,1643100,0.0,0.0
2022-12-08,8.36,8.38,8.15,8.19,7.170126,1066800,0.0,0.0
2022-12-09,8.14,8.22,8.08,8.09,7.082581,560100,0.0,0.0
2022-12-12,7.81,7.88,7.58,7.85,6.872467,2393500,0.0,0.0
2022-12-13,8.11,8.19,7.76,7.85,6.872467,2742000,0.0,0.0
2022-12-14,7.73,7.93,7.53,7.87,6.889975,3244200,0.0,0.0
2022-12-15,7.82,7.97,7.66,7.73,6.767409,2152300,0.0,0.0
2022-12-16,7.81,7.84,7.58,7.63,6.679862,4370500,0.0,0.0
2022-12-19,7.7,7.93,7.68,7.87,6.889975,1943800,0.0,0.0
2022-12-20,8.12,8.26,8.06,8.14,7.126354,1410200,0.0,0.0
2022-12-21,8.14,8.23,8.05,8.15,7.135108,1107900,0.0,0.0
2022-12-22,8.15,8.26,8.11,8.23,7.205146,1202300,0.0,0.0
2022-12-23,8.47,8.57,8.32,8.42,7.371486,1454200,0.0,0.0
2022-12-27,7.86,7.99,7.75,7.81,6.837447,1603600,0.0,0.0
2022-12-28,7.92,8.13,7.87,8.06,7.056315,1339700,0.0,0.0
2022-12-29,8.19,8.23,7.88,7.97,6.977522,1997600,0.0,0.0
2022-12-30,7.94,8.11,7.91,7.93,6.942503,1294200,0.0,0.0
2023-01-03,7.53,7.68,7.26,7.27,6.364691,3718100,0.0,0.0
2023-01-04,7.47,7.67,7.41,7.52,6.58356,1768900,0.0,0.0
2023-01-05,7.56,7.69,7.52,7.69,6.732391,1168000,0.0,0.0
2023-01-06,7.83,7.89,7.75,7.84,6.863711,788500,0.0,0.0
2023-01-09,7.72,7.96,7.7,7.82,6.846202,945600,0.0,0.0
2023-01-10,7.84,7.9,7.67,7.89,6.907485,1316200,0.0,0.0
2023-01-11,7.94,8.27,7.93,8.19,7.170126,1467100,0.0,0.0
2023-01-12,8.35,8.5,8.2,8.32,7.283938,1376000,0.0,0.0
2023-01-13,8.17,8.25,8.13,8.17,7.152617,466900,0.0,0.0
2023-01-17,8.06,8.19,8.03,8.15,7.135108,1283300,0.0,0.0
2023-01-18,8.24,8.3,8.02,8.09,7.082581,937700,0.0,0.0
2023-01-19,7.92,8.1,7.83,8.03,7.030051,1239400,0.0,0.0
2023-01-20,7.9,7.92,7.8,7.85,6.872467,1128400,0.0,0.0
2023-01-23,7.85,8.05,7.81,7.89,6.907485,763700,0.0,0.0
2023-01-24,8.04,8.12,7.95,8.08,7.073825,828500,0.0,0.0
2023-01-25,8.07,8.4,8.07,8.4,7.353976,1047500,0.0,0.0
2023-01-26,8.43,8.48,8.36,8.43,7.380241,568400,0.0,0.0
2023-01-27,8.24,8.28,8.07,8.14,7.126354,818400,0.0,0.0
2023-01-30,8.13,8.14,7.9,7.93,6.942503,1139100,0.0,0.0
2023-01-31,8.06,8.06,7.92,8.05,7.047561,995500,0.0,0.0
2023-02-01,7.91,7.96,7.67,7.88,6.898731,1892600,0.0,0.0
2023-02-02,8.14,8.19,7.7,7.7,6.741145,2022300,0.0,0.0
2023-02-03,7.57,7.66,7.39,7.46,6.531032,1761500,0.0,0.0
2023-02-06,7.3,7.44,7.27,7.41,6.487258,985900,0.0,0.0
2023-02-07,7.31,7.34,7.07,7.12,6.23337,2883100,0.0,0.0
2023-02-08,7.13,7.21,7.04,7.19,6.294653,3117700,0.0,0.0
2023-02-09,7.1,7.1,6.9,6.91,6.049521,2469500,0.0,0.0
2023-02-10,7.0,7.16,6.94,7.11,6.224617,2270200,0.0,0.0
2023-02-13,7.12,7.23,7.08,7.13,6.242126,999600,0.0,0.0
2023-02-14,7.0,7.06,6.74,6.85,5.996994,2234400,0.0,0.0
2023-02-15,6.86,6.98,6.8,6.93,6.06703,1265400,0.0,0.0
2023-02-16,6.7,6.91,6.6,6.88,6.023257,1971300,0.0,0.0
2023-02-17,6.93,7.06,6.91,6.97,6.102049,869400,0.0,0.0
2023-02-21,6.96,7.0,6.74,6.75,5.909446,704000,0.0,0.0
2023-02-22,6.78,6.88,6.71,6.77,5.926955,1391300,0.0,0.0
2023-02-23,6.84,6.89,6.72,6.83,5.979483,823400,0.0,0.0
2023-02-24,6.75,6.75,6.63,6.71,5.874426,982600,0.0,0.0
2023-02-27,6.66,6.78,6.63,6.7,5.865671,1355300,0.0,0.0
2023-02-28,6.62,6.66,6.52,6.57,5.75186,1409100,0.0,0.0
2023-03-01,6.5,6.52,6.36,6.52,5.708086,2241300,0.0,0.0
2023-03-02,6.45,6.53,6.4,6.43,5.629294,1410400,0.0,0.0
2023-03-03,6.43,6.45,6.34,6.37,5.576766,2732600,0.0,0.0
2023-03-06,6.3,6.47,6.26,6.46,5.655558,3898700,0.0,0.0
2023-03-07,6.31,6.34,6.19,6.27,5.489218,1397100,0.0,0.0
2023-03-08,6.42,6.53,6.38,6.45,5.646803,1301500,0.0,0.0
2023-03-09,6.44,6.44,6.23,6.26,5.480464,1773500,0.0,0.0
2023-03-10,6.12,6.29,6.11,6.12,5.357897,1368500,0.0,0.0
2023-03-13,6.0,6.21,6.0,6.08,5.322878,2048400,0.0,0.0
2023-03-14,6.07,6.22,5.97,6.13,5.366652,1244300,0.0,0.0
2023-03-15,6.04,6.46,6.02,6.4,5.60303,3146800,0.0,0.0
2023-03-16,6.45,6.58,6.38,6.45,5.646803,2192200,0.0,0.0
2023-03-17,6.22,6.27,6.12,6.14,5.375407,2671200,0.0,0.0
2023-03-20,6.12,6.18,6.06,6.11,5.349143,2393300,0.0,0.0
2023-03-21,6.16,6.19,5.89,5.91,5.174047,2336900,0.0,0.0
2023-03-22,5.91,6.05,5.84,5.86,5.130274,1620400,0.0,0.0
2023-03-23,5.92,5.93,5.67,5.75,5.033972,1523500,0.0,0.0
2023-03-24,5.79,6.02,5.74,5.92,5.182802,1319800,0.0,0.0
2023-03-27,5.98,6.17,5.96,6.13,5.366652,1203500,0.0,0.0
2023-03-28,6.36,6.59,6.35,6.48,5.673067,2089500,0.0,0.0
2023-03-29,6.39,6.56,6.31,6.48,5.673067,1376500,0.0,0.0
2023-03-30,6.69,6.72,6.47,6.61,5.786879,1662200,0.0,0.0
2023-03-31,6.67,6.71,6.57,6.63,5.804389,1887800,0.0,0.0
2023-04-03,6.55,6.59,6.48,6.52,5.708086,843100,0.0,0.0
2023-04-04,6.56,6.66,6.52,6.59,5.76937,835400,0.0,0.0
2023-04-05,6.6,6.69,6.52,6.55,5.734351,710500,0.0,0.0
2023-04-06,6.54,6.56,6.46,6.51,5.699332,575300,0.0,0.0
2023-04-10,6.51,6.6,6.48,6.6,5.778124,936200,0.0,0.0
2023-04-11,6.8,6.93,6.77,6.86,6.005748,1099500,0.0,0.0
2023-04-12,7.03,7.31,7.02,7.12,6.23337,2300300,0.0,0.0
2023-04-13,7.09,7.19,7.08,7.15,6.259635,1037600,0.0,0.0
2023-04-14,6.96,7.22,6.92,7.12,6.23337,2113300,0.0,0.0
2023-04-17,6.88,6.89,6.75,6.84,5.988238,1815700,0.0,0.0
2023-04-18,6.82,6.99,6.78,6.92,6.058276,1565200,0.0,0.0
2023-04-19,6.76,6.81,6.64,6.68,5.848162,1087600,0.0,0.0
2023-04-20,6.63,6.73,6.6,6.68,5.848162,1381800,0.0,0.0
2023-04-21,6.7,6.75,6.56,6.63,5.804389,771700,0.0,0.0
2023-04-24,6.63,6.88,6.57,6.81,5.961974,1293500,0.0,0.0
2023-04-25,6.77,6.79,6.65,6.74,5.900691,831600,0.0,0.0
2023-04-26,6.72,6.84,6.67,6.75,5.909446,737100,0.0,0.0
2023-04-27,6.8,6.89,6.74,6.82,5.970729,540000,0.0,0.0
2023-04-28,6.75,6.88,6.71,6.72,5.883181,1357800,0.0,0.0
2023-05-01,6.75,6.97,6.71,6.73,5.891936,1122400,0.0,0.0
2023-05-02,6.81,6.86,6.61,6.66,5.830653,1154800,0.0,0.0
2023-05-03,6.67,6.68,6.58,6.64,5.813143,1339300,0.0,0.0
2023-05-04,6.8,6.84,6.66,6.77,5.926955,2462000,0.0,0.0
2023-05-05,6.8,6.91,6.74,6.9,6.080284,1284400,0.044,0.0
2023-05-08,6.7,6.83,6.6,6.69,5.895232,1292400,0.0,0.0
2023-05-09,6.62,7.03,6.55,6.97,6.141968,3400000,0.0,0.0
2023-05-10,7.09,7.34,7.07,7.24,6.379892,1935000,0.0,0.0
2023-05-11,7.18,7.42,7.13,7.29,6.423953,1397600,0.0,0.0
2023-05-12,7.28,7.31,7.14,7.17,6.318208,1833500,0.0,0.0
2023-05-15,7.2,7.34,7.14,7.27,6.406329,848100,0.0,0.0
2023-05-16,7.38,7.47,7.11,7.12,6.274148,1499700,0.0,0.0
2023-05-17,7.21,7.22,6.96,7.01,6.177216,1447700,0.0,0.0
2023-05-18,6.98,7.07,6.87,6.91,6.089096,833600,0.0,0.0
2023-05-19,6.89,7.08,6.89,7.0,6.168404,995700,0.0,0.0
2023-05-22,7.13,7.28,7.07,7.18,6.32702,1043900,0.0,0.0
2023-05-23,7.2,7.33,7.17,7.2,6.344644,1129400,0.0,0.0
2023-05-24,7.22,7.25,6.99,7.01,6.177216,2818600,0.0,0.0
2023-05-25,7.24,7.31,7.08,7.12,6.274148,1951000,0.0,0.0
2023-05-26,7.1,7.2,6.96,7.09,6.247713,1412500,0.0,0.0
2023-05-30,6.87,6.93,6.78,6.89,6.071472,1151400,0.0,0.0
2023-05-31,6.94,7.0,6.86,6.98,6.15078,989300,0.0,0.0
2023-06-01,6.9,7.09,6.83,7.05,6.212464,1239100,0.0,0.0
2023-06-02,7.23,7.31,7.19,7.29,6.423953,1050700,0.0,0.0
2023-06-05,7.3,7.41,7.28,7.36,6.485636,1368200,0.0,0.0
2023-06-06,7.5,7.77,7.48,7.71,6.794057,1408000,0.0,0.0
2023-06-07,7.81,7.83,7.63,7.69,6.776433,1516700,0.0,0.0
2023-06-08,7.64,7.7,7.63,7.68,6.76762,368100,0.0,0.0
2023-06-09,7.72,7.99,7.72,7.85,6.917424,785200,0.0,0.0
2023-06-12,7.89,8.05,7.83,8.0,7.049604,2342900,0.0,0.0
2023-06-13,8.0,8.03,7.84,7.88,6.943861,1112500,0.0,0.0
2023-06-14,7.95,8.17,7.94,8.11,7.146536,2633000,0.0,0.0
2023-06-15,8.12,8.34,8.04,8.26,7.278717,1306300,0.0,0.0
2023-06-16,8.05,8.18,8.01,8.01,7.058416,3037500,0.0,0.0
2023-06-20,8.19,8.24,8.1,8.18,7.208221,1653500,0.0,0.0
2023-06-21,8.22,8.36,8.2,8.29,7.305152,1608500,0.0,0.0
2023-06-22,8.23,8.25,8.07,8.15,7.181784,1165100,0.0,0.0
2023-06-23,8.13,8.4,8.12,8.32,7.331588,1091800,0.0,0.0
2023-06-26,8.2,8.23,8.09,8.15,7.181784,615500,0.0,0.0
2023-06-27,8.17,8.18,7.84,7.99,7.040792,1151200,0.0,0.0
2023-06-28,7.94,8.03,7.88,7.89,6.952672,778000,0.0,0.0
2023-06-29,7.9,7.98,7.84,7.96,7.014357,814600,0.0,0.0
2023-06-30,8.05,8.32,8.05,8.27,7.287529,1246000,0.0,0.0
2023-07-03,8.27,8.36,8.25,8.31,7.322777,400300,0.0,0.0
2023-07-05,8.22,8.32,8.15,8.2,7.225844,1059700,0.0,0.0
2023-07-06,8.06,8.08,7.88,7.91,6.970296,796000,0.0,0.0
2023-07-07,7.98,8.23,7.98,8.13,7.164161,821500,0.0,0.0
2023-07-10,8.06,8.11,8.0,8.01,7.058416,570900,0.0,0.0
2023-07-11,7.84,7.98,7.74,7.95,7.005544,970600,0.0,0.0
2023-07-12,8.04,8.15,7.89,7.91,6.970296,1509800,0.0,0.0
2023-07-13,8.01,8.13,7.99,8.08,7.1201,856300,0.0,0.0
2023-07-14,8.08,8.08,7.9,7.92,6.979108,585000,0.0,0.0
2023-07-17,7.85,7.95,7.78,7.9,6.961484,509300,0.0,0.0
2023-07-18,7.81,7.93,7.81,7.91,6.970296,585300,0.0,0.0
2023-07-19,7.85,7.95,7.76,7.89,6.952672,768200,0.0,0.0
2023-07-20,7.94,7.94,7.81,7.86,6.926237,571000,0.0,0.0
2023-07-21,7.97,8.13,7.97,8.06,7.102477,546700,0.0,0.0
2023-07-24,8.07,8.24,8.03,8.12,7.155348,888900,0.0,0.0
2023-07-25,8.26,8.26,8.11,8.13,7.164161,578700,0.0,0.0
2023-07-26,8.13,8.34,8.12,8.29,7.305152,885400,0.0,0.0
2023-07-27,8.3,8.32,8.0,8.02,7.067229,945800,0.0,0.0
2023-07-28,8.08,8.1,7.97,8.0,7.049604,586600,0.0,0.0
2023-07-31,8.09,8.25,8.08,8.12,7.155348,651600,0.0,0.0
2023-08-01,7.95,8.02,7.84,7.93,6.98792,712400,0.0,0.0
2023-08-02,7.93,7.99,7.85,7.92,6.979108,1062100,0.0,0.0
2023-08-03,7.63,7.69,7.42,7.42,6.538508,1177100,0.0,0.0
2023-08-04,7.52,7.68,7.42,7.43,6.54732,1163600,0.0,0.0
2023-08-07,7.39,7.44,7.31,7.36,6.485636,704100,0.0,0.0
2023-08-08,7.49,7.53,7.41,7.49,6.600193,995600,0.0,0.0
2023-08-09,7.48,7.78,7.39,7.52,6.626628,1182100,0.0,0.0
2023-08-10,7.66,7.76,7.59,7.61,6.705936,494200,0.0,0.0
2023-08-11,7.62,7.64,7.43,7.47,6.582568,1054800,0.0,0.0
2023-08-14,7.42,7.42,7.28,7.32,6.450388,573800,0.0,0.0
2023-08-15,7.08,7.09,6.99,7.01,6.177216,1454800,0.0,0.0
2023-08-16,7.05,7.06,6.71,6.8,5.992164,3231200,0.0,0.0
2023-08-17,6.82,6.96,6.78,6.93,6.10672,1207700,0.0,0.0
2023-08-18,6.94,7.02,6.91,6.95,6.124344,639400,0.0,0.0
2023-08-21,6.84,6.85,6.76,6.81,6.000976,1101300,0.0,0.0
2023-08-22,6.86,6.93,6.82,6.89,6.071472,888300,0.0,0.0
2023-08-23,7.18,7.52,7.12,7.46,6.573756,2362400,0.0,0.0
2023-08-24,7.6,7.71,7.49,7.55,6.653064,1403600,0.0,0.0
2023-08-25,7.5,7.54,7.41,7.46,6.573756,889900,0.0,0.0
2023-08-28,7.41,7.48,7.36,7.46,6.573756,442500,0.0,0.0
2023-08-29,7.45,7.52,7.39,7.49,6.600193,765200,0.0,0.0
2023-08-30,7.55,7.57,7.41,7.43,6.54732,484900,0.0,0.0
2023-08-31,7.29,7.29,7.08,7.11,6.265337,650200,0.0,0.0
2023-09-01,7.19,7.24,7.15,7.16,6.309396,432100,0.0,0.0
2023-09-05,7.0,7.09,6.95,7.0,6.168404,560700,0.0,0.0
2023-09-06,6.98,7.02,6.82,6.85,6.036224,511200,0.0,0.0
2023-09-07,6.85,6.87,6.78,6.78,5.97454,376600,0.0,0.0
2023-09-08,6.78,6.89,6.71,6.87,6.053848,611800,0.0,0.0
2023-09-11,6.97,7.1,6.94,7.08,6.2389,501600,0.0,0.0
2023-09-12,7.04,7.23,7.04,7.2,6.344644,427800,0.0,0.0
2023-09-13,7.28,7.57,7.28,7.4,6.520885,1025300,0.0,0.0
2023-09-14,7.44,7.55,7.35,7.51,6.617817,670500,0.0,0.0
2023-09-15,7.47,7.48,7.32,7.33,6.4592,1253800,0.0,0.0
2023-09-18,7.35,7.38,7.25,7.35,6.476824,653300,0.0,0.0
2023-09-19,7.4,7.4,7.24,7.26,6.397516,588600,0.0,0.0
2023-09-20,7.32,7.44,7.29,7.41,6.529696,672600,0.0,0.0
2023-09-21,7.13,7.25,7.05,7.07,6.230088,999600,0.0,0.0
2023-09-22,7.08,7.17,7.03,7.08,6.2389,662000,0.0,0.0
2023-09-25,7.05,7.24,7.04,7.2,6.344644,1293300,0.0,0.0
2023-09-26,7.38,7.56,7.25,7.26,6.397516,1527400,0.0,0.0
2023-09-27,7.19,7.23,6.87,7.0,6.168404,1866000,0.0,0.0
2023-09-28,7.02,7.2,6.95,7.15,6.300584,1052900,0.0,0.0
2023-09-29,7.26,7.32,7.23,7.31,6.441576,2136300,0.0,0.0
2023-10-02,7.26,7.26,7.08,7.09,6.247713,808100,0.0,0.0
2023-10-03,7.05,7.09,6.8,6.83,6.0186,1414800,0.0,0.0
2023-10-04,6.85,6.93,6.74,6.84,6.027412,703700,0.0,0.0
2023-10-05,6.82,6.89,6.66,6.73,5.93048,766100,0.0,0.0
2023-10-06,6.58,6.75,6.45,6.72,5.921668,1412900,0.0,0.0
2023-10-09,6.6,6.93,6.6,6.88,6.06266,954800,0.0,0.0
2023-10-10,7.01,7.16,6.97,7.16,6.309396,798100,0.0,0.0
2023-10-11,7.13,7.2,7.08,7.18,6.32702,669200,0.0,0.0
2023-10-12,7.16,7.21,6.98,7.01,6.177216,463100,0.0,0.0
2023-10-13,7.13,7.19,6.96,6.99,6.159592,1512100,0.0,0.0
2023-10-16,7.01,7.09,6.95,7.04,6.203652,508400,0.0,0.0
2023-10-17,6.97,7.1,6.88,6.96,6.133156,1832700,0.0,0.0
2023-10-18,6.82,6.82,6.65,6.68,5.88642,983500,0.0,0.0
2023-10-19,6.67,6.85,6.67,6.73,5.93048,814100,0.0,0.0
2023-10-20,6.71,6.82,6.66,6.76,5.956916,1291900,0.0,0.0
2023-10-23,6.75,6.92,6.73,6.79,5.983352,562300,0.0,0.0
2023-10-24,6.85,6.99,6.84,6.92,6.097908,1149700,0.0,0.0
2023-10-25,6.91,6.91,6.77,6.85,6.036224,761700,0.0,0.0
2023-10-26,6.93,7.03,6.88,7.02,6.186028,481100,0.0,0.0
2023-10-27,7.2,7.26,6.8,6.84,6.027412,1057500,0.0,0.0
2023-10-30,6.99,7.06,6.75,6.8,5.992164,992600,0.0,0.0
2023-10-31,6.76,6.89,6.75,6.85,6.036224,913800,0.0,0.0
2023-11-01,6.91,7.27,6.91,7.23,6.37108,934700,0.0,0.0
2023-11-02,7.33,7.41,7.28,7.34,6.468012,983900,0.0,0.0
2023-11-03,7.51,7.62,7.41,7.53,6.63544,1694000,0.0,0.0
2023-11-06,7.42,7.58,7.41,7.54,6.644252,1014300,0.0,0.0
2023-11-07,7.69,7.8,7.67,7.68,6.76762,1600300,0.0,0.0
2023-11-08,7.76,7.84,7.54,7.61,6.705936,1790400,0.0,0.0
2023-11-09,7.69,7.73,7.49,7.52,6.626628,1227400,0.0,0.0
2023-11-10,7.63,7.71,7.55,7.6,6.697124,724300,0.0,0.0
2023-11-13,7.58,7.8,7.57,7.78,6.855741,627500,0.0,0.0
2023-11-14,8.01,8.13,7.99,8.1,7.137724,845700,0.0,0.0
2023-11-15,8.13,8.23,7.97,8.14,7.172973,1186500,0.0,0.0
2023-11-16,8.26,8.34,8.14,8.33,7.3404,1073800,0.0,0.0
2023-11-17,8.24,8.4,8.21,8.23,7.25228,848200,0.0,0.0
2023-11-20,8.24,8.39,8.24,8.36,7.366837,742700,0.0,0.0
2023-11-21,8.25,8.3,8.13,8.18,7.208221,673900,0.0,0.0
2023-11-22,8.23,8.31,8.11,8.19,7.217032,722500,0.0,0.0
2023-11-24,8.27,8.32,8.22,8.27,7.287529,352300,0.0,0.0
2023-11-27,8.31,8.43,8.23,8.4,7.402084,879700,0.0,0.0
2023-11-28,8.38,8.52,8.32,8.38,7.384461,620200,0.0,0.0
2023-11-29,8.31,8.41,8.27,8.29,7.305152,514400,0.0,0.0
2023-11-30,8.21,8.33,8.09,8.28,7.29634,1897600,0.0,0.0
2023-12-01,8.19,8.47,8.18,8.38,7.384461,903800,0.0,0.0
2023-12-04,8.31,8.37,8.18,8.24,7.261092,698600,0.0,0.0
2023-12-05,8.23,8.47,8.23,8.39,7.393273,1257500,0.0,0.0
2023-12-06,8.45,8.47,8.4,8.45,7.446145,814600,0.0,0.0
2023-12-07,8.5,8.5,8.4,8.41,7.410896,528200,0.0,0.0
2023-12-08,8.39,8.48,8.28,8.34,7.349213,1258500,0.0,0.0
2023-12-11,8.3,8.36,8.24,8.3,7.313964,784200,0.0,0.0
2023-12-12,8.26,8.27,8.14,8.19,7.217032,1330900,0.0,0.0
2023-12-13,8.26,8.54,8.22,8.54,7.525453,1518600,0.0,0.0
2023-12-14,8.5,8.52,8.39,8.47,7.463769,1252800,0.0,0.0
2023-12-15,8.4,8.41,8.23,8.25,7.269905,2066500,0.0,0.0
2023-12-18,8.35,8.49,8.29,8.46,7.454957,964300,0.0,0.0
2023-12-19,8.56,8.61,8.49,8.6,7.578325,624100,0.0,0.0
2023-12-20,8.53,8.55,8.32,8.32,7.331588,1403100,0.0,0.0
2023-12-21,8.48,8.55,8.43,8.54,7.525453,706100,0.0,0.0
2023-12-22,8.54,8.73,8.52,8.66,7.631197,566100,0.0,0.0
2023-12-26,8.71,8.77,8.69,8.74,7.701693,388600,0.0,0.0
2023-12-27,8.72,8.8,8.69,8.77,7.728129,437000,0.0,0.0
2023-12-28,8.76,8.82,8.65,8.68,7.648821,1009300,0.0,0.0
2023-12-29,8.65,8.65,8.55,8.62,7.595948,574600,0.0,0.0
2024-01-02,8.47,8.6,8.45,8.49,7.481392,836600,0.0,0.0
2024-01-03,8.47,8.57,8.46,8.47,7.463769,530600,0.0,0.0
2024-01-04,8.38,8.44,8.34,8.4,7.402084,463200,0.0,0.0
2024-01-05,8.45,8.56,8.43,8.48,7.472581,415200,0.0,0.0
2024-01-08,8.38,8.49,8.38,8.45,7.446145,622500,0.0,0.0
2024-01-09,8.43,8.51,8.39,8.48,7.472581,672300,0.0,0.0
2024-01-10,8.58,8.79,8.51,8.72,7.684069,820800,0.0,0.0
2024-01-11,8.88,8.96,8.71,8.87,7.816249,1442000,0.0,0.0
2024-01-12,8.95,8.99,8.8,8.88,7.825062,478400,0.0,0.0
2024-01-16,8.71,8.72,8.44,8.53,7.51664,1283600,0.0,0.0
2024-01-17,8.51,8.55,8.47,8.51,7.499017,414300,0.0,0.0
2024-01-18,8.46,8.46,8.29,8.31,7.322777,529800,0.0,0.0
2024-01-19,8.45,8.56,8.41,8.5,7.490205,787100,0.0,0.0
2024-01-22,8.4,8.43,8.12,8.17,7.199409,794200,0.0,0.0
2024-01-23,8.3,8.31,8.15,8.28,7.29634,1142800,0.0,0.0
2024-01-24,8.38,8.39,8.27,8.29,7.305152,475400,0.0,0.0
2024-01-25,8.37,8.4,8.32,8.38,7.384461,522000,0.0,0.0
2024-01-26,8.4,8.4,8.32,8.34,7.349213,597300,0.0,0.0
2024-01-29,8.4,8.43,8.25,8.3,7.313964,825900,0.0,0.0
2024-01-30,8.19,8.22,8.07,8.15,7.181784,856800,0.0,0.0
2024-01-31,8.27,8.43,8.23,8.26,7.278717,993800,0.0,0.0
2024-02-01,8.25,8.46,8.19,8.43,7.428521,820800,0.0,0.0
2024-02-02,8.2,8.24,8.11,8.21,7.234656,705000,0.0,0.0
2024-02-05,8.19,8.24,8.05,8.21,7.234656,424100,0.0,0.0
2024-02-06,8.5,8.72,8.5,8.71,7.675256,767500,0.0,0.0
2024-02-07,8.66,8.8,8.66,8.72,7.684069,712500,0.0,0.0
2024-02-08,8.7,8.72,8.56,8.58,7.5607,858100,0.0,0.0
2024-02-09,8.6,8.84,8.57,8.79,7.745753,1115700,0.0,0.0
2024-02-12,8.82,8.85,8.71,8.84,7.789813,391900,0.0,0.0
2024-02-13,8.72,8.78,8.46,8.51,7.499017,669400,0.0,0.0
2024-02-14,8.59,8.69,8.5,8.66,7.631197,834300,0.0,0.0
2024-02-15,8.66,8.69,8.58,8.6,7.578325,714900,0.0,0.0
2024-02-16,8.56,8.66,8.53,8.57,7.551889,465900,0.0,0.0
2024-02-20,8.78,9.11,8.78,9.04,7.966053,895400,0.0,0.0
2024-02-21,8.93,8.94,8.77,8.83,7.781001,697500,0.0,0.0
2024-02-22,8.88,8.91,8.73,8.76,7.719316,508700,0.0,0.0
2024-02-23,8.72,8.72,8.6,8.62,7.595948,372500,0.0,0.0
2024-02-26,8.67,8.72,8.61,8.68,7.648821,306600,0.0,0.0
2024-02-27,8.83,8.95,8.81,8.91,7.851497,511200,0.0,0.0
2024-02-28,8.78,8.87,8.74,8.82,7.772189,449500,0.0,0.0
2024-02-29,8.73,8.84,8.71,8.75,7.710505,487400,0.0,0.0
2024-03-01,8.8,8.91,8.71,8.82,7.772189,770200,0.0,0.0
2024-03-04,8.78,8.82,8.7,8.78,7.736941,557400,0.0,0.0
2024-03-05,8.84,8.95,8.75,8.8,7.754565,1080500,0.0,0.0
2024-03-06,8.88,8.89,8.78,8.81,7.763377,402200,0.0,0.0
2024-03-07,8.79,8.8,8.73,8.79,7.745753,325000,0.0,0.0
2024-03-08,8.65,8.76,8.61,8.69,7.657632,622000,0.0,0.0
2024-03-11,8.66,8.72,8.63,8.64,7.613573,642900,0.0,0.0
2024-03-12,8.67,8.84,8.63,8.77,7.728129,1037100,0.0,0.0
2024-03-13,8.7,8.82,8.66,8.73,7.69288,1421600,0.0,0.0
2024-03-14,8.88,8.92,8.75,8.82,7.772189,1009300,0.0,0.0
2024-03-15,8.72,8.72,8.41,8.59,7.569512,1543000,0.0,0.0
2024-03-18,8.61,8.63,8.23,8.23,7.25228,925900,0.0,0.0
2024-03-19,8.18,8.38,8.12,8.3,7.313964,1664600,0.0,0.0
2024-03-20,8.41,8.54,8.35,8.52,7.50783,1231600,0.0,0.0
2024-03-21,8.48,8.57,8.4,8.53,7.51664,1162500,0.0,0.0
2024-03-22,8.47,8.56,8.36,8.4,7.402084,545300,0.0,0.0
2024-03-25,8.4,8.55,8.37,8.5,7.490205,978500,0.0,0.0
2024-03-26,8.49,8.57,8.46,8.5,7.490205,622100,0.0,0.0
2024-03-27,8.51,8.52,8.27,8.39,7.393273,977400,0.0,0.0
2024-03-28,8.35,8.43,8.25,8.35,7.358025,1623600,0.0,0.0
2024-04-01,8.35,8.37,8.08,8.14,7.172973,821700,0.0,0.0
2024-04-02,8.08,8.14,8.02,8.1,7.137724,838500,0.0,0.0
2024-04-03,8.04,8.16,7.91,8.12,7.155348,1424700,0.0,0.0
2024-04-04,8.32,8.4,8.12,8.17,7.199409,2449400,0.0,0.0
2024-04-05,8.11,8.14,7.97,8.14,7.172973,1117500,0.0,0.0
2024-04-08,8.1,8.28,8.08,8.19,7.217032,777600,0.0,0.0
2024-04-09,8.28,8.37,8.24,8.32,7.331588,880700,0.0,0.0
2024-04-10,8.15,8.21,7.99,8.03,7.07604,1391000,0.0,0.0
2024-04-11,7.93,7.93,7.63,7.65,6.741184,2396200,0.0,0.0
2024-04-12,7.61,7.73,7.54,7.65,6.741184,1173300,0.0,0.0
2024-04-15,7.49,7.55,7.29,7.55,6.653064,3159700,0.0,0.0
2024-04-16,7.35,7.42,7.25,7.32,6.450388,2449600,0.0,0.0
2024-04-17,7.34,7.36,7.17,7.27,6.406329,1856100,0.0,0.0
2024-04-18,7.27,7.3,7.13,7.25,6.388704,1087100,0.0,0.0
2024-04-19,7.27,7.38,7.27,7.34,6.468012,765100,0.0,0.0
2024-04-22,7.32,7.36,7.24,7.34,6.468012,866900,0.0,0.0
2024-04-23,7.26,7.34,7.18,7.29,6.423953,926000,0.0,0.0
2024-04-24,7.24,7.24,7.16,7.17,6.318208,1076700,0.0,0.0
2024-04-25,7.08,7.26,7.05,7.21,6.353456,1359200,0.0,0.0
2024-04-26,7.44,7.53,7.33,7.39,6.512072,1450500,0.0,0.0
2024-04-29,7.43,7.48,7.4,7.43,6.54732,824100,0.0,0.0
2024-04-30,7.39,7.45,7.33,7.36,6.485636,1082800,0.0,0.0
2024-05-01,7.38,7.54,7.33,7.44,6.556132,652900,0.0,0.0
2024-05-02,7.58,7.69,7.57,7.63,6.72356,890300,0.0,0.0
2024-05-03,7.8,7.93,7.76,7.78,6.855741,1007700,0.0,0.0
2024-05-06,7.77,7.91,7.77,7.81,6.882176,602600,0.0,0.0
2024-05-07,7.86,7.93,7.84,7.89,6.952672,621200,0.0,0.0
2024-05-08,7.71,7.89,7.71,7.83,6.969584,765000,0.079,0.0
2024-05-09,7.46,7.46,7.24,7.36,6.551231,2043200,0.0,0.0
2024-05-10,7.41,7.42,7.22,7.3,6.497825,1141000,0.0,0.0
2024-05-13,7.42,7.48,7.36,7.39,6.577935,728000,0.0,0.0
2024-05-14,7.4,7.53,7.39,7.47,6.649144,1143600,0.0,0.0
2024-05-15,7.5,7.5,7.32,7.42,6.604639,981300,0.0,0.0
2024-05-16,7.45,7.54,7.42,7.5,6.675848,444800,0.0,0.0
2024-05-17,7.5,7.52,7.43,7.5,6.675848,685600,0.0,0.0
2024-05-20,7.44,7.53,7.27,7.29,6.488924,1241500,0.0,0.0
2024-05-21,7.25,7.37,7.17,7.35,6.54233,1116000,0.0,0.0
2024-05-22,7.19,7.19,7.01,7.05,6.275297,2193800,0.0,0.0
2024-05-23,7.08,7.1,6.96,7.02,6.248593,594900,0.0,0.0
2024-05-24,7.07,7.15,7.03,7.04,6.266396,413600,0.0,0.0
2024-05-28,7.13,7.17,6.96,7.0,6.230791,441900,0.0,0.0
2024-05-29,6.86,6.88,6.78,6.8,6.052769,652300,0.0,0.0
2024-05-30,6.86,6.94,6.82,6.87,6.115076,269600,0.0,0.0
2024-05-31,6.78,6.78,6.66,6.68,5.945955,1151200,0.0,0.0
2024-06-03,6.68,6.83,6.63,6.83,6.079472,817800,0.0,0.0
2024-06-04,6.72,6.82,6.72,6.81,6.061669,841800,0.0,0.0
2024-06-05,6.84,6.91,6.76,6.84,6.088373,988700,0.0,0.0
2024-06-06,6.91,7.05,6.88,6.97,6.204087,806000,0.0,0.0
2024-06-07,6.84,6.92,6.71,6.75,6.008263,691600,0.0,0.0
2024-06-10,6.73,6.79,6.68,6.75,6.008263,840000,0.0,0.0
2024-06-11,6.79,6.84,6.75,6.76,6.017164,863700,0.0,0.0
2024-06-12,6.8,6.8,6.57,6.59,5.865845,1877100,0.0,0.0
2024-06-13,6.6,6.67,6.54,6.62,5.892548,1936100,0.0,0.0
2024-06-14,6.54,6.68,6.49,6.61,5.883647,1826700,0.0,0.0
2024-06-17,6.54,6.58,6.44,6.52,5.803537,1243300,0.0,0.0
2024-06-18,6.44,6.56,6.42,6.48,5.767932,1031200,0.0,0.0
2024-06-20,6.52,6.55,6.32,6.33,5.634416,1376300,0.0,0.0
2024-06-21,6.36,6.44,6.34,6.4,5.696723,1851200,0.0,0.0
2024-06-24,6.48,6.62,6.48,6.54,5.821339,673700,0.0,0.0
2024-06-25,6.46,6.48,6.39,6.43,5.723426,876800,0.0,0.0
2024-06-26,6.22,6.34,6.21,6.32,5.625515,597700,0.0,0.0
2024-06-27,6.33,6.56,6.32,6.52,5.803537,1737700,0.0,0.0
2024-06-28,6.5,6.62,6.42,6.43,5.723426,1801800,0.0,0.0
2024-07-01,6.47,6.63,6.45,6.5,5.785735,970600,0.0,0.0
2024-07-02,6.49,6.62,6.46,6.58,5.856944,1738000,0.0,0.0
2024-07-03,6.76,6.86,6.72,6.81,6.061669,859200,0.0,0.0
2024-07-05,7.04,7.08,6.93,6.97,6.204087,2229500,0.0,0.0
2024-07-08,6.94,7.05,6.91,6.94,6.177384,640700,0.0,0.0
2024-07-09,6.95,7.14,6.94,7.1,6.319802,1079700,0.0,0.0
2024-07-10,7.24,7.24,7.07,7.1,6.319802,598300,0.0,0.0
2024-07-11,7.15,7.19,7.05,7.1,6.319802,3113500,0.0,0.0
2024-07-12,7.14,7.25,7.12,7.22,6.426616,1671700,0.0,0.0
2024-07-15,7.15,7.17,7.11,7.14,6.355407,675700,0.0,0.0
2024-07-16,7.2,7.23,7.12,7.19,6.399912,577700,0.0,0.0
2024-07-17,7.13,7.16,7.08,7.09,6.310902,944500,0.0,0.0
2024-07-18,6.99,6.99,6.73,6.74,5.999362,1564100,0.0,0.0
2024-07-19,6.84,6.84,6.6,6.65,5.919251,761500,0.0,0.0
2024-07-22,6.73,6.85,6.69,6.83,6.079472,885600,0.0,0.0
2024-07-23,6.74,6.75,6.65,6.69,5.954856,754600,0.0,0.0
2024-07-24,6.6,6.7,6.54,6.62,5.892548,987200,0.0,0.0
2024-07-25,6.66,6.69,6.6,6.63,5.901449,1210800,0.0,0.0
2024-07-26,6.66,6.82,6.66,6.81,6.061669,655100,0.0,0.0
2024-07-29,6.84,6.84,6.74,6.77,6.026065,1223600,0.0,0.0
2024-07-30,6.77,6.81,6.72,6.81,6.061669,804000,0.0,0.0
2024-07-31,6.92,7.07,6.92,7.01,6.239692,1053700,0.0,0.0
2024-08-01,7.08,7.17,6.96,6.99,6.221889,936600,0.0,0.0
2024-08-02,6.98,6.98,6.73,6.74,5.999362,1171400,0.0,0.0
2024-08-05,6.51,6.71,6.48,6.58,5.856944,1187900,0.0,0.0
2024-08-06,6.69,6.77,6.65,6.65,5.919251,690900,0.0,0.0
2024-08-07,6.75,6.81,6.67,6.72,5.981559,940200,0.0,0.0
2024-08-08,6.81,6.99,6.76,6.91,6.150681,719300,0.0,0.0
2024-08-09,7.11,7.28,7.05,7.24,6.444418,765100,0.0,0.0
2024-08-12,7.29,7.32,7.14,7.2,6.408813,847900,0.0,0.0
2024-08-13,7.23,7.33,7.23,7.31,6.506726,443800,0.0,0.0
2024-08-14,7.34,7.45,7.34,7.38,6.569034,684900,0.0,0.0
2024-08-15,7.34,7.48,7.34,7.43,6.613539,1390000,0.0,0.0
2024-08-16,7.52,7.56,7.4,7.42,6.604639,975100,0.0,0.0
2024-08-19,7.44,7.71,7.44,7.71,6.862772,1212500,0.0,0.0
2024-08-20,7.6,7.63,7.53,7.58,6.747056,961400,0.0,0.0
2024-08-21,7.59,7.66,7.53,7.6,6.764859,355600,0.0,0.0
2024-08-22,7.41,7.45,7.34,7.35,6.54233,662300,0.0,0.0
2024-08-23,7.43,7.7,7.38,7.66,6.818265,1075300,0.0,0.0
2024-08-26,7.61,7.7,7.57,7.65,6.809364,572000,0.0,0.0
2024-08-27,7.62,7.69,7.58,7.6,6.764859,571800,0.0,0.0
2024-08-28,7.53,7.64,7.5,7.61,6.77376,345600,0.0,0.0
2024-08-29,7.43,7.45,7.3,7.4,6.586836,650400,0.0,0.0
2024-08-30,7.27,7.46,7.24,7.43,6.613539,1030600,0.0,0.0
2024-09-03,7.5,7.52,7.37,7.42,6.604639,371800,0.0,0.0
2024-09-04,7.48,7.64,7.48,7.63,6.791562,563700,0.0,0.0
2024-09-05,7.65,7.65,7.51,7.62,6.782661,852700,0.0,0.0
2024-09-06,7.64,7.68,7.49,7.49,6.666946,645000,0.0,0.0
2024-09-09,7.45,7.54,7.42,7.52,6.69365,589800,0.0,0.0
2024-09-10,7.5,7.5,7.36,7.43,6.613539,629600,0.0,0.0
2024-09-11,7.47,7.47,7.36,7.44,6.622441,783400,0.0,0.0
2024-09-12,7.35,7.41,7.28,7.37,6.560133,656500,0.0,0.0
2024-09-13,7.52,7.6,7.5,7.54,6.711452,829100,0.0,0.0
2024-09-16,7.59,7.71,7.59,7.65,6.809364,591200,0.0,0.0
2024-09-17,7.64,7.72,7.58,7.69,6.844969,736400,0.0,0.0
2024-09-18,7.69,7.83,7.61,7.69,6.844969,1281600,0.0,0.0
2024-09-19,7.77,7.77,7.62,7.67,6.827167,986200,0.0,0.0
2024-09-20,7.56,7.56,7.26,7.26,6.462221,894000,0.0,0.0
2024-09-23,7.18,7.21,7.1,7.16,6.373209,748200,0.0,0.0
2024-09-24,7.39,7.46,7.26,7.3,6.497825,821100,0.0,0.0
2024-09-25,7.29,7.29,7.12,7.15,6.364308,1118900,0.0,0.0
2024-09-26,7.31,7.35,7.2,7.32,6.515627,663000,0.0,0.0
2024-09-27,7.31,7.39,7.27,7.28,6.480023,1840200,0.0,0.0
2024-09-30,7.28,7.28,7.18,7.23,6.435517,1122700,0.0,0.0
2024-10-01,7.28,7.35,7.2,7.24,6.444418,939000,0.0,0.0
2024-10-02,7.39,7.41,7.25,7.26,6.462221,662600,0.0,0.0
2024-10-03,7.02,7.04,6.93,7.01,6.239692,894400,0.0,0.0
2024-10-04,7.02,7.05,6.97,7.04,6.266396,494100,0.0,0.0
2024-10-07,7.06,7.12,6.96,6.97,6.204087,397100,0.0,0.0
2024-10-08,6.93,7.07,6.93,7.04,6.266396,558800,0.0,0.0
2024-10-09,6.84,6.91,6.82,6.84,6.088373,481900,0.0,0.0
2024-10-10,6.87,6.88,6.8,6.86,6.106175,705600,0.0,0.0
2024-10-11,6.79,6.81,6.7,6.81,6.061669,835600,0.0,0.0
2024-10-14,6.87,7.02,6.85,7.0,6.230791,769800,0.0,0.0
2024-10-15,6.93,6.93,6.82,6.84,6.088373,705200,0.0,0.0
2024-10-16,6.78,6.82,6.73,6.76,6.017164,798200,0.0,0.0
2024-10-17,6.63,6.76,6.63,6.76,6.017164,612700,0.0,0.0
2024-10-18,6.81,6.81,6.67,6.69,5.954856,806600,0.0,0.0
2024-10-21,6.71,6.74,6.66,6.73,5.990461,593600,0.0,0.0
2024-10-22,6.74,6.8,6.68,6.78,6.034966,723000,0.0,0.0
2024-10-23,6.72,6.72,6.57,6.67,5.937054,1215300,0.0,0.0
2024-10-24,6.68,6.78,6.58,6.75,6.008263,1010300,0.0,0.0
2024-10-25,6.76,6.76,6.64,6.64,5.91035,547600,0.0,0.0
2024-10-28,6.73,6.78,6.7,6.73,5.990461,1693800,0.0,0.0
2024-10-29,6.72,6.74,6.59,6.59,5.865845,527800,0.0,0.0
2024-10-30,6.57,6.68,6.57,6.64,5.91035,544100,0.0,0.0
2024-10-31,6.62,6.67,6.56,6.58,5.856944,857100,0.0,0.0
2024-11-01,6.5,6.5,6.27,6.29,5.598811,2040000,0.0,0.0
2024-11-04,6.47,6.59,6.47,6.52,5.803537,855000,0.0,0.0
2024-11-05,6.45,6.54,6.44,6.51,5.794636,994000,0.0,0.0
2024-11-06,6.32,6.53,6.3,6.46,5.75013,1090600,0.0,0.0
2024-11-07,6.58,6.6,6.36,6.38,5.678921,1610100,0.0,0.0
2024-11-08,6.19,6.26,6.12,6.22,5.536503,1218600,0.0,0.0
2024-11-11,6.15,6.28,6.15,6.28,5.58991,1201200,0.0,0.0
2024-11-12,6.2,6.22,6.1,6.18,5.500898,815000,0.0,0.0
2024-11-13,6.12,6.19,6.02,6.14,5.465294,1426000,0.0,0.0
2024-11-14,6.23,6.24,6.17,6.18,5.500898,1083400,0.0,0.0
2024-11-15,6.2,6.24,6.18,6.2,5.518701,408900,0.0,0.0
2024-11-18,6.16,6.25,6.16,6.21,5.527602,931200,0.0,0.0
2024-11-19,6.2,6.24,6.17,6.2,5.518701,710500,0.0,0.0
2024-11-20,6.22,6.29,6.2,6.23,5.545404,943800,0.0,0.0
2024-11-21,6.05,6.1,6.02,6.07,5.402986,1142100,0.0,0.0
2024-11-22,6.03,6.1,6.0,6.08,5.411887,1279000,0.0,0.0
2024-11-25,6.14,6.23,6.14,6.2,5.518701,903200,0.0,0.0
2024-11-26,6.26,6.33,6.26,6.3,5.607712,1166500,0.0,0.0
2024-11-27,6.28,6.29,6.0,6.01,5.349579,1528400,0.0,0.0
2024-11-29,5.57,5.78,5.55,5.71,5.082546,1426400,0.0,0.0
2024-12-02,5.7,5.76,5.69,5.71,5.082546,1774400,0.0,0.0
2024-12-03,5.73,5.82,5.67,5.79,5.153755,2738100,0.0,0.0
2024-12-04,5.84,5.85,5.78,5.82,5.180458,991800,0.0,0.0
2024-12-05,6.24,6.25,6.06,6.08,5.411887,1429500,0.0,0.0
2024-12-06,6.07,6.1,6.01,6.03,5.367382,1556400,0.0,0.0
2024-12-09,6.04,6.04,5.87,5.93,5.27837,2268000,0.0,0.0
2024-12-10,6.04,6.09,6.02,6.09,5.420789,1874400,0.0,0.0
2024-12-11,6.05,6.32,5.98,6.16,5.483096,2354700,0.0,0.0
2024-12-12,6.1,6.1,5.9,5.94,5.287271,2066200,0.0,0.0
2024-12-13,5.92,5.98,5.89,5.9,5.251667,1504900,0.0,0.0
2024-12-16,5.88,5.93,5.76,5.78,5.144854,1292400,0.0,0.0
2024-12-17,5.72,5.87,5.69,5.81,5.171557,2301400,0.0,0.0
2024-12-18,5.74,5.75,5.46,5.49,4.88672,2620100,0.0,0.0
2024-12-19,5.65,5.75,5.55,5.68,5.055842,2505900,0.0,0.0
2024-12-20,5.82,5.88,5.74,5.8,5.162656,2937600,0.0,0.0
2024-12-23,5.8,5.8,5.62,5.67,5.046941,2388000,0.0,0.0
2024-12-24,5.7,5.8,5.67,5.75,5.11815,625000,0.0,0.0
2024-12-26,5.7,5.78,5.69,5.77,5.135952,2160800,0.0,0.0
2024-12-27,5.69,5.73,5.65,5.73,5.100348,1840400,0.0,0.0
2024-12-30,5.61,5.61,5.45,5.6,5.110386,1580400,0.141,0.0
2024-12-31,5.63,5.86,5.58,5.72,5.219893,3185800,0.0,0.0
2025-01-02,5.5,5.89,5.49,5.73,5.229019,4820900,0.0,0.0
2025-01-03,5.63,5.72,5.55,5.56,5.073883,2089100,0.0,0.0
2025-01-06,5.65,5.68,5.54,5.66,5.16514,1494700,0.0,0.0
2025-01-07,5.73,5.78,5.66,5.67,5.174266,1143800,0.0,0.0
2025-01-08,5.58,5.7,5.54,5.7,5.201643,3929300,0.0,0.0
2025-01-10,5.6,5.66,5.53,5.6,5.110386,2313700,0.0,0.0
2025-01-13,5.59,5.62,5.56,5.61,5.119512,1080600,0.0,0.0
2025-01-14,5.61,5.66,5.6,5.64,5.146888,1474600,0.0,0.0
2025-01-15,5.84,5.87,5.71,5.87,5.356779,1268100,0.0,0.0
2025-01-16,5.85,5.85,5.7,5.72,5.219893,1205000,0.0,0.0
2025-01-17,5.74,5.9,5.71,5.79,5.283773,1452300,0.0,0.0
2025-01-21,5.87,5.89,5.82,5.87,5.356779,1144400,0.0,0.0
2025-01-22,5.91,6.03,5.89,5.92,5.402408,1364000,0.0,0.0
2025-01-23,5.91,6.0,5.88,5.92,5.402408,1282000,0.0,0.0
2025-01-24,5.96,6.01,5.92,5.92,5.402408,875900,0.0,0.0
2025-01-27,6.09,6.18,5.99,6.18,5.639676,1718500,0.0,0.0
2025-01-28,6.18,6.19,6.11,6.13,5.594047,1403400,0.0,0.0
2025-01-29,6.11,6.16,6.04,6.06,5.530168,815000,0.0,0.0
2025-01-30,6.08,6.26,6.08,6.23,5.685304,1195200,0.0,0.0
2025-01-31,6.31,6.32,6.18,6.19,5.648801,995400,0.0,0.0
2025-02-03,6.23,6.38,6.19,6.3,5.749184,1291400,0.0,0.0
2025-02-04,6.26,6.32,6.22,6.29,5.740058,922100,0.0,0.0
2025-02-05,6.18,6.27,6.17,6.2,5.657927,1012800,0.0,0.0
2025-02-06,6.23,6.25,6.15,6.18,5.639676,603200,0.0,0.0
2025-02-07,6.19,6.19,6.02,6.03,5.50279,1061400,0.0,0.0
2025-02-10,6.1,6.18,6.09,6.14,5.603172,640300,0.0,0.0
2025-02-11,6.24,6.29,6.17,6.27,5.721807,779200,0.0,0.0
2025-02-12,6.19,6.3,6.15,6.26,5.712682,1117700,0.0,0.0
2025-02-13,6.25,6.33,6.22,6.32,5.767436,791500,0.0,0.0
2025-02-14,6.5,6.64,6.48,6.58,6.004703,988700,0.0,0.0
2025-02-18,6.78,6.83,6.69,6.7,6.114211,1214700,0.0,0.0
2025-02-19,6.65,6.71,6.61,6.63,6.050332,990100,0.0,0.0
2025-02-20,6.66,6.66,6.58,6.63,6.050332,589800,0.0,0.0
2025-02-21,6.6,6.63,6.54,6.59,6.013829,920500,0.0,0.0
2025-02-24,6.61,6.62,6.44,6.48,5.913446,1102500,0.0,0.0
2025-02-25,6.52,6.61,6.52,6.57,5.995578,896900,0.0,0.0
2025-02-26,6.48,6.53,6.41,6.46,5.895195,1317200,0.0,0.0
2025-02-27,6.44,6.46,6.39,6.4,5.840441,976300,0.0,0.0
2025-02-28,6.75,6.8,6.5,6.52,5.949949,1774900,0.0,0.0
2025-03-03,6.54,6.62,6.5,6.53,5.959074,810400,0.0,0.0
2025-03-04,6.53,6.53,6.38,6.46,5.895195,2334900,0.0,0.0
2025-03-05,6.48,6.66,6.45,6.61,6.032081,1896000,0.0,0.0
2025-03-06,6.7,6.87,6.7,6.72,6.132463,1670300,0.0,0.0
2025-03-07,6.68,6.78,6.66,6.72,6.132463,1395500,0.0,0.0
2025-03-10,6.69,6.78,6.63,6.66,6.077709,2016900,0.0,0.0
2025-03-11,6.67,6.74,6.6,6.73,6.141588,1225300,0.0,0.0
2025-03-12,6.69,6.77,6.65,6.73,6.141588,1468700,0.0,0.0
2025-03-13,6.67,6.93,6.66,6.85,6.251097,957000,0.0,0.0
2025-03-14,6.84,7.08,6.82,7.03,6.415359,1429100,0.0,0.0
2025-03-17,7.08,7.17,7.01,7.17,6.543119,1586400,0.0,0.0
2025-03-18,7.13,7.22,7.06,7.16,6.533993,598800,0.0,0.0
2025-03-19,7.2,7.43,7.2,7.4,6.75301,1521200,0.0,0.0
2025-03-20,7.43,7.49,7.34,7.41,6.762135,836400,0.0,0.0
2025-03-21,7.29,7.37,7.27,7.32,6.680004,989900,0.0,0.0
2025-03-24,7.22,7.3,7.2,7.21,6.579621,1239300,0.0,0.0
2025-03-25,7.28,7.45,7.28,7.33,6.68913,1264000,0.0,0.0
2025-03-26,7.31,7.33,7.2,7.29,6.652627,1257800,0.0,0.0
2025-03-27,7.25,7.31,7.16,7.26,6.62525,1455700,0.0,0.0
2025-03-28,7.2,7.2,7.09,7.14,6.515741,1282100,0.0,0.0
2025-03-31,7.12,7.17,7.08,7.1,6.479239,1029000,0.0,0.0
2025-04-01,7.1,7.23,7.08,7.18,6.552244,1631000,0.0,0.0
2025-04-02,7.22,7.22,7.07,7.12,6.49749,1029900,0.0,0.0
2025-04-03,7.35,7.45,7.28,7.33,6.68913,1444100,0.0,0.0
2025-04-04,7.01,7.08,6.93,6.96,6.351479,1641200,0.0,0.0
2025-04-07,6.75,7.05,6.71,6.86,6.260222,2093800,0.0,0.0
2025-04-08,7.04,7.05,6.76,6.8,6.205468,1397800,0.0,0.0
2025-04-09,6.74,7.16,6.69,7.13,6.506616,1867900,0.0,0.0
2025-04-10,6.98,7.08,6.87,7.03,6.415359,1965200,0.0,0.0
2025-04-11,7.05,7.11,6.97,7.11,6.488365,1593100,0.0,0.0
2025-04-14,7.12,7.22,7.09,7.21,6.579621,1133900,0.0,0.0
2025-04-15,7.21,7.21,7.11,7.14,6.515741,1227200,0.0,0.0
2025-04-16,7.06,7.11,7.0,7.02,6.406233,1760600,0.0,0.0
2025-04-17,7.03,7.32,7.01,7.23,6.597873,1392400,0.0,0.0
2025-04-21,7.23,7.28,7.17,7.25,6.616124,621200,0.0,0.0
2025-04-22,7.3,7.42,7.27,7.39,6.743884,889900,0.0,0.0
2025-04-23,7.5,7.55,7.44,7.46,6.807764,1523200,0.0,0.0
2025-04-24,7.63,7.75,7.56,7.71,7.035906,1709900,0.0,0.0
2025-04-25,7.73,7.76,7.6,7.62,6.953775,1499400,0.0,0.0
2025-04-28,7.71,7.77,7.63,7.69,7.017655,1198200,0.0,0.0
2025-04-29,7.75,7.81,7.73,7.75,7.072409,935500,0.0,0.0
2025-04-30,7.65,7.75,7.61,7.7,7.173962,1678800,0.159,0.0
2025-05-01,7.74,7.74,7.62,7.65,7.127378,880200,0.0,0.0
2025-05-02,7.75,7.8,7.62,7.69,7.164646,1203700,0.0,0.0
2025-05-05,7.74,7.78,7.56,7.59,7.071477,1324400,0.0,0.0
2025-05-06,7.55,7.6,7.48,7.55,7.03421,887500,0.0,0.0
2025-05-07,7.49,7.51,7.42,7.46,6.950358,1139900,0.0,0.0
2025-05-08,7.58,7.78,7.56,7.65,7.127378,1074900,0.0,0.0
2025-05-09,7.68,7.78,7.66,7.68,7.155329,720100,0.0,0.0
2025-05-12,7.54,7.57,7.47,7.53,7.015576,680500,0.0,0.0
2025-05-13,7.63,7.78,7.63,7.71,7.183279,1151300,0.0,0.0
2025-05-14,7.7,7.74,7.62,7.67,7.146012,1317300,0.0,0.0
2025-05-15,7.31,7.47,7.31,7.34,6.838556,1528200,0.0,0.0
2025-05-16,7.24,7.38,7.18,7.35,6.847873,1018500,0.0,0.0
2025-05-19,7.32,7.52,7.3,7.47,6.959675,1582900,0.0,0.0
2025-05-20,7.4,7.41,7.34,7.37,6.866507,956400,0.0,0.0
2025-05-21,7.34,7.34,7.22,7.28,6.782656,958400,0.0,0.0
2025-05-22,7.3,7.55,7.28,7.35,6.847873,2130500,0.0,0.0
2025-05-23,7.15,7.4,7.13,7.4,6.894457,1147000,0.0,0.0
2025-05-27,7.44,7.53,7.44,7.47,6.959675,1393100,0.0,0.0
2025-05-28,7.33,7.36,7.28,7.31,6.810606,988300,0.0,0.0
2025-05-29,7.33,7.45,7.31,7.37,6.866507,922000,0.0,0.0
2025-05-30,7.43,7.43,7.32,7.33,6.829239,1099800,0.0,0.0
2025-06-02,7.37,7.38,7.26,7.3,6.801289,1126200,0.0,0.0
2025-06-03,7.33,7.45,7.29,7.4,6.894457,903900,0.0,0.0
2025-06-04,7.44,7.49,7.31,7.31,6.810606,888100,0.0,0.0
2025-06-05,7.39,7.5,7.39,7.41,6.903774,1014600,0.0,0.0
2025-06-06,7.44,7.44,7.33,7.39,6.88514,784500,0.0,0.0
2025-06-09,7.36,7.4,7.22,7.35,6.847873,1097300,0.0,0.0
2025-06-10,7.44,7.53,7.4,7.42,6.913091,1730200,0.0,0.0
2025-06-11,7.38,7.51,7.36,7.45,6.941041,1791100,0.0,0.0
2025-06-12,7.42,7.5,7.42,7.46,6.950358,1236000,0.0,0.0
2025-06-13,7.39,7.47,7.36,7.46,6.950358,742600,0.0,0.0
2025-06-16,7.51,7.69,7.51,7.63,7.108745,1444500,0.0,0.0
2025-06-17,7.65,7.65,7.54,7.56,7.043527,1528900,0.0,0.0
2025-06-18,7.54,7.54,7.38,7.4,6.894457,1747200,0.0,0.0
2025-06-20,7.36,7.36,7.21,7.22,6.726754,3130200,0.0,0.0
2025-06-23,7.21,7.28,7.2,7.25,6.754704,682700,0.0,0.0
2025-06-24,7.31,7.42,7.29,7.33,6.829239,1111900,0.0,0.0
2025-06-25,7.2,7.2,7.1,7.17,6.680171,1268900,0.0,0.0
2025-06-26,7.21,7.33,7.21,7.27,6.773339,930400,0.0,0.0
2025-06-27,7.26,7.32,7.24,7.24,6.745388,1043300,0.0,0.0
2025-06-30,7.27,7.45,7.25,7.43,6.922408,869800,0.0,0.0
2025-07-01,7.45,7.46,7.41,7.45,6.941041,1154800,0.0,0.0
2025-07-02,7.42,7.45,7.29,7.44,6.931725,1407700,0.0,0.0
2025-07-03,7.46,7.64,7.46,7.58,7.06216,825100,0.0,0.0
2025-07-07,7.49,7.53,7.34,7.36,6.85719,1127900,0.0,0.0
2025-07-08,7.36,7.36,7.25,7.31,6.810606,878400,0.0,0.0
2025-07-09,7.31,7.31,7.22,7.26,6.764022,2535300,0.0,0.0
2025-07-10,7.14,7.18,7.06,7.16,6.670853,2276100,0.0,0.0
2025-07-11,7.09,7.13,7.01,7.09,6.605636,1329100,0.0,0.0
2025-07-14,7.05,7.07,6.92,6.95,6.4752,959900,0.0,0.0
2025-07-15,7.02,7.08,6.93,7.06,6.577685,1667500,0.0,0.0
2025-07-16,7.01,7.1,6.97,7.06,6.577685,1491000,0.0,0.0
2025-07-17,6.98,7.1,6.97,7.06,6.577685,1198700,0.0,0.0
2025-07-18,7.08,7.11,6.94,6.97,6.493834,1900300,0.0,0.0
2025-07-21,6.99,7.05,6.99,7.02,6.540418,844000,0.0,0.0
2025-07-22,7.08,7.09,6.94,6.96,6.484517,864400,0.0,0.0
2025-07-23,6.98,7.07,6.97,7.05,6.568368,1342900,0.0,0.0
2025-07-24,6.97,7.03,6.95,7.01,6.531101,1666000,0.0,0.0
2025-07-25,7.01,7.01,6.84,6.88,6.409982,1008800,0.0,0.0
2025-07-28,6.85,6.85,6.71,6.75,6.288863,1029600,0.0,0.0
2025-07-29,6.77,6.86,6.74,6.81,6.344764,958300,0.0,0.0
2025-07-30,6.79,6.94,6.72,6.85,6.382031,2700500,0.0,0.0
2025-07-31,6.71,6.83,6.71,6.76,6.29818,997200,0.0,0.0
2025-08-01,6.91,6.94,6.78,6.8,6.335447,1037800,0.0,0.0
2025-08-04,6.9,6.92,6.83,6.89,6.419299,1093400,0.0,0.0
2025-08-05,6.91,6.97,6.86,6.86,6.391348,765700,0.0,0.0
2025-08-06,6.96,7.2,6.96,7.12,6.633586,1752200,0.0,0.0
2025-08-07,7.61,7.9,7.55,7.88,7.341666,2293500,0.0,0.0
2025-08-08,7.9,8.21,7.89,8.17,7.611854,2935100,0.0,0.0
2025-08-11,8.2,8.38,8.18,8.27,7.705022,1940700,0.0,0.0
2025-08-12,8.39,8.48,8.32,8.44,7.863408,1338700,0.0,0.0
2025-08-13,8.42,8.42,8.25,8.31,7.74229,1168600,0.0,0.0
2025-08-14,8.26,8.3,8.16,8.17,7.611854,1250100,0.0,0.0
2025-08-15,8.21,8.23,8.16,8.19,7.630487,889100,0.0,0.0
2025-08-18,7.79,7.89,7.77,7.85,7.614966,1749600,0.324,0.0
2025-08-19,7.61,7.66,7.55,7.58,7.35305,1261800,0.0,0.0
2025-08-20,7.67,7.72,7.64,7.66,7.430655,1171900,0.0,0.0
2025-08-21,7.73,7.77,7.67,7.74,7.508259,1500300,0.0,0.0
2025-08-22,7.77,7.92,7.74,7.85,7.614966,1459700,0.0,0.0
2025-08-25,7.93,8.06,7.93,8.0,7.760475,1710700,0.0,0.0
2025-08-26,7.97,8.02,7.85,7.85,7.614966,1082300,0.0,0.0
2025-08-27,7.86,8.04,7.82,8.01,7.770176,1043300,0.0,0.0
2025-08-28,8.1,8.25,8.07,8.18,7.935086,2449800,0.0,0.0
2025-08-29,8.21,8.33,8.21,8.24,7.993289,3646900,0.0,0.0
2025-09-02,8.08,8.3,8.08,8.2,7.954487,1313600,0.0,0.0
2025-09-03,8.24,8.28,8.14,8.17,7.925385,946400,0.0,0.0
2025-09-04,8.2,8.32,8.17,8.28,8.032091,1883400,0.0,0.0
2025-09-05,8.46,8.49,8.37,8.46,8.206702,4151400,0.0,0.0
2025-09-08,8.44,8.45,8.28,8.34,8.090296,1270400,0.0,0.0
2025-09-09,8.32,8.46,8.32,8.43,8.177601,1488900,0.0,0.0
2025-09-10,8.45,8.56,8.45,8.49,8.235804,1886400,0.0,0.0
2025-09-11,8.48,8.68,8.48,8.63,8.371613,1048800,0.0,0.0
2025-09-12,8.57,8.68,8.56,8.67,8.410415,1608400,0.0,0.0
2025-09-15,8.94,9.05,8.91,9.02,8.749936,2587100,0.0,0.0
2025-09-16,9.08,9.08,8.95,9.06,8.788738,1704600,0.0,0.0
2025-09-17,9.1,9.32,9.09,9.2,8.924546,3667900,0.0,0.0
2025-09-18,9.2,9.35,9.15,9.21,8.934247,2091500,0.0,0.0
2025-09-19,9.35,9.55,9.32,9.55,9.264068,2625800,0.0,0.0
2025-09-22,9.38,9.43,9.24,9.37,9.089457,2212500,0.0,0.0
2025-09-23,9.4,9.63,9.37,9.63,9.341672,1663500,0.0,0.0
2025-09-24,9.5,9.53,9.45,9.51,9.225266,1130000,0.0,0.0
2025-09-25,9.52,9.54,9.37,9.4,9.118558,1427500,0.0,0.0
2025-09-26,9.48,9.5,9.42,9.47,9.186462,835900,0.0,0.0
2025-09-29,9.5,9.92,9.47,9.91,9.613289,2513500,0.0,0.0
2025-09-30,10.0,10.02,9.83,9.92,9.62299,1791200,0.0,0.0
2025-10-01,9.96,10.03,9.85,9.92,9.62299,1159500,0.0,0.0
2025-10-02,9.87,9.93,9.68,9.81,9.516283,1443700,0.0,0.0
2025-10-03,9.78,9.85,9.69,9.83,9.535684,1367800,0.0,0.0
2025-10-06,9.81,9.89,9.75,9.88,9.584187,1781700,0.0,0.0
2025-10-07,9.73,9.73,9.59,9.63,9.341672,1194000,0.0,0.0
2025-10-08,9.81,9.84,9.73,9.79,9.496881,1489400,0.0,0.0
2025-10-09,9.93,9.94,9.66,9.69,9.399875,1194400,0.0,0.0
2025-10-10,9.66,9.7,9.33,9.45,9.167061,3112500,0.0,0.0
2025-10-13,9.67,9.67,9.56,9.57,9.283468,1357500,0.0,0.0
2025-10-14,9.51,9.52,9.42,9.49,9.205863,1922700,0.0,0.0
2025-10-15,9.7,9.85,9.69,9.72,9.428978,2274900,0.0,0.0
2025-10-16,9.63,9.89,9.63,9.81,9.516283,1248800,0.0,0.0
2025-10-17,9.73,10.09,9.73,10.06,9.758798,1778500,0.0,0.0
2025-10-20,10.2,10.33,10.12,10.23,9.923707,3568500,0.0,0.0
2025-10-21,10.21,10.25,10.14,10.15,9.846103,2177800,0.0,0.0
2025-10-22,10.15,10.15,10.01,10.01,9.710295,2050800,0.0,0.0
2025-10-23,10.11,10.11,9.97,10.05,9.749097,1995500,0.0,0.0
2025-10-24,10.11,10.14,10.0,10.01,9.710295,1572700,0.0,0.0
2025-10-27,10.05,10.26,10.04,10.17,9.865504,2649900,0.0,0.0
2025-10-28,10.09,10.25,10.09,10.17,9.865504,1834100,0.0,0.0
2025-10-29,10.3,10.33,10.22,10.28,9.97221,2346000,0.0,0.0
2025-10-30,10.18,10.35,10.18,10.34,10.030415,2206500,0.0,0.0
2025-10-31,10.35,10.4,10.3,10.35,10.040115,2161000,0.0,0.0
2025-11-03,10.47,10.56,10.39,10.53,10.214725,1836100,0.0,0.0
2025-11-04,10.54,10.57,10.44,10.44,10.127419,2570400,0.0,0.0
2025-11-05,10.59,10.8,10.57,10.71,10.389337,3400000,0.0,0.0
2025-11-06,11.24,11.27,10.9,10.92,10.593049,2616100,0.0,0.0
2025-11-07,10.73,11.05,10.71,11.03,10.699755,2185300,0.0,0.0
2025-11-10,10.92,11.27,10.66,11.16,10.825863,1704100,0.0,0.0
2025-11-11,11.52,11.65,11.36,11.5,11.155684,2433600,0.0,0.0
2025-11-12,11.45,11.64,11.42,11.58,11.233288,1825400,0.0,0.0
2025-11-13,11.64,11.66,11.49,11.55,11.204186,1427400,0.0,0.0
2025-11-14,11.66,11.93,11.59,11.79,11.437,3745200,0.0,0.0
2025-11-17,11.36,11.57,11.36,11.45,11.45,1910100,0.353,0.0
2025-11-18,11.4,11.54,11.37,11.49,11.49,1181600,0.0,0.0
2025-11-19,11.49,11.54,11.31,11.33,11.33,1215300,0.0,0.0
2025-11-20,11.51,11.54,11.12,11.12,11.12,1037700,0.0,0.0
2025-11-21,11.17,11.28,11.12,11.25,11.25,1168400,0.0,0.0
2025-11-24,11.35,11.43,11.32,11.42,11.42,723000,0.0,0.0
2025-11-25,11.42,11.64,11.37,11.61,11.61,1346900,0.0,0.0
2025-11-26,11.75,12.0,11.75,11.92,11.92,1392500,0.0,0.0
2025-11-28,11.67,11.77,11.63,11.75,11.75,661100,0.0,0.0
2025-12-01,11.56,11.66,11.5,11.58,11.58,1485200,0.0,0.0
2025-12-02,11.81,11.95,11.8,11.94,11.94,1955300,0.0,0.0
2025-12-03,12.16,12.21,11.97,12.17,12.17,2728300,0.0,0.0
2025-12-04,12.45,12.6,12.35,12.48,12.48,2314100,0.0,0.0
2025-12-05,12.42,12.66,11.49,11.54,11.54,5239000,0.0,0.0
2025-12-08,11.86,11.91,11.59,11.7,11.7,2646900,0.0,0.0
2025-12-09,11.56,11.97,11.56,11.93,11.93,1248900,0.0,0.0
2025-12-10,11.79,11.81,11.57,11.6,11.6,910200,0.0,0.0
2025-12-11,11.52,11.71,11.52,11.61,11.61,2027100,0.0,0.0
2025-12-12,11.83,11.87,11.64,11.74,11.74,1149700,0.0,0.0
2025-12-15,11.9,12.12,11.88,12.02,12.02,2332600,0.0,0.0
2025-12-16,11.7,11.82,11.55,11.56,11.56,2296600,0.0,0.0
2025-12-17,11.17,11.36,11.08,11.3,11.3,3368000,0.0,0.0
2025-12-18,11.42,11.48,11.27,11.46,11.46,2275500,0.0,0.0
2025-12-19,11.58,11.79,11.42,11.42,11.42,2205700,0.0,0.0
2025-12-22,9.28,9.64,8.78,8.85,8.85,6064600,0.0,0.0
2025-12-23,8.92,9.14,8.84,9.05,9.05,2060000,0.0,0.0
2025-12-24,9.11,9.17,9.03,9.07,9.07,582400,0.0,0.0
2025-12-26,9.0,9.1,8.91,9.02,9.02,1837300,0.0,0.0
2025-12-29,8.94,9.04,8.92,8.96,8.96,1149400,0.0,0.0
2025-12-30,9.15,9.25,9.1,9.17,9.17,1461700,0.0,0.0
2025-12-31,9.21,9.21,9.1,9.16,9.16,725500,0.0,0.0
2026-01-02,9.27,9.32,9.2,9.25,9.25,1294600,0.0,0.0
2026-01-05,9.19,9.4,9.07,9.37,9.37,1578600,0.0,0.0
2026-01-06,9.59,9.74,9.57,9.59,9.59,1451800,0.0,0.0
2026-01-07,9.55,9.56,9.24,9.28,9.28,2838700,0.0,0.0
2026-01-08,9.44,9.57,9.4,9.54,9.54,982800,0.0,0.0
2026-01-09,9.67,9.76,9.58,9.61,9.61,2316400,0.0,0.0
2026-01-12,9.44,9.54,9.44,9.45,9.45,746200,0.0,0.0
2026-01-13,9.45,9.45,9.17,9.2,9.2,890900,0.0,0.0
2026-01-14,9.29,9.44,9.29,9.42,9.42,1246300,0.0,0.0
2026-01-15,9.53,9.65,9.52,9.59,9.59,1380200,0.0,0.0
2026-01-16,9.54,9.55,9.42,9.47,9.47,1447600,0.0,0.0
2026-01-20,9.42,9.65,9.4,9.59,9.59,2268700,0.0,0.0
2026-01-21,9.86,9.96,9.8,9.92,9.92,2493200,0.0,0.0
2026-01-22,10.13,10.46,10.13,10.37,10.37,1691500,0.0,0.0
2026-01-23,10.2,10.37,10.14,10.31,10.31,1601400,0.0,0.0
2026-01-26,10.22,10.31,10.11,10.2,10.2,2693500,0.0,0.0
2026-01-27,10.36,10.47,10.27,10.46,10.46,1495300,0.0,0.0
2026-01-28,10.6,10.73,10.49,10.69,10.69,2230500,0.0,0.0
2026-01-29,10.78,10.8,10.34,10.58,10.58,1783500,0.0,0.0
2026-01-30,10.5,10.56,10.2,10.32,10.32,1590200,0.0,0.0
2026-02-02,10.47,10.68,10.47,10.6,10.6,2389300,0.0,0.0
2026-02-03,10.93,10.99,10.74,10.87,10.87,2194900,0.0,0.0
2026-02-04,10.78,10.81,10.37,10.49,10.49,3549900,0.0,0.0
2026-02-05,10.79,10.97,10.7,10.81,10.81,2952200,0.0,0.0
2026-02-06,11.0,11.11,10.87,11.06,11.06,2393600,0.0,0.0
2026-02-09,11.01,11.33,11.01,11.31,11.31,1318500,0.0,0.0
2026-02-10,11.39,11.55,11.31,11.35,11.35,1973800,0.0,0.0
2026-02-11,11.61,11.61,11.37,11.53,11.53,1322800,0.0,0.0
2026-02-12,11.5,11.53,11.28,11.33,11.33,2227700,0.0,0.0
2026-02-13,11.2,11.25,11.06,11.21,11.21,1671800,0.0,0.0
2026-02-17,11.19,11.25,11.11,11.16,11.16,816400,0.0,0.0
2026-02-18,11.26,11.35,10.97,11.17,11.17,1427500,0.0,0.0
2026-02-19,11.22,11.73,11.2,11.72,11.72,2142800,0.0,0.0
2026-02-20,11.72,11.95,11.69,11.88,11.88,3245800,0.0,0.0
2026-02-23,11.86,11.96,11.63,11.71,11.71,1314000,0.0,0.0
2026-02-24,11.75,11.98,11.75,11.91,11.91,1801300,0.0,0.0
2026-02-25,11.86,12.16,11.86,12.11,12.11,3313600,0.0,0.0
2026-02-26,12.23,12.31,12.05,12.28,12.28,4822300,0.0,0.0
2026-02-27,11.9,12.09,11.83,12.08,12.08,2522900,0.0,0.0
2026-03-02,11.66,12.14,11.63,12.02,12.02,1889100,0.0,0.0
2026-03-03,11.19,11.52,10.97,11.28,11.28,3267700,0.0,0.0
2026-03-04,11.75,11.84,11.55,11.8,11.8,2572500,0.0,0.0
2026-03-05,11.45,11.5,11.16,11.33,11.33,2719600,0.0,0.0
2026-03-06,10.96,11.4,10.9,11.3,11.3,3045200,0.0,0.0
2026-03-09,11.26,11.65,11.13,11.59,11.59,3210400,0.0,0.0
2026-03-10,11.62,12.06,11.48,11.85,11.85,1749500,0.0,0.0
2026-03-11,11.76,11.98,11.62,11.78,11.78,1381600,0.0,0.0
2026-03-12,11.5,11.53,11.08,11.1,11.1,2362400,0.0,0.0
2026-03-13,11.42,11.47,10.86,10.94,10.94,3980700,0.0,0.0
2026-03-16,11.2,11.36,11.12,11.27,11.27,1771200,0.0,0.0
2026-03-17,11.49,11.49,11.06,11.11,11.11,2522700,0.0,0.0
2026-03-18,11.08,11.29,10.97,10.98,10.98,2610600,0.0,0.0
2026-03-19,10.67,11.25,10.58,11.09,11.09,3708700,0.0,0.0
2026-03-20,10.96,10.99,10.41,10.5,10.5,3377300,0.0,0.0
2026-03-23,10.91,11.3,10.81,11.15,11.15,2432900,0.0,0.0
2026-03-24,10.86,11.06,10.76,10.99,10.99,3520200,0.0,0.0
2026-03-25,11.26,11.32,11.11,11.2,11.2,3199100,0.0,0.0
2026-03-26,11.1,11.25,10.81,10.83,10.83,2175100,0.0,0.0
2026-03-27,10.67,10.98,10.66,10.71,10.71,2496600,0.0,0.0
2026-03-30,10.91,10.91,10.64,10.71,10.71,2296200,0.0,0.0
2026-03-31,11.04,11.34,10.89,11.28,11.28,3833200,0.0,0.0
2026-04-01,11.47,11.67,11.42,11.56,11.56,2219400,0.0,0.0
2026-04-02,11.24,11.66,11.18,11.51,11.51,4081700,0.0,0.0
2026-04-06,11.49,11.6,11.42,11.46,11.46,2547900,0.0,0.0
2026-04-07,11.32,11.5,11.11,11.49,11.49,3108000,0.0,0.0
2026-04-08,12.33,12.33,12.06,12.13,12.13,4286400,0.0,0.0
2026-04-09,12.25,12.7,12.25,12.64,12.64,5853300,0.0,0.0
2026-04-10,12.98,13.07,12.82,13.03,13.03,5966100,0.0,0.0
2026-04-13,12.8,13.15,12.79,13.12,13.12,3363100,0.0,0.0
2026-04-14,13.32,13.54,13.32,13.43,13.43,2433800,0.0,0.0
2026-04-15,13.49,13.49,13.25,13.3,13.3,2117900,0.0,0.0
2026-04-16,13.27,13.29,13.06,13.09,13.09,1548600,0.0,0.0
2026-04-17,13.25,13.39,12.65,12.81,12.81,5325500,0.0,0.0
2026-04-20,12.93,13.02,12.84,12.9,12.9,3062700,0.0,0.0
2026-04-21,12.93,12.93,12.77,12.78,12.78,1033100,0.0,0.0
2026-04-22,12.92,12.92,12.59,12.69,12.69,1663700,0.0,0.0
2026-04-23,12.82,12.91,12.58,12.66,12.66,1777200,0.0,0.0
2026-04-24,12.65,12.66,12.49,12.61,12.61,1786900,0.0,0.0
2026-04-27,12.66,12.69,12.53,12.55,12.55,1485400,0.0,0.0
2026-04-28,12.38,12.55,12.29,12.52,12.52,2428300,0.0,0.0
2026-04-29,12.23,12.36,12.06,12.06,12.06,2975100,0.0,0.0
2026-04-30,12.32,12.58,12.25,12.55,12.55,1444700,0.0,0.0
2026-05-01,12.5,12.66,12.43,12.45,12.45,1026100,0.0,0.0
2026-05-04,12.54,12.78,12.39,12.43,12.43,1803500,0.0,0.0
2026-05-05,12.56,12.69,12.46,12.59,12.59,1110900,0.0,0.0
2026-05-06,12.67,12.71,12.55,12.62,12.62,2138800,0.0,0.0
2026-05-07,12.17,12.17,11.69,11.79,11.79,3500600,0.0,0.0
2026-05-08,11.99,12.1,11.92,11.99,11.99,1903300,0.0,0.0
2026-05-11,12.0,12.0,11.62,11.68,11.68,2139500,0.0,0.0
2026-05-12,11.57,11.84,11.57,11.74,11.74,1693200,0.0,0.0
2026-05-13,11.56,11.56,10.97,10.99,10.99,2744900,0.0,0.0
2026-05-14,11.09,11.16,11.04,11.09,11.09,1194600,0.0,0.0
2026-05-15,10.75,10.87,10.69,10.82,10.82,2963900,0.0,0.0
2026-05-18,10.95,10.99,10.8,10.87,10.87,1655700,0.0,0.0
2026-05-19,10.55,10.85,10.53,10.69,10.69,1269400,0.0,0.0
2026-05-20,10.87,11.11,10.84,11.04,11.04,1849000,0.0,0.0
2026-05-21,10.86,11.12,10.76,10.95,10.95,1960600,0.0,0.0
2026-05-22,10.79,10.84,10.58,10.77,10.77,1565300,0.0,0.0
2026-05-26,10.79,10.84,10.51,10.68,10.68,2310500,0.0,0.0
2026-05-27,10.53,10.59,10.41,10.43,10.43,2958200,0.0,0.0
2026-05-28,10.41,10.59,10.36,10.42,10.42,2509100,0.0,0.0
2026-05-29,10.2,10.39,10.08,10.36,10.36,3397100,0.0,0.0
2026-06-01,10.24,10.27,10.14,10.17,10.17,2183400,0.0,0.0
2026-06-02,10.26,10.46,10.24,10.35,10.35,2779100,0.0,0.0
2026-06-03,10.1,10.23,9.97,10.02,10.02,2073600,0.0,0.0
2026-06-04,10.05,10.1,9.95,9.98,9.98,1004600,0.0,0.0
2026-06-05,9.9,9.98,9.77,9.8,9.8,1605100,0.0,0.0
2026-06-08,9.75,9.82,9.66,9.73,9.73,1506000,0.0,0.0
2026-06-09,9.89,9.9,9.72,9.83,9.83,1840800,0.0,0.0
2026-06-10,9.6,9.82,9.6,9.74,9.74,1775000,0.0,0.0
2026-06-11,9.98,10.35,9.88,10.29,10.29,3659800,0.0,0.0
2026-06-12,10.35,10.38,10.22,10.28,10.28,1948900,0.0,0.0
2026-06-15,10.62,10.68,10.39,10.47,10.47,2251300,0.0,0.0
2026-06-16,10.47,10.57,10.32,10.42,10.42,1321500,0.0,0.0
2026-06-17,10.63,10.72,10.23,10.3,10.3,2724900,0.0,0.0
2026-06-18,10.07,10.21,9.93,9.98,9.98,2760000,0.0,0.0
2026-06-22,10.25,10.38,10.17,10.31,10.31,1347800,0.0,0.0
2026-06-23,10.12,10.5,10.12,10.48,10.48,2162400,0.0,0.0
2026-06-24,10.42,10.51,10.24,10.43,10.43,1636400,0.0,0.0
2026-06-25,10.61,10.73,10.54,10.61,10.61,1837500,0.0,0.0
2026-06-26,10.55,10.83,10.52,10.82,10.82,2439500,0.0,0.0
2026-06-29,10.78,10.79,10.68,10.74,10.74,3889700,0.0,0.0
2026-06-30,10.49,10.58,10.43,10.56,10.56,1148500,0.0,0.0
2026-07-01,10.3,10.45,10.24,10.37,10.37,2076700,0.0,0.0
2026-07-02,10.51,10.67,10.35,10.38,10.38,1875200,0.0,0.0
2026-07-06,10.35,10.47,10.22,10.43,10.43,1789000,0.0,0.0
2026-07-07,10.43,10.5,10.26,10.32,10.32,1981600,0.0,0.0
2026-07-08,10.28,10.34,10.2,10.3,10.3,1571800,0.0,0.0
2026-07-09,10.25,10.29,10.08,10.11,10.11,2639600,0.0,0.0
2026-07-10,10.3,10.55,10.29,10.49,10.49,2297500,0.0,0.0
2026-07-13,10.46,10.5,10.18,10.21,10.21,2146700,0.0,0.0
2026-07-14,10.32,10.43,10.25,10.29,10.29,1340700,0.0,0.0
2026-07-15,10.24,10.24,9.85,9.92,9.92,2480700,0.0,0.0
2026-07-16,9.76,9.88,9.67,9.69,9.69,1239800,0.0,0.0
2026-07-17,9.72,9.88,9.7,9.79,9.79,2160000,0.0,0.0
2026-07-20,9.86,9.98,9.82,9.93,9.93,2423300,0.0,0.0
2026-07-21,9.89,10.01,9.83,9.98,9.98,1411500,0.0,0.0
2026-07-22,9.93,10.27,9.93,10.25,10.25,1396700,0.0,0.0
2026-07-23,10.06,10.18,10.02,10.12,10.12,2009700,0.0,0.0
2026-07-24,10.07,10.14,9.91,9.91,9.91,1383000,0.0,0.0
2026-07-27,10.05,10.11,10.0,10.06,10.06,2020700,0.0,0.0
2026-07-28,10.25,10.35,10.17,10.19,10.19,2467100,0.0,0.0
2026-07-29,10.15,10.18,9.98,10.03,10.03,4009400,0.0,0.0
2026-07-30,10.19,10.51,10.19,10.5,10.5,1449200,0.0,0.0
2026-07-31,10.57,10.72,10.45,10.47,10.47,1612400,0.0,0.0
2026-08-03,10.44,10.6,10.32,10.56,10.56,1596600,0.0,0.0
2026-08-04,10.7,10.7,10.46,10.5,10.5,1885800,0.0,0.0
2026-08-05,10.67,10.67,10.43,10.47,10.47,5257500,0.0,0.0
2026-08-06,10.5,10.72,10.01,10.22,10.22,21163323,0.0,0.0
