Date,Open,High,Low,Close,Adj Close,Volume,Dividends,Stock Splits
1986-05-27,4.916667,4.916667,4.916667,4.916667,1.379752,600,0.0,0.0
1986-05-28,4.75,4.75,4.75,4.75,1.332981,3000,0.0,0.0
1986-05-29,4.75,4.75,4.75,4.75,1.332981,0,0.0,0.0
1986-05-30,4.75,4.75,4.75,4.75,1.332981,0,0.0,0.0
1986-06-02,4.75,4.75,4.75,4.75,1.332981,0,0.0,0.0
1986-06-03,4.666667,4.666667,4.666667,4.666667,1.309595,1800,0.0,0.0
1986-06-04,4.666667,4.666667,4.666667,4.666667,1.309595,0,0.0,0.0
1986-06-05,4.666667,4.666667,4.666667,4.666667,1.309595,0,0.0,0.0
1986-06-06,4.666667,4.666667,4.666667,4.666667,1.309595,0,0.0,0.0
1986-06-09,4.666667,4.666667,4.666667,4.666667,1.309595,6000,0.0,0.0
1986-06-10,4.666667,4.666667,4.666667,4.666667,1.309595,0,0.0,0.0
1986-06-11,4.666667,4.666667,4.666667,4.666667,1.309595,0,0.0,0.0
1986-06-12,4.666667,4.666667,4.666667,4.666667,1.309595,0,0.0,0.0
1986-06-13,4.666667,4.666667,4.666667,4.666667,1.309595,0,0.0,0.0
1986-06-16,4.666667,4.666667,4.666667,4.666667,1.309595,0,0.0,0.0
1986-06-17,4.583333,4.583333,4.333333,4.416667,1.239438,186000,0.0,0.0
1986-06-18,4.333333,4.333333,4.083333,4.166667,1.169281,99000,0.0,0.0
1986-06-19,4.166667,4.25,4.083333,4.166667,1.169281,321000,0.0,0.0
1986-06-20,4.25,4.25,4.25,4.25,1.192667,3000,0.0,0.0
1986-06-23,4.25,4.25,4.166667,4.166667,1.169281,3000,0.0,0.0
1986-06-24,4.166667,4.166667,4.083333,4.083333,1.145895,14400,0.0,0.0
1986-06-25,4.083333,4.083333,4.083333,4.083333,1.145895,600,0.0,0.0
1986-06-26,4.166667,4.166667,4.166667,4.166667,1.169281,1200,0.0,0.0
1986-06-27,4.25,4.333333,4.25,4.25,1.192667,15000,0.0,0.0
1986-06-30,4.333333,4.5,4.333333,4.5,1.262823,28500,0.0,0.0
1986-07-01,4.5,4.583333,4.333333,4.583333,1.286209,42900,0.0,0.0
1986-07-02,4.583333,4.583333,4.416667,4.583333,1.286209,8700,0.0,0.0
1986-07-03,4.583333,4.583333,4.416667,4.5,1.262823,28500,0.0,0.0
1986-07-07,4.416667,4.416667,4.333333,4.333333,1.216053,2400,0.0,0.0
1986-07-08,4.5,4.5,4.5,4.5,1.262823,900,0.0,0.0
1986-07-09,4.5,4.5,4.25,4.416667,1.239438,51000,0.0,0.0
1986-07-10,4.416667,4.583333,4.416667,4.583333,1.286209,7200,0.0,0.0
1986-07-11,4.583333,4.583333,4.416667,4.5,1.262823,2700,0.0,0.0
1986-07-14,4.5,4.666667,4.5,4.541667,1.274517,26100,0.0,0.0
1986-07-15,4.541667,4.666667,4.541667,4.666667,1.309595,12600,0.0,0.0
1986-07-16,4.541667,4.541667,4.541667,4.541667,1.274517,300,0.0,0.0
1986-07-17,4.541667,4.541667,4.541667,4.541667,1.274517,0,0.0,0.0
1986-07-18,4.541667,4.833333,4.541667,4.833333,1.356366,18300,0.0,0.0
1986-07-21,4.833333,4.833333,4.666667,4.833333,1.356366,8100,0.0,0.0
1986-07-22,4.833333,4.833333,4.791667,4.791667,1.344674,12000,0.0,0.0
1986-07-23,4.833333,4.833333,4.833333,4.833333,1.356366,3600,0.0,0.0
1986-07-24,5.083333,5.083333,5.083333,5.083333,1.426523,900,0.0,0.0
1986-07-25,5.083333,5.083333,4.833333,4.916667,1.379752,73500,0.0,0.0
1986-07-28,4.916667,5.166667,4.916667,4.916667,1.379752,1800,0.0,0.0
1986-07-29,4.916667,4.916667,4.916667,4.916667,1.379752,0,0.0,0.0
1986-07-30,4.916667,5.083333,4.833333,4.833333,1.356366,6900,0.0,0.0
1986-07-31,4.833333,4.833333,4.833333,4.833333,1.356366,0,0.0,0.0
1986-08-01,4.833333,4.833333,4.5,4.5,1.262823,12000,0.0,0.0
1986-08-04,4.75,4.75,4.75,4.75,1.332981,1500,0.0,0.0
1986-08-05,4.75,4.75,4.75,4.75,1.332981,0,0.0,0.0
1986-08-06,4.75,4.75,4.75,4.75,1.332981,0,0.0,0.0
1986-08-07,4.75,4.75,4.75,4.75,1.332981,0,0.0,0.0
1986-08-08,4.416667,4.416667,4.416667,4.416667,1.239438,1500,0.0,0.0
1986-08-11,4.416667,4.416667,4.416667,4.416667,1.239438,900,0.0,0.0
1986-08-12,4.416667,4.416667,4.416667,4.416667,1.239438,0,0.0,0.0
1986-08-13,4.416667,4.583333,4.333333,4.583333,1.286209,4800,0.0,0.0
1986-08-14,4.333333,4.333333,4.333333,4.333333,1.216053,300,0.0,0.0
1986-08-15,4.333333,4.333333,4.333333,4.333333,1.216053,0,0.0,0.0
1986-08-18,4.333333,4.333333,4.333333,4.333333,1.216053,3000,0.0,0.0
1986-08-19,4.333333,4.333333,4.333333,4.333333,1.216053,1800,0.0,0.0
1986-08-20,4.333333,4.333333,4.333333,4.333333,1.216053,0,0.0,0.0
1986-08-21,4.333333,4.333333,4.333333,4.333333,1.216053,0,0.0,0.0
1986-08-22,4.25,4.25,4.25,4.25,1.192667,600,0.0,0.0
1986-08-25,4.25,4.25,4.25,4.25,1.192667,4800,0.0,0.0
1986-08-26,4.333333,4.333333,4.333333,4.333333,1.216053,2400,0.0,0.0
1986-08-27,4.333333,4.333333,4.333333,4.333333,1.216053,2100,0.0,0.0
1986-08-28,4.166667,4.166667,4.166667,4.166667,1.169281,5400,0.0,0.0
1986-08-29,4.166667,4.166667,4.166667,4.166667,1.169281,0,0.0,0.0
1986-09-02,4.166667,4.166667,4.166667,4.166667,1.169281,0,0.0,0.0
1986-09-03,4.166667,4.166667,4.166667,4.166667,1.169281,0,0.0,0.0
1986-09-04,4.166667,4.166667,4.166667,4.166667,1.169281,0,0.0,0.0
1986-09-05,4.083333,4.083333,4.083333,4.083333,1.145895,3900,0.0,0.0
1986-09-08,4.0,4.0,3.916667,3.916667,1.099125,259200,0.0,0.0
1986-09-09,3.916667,3.916667,3.916667,3.916667,1.099125,0,0.0,0.0
1986-09-10,3.916667,3.916667,3.916667,3.916667,1.099125,0,0.0,0.0
1986-09-11,3.916667,3.916667,3.916667,3.916667,1.099125,6000,0.0,0.0
1986-09-12,3.916667,3.916667,3.916667,3.916667,1.099125,0,0.0,0.0
1986-09-15,3.916667,3.916667,3.916667,3.916667,1.099125,0,0.0,0.0
1986-09-16,3.833333,3.833333,3.833333,3.833333,1.075739,5100,0.0,0.0
1986-09-17,3.833333,3.833333,3.833333,3.833333,1.075739,0,0.0,0.0
1986-09-18,3.833333,3.833333,3.833333,3.833333,1.075739,0,0.0,0.0
1986-09-19,3.833333,3.833333,3.833333,3.833333,1.075739,0,0.0,0.0
1986-09-22,3.833333,3.833333,3.833333,3.833333,1.075739,0,0.0,0.0
1986-09-23,3.875,3.875,3.875,3.875,1.087432,15600,0.0,0.0
1986-09-24,3.916667,3.916667,3.916667,3.916667,1.099125,300,0.0,0.0
1986-09-25,4.083333,4.083333,4.083333,4.083333,1.145895,600,0.0,0.0
1986-09-26,4.083333,4.083333,4.083333,4.083333,1.145895,0,0.0,0.0
1986-09-29,4.083333,4.083333,4.083333,4.083333,1.145895,0,0.0,0.0
1986-09-30,4.0,4.0,4.0,4.0,1.12251,1500,0.0,0.0
1986-10-01,4.166667,4.166667,4.166667,4.166667,1.169281,4500,0.0,0.0
1986-10-02,4.166667,4.166667,4.166667,4.166667,1.169281,0,0.0,0.0
1986-10-03,4.166667,4.166667,4.166667,4.166667,1.169281,0,0.0,0.0
1986-10-06,4.166667,4.166667,4.166667,4.166667,1.169281,0,0.0,0.0
1986-10-07,4.166667,4.166667,4.166667,4.166667,1.169281,0,0.0,0.0
1986-10-08,4.166667,4.166667,3.916667,4.166667,1.169281,16800,0.0,0.0
1986-10-09,4.166667,4.166667,4.166667,4.166667,1.169281,0,0.0,0.0
1986-10-10,4.166667,4.166667,4.166667,4.166667,1.169281,0,0.0,0.0
1986-10-13,4.166667,4.166667,4.166667,4.166667,1.169281,0,0.0,0.0
1986-10-14,4.166667,4.166667,4.166667,4.166667,1.169281,0,0.0,0.0
1986-10-15,3.916667,3.916667,3.916667,3.916667,1.099125,1800,0.0,0.0
1986-10-16,3.916667,3.916667,3.916667,3.916667,1.099125,0,0.0,0.0
1986-10-17,3.916667,3.916667,3.916667,3.916667,1.099125,0,0.0,0.0
1986-10-20,3.916667,3.916667,3.916667,3.916667,1.099125,0,0.0,0.0
1986-10-21,3.916667,3.916667,3.916667,3.916667,1.099125,0,0.0,0.0
1986-10-22,3.916667,3.916667,3.916667,3.916667,1.099125,1500,0.0,0.0
1986-10-23,3.916667,3.916667,3.916667,3.916667,1.099125,300,0.0,0.0
1986-10-24,3.916667,3.916667,3.916667,3.916667,1.099125,8400,0.0,0.0
1986-10-27,3.916667,3.916667,3.916667,3.916667,1.099125,0,0.0,0.0
1986-10-28,3.916667,3.916667,3.916667,3.916667,1.099125,900,0.0,0.0
1986-10-29,3.916667,3.916667,3.916667,3.916667,1.099125,1500,0.0,0.0
1986-10-30,3.916667,4.166667,3.916667,3.916667,1.099125,1800,0.0,0.0
1986-10-31,3.916667,3.916667,3.916667,3.916667,1.099125,0,0.0,0.0
1986-11-03,3.916667,3.916667,3.916667,3.916667,1.099125,0,0.0,0.0
1986-11-04,3.916667,3.916667,3.916667,3.916667,1.099125,0,0.0,0.0
1986-11-05,4.0,4.0,4.0,4.0,1.12251,600,0.0,0.0
1986-11-06,4.0,4.0,4.0,4.0,1.12251,0,0.0,0.0
1986-11-07,4.083333,4.083333,4.083333,4.083333,1.145895,900,0.0,0.0
1986-11-10,4.083333,4.083333,4.083333,4.083333,1.145895,600,0.0,0.0
1986-11-11,4.083333,4.083333,4.083333,4.083333,1.145895,0,0.0,0.0
1986-11-12,4.25,4.25,4.25,4.25,1.192667,3600,0.0,0.0
1986-11-13,4.25,4.25,4.25,4.25,1.192667,0,0.0,0.0
1986-11-14,4.333333,4.333333,4.333333,4.333333,1.216053,3000,0.0,0.0
1986-11-17,4.333333,4.333333,4.333333,4.333333,1.216053,0,0.0,0.0
1986-11-18,4.083333,4.083333,4.083333,4.083333,1.145895,1200,0.0,0.0
1986-11-19,4.166667,4.166667,4.166667,4.166667,1.169281,1800,0.0,0.0
1986-11-20,4.208333,4.208333,4.208333,4.208333,1.180973,600,0.0,0.0
1986-11-21,4.208333,4.416667,4.208333,4.333333,1.216053,7500,0.0,0.0
1986-11-24,4.333333,4.333333,4.333333,4.333333,1.216053,51600,0.0,0.0
1986-11-25,4.416667,4.416667,4.416667,4.416667,1.239438,2400,0.0,0.0
1986-11-26,4.416667,4.5,4.333333,4.333333,1.216053,2100,0.0,0.0
1986-11-28,4.333333,4.333333,4.333333,4.333333,1.216053,0,0.0,0.0
1986-12-01,4.333333,4.5,4.333333,4.5,1.262823,4500,0.0,0.0
1986-12-02,4.333333,4.333333,4.333333,4.333333,1.216053,13500,0.0,0.0
1986-12-03,4.416667,4.416667,4.416667,4.416667,1.239438,1800,0.0,0.0
1986-12-04,4.416667,4.416667,4.416667,4.416667,1.239438,0,0.0,0.0
1986-12-05,4.416667,4.416667,4.416667,4.416667,1.239438,0,0.0,0.0
1986-12-08,4.416667,4.416667,4.416667,4.416667,1.239438,0,0.0,0.0
1986-12-09,4.416667,4.416667,4.416667,4.416667,1.239438,0,0.0,0.0
1986-12-10,4.416667,4.583333,4.416667,4.583333,1.286209,3900,0.0,0.0
1986-12-11,4.583333,4.583333,4.583333,4.583333,1.286209,0,0.0,0.0
1986-12-12,4.416667,4.416667,4.416667,4.416667,1.239438,5100,0.0,0.0
1986-12-15,4.416667,4.416667,4.416667,4.416667,1.239438,0,0.0,0.0
1986-12-16,4.416667,4.416667,4.416667,4.416667,1.239438,5700,0.0,0.0
1986-12-17,4.416667,4.416667,4.416667,4.416667,1.239438,0,0.0,0.0
1986-12-18,4.416667,4.416667,4.416667,4.416667,1.239438,1200,0.0,0.0
1986-12-19,4.416667,4.416667,4.416667,4.416667,1.239438,0,0.0,0.0
1986-12-22,4.416667,4.416667,4.25,4.25,1.192667,28800,0.0,0.0
1986-12-23,4.333333,4.375,4.333333,4.333333,1.216053,18000,0.0,0.0
1986-12-24,4.333333,4.333333,4.333333,4.333333,1.216053,0,0.0,0.0
1986-12-26,4.333333,4.333333,4.333333,4.333333,1.216053,0,0.0,0.0
1986-12-29,4.166667,4.166667,4.166667,4.166667,1.169281,1500,0.0,0.0
1986-12-30,4.166667,4.166667,4.166667,4.166667,1.169281,22500,0.0,0.0
1986-12-31,4.166667,4.166667,4.166667,4.166667,1.169281,0,0.0,0.0
1987-01-02,4.0,4.0,4.0,4.0,1.12251,1800,0.0,0.0
1987-01-05,4.0,4.0,4.0,4.0,1.12251,0,0.0,0.0
1987-01-06,4.25,4.25,4.25,4.25,1.192667,1500,0.0,0.0
1987-01-07,4.25,4.25,4.25,4.25,1.192667,600,0.0,0.0
1987-01-08,4.25,4.25,4.25,4.25,1.192667,0,0.0,0.0
1987-01-09,4.25,4.25,4.25,4.25,1.192667,0,0.0,0.0
1987-01-12,4.333333,4.5,4.333333,4.5,1.262823,32700,0.0,0.0
1987-01-13,4.416667,4.416667,4.333333,4.416667,1.239438,65100,0.0,0.0
1987-01-14,4.416667,4.416667,4.416667,4.416667,1.239438,0,0.0,0.0
1987-01-15,4.416667,4.416667,4.333333,4.416667,1.239438,1800,0.0,0.0
1987-01-16,4.416667,4.416667,4.416667,4.416667,1.239438,0,0.0,0.0
1987-01-19,4.416667,4.416667,4.416667,4.416667,1.239438,1500,0.0,0.0
1987-01-20,4.416667,4.583333,4.416667,4.416667,1.239438,31500,0.0,0.0
1987-01-21,4.5,4.666667,4.5,4.5,1.262823,4800,0.0,0.0
1987-01-22,4.5,4.5,4.5,4.5,1.262823,0,0.0,0.0
1987-01-23,4.583333,4.583333,4.583333,4.583333,1.286209,15300,0.0,0.0
1987-01-26,4.5,4.5,4.5,4.5,1.262823,15600,0.0,0.0
1987-01-27,4.5,4.5,4.5,4.5,1.262823,0,0.0,0.0
1987-01-28,4.583333,4.583333,4.583333,4.583333,1.286209,1200,0.0,0.0
1987-01-29,4.583333,4.583333,4.583333,4.583333,1.286209,0,0.0,0.0
1987-01-30,4.583333,4.583333,4.583333,4.583333,1.286209,0,0.0,0.0
1987-02-02,4.583333,4.583333,4.583333,4.583333,1.286209,0,0.0,0.0
1987-02-03,4.583333,4.583333,4.583333,4.583333,1.286209,0,0.0,0.0
1987-02-04,4.583333,4.583333,4.583333,4.583333,1.286209,0,0.0,0.0
1987-02-05,4.583333,4.583333,4.583333,4.583333,1.286209,300,0.0,0.0
1987-02-06,4.583333,4.583333,4.583333,4.583333,1.286209,0,0.0,0.0
1987-02-09,4.75,4.833333,4.75,4.75,1.340292,8700,0.025,0.0
1987-02-10,4.75,4.833333,4.75,4.75,1.340292,3600,0.0,0.0
1987-02-11,4.75,4.75,4.75,4.75,1.340292,900,0.0,0.0
1987-02-12,4.916667,4.916667,4.916667,4.916667,1.387319,7500,0.0,0.0
1987-02-13,4.916667,4.916667,4.916667,4.916667,1.387319,0,0.0,0.0
1987-02-17,4.916667,4.916667,4.916667,4.916667,1.387319,0,0.0,0.0
1987-02-18,4.916667,4.916667,4.916667,4.916667,1.387319,0,0.0,0.0
1987-02-19,4.916667,4.916667,4.916667,4.916667,1.387319,0,0.0,0.0
1987-02-20,4.916667,4.916667,4.916667,4.916667,1.387319,600,0.0,0.0
1987-02-23,4.916667,4.916667,4.916667,4.916667,1.387319,0,0.0,0.0
1987-02-24,4.916667,4.916667,4.916667,4.916667,1.387319,1500,0.0,0.0
1987-02-25,4.916667,4.916667,4.916667,4.916667,1.387319,0,0.0,0.0
1987-02-26,4.916667,5.0,4.916667,4.916667,1.387319,4500,0.0,0.0
1987-02-27,4.916667,4.916667,4.916667,4.916667,1.387319,0,0.0,0.0
1987-03-02,4.916667,4.916667,4.916667,4.916667,1.387319,300,0.0,0.0
1987-03-03,4.916667,4.916667,4.916667,4.916667,1.387319,3900,0.0,0.0
1987-03-04,4.916667,4.958333,4.875,4.875,1.375561,8400,0.0,0.0
1987-03-05,4.875,4.875,4.875,4.875,1.375561,0,0.0,0.0
1987-03-06,4.875,4.958333,4.791667,4.958333,1.399076,3300,0.0,0.0
1987-03-09,4.833333,4.833333,4.833333,4.833333,1.363805,3300,0.0,0.0
1987-03-10,4.833333,4.833333,4.833333,4.833333,1.363805,0,0.0,0.0
1987-03-11,4.833333,4.833333,4.833333,4.833333,1.363805,0,0.0,0.0
1987-03-12,4.875,4.875,4.875,4.875,1.375561,3000,0.0,0.0
1987-03-13,4.875,4.875,4.875,4.875,1.375561,0,0.0,0.0
1987-03-16,4.875,5.041667,4.875,4.875,1.375561,14400,0.0,0.0
1987-03-17,4.875,4.875,4.875,4.875,1.375561,0,0.0,0.0
1987-03-18,4.916667,4.958333,4.916667,4.958333,1.399076,25500,0.0,0.0
1987-03-19,4.958333,4.958333,4.958333,4.958333,1.399076,0,0.0,0.0
1987-03-20,4.916667,4.916667,4.916667,4.916667,1.387319,1500,0.0,0.0
1987-03-23,5.0,5.0,5.0,5.0,1.410832,900,0.0,0.0
1987-03-24,5.0,5.0,5.0,5.0,1.410832,900,0.0,0.0
1987-03-25,5.0,5.0,5.0,5.0,1.410832,0,0.0,0.0
1987-03-26,4.958333,4.958333,4.958333,4.958333,1.399076,600,0.0,0.0
1987-03-27,4.958333,4.958333,4.958333,4.958333,1.399076,0,0.0,0.0
1987-03-30,4.916667,4.916667,4.916667,4.916667,1.387319,1500,0.0,0.0
1987-03-31,4.916667,4.916667,4.916667,4.916667,1.387319,3300,0.0,0.0
1987-04-01,4.916667,5.041667,4.916667,5.041667,1.42259,3000,0.0,0.0
1987-04-02,5.041667,5.041667,5.041667,5.041667,1.42259,0,0.0,0.0
1987-04-03,4.916667,4.916667,4.916667,4.916667,1.387319,5100,0.0,0.0
1987-04-06,5.0,5.0,5.0,5.0,1.410832,3300,0.0,0.0
1987-04-07,5.0,5.0,5.0,5.0,1.410832,0,0.0,0.0
1987-04-08,4.916667,4.916667,4.916667,4.916667,1.387319,1500,0.0,0.0
1987-04-09,4.916667,4.916667,4.916667,4.916667,1.387319,600,0.0,0.0
1987-04-10,4.916667,5.041667,4.916667,5.041667,1.42259,6000,0.0,0.0
1987-04-13,5.083333,5.083333,5.083333,5.083333,1.434346,300,0.0,0.0
1987-04-14,5.0,5.0,4.958333,5.0,1.410832,10500,0.0,0.0
1987-04-15,5.0,5.0,5.0,5.0,1.410832,0,0.0,0.0
1987-04-16,5.0,5.0,5.0,5.0,1.410832,0,0.0,0.0
1987-04-20,5.0,5.041667,5.0,5.041667,1.42259,6000,0.0,0.0
1987-04-21,5.041667,5.041667,5.041667,5.041667,1.42259,0,0.0,0.0
1987-04-22,5.041667,5.083333,5.0,5.041667,1.42259,8400,0.0,0.0
1987-04-23,5.0,5.0,5.0,5.0,1.410832,1800,0.0,0.0
1987-04-24,5.0,5.0,5.0,5.0,1.410832,0,0.0,0.0
1987-04-27,5.041667,5.083333,5.041667,5.041667,1.42259,5400,0.0,0.0
1987-04-28,5.041667,5.041667,5.041667,5.041667,1.42259,0,0.0,0.0
1987-04-29,5.083333,5.083333,5.083333,5.083333,1.434346,9000,0.0,0.0
1987-04-30,5.083333,5.083333,5.083333,5.083333,1.434346,0,0.0,0.0
1987-05-01,5.25,5.333333,5.25,5.291667,1.493131,6600,0.0,0.0
1987-05-04,5.291667,5.291667,5.291667,5.291667,1.493131,0,0.0,0.0
1987-05-05,5.291667,5.375,5.166667,5.375,1.516645,81600,0.0,0.0
1987-05-06,5.375,5.666667,5.375,5.458333,1.540159,29100,0.0,0.0
1987-05-07,5.583333,5.583333,5.583333,5.583333,1.575429,600,0.0,0.0
1987-05-08,5.583333,5.583333,5.583333,5.583333,1.575429,0,0.0,0.0
1987-05-11,5.416667,5.416667,5.416667,5.416667,1.535277,4500,0.025,0.0
1987-05-12,5.333333,5.333333,5.25,5.25,1.488038,9000,0.0,0.0
1987-05-13,5.25,5.25,5.25,5.25,1.488038,300,0.0,0.0
1987-05-14,5.25,5.25,5.25,5.25,1.488038,1200,0.0,0.0
1987-05-15,5.25,5.25,5.25,5.25,1.488038,3300,0.0,0.0
1987-05-18,5.25,5.25,5.166667,5.166667,1.464418,5400,0.0,0.0
1987-05-19,5.166667,5.166667,5.166667,5.166667,1.464418,0,0.0,0.0
1987-05-20,5.166667,5.166667,5.166667,5.166667,1.464418,0,0.0,0.0
1987-05-21,5.166667,5.166667,5.166667,5.166667,1.464418,300,0.0,0.0
1987-05-22,5.166667,5.166667,5.166667,5.166667,1.464418,0,0.0,0.0
1987-05-26,5.166667,5.166667,5.166667,5.166667,1.464418,1200,0.0,0.0
1987-05-27,5.166667,5.166667,5.166667,5.166667,1.464418,300,0.0,0.0
1987-05-28,5.166667,5.333333,5.166667,5.166667,1.464418,600,0.0,0.0
1987-05-29,5.416667,5.5,5.416667,5.5,1.558896,6000,0.0,0.0
1987-06-01,5.5,5.5,5.5,5.5,1.558896,600,0.0,0.0
1987-06-02,5.5,5.5,5.416667,5.416667,1.535277,11100,0.0,0.0
1987-06-03,5.416667,5.416667,5.416667,5.416667,1.535277,0,0.0,0.0
1987-06-04,5.416667,5.416667,5.416667,5.416667,1.535277,0,0.0,0.0
1987-06-05,5.416667,5.416667,5.416667,5.416667,1.535277,2400,0.0,0.0
1987-06-08,5.416667,5.416667,5.416667,5.416667,1.535277,0,0.0,0.0
1987-06-09,5.416667,5.416667,5.416667,5.416667,1.535277,0,0.0,0.0
1987-06-10,5.416667,5.416667,5.416667,5.416667,1.535277,0,0.0,0.0
1987-06-11,5.416667,5.416667,5.416667,5.416667,1.535277,0,0.0,0.0
1987-06-12,5.416667,5.416667,5.416667,5.416667,1.535277,2400,0.0,0.0
1987-06-15,5.416667,5.416667,5.416667,5.416667,1.535277,0,0.0,0.0
1987-06-16,5.416667,5.416667,5.416667,5.416667,1.535277,0,0.0,0.0
1987-06-17,5.416667,5.416667,5.416667,5.416667,1.535277,2100,0.0,0.0
1987-06-18,5.416667,5.416667,5.416667,5.416667,1.535277,1500,0.0,0.0
1987-06-19,5.416667,5.416667,5.416667,5.416667,1.535277,2100,0.0,0.0
1987-06-22,5.416667,5.416667,5.416667,5.416667,1.535277,0,0.0,0.0
1987-06-23,5.416667,5.416667,5.416667,5.416667,1.535277,1500,0.0,0.0
1987-06-24,5.416667,5.416667,5.416667,5.416667,1.535277,0,0.0,0.0
1987-06-25,5.416667,5.541667,5.416667,5.541667,1.570705,14400,0.0,0.0
1987-06-26,5.541667,5.541667,5.541667,5.541667,1.570705,0,0.0,0.0
1987-06-29,5.541667,5.541667,5.541667,5.541667,1.570705,0,0.0,0.0
1987-06-30,5.541667,5.541667,5.541667,5.541667,1.570705,0,0.0,0.0
1987-07-01,5.5,5.5,5.416667,5.5,1.558896,900,0.0,0.0
1987-07-02,5.5,5.5,5.5,5.5,1.558896,0,0.0,0.0
1987-07-06,5.5,5.5,5.5,5.5,1.558896,0,0.0,0.0
1987-07-07,5.416667,5.416667,5.416667,5.416667,1.535277,1500,0.0,0.0
1987-07-08,5.416667,5.416667,5.416667,5.416667,1.535277,0,0.0,0.0
1987-07-09,5.416667,5.416667,5.416667,5.416667,1.535277,0,0.0,0.0
1987-07-10,5.416667,5.416667,5.416667,5.416667,1.535277,300,0.0,0.0
1987-07-13,5.416667,5.416667,5.416667,5.416667,1.535277,900,0.0,0.0
1987-07-14,5.416667,5.416667,5.416667,5.416667,1.535277,0,0.0,0.0
1987-07-15,5.416667,5.416667,5.416667,5.416667,1.535277,0,0.0,0.0
1987-07-16,5.416667,5.416667,5.416667,5.416667,1.535277,900,0.0,0.0
1987-07-17,5.5,5.666667,5.5,5.5,1.558896,5100,0.0,0.0
1987-07-20,5.5,5.5,5.5,5.5,1.558896,4500,0.0,0.0
1987-07-21,5.5,5.5,5.5,5.5,1.558896,0,0.0,0.0
1987-07-22,5.5,5.5,5.5,5.5,1.558896,6000,0.0,0.0
1987-07-23,5.5,5.5,5.5,5.5,1.558896,0,0.0,0.0
1987-07-24,5.458333,5.458333,5.458333,5.458333,1.547086,600,0.0,0.0
1987-07-27,5.666667,5.666667,5.666667,5.666667,1.606135,600,0.0,0.0
1987-07-28,5.666667,5.666667,5.5,5.5,1.558896,6300,0.0,0.0
1987-07-29,5.25,5.25,5.25,5.25,1.488038,600,0.0,0.0
1987-07-30,5.5,5.5,5.5,5.5,1.558896,1500,0.0,0.0
1987-07-31,5.5,5.5,5.5,5.5,1.558896,0,0.0,0.0
1987-08-03,5.5,5.5,5.5,5.5,1.558896,0,0.0,0.0
1987-08-04,5.583333,5.666667,5.583333,5.666667,1.606135,1800,0.0,0.0
1987-08-05,5.666667,5.666667,5.666667,5.666667,1.606135,0,0.0,0.0
1987-08-06,5.666667,5.666667,5.666667,5.666667,1.606135,0,0.0,0.0
1987-08-07,5.666667,5.666667,5.666667,5.666667,1.606135,0,0.0,0.0
1987-08-10,5.916667,6.0,5.916667,5.916667,1.676995,3600,0.0,0.0
1987-08-11,5.916667,5.916667,5.916667,5.916667,1.684587,0,0.026667,0.0
1987-08-12,5.916667,5.916667,5.916667,5.916667,1.684587,0,0.0,0.0
1987-08-13,5.916667,5.916667,5.916667,5.916667,1.684587,0,0.0,0.0
1987-08-14,6.0,6.0,6.0,6.0,1.708313,3000,0.0,0.0
1987-08-17,5.833333,5.833333,5.833333,5.833333,1.66086,900,0.0,0.0
1987-08-18,5.833333,5.833333,5.833333,5.833333,1.66086,1500,0.0,0.0
1987-08-19,5.833333,5.833333,5.833333,5.833333,1.66086,0,0.0,0.0
1987-08-20,5.833333,5.833333,5.833333,5.833333,1.66086,1200,0.0,0.0
1987-08-21,5.833333,5.833333,5.833333,5.833333,1.66086,600,0.0,0.0
1987-08-24,5.833333,5.833333,5.833333,5.833333,1.66086,0,0.0,0.0
1987-08-25,5.833333,5.833333,5.833333,5.833333,1.66086,0,0.0,0.0
1987-08-26,5.833333,5.833333,5.833333,5.833333,1.66086,0,0.0,0.0
1987-08-27,5.833333,5.833333,5.833333,5.833333,1.66086,1200,0.0,0.0
1987-08-28,5.833333,5.833333,5.833333,5.833333,1.66086,0,0.0,0.0
1987-08-31,5.833333,5.833333,5.833333,5.833333,1.66086,3000,0.0,0.0
1987-09-01,5.833333,5.833333,5.833333,5.833333,1.66086,0,0.0,0.0
1987-09-02,5.833333,5.833333,5.833333,5.833333,1.66086,0,0.0,0.0
1987-09-03,5.75,5.75,5.75,5.75,1.637135,1800,0.0,0.0
1987-09-04,5.75,5.833333,5.666667,5.666667,1.613407,5700,0.0,0.0
1987-09-08,5.583333,5.583333,5.5,5.5,1.565954,2700,0.0,0.0
1987-09-09,5.5,5.5,5.5,5.5,1.565954,0,0.0,0.0
1987-09-10,5.5,5.5,5.5,5.5,1.565954,0,0.0,0.0
1987-09-11,5.5,5.5,5.5,5.5,1.565954,0,0.0,0.0
1987-09-14,5.5,5.5,5.5,5.5,1.565954,0,0.0,0.0
1987-09-15,5.416667,5.416667,5.416667,5.416667,1.542228,1200,0.0,0.0
1987-09-16,5.416667,5.416667,5.416667,5.416667,1.542228,0,0.0,0.0
1987-09-17,5.416667,5.416667,5.416667,5.416667,1.542228,0,0.0,0.0
1987-09-18,5.416667,5.416667,5.416667,5.416667,1.542228,7800,0.0,0.0
1987-09-21,5.416667,5.416667,5.416667,5.416667,1.542228,1500,0.0,0.0
1987-09-22,5.25,5.25,5.25,5.25,1.494775,16500,0.0,0.0
1987-09-23,5.166667,5.166667,5.083333,5.166667,1.471048,30600,0.0,0.0
1987-09-24,5.0,5.0,5.0,5.0,1.423595,3600,0.0,0.0
1987-09-25,4.916667,4.916667,4.916667,4.916667,1.399869,300,0.0,0.0
1987-09-28,4.916667,4.916667,4.916667,4.916667,1.399869,0,0.0,0.0
1987-09-29,4.916667,4.916667,4.916667,4.916667,1.399869,0,0.0,0.0
1987-09-30,5.0,5.0,5.0,5.0,1.423595,9000,0.0,0.0
1987-10-01,5.0,5.0,5.0,5.0,1.423595,0,0.0,0.0
1987-10-02,5.0,5.0,5.0,5.0,1.423595,0,0.0,0.0
1987-10-05,5.0,5.0,5.0,5.0,1.423595,0,0.0,0.0
1987-10-06,5.0,5.0,4.916667,4.916667,1.399869,3300,0.0,0.0
1987-10-07,4.833333,4.833333,4.833333,4.833333,1.376142,1500,0.0,0.0
1987-10-08,4.833333,4.833333,4.833333,4.833333,1.376142,0,0.0,0.0
1987-10-09,4.916667,5.0,4.916667,5.0,1.423595,60000,0.0,0.0
1987-10-12,5.0,5.0,5.0,5.0,1.423595,0,0.0,0.0
1987-10-13,5.0,5.0,5.0,5.0,1.423595,0,0.0,0.0
1987-10-14,4.833333,4.833333,4.833333,4.833333,1.376142,1500,0.0,0.0
1987-10-15,5.0,5.0,5.0,5.0,1.423595,3000,0.0,0.0
1987-10-16,4.75,4.75,4.666667,4.666667,1.328688,4500,0.0,0.0
1987-10-19,4.5,4.5,4.333333,4.333333,1.233782,5100,0.0,0.0
1987-10-20,4.333333,4.333333,4.0,4.0,1.138876,4800,0.0,0.0
1987-10-21,4.0,4.0,4.0,4.0,1.138876,0,0.0,0.0
1987-10-22,4.083333,4.083333,4.083333,4.083333,1.162602,300,0.0,0.0
1987-10-23,4.0,4.0,4.0,4.0,1.138876,300,0.0,0.0
1987-10-26,3.833333,3.833333,3.5,3.5,0.996515,2700,0.0,0.0
1987-10-27,3.5,3.5,3.416667,3.416667,0.972789,5400,0.0,0.0
1987-10-28,3.333333,3.333333,3.333333,3.333333,0.949063,900,0.0,0.0
1987-10-29,3.333333,3.416667,3.333333,3.333333,0.949063,71100,0.0,0.0
1987-10-30,3.333333,3.333333,3.333333,3.333333,0.949063,0,0.0,0.0
1987-11-02,3.333333,3.333333,3.25,3.333333,0.949063,84600,0.0,0.0
1987-11-03,3.25,3.25,3.25,3.25,0.925336,1200,0.0,0.0
1987-11-04,3.25,3.25,3.25,3.25,0.925336,0,0.0,0.0
1987-11-05,3.25,3.25,3.25,3.25,0.925336,0,0.0,0.0
1987-11-06,3.583333,3.583333,3.583333,3.583333,1.020243,300,0.0,0.0
1987-11-09,3.583333,3.583333,3.583333,3.583333,1.027893,0,0.026667,0.0
1987-11-10,3.75,3.75,3.75,3.75,1.075701,1500,0.0,0.0
1987-11-11,3.75,3.75,3.75,3.75,1.075701,0,0.0,0.0
1987-11-12,3.75,3.75,3.666667,3.708333,1.063749,39600,0.0,0.0
1987-11-13,3.708333,3.708333,3.708333,3.708333,1.063749,0,0.0,0.0
1987-11-16,3.666667,3.666667,3.666667,3.666667,1.051797,1500,0.0,0.0
1987-11-17,3.666667,3.666667,3.666667,3.666667,1.051797,1500,0.0,0.0
1987-11-18,3.666667,3.666667,3.666667,3.666667,1.051797,0,0.0,0.0
1987-11-19,3.666667,3.666667,3.666667,3.666667,1.051797,0,0.0,0.0
1987-11-20,3.625,3.625,3.583333,3.583333,1.027893,15900,0.0,0.0
1987-11-23,3.583333,3.583333,3.583333,3.583333,1.027893,0,0.0,0.0
1987-11-24,3.416667,3.416667,3.416667,3.416667,0.980083,1200,0.0,0.0
1987-11-25,3.416667,3.416667,3.416667,3.416667,0.980083,0,0.0,0.0
1987-11-27,3.416667,3.416667,3.416667,3.416667,0.980083,0,0.0,0.0
1987-11-30,3.583333,3.583333,3.583333,3.583333,1.027893,15000,0.0,0.0
1987-12-01,3.583333,3.583333,3.583333,3.583333,1.027893,0,0.0,0.0
1987-12-02,3.583333,3.583333,3.583333,3.583333,1.027893,0,0.0,0.0
1987-12-03,3.583333,3.583333,3.583333,3.583333,1.027893,0,0.0,0.0
1987-12-04,3.333333,3.333333,3.333333,3.333333,0.956179,2700,0.0,0.0
1987-12-07,3.333333,3.333333,3.333333,3.333333,0.956179,0,0.0,0.0
1987-12-08,3.25,3.25,3.083333,3.083333,0.884465,7200,0.0,0.0
1987-12-09,3.083333,3.083333,3.083333,3.083333,0.884465,0,0.0,0.0
1987-12-10,3.041667,3.041667,3.041667,3.041667,0.872513,24600,0.0,0.0
1987-12-11,2.916667,2.916667,2.916667,2.916667,0.836657,43500,0.0,0.0
1987-12-14,2.958333,2.958333,2.958333,2.958333,0.848609,2400,0.0,0.0
1987-12-15,3.166667,3.166667,3.166667,3.166667,0.90837,72000,0.0,0.0
1987-12-16,3.166667,3.166667,3.166667,3.166667,0.90837,0,0.0,0.0
1987-12-17,3.083333,3.083333,3.083333,3.083333,0.884465,300,0.0,0.0
1987-12-18,3.083333,3.083333,3.083333,3.083333,0.884465,0,0.0,0.0
1987-12-21,3.083333,3.083333,3.083333,3.083333,0.884465,0,0.0,0.0
1987-12-22,3.083333,3.083333,3.083333,3.083333,0.884465,0,0.0,0.0
1987-12-23,3.333333,3.333333,3.333333,3.333333,0.956179,600,0.0,0.0
1987-12-24,3.333333,3.333333,3.333333,3.333333,0.956179,0,0.0,0.0
1987-12-28,3.333333,3.333333,3.333333,3.333333,0.956179,0,0.0,0.0
1987-12-29,3.333333,3.333333,3.333333,3.333333,0.956179,0,0.0,0.0
1987-12-30,3.333333,3.666667,3.083333,3.666667,1.051797,16500,0.0,0.0
1987-12-31,3.625,3.625,3.625,3.625,1.039845,300,0.0,0.0
1988-01-04,3.625,3.625,3.625,3.625,1.039845,0,0.0,0.0
1988-01-05,3.5,3.5,3.416667,3.416667,0.980083,4500,0.0,0.0
1988-01-06,3.416667,3.416667,3.416667,3.416667,0.980083,0,0.0,0.0
1988-01-07,3.416667,3.416667,3.416667,3.416667,0.980083,0,0.0,0.0
1988-01-08,3.416667,3.416667,3.416667,3.416667,0.980083,0,0.0,0.0
1988-01-11,3.416667,3.416667,3.416667,3.416667,0.980083,0,0.0,0.0
1988-01-12,3.416667,3.416667,3.416667,3.416667,0.980083,0,0.0,0.0
1988-01-13,3.416667,3.416667,3.333333,3.416667,0.980083,3000,0.0,0.0
1988-01-14,3.416667,3.416667,3.416667,3.416667,0.980083,0,0.0,0.0
1988-01-15,3.416667,3.416667,3.416667,3.416667,0.980083,0,0.0,0.0
1988-01-18,3.416667,3.416667,3.416667,3.416667,0.980083,0,0.0,0.0
1988-01-19,3.416667,3.416667,3.416667,3.416667,0.980083,0,0.0,0.0
1988-01-20,3.416667,3.416667,3.416667,3.416667,0.980083,0,0.0,0.0
1988-01-21,3.333333,3.333333,3.333333,3.333333,0.956179,900,0.0,0.0
1988-01-22,3.333333,3.333333,3.333333,3.333333,0.956179,0,0.0,0.0
1988-01-25,3.333333,3.333333,3.333333,3.333333,0.956179,0,0.0,0.0
1988-01-26,3.333333,3.333333,3.333333,3.333333,0.956179,0,0.0,0.0
1988-01-27,3.333333,3.333333,3.333333,3.333333,0.956179,1500,0.0,0.0
1988-01-28,3.416667,3.416667,3.416667,3.416667,0.980083,1500,0.0,0.0
1988-01-29,3.416667,3.416667,3.416667,3.416667,0.980083,0,0.0,0.0
1988-02-01,3.333333,3.333333,3.25,3.25,0.932274,4800,0.0,0.0
1988-02-02,3.25,3.25,3.25,3.25,0.932274,1200,0.0,0.0
1988-02-03,3.25,3.25,3.25,3.25,0.932274,1500,0.0,0.0
1988-02-04,3.25,3.25,3.25,3.25,0.932274,0,0.0,0.0
1988-02-05,3.333333,3.333333,3.333333,3.333333,0.956179,12000,0.0,0.0
1988-02-08,3.333333,3.333333,3.333333,3.333333,0.956179,0,0.0,0.0
1988-02-09,3.333333,3.333333,3.333333,3.333333,0.963891,0,0.026667,0.0
1988-02-10,3.333333,3.333333,3.333333,3.333333,0.963891,0,0.0,0.0
1988-02-11,3.333333,3.333333,3.333333,3.333333,0.963891,0,0.0,0.0
1988-02-12,3.333333,3.333333,3.333333,3.333333,0.963891,0,0.0,0.0
1988-02-16,3.333333,3.333333,3.333333,3.333333,0.963891,0,0.0,0.0
1988-02-17,3.333333,3.333333,3.333333,3.333333,0.963891,0,0.0,0.0
1988-02-18,3.333333,3.333333,3.333333,3.333333,0.963891,0,0.0,0.0
1988-02-19,3.333333,3.333333,3.333333,3.333333,0.963891,0,0.0,0.0
1988-02-22,3.333333,3.333333,3.333333,3.333333,0.963891,0,0.0,0.0
1988-02-23,3.5,3.5,3.5,3.5,1.012085,15000,0.0,0.0
1988-02-24,3.5,3.5,3.416667,3.5,1.012085,90600,0.0,0.0
1988-02-25,3.5,3.5,3.5,3.5,1.012085,1500,0.0,0.0
1988-02-26,3.5,3.5,3.5,3.5,1.012085,0,0.0,0.0
1988-02-29,3.5,3.5,3.5,3.5,1.012085,0,0.0,0.0
1988-03-01,3.5,3.833333,3.5,3.666667,1.060279,170100,0.0,0.0
1988-03-02,3.666667,3.666667,3.666667,3.666667,1.060279,0,0.0,0.0
1988-03-03,3.666667,3.666667,3.666667,3.666667,1.060279,0,0.0,0.0
1988-03-04,4.083333,4.083333,4.083333,4.083333,1.180765,3000,0.0,0.0
1988-03-07,4.083333,4.083333,4.083333,4.083333,1.180765,0,0.0,0.0
1988-03-08,4.166667,4.166667,4.166667,4.166667,1.204863,1500,0.0,0.0
1988-03-09,4.166667,4.166667,4.166667,4.166667,1.204863,0,0.0,0.0
1988-03-10,4.166667,4.166667,4.0,4.0,1.156668,5400,0.0,0.0
1988-03-11,4.0,4.0,4.0,4.0,1.156668,3000,0.0,0.0
1988-03-14,4.0,4.0,3.916667,3.916667,1.132571,96000,0.0,0.0
1988-03-15,3.916667,3.916667,3.916667,3.916667,1.132571,900,0.0,0.0
1988-03-16,3.916667,3.916667,3.916667,3.916667,1.132571,0,0.0,0.0
1988-03-17,3.916667,3.916667,3.916667,3.916667,1.132571,5400,0.0,0.0
1988-03-18,3.916667,3.916667,3.916667,3.916667,1.132571,0,0.0,0.0
1988-03-21,3.916667,3.916667,3.916667,3.916667,1.132571,0,0.0,0.0
1988-03-22,3.916667,3.916667,3.916667,3.916667,1.132571,0,0.0,0.0
1988-03-23,3.916667,3.916667,3.916667,3.916667,1.132571,0,0.0,0.0
1988-03-24,3.916667,3.916667,3.916667,3.916667,1.132571,2700,0.0,0.0
1988-03-25,3.833333,3.833333,3.833333,3.833333,1.108474,600,0.0,0.0
1988-03-28,3.833333,3.833333,3.833333,3.833333,1.108474,0,0.0,0.0
1988-03-29,3.833333,3.833333,3.833333,3.833333,1.108474,0,0.0,0.0
1988-03-30,3.833333,3.916667,3.833333,3.916667,1.132571,7800,0.0,0.0
1988-03-31,3.916667,3.916667,3.916667,3.916667,1.132571,0,0.0,0.0
1988-04-04,3.916667,3.916667,3.916667,3.916667,1.132571,0,0.0,0.0
1988-04-05,4.083333,4.083333,4.083333,4.083333,1.180765,1500,0.0,0.0
1988-04-06,4.083333,4.083333,4.083333,4.083333,1.180765,300,0.0,0.0
1988-04-07,4.083333,4.083333,4.083333,4.083333,1.180765,0,0.0,0.0
1988-04-08,4.083333,4.083333,4.083333,4.083333,1.180765,0,0.0,0.0
1988-04-11,4.333333,4.333333,4.333333,4.333333,1.253057,1500,0.0,0.0
1988-04-12,4.25,4.25,4.25,4.25,1.228959,900,0.0,0.0
1988-04-13,4.25,4.25,4.25,4.25,1.228959,0,0.0,0.0
1988-04-14,4.25,4.25,4.166667,4.166667,1.204863,19200,0.0,0.0
1988-04-15,4.166667,4.166667,4.166667,4.166667,1.204863,0,0.0,0.0
1988-04-18,4.166667,4.166667,4.166667,4.166667,1.204863,0,0.0,0.0
1988-04-19,4.166667,4.166667,4.166667,4.166667,1.204863,0,0.0,0.0
1988-04-20,4.166667,4.166667,4.166667,4.166667,1.204863,1500,0.0,0.0
1988-04-21,4.166667,4.166667,4.166667,4.166667,1.204863,0,0.0,0.0
1988-04-22,4.166667,4.166667,4.166667,4.166667,1.204863,0,0.0,0.0
1988-04-25,4.166667,4.166667,4.166667,4.166667,1.204863,0,0.0,0.0
1988-04-26,4.166667,4.166667,4.166667,4.166667,1.204863,0,0.0,0.0
1988-04-27,4.166667,4.166667,4.166667,4.166667,1.204863,600,0.0,0.0
1988-04-28,4.166667,4.166667,4.166667,4.166667,1.204863,0,0.0,0.0
1988-04-29,4.166667,4.166667,4.166667,4.166667,1.204863,0,0.0,0.0
1988-05-02,4.166667,4.166667,4.166667,4.166667,1.204863,1500,0.0,0.0
1988-05-03,4.166667,4.166667,4.166667,4.166667,1.204863,0,0.0,0.0
1988-05-04,4.166667,4.166667,4.166667,4.166667,1.204863,0,0.0,0.0
1988-05-05,4.166667,4.166667,4.166667,4.166667,1.204863,0,0.0,0.0
1988-05-06,4.416667,4.416667,4.416667,4.416667,1.277155,1500,0.0,0.0
1988-05-09,4.416667,4.416667,4.416667,4.416667,1.277155,0,0.0,0.0
1988-05-10,4.291667,4.291667,4.25,4.25,1.236425,56400,0.026667,0.0
1988-05-11,4.25,4.333333,4.25,4.333333,1.260669,3000,0.0,0.0
1988-05-12,4.333333,4.333333,4.333333,4.333333,1.260669,0,0.0,0.0
1988-05-13,4.333333,4.333333,4.333333,4.333333,1.260669,0,0.0,0.0
1988-05-16,4.333333,4.333333,4.333333,4.333333,1.260669,0,0.0,0.0
1988-05-17,4.333333,4.333333,4.333333,4.333333,1.260669,0,0.0,0.0
1988-05-18,4.333333,4.416667,4.333333,4.416667,1.284913,21000,0.0,0.0
1988-05-19,4.416667,4.5,4.25,4.5,1.309156,49800,0.0,0.0
1988-05-20,4.416667,4.416667,4.416667,4.416667,1.284913,16500,0.0,0.0
1988-05-23,4.5,4.5,4.5,4.5,1.309156,15000,0.0,0.0
1988-05-24,4.5,4.5,4.5,4.5,1.309156,0,0.0,0.0
1988-05-25,4.5,4.5,4.5,4.5,1.309156,0,0.0,0.0
1988-05-26,4.416667,4.416667,4.416667,4.416667,1.284913,1200,0.0,0.0
1988-05-27,4.583333,4.583333,4.583333,4.583333,1.3334,5100,0.0,0.0
1988-05-31,4.5,4.5,4.416667,4.416667,1.284913,18000,0.0,0.0
1988-06-01,4.416667,4.416667,4.416667,4.416667,1.284913,0,0.0,0.0
1988-06-02,4.416667,4.416667,4.416667,4.416667,1.284913,0,0.0,0.0
1988-06-03,4.416667,4.416667,4.416667,4.416667,1.284913,0,0.0,0.0
1988-06-06,4.416667,4.416667,4.416667,4.416667,1.284913,1200,0.0,0.0
1988-06-07,4.333333,4.333333,4.333333,4.333333,1.260669,1500,0.0,0.0
1988-06-08,4.333333,4.333333,4.333333,4.333333,1.260669,0,0.0,0.0
1988-06-09,4.333333,4.333333,4.25,4.25,1.236425,13200,0.0,0.0
1988-06-10,4.166667,4.166667,4.166667,4.166667,1.212182,300,0.0,0.0
1988-06-13,4.5,4.5,4.5,4.5,1.309156,600,0.0,0.0
1988-06-14,4.166667,4.166667,4.166667,4.166667,1.212182,3300,0.0,0.0
1988-06-15,4.333333,4.333333,4.333333,4.333333,1.260669,3000,0.0,0.0
1988-06-16,4.166667,4.166667,4.166667,4.166667,1.212182,600,0.0,0.0
1988-06-17,4.166667,4.166667,4.166667,4.166667,1.212182,2400,0.0,0.0
1988-06-20,4.166667,4.166667,4.166667,4.166667,1.212182,0,0.0,0.0
1988-06-21,4.166667,4.166667,4.166667,4.166667,1.212182,2400,0.0,0.0
1988-06-22,4.166667,4.166667,4.166667,4.166667,1.212182,6000,0.0,0.0
1988-06-23,4.166667,4.166667,4.166667,4.166667,1.212182,0,0.0,0.0
1988-06-24,4.166667,4.166667,4.166667,4.166667,1.212182,0,0.0,0.0
1988-06-27,4.166667,4.166667,4.166667,4.166667,1.212182,9000,0.0,0.0
1988-06-28,4.083333,4.083333,4.083333,4.083333,1.187937,600,0.0,0.0
1988-06-29,4.083333,4.083333,4.083333,4.083333,1.187937,4800,0.0,0.0
1988-06-30,4.083333,4.125,4.083333,4.125,1.20006,12000,0.0,0.0
1988-07-01,4.083333,4.083333,4.083333,4.083333,1.187937,1500,0.0,0.0
1988-07-05,4.083333,4.083333,4.083333,4.083333,1.187937,0,0.0,0.0
1988-07-06,4.083333,4.083333,4.083333,4.083333,1.187937,0,0.0,0.0
1988-07-07,4.125,4.125,4.125,4.125,1.20006,3000,0.0,0.0
1988-07-08,4.125,4.125,4.125,4.125,1.20006,0,0.0,0.0
1988-07-11,4.125,4.125,4.125,4.125,1.20006,0,0.0,0.0
1988-07-12,4.125,4.125,4.083333,4.125,1.20006,6000,0.0,0.0
1988-07-13,4.125,4.125,4.125,4.125,1.20006,0,0.0,0.0
1988-07-14,4.125,4.125,4.125,4.125,1.20006,0,0.0,0.0
1988-07-15,4.125,4.125,4.125,4.125,1.20006,0,0.0,0.0
1988-07-18,4.125,4.125,4.125,4.125,1.20006,0,0.0,0.0
1988-07-19,4.125,4.125,4.125,4.125,1.20006,0,0.0,0.0
1988-07-20,4.125,4.125,4.125,4.125,1.20006,0,0.0,0.0
1988-07-21,4.125,4.125,4.125,4.125,1.20006,0,0.0,0.0
1988-07-22,4.125,4.125,4.125,4.125,1.20006,0,0.0,0.0
1988-07-25,4.125,4.125,4.125,4.125,1.20006,0,0.0,0.0
1988-07-26,4.083333,4.083333,4.0,4.083333,1.187937,5400,0.0,0.0
1988-07-27,4.083333,4.083333,4.083333,4.083333,1.187937,0,0.0,0.0
1988-07-28,4.083333,4.083333,4.083333,4.083333,1.187937,0,0.0,0.0
1988-07-29,4.083333,4.083333,4.083333,4.083333,1.187937,0,0.0,0.0
1988-08-01,4.083333,4.083333,4.083333,4.083333,1.187937,0,0.0,0.0
1988-08-02,3.833333,3.833333,3.833333,3.833333,1.115208,2400,0.0,0.0
1988-08-03,3.833333,3.833333,3.833333,3.833333,1.115208,0,0.0,0.0
1988-08-04,3.833333,3.833333,3.833333,3.833333,1.115208,0,0.0,0.0
1988-08-05,3.833333,3.833333,3.833333,3.833333,1.115208,0,0.0,0.0
1988-08-08,3.833333,3.875,3.833333,3.833333,1.115208,9600,0.0,0.0
1988-08-09,3.833333,3.833333,3.833333,3.833333,1.123019,0,0.026667,0.0
1988-08-10,3.833333,3.833333,3.833333,3.833333,1.123019,0,0.0,0.0
1988-08-11,3.833333,3.833333,3.833333,3.833333,1.123019,0,0.0,0.0
1988-08-12,3.833333,3.833333,3.833333,3.833333,1.123019,0,0.0,0.0
1988-08-15,3.833333,3.833333,3.833333,3.833333,1.123019,0,0.0,0.0
1988-08-16,3.833333,3.833333,3.833333,3.833333,1.123019,0,0.0,0.0
1988-08-17,3.833333,3.833333,3.833333,3.833333,1.123019,2100,0.0,0.0
1988-08-18,3.833333,3.833333,3.833333,3.833333,1.123019,0,0.0,0.0
1988-08-19,3.833333,3.833333,3.833333,3.833333,1.123019,0,0.0,0.0
1988-08-22,3.833333,3.833333,3.833333,3.833333,1.123019,0,0.0,0.0
1988-08-23,3.833333,3.833333,3.833333,3.833333,1.123019,0,0.0,0.0
1988-08-24,3.833333,3.833333,3.833333,3.833333,1.123019,0,0.0,0.0
1988-08-25,3.833333,3.833333,3.833333,3.833333,1.123019,1800,0.0,0.0
1988-08-26,3.833333,3.833333,3.833333,3.833333,1.123019,0,0.0,0.0
1988-08-29,3.833333,3.833333,3.833333,3.833333,1.123019,900,0.0,0.0
1988-08-30,3.833333,3.833333,3.833333,3.833333,1.123019,0,0.0,0.0
1988-08-31,3.833333,3.833333,3.833333,3.833333,1.123019,0,0.0,0.0
1988-09-01,3.833333,3.833333,3.833333,3.833333,1.123019,1800,0.0,0.0
1988-09-02,3.833333,3.833333,3.833333,3.833333,1.123019,0,0.0,0.0
1988-09-06,3.833333,3.833333,3.833333,3.833333,1.123019,300,0.0,0.0
1988-09-07,3.833333,3.833333,3.833333,3.833333,1.123019,0,0.0,0.0
1988-09-08,3.833333,4.083333,3.833333,4.041667,1.184053,8700,0.0,0.0
1988-09-09,4.083333,4.083333,4.083333,4.083333,1.19626,1200,0.0,0.0
1988-09-12,4.083333,4.083333,4.083333,4.083333,1.19626,0,0.0,0.0
1988-09-13,4.083333,4.083333,4.083333,4.083333,1.19626,0,0.0,0.0
1988-09-14,4.083333,4.083333,4.083333,4.083333,1.19626,0,0.0,0.0
1988-09-15,4.083333,4.083333,4.083333,4.083333,1.19626,0,0.0,0.0
1988-09-16,4.083333,4.083333,4.083333,4.083333,1.19626,0,0.0,0.0
1988-09-19,4.083333,4.083333,4.083333,4.083333,1.19626,0,0.0,0.0
1988-09-20,4.083333,4.083333,4.083333,4.083333,1.19626,0,0.0,0.0
1988-09-21,4.083333,4.083333,4.083333,4.083333,1.19626,0,0.0,0.0
1988-09-22,4.083333,4.083333,4.083333,4.083333,1.19626,0,0.0,0.0
1988-09-23,4.083333,4.083333,4.083333,4.083333,1.19626,7500,0.0,0.0
1988-09-26,4.083333,4.083333,4.083333,4.083333,1.19626,1200,0.0,0.0
1988-09-27,4.083333,4.083333,4.083333,4.083333,1.19626,0,0.0,0.0
1988-09-28,4.083333,4.083333,4.083333,4.083333,1.19626,0,0.0,0.0
1988-09-29,4.083333,4.083333,4.083333,4.083333,1.19626,0,0.0,0.0
1988-09-30,4.083333,4.083333,4.083333,4.083333,1.19626,1800,0.0,0.0
1988-10-03,4.083333,4.083333,4.083333,4.083333,1.19626,0,0.0,0.0
1988-10-04,4.083333,4.083333,4.083333,4.083333,1.19626,0,0.0,0.0
1988-10-05,4.083333,4.083333,4.083333,4.083333,1.19626,900,0.0,0.0
1988-10-06,4.0,4.0,4.0,4.0,1.171847,1500,0.0,0.0
1988-10-07,4.0,4.0,4.0,4.0,1.171847,0,0.0,0.0
1988-10-10,4.0,4.0,3.916667,4.0,1.171847,6300,0.0,0.0
1988-10-11,4.0,4.0,4.0,4.0,1.171847,0,0.0,0.0
1988-10-12,4.0,4.0,4.0,4.0,1.171847,0,0.0,0.0
1988-10-13,3.958333,3.958333,3.958333,3.958333,1.159639,4500,0.0,0.0
1988-10-14,3.958333,3.958333,3.958333,3.958333,1.159639,0,0.0,0.0
1988-10-17,3.958333,3.958333,3.958333,3.958333,1.159639,0,0.0,0.0
1988-10-18,3.958333,3.958333,3.958333,3.958333,1.159639,0,0.0,0.0
1988-10-19,3.916667,3.916667,3.833333,3.916667,1.147433,1500,0.0,0.0
1988-10-20,3.916667,3.916667,3.916667,3.916667,1.147433,0,0.0,0.0
1988-10-21,3.916667,3.916667,3.916667,3.916667,1.147433,600,0.0,0.0
1988-10-24,3.916667,3.916667,3.916667,3.916667,1.147433,4800,0.0,0.0
1988-10-25,3.916667,3.916667,3.916667,3.916667,1.147433,0,0.0,0.0
1988-10-26,3.916667,3.916667,3.916667,3.916667,1.147433,6600,0.0,0.0
1988-10-27,3.916667,3.916667,3.875,3.875,1.135226,3300,0.0,0.0
1988-10-28,3.875,3.875,3.875,3.875,1.135226,900,0.0,0.0
1988-10-31,3.916667,3.916667,3.916667,3.916667,1.147433,900,0.0,0.0
1988-11-01,3.916667,3.916667,3.916667,3.916667,1.147433,0,0.0,0.0
1988-11-02,3.916667,3.916667,3.916667,3.916667,1.147433,3000,0.0,0.0
1988-11-03,3.916667,3.916667,3.916667,3.916667,1.147433,0,0.0,0.0
1988-11-04,3.916667,3.916667,3.916667,3.916667,1.147433,1500,0.0,0.0
1988-11-07,3.916667,3.916667,3.916667,3.916667,1.147433,0,0.0,0.0
1988-11-08,3.916667,3.916667,3.916667,3.916667,1.155794,0,0.028333,0.0
1988-11-09,3.833333,3.833333,3.833333,3.833333,1.131202,1500,0.0,0.0
1988-11-10,3.833333,3.833333,3.833333,3.833333,1.131202,0,0.0,0.0
1988-11-11,3.833333,3.833333,3.833333,3.833333,1.131202,0,0.0,0.0
1988-11-14,3.833333,3.833333,3.833333,3.833333,1.131202,6900,0.0,0.0
1988-11-15,3.833333,3.833333,3.833333,3.833333,1.131202,0,0.0,0.0
1988-11-16,3.833333,3.833333,3.833333,3.833333,1.131202,0,0.0,0.0
1988-11-17,3.833333,3.833333,3.833333,3.833333,1.131202,0,0.0,0.0
1988-11-18,3.833333,3.833333,3.75,3.833333,1.131202,5400,0.0,0.0
1988-11-21,3.833333,3.833333,3.833333,3.833333,1.131202,0,0.0,0.0
1988-11-22,3.833333,3.833333,3.833333,3.833333,1.131202,0,0.0,0.0
1988-11-23,3.833333,3.833333,3.833333,3.833333,1.131202,1800,0.0,0.0
1988-11-25,3.833333,3.833333,3.833333,3.833333,1.131202,1500,0.0,0.0
1988-11-28,3.833333,3.833333,3.833333,3.833333,1.131202,0,0.0,0.0
1988-11-29,3.833333,3.833333,3.833333,3.833333,1.131202,600,0.0,0.0
1988-11-30,3.833333,3.833333,3.833333,3.833333,1.131202,0,0.0,0.0
1988-12-01,3.833333,3.833333,3.833333,3.833333,1.131202,300,0.0,0.0
1988-12-02,3.833333,3.833333,3.833333,3.833333,1.131202,0,0.0,0.0
1988-12-05,3.833333,3.916667,3.833333,3.916667,1.155794,2400,0.0,0.0
1988-12-06,3.875,3.875,3.875,3.875,1.143498,11700,0.0,0.0
1988-12-07,3.875,3.875,3.833333,3.833333,1.131202,8700,0.0,0.0
1988-12-08,3.833333,3.833333,3.833333,3.833333,1.131202,300,0.0,0.0
1988-12-09,3.916667,3.916667,3.916667,3.916667,1.155794,3000,0.0,0.0
1988-12-12,3.916667,3.916667,3.916667,3.916667,1.155794,0,0.0,0.0
1988-12-13,3.916667,3.916667,3.916667,3.916667,1.155794,3600,0.0,0.0
1988-12-14,3.916667,3.916667,3.916667,3.916667,1.155794,0,0.0,0.0
1988-12-15,3.916667,3.916667,3.833333,3.833333,1.131202,4500,0.0,0.0
1988-12-16,3.833333,3.833333,3.833333,3.833333,1.131202,0,0.0,0.0
1988-12-19,3.833333,3.833333,3.833333,3.833333,1.131202,0,0.0,0.0
1988-12-20,3.833333,3.833333,3.833333,3.833333,1.131202,0,0.0,0.0
1988-12-21,3.833333,3.833333,3.833333,3.833333,1.131202,0,0.0,0.0
1988-12-22,3.833333,3.833333,3.833333,3.833333,1.131202,0,0.0,0.0
1988-12-23,4.083333,4.083333,4.083333,4.083333,1.204977,300,0.0,0.0
1988-12-27,4.083333,4.083333,4.083333,4.083333,1.204977,0,0.0,0.0
1988-12-28,4.083333,4.083333,4.083333,4.083333,1.204977,0,0.0,0.0
1988-12-29,4.083333,4.083333,4.083333,4.083333,1.204977,0,0.0,0.0
1988-12-30,4.083333,4.083333,4.083333,4.083333,1.204977,0,0.0,0.0
1989-01-03,4.0,4.0,4.0,4.0,1.180385,5100,0.0,0.0
1989-01-04,4.0,4.0,4.0,4.0,1.180385,1200,0.0,0.0
1989-01-05,4.0,4.0,4.0,4.0,1.180385,600,0.0,0.0
1989-01-06,4.0,4.0,4.0,4.0,1.180385,0,0.0,0.0
1989-01-09,4.0,4.0,4.0,4.0,1.180385,0,0.0,0.0
1989-01-10,4.0,4.0,4.0,4.0,1.180385,0,0.0,0.0
1989-01-11,4.0,4.0,4.0,4.0,1.180385,0,0.0,0.0
1989-01-12,4.0,4.0,4.0,4.0,1.180385,2400,0.0,0.0
1989-01-13,4.0,4.0,4.0,4.0,1.180385,0,0.0,0.0
1989-01-16,4.0,4.0,4.0,4.0,1.180385,0,0.0,0.0
1989-01-17,4.0,4.0,4.0,4.0,1.180385,7500,0.0,0.0
1989-01-18,4.0,4.0,4.0,4.0,1.180385,0,0.0,0.0
1989-01-19,4.0,4.0,4.0,4.0,1.180385,0,0.0,0.0
1989-01-20,4.0,4.0,4.0,4.0,1.180385,0,0.0,0.0
1989-01-23,4.0,4.0,4.0,4.0,1.180385,1500,0.0,0.0
1989-01-24,4.083333,4.083333,4.083333,4.083333,1.204977,13500,0.0,0.0
1989-01-25,4.083333,4.083333,4.083333,4.083333,1.204977,0,0.0,0.0
1989-01-26,4.083333,4.083333,4.083333,4.083333,1.204977,0,0.0,0.0
1989-01-27,4.083333,4.083333,4.083333,4.083333,1.204977,0,0.0,0.0
1989-01-30,4.083333,4.083333,4.083333,4.083333,1.204977,0,0.0,0.0
1989-01-31,4.083333,4.083333,4.083333,4.083333,1.204977,0,0.0,0.0
1989-02-01,4.083333,4.083333,4.083333,4.083333,1.204977,0,0.0,0.0
1989-02-02,4.166667,4.166667,4.166667,4.166667,1.229569,13200,0.0,0.0
1989-02-03,4.166667,4.166667,4.166667,4.166667,1.229569,0,0.0,0.0
1989-02-06,4.166667,4.166667,4.166667,4.166667,1.229569,0,0.0,0.0
1989-02-07,4.166667,4.166667,4.166667,4.166667,1.229569,0,0.0,0.0
1989-02-08,4.166667,4.166667,4.166667,4.166667,1.229569,0,0.0,0.0
1989-02-09,4.166667,4.166667,4.166667,4.166667,1.229569,300,0.0,0.0
1989-02-10,4.166667,4.166667,4.166667,4.166667,1.229569,0,0.0,0.0
1989-02-13,4.166667,4.166667,4.166667,4.166667,1.237987,3900,0.028333,0.0
1989-02-14,4.166667,4.166667,4.166667,4.166667,1.237987,0,0.0,0.0
1989-02-15,4.166667,4.333333,4.166667,4.333333,1.287506,3000,0.0,0.0
1989-02-16,4.25,4.25,4.166667,4.25,1.262746,10200,0.0,0.0
1989-02-17,4.25,4.25,4.25,4.25,1.262746,0,0.0,0.0
1989-02-21,4.25,4.25,4.25,4.25,1.262746,0,0.0,0.0
1989-02-22,4.25,4.25,4.25,4.25,1.262746,0,0.0,0.0
1989-02-23,4.166667,4.166667,4.166667,4.166667,1.237987,1200,0.0,0.0
1989-02-24,4.166667,4.166667,4.166667,4.166667,1.237987,0,0.0,0.0
1989-02-27,4.166667,4.166667,4.166667,4.166667,1.237987,600,0.0,0.0
1989-02-28,4.333333,4.333333,4.333333,4.333333,1.287506,600,0.0,0.0
1989-03-01,4.333333,4.375,4.166667,4.166667,1.237987,19800,0.0,0.0
1989-03-02,4.166667,4.166667,4.166667,4.166667,1.237987,0,0.0,0.0
1989-03-03,4.166667,4.166667,4.166667,4.166667,1.237987,0,0.0,0.0
1989-03-06,4.166667,4.166667,4.166667,4.166667,1.237987,0,0.0,0.0
1989-03-07,4.166667,4.166667,4.166667,4.166667,1.237987,0,0.0,0.0
1989-03-08,4.166667,4.291667,4.166667,4.166667,1.237987,6300,0.0,0.0
1989-03-09,4.416667,4.416667,4.416667,4.416667,1.312266,3000,0.0,0.0
1989-03-10,4.416667,4.416667,4.416667,4.416667,1.312266,0,0.0,0.0
1989-03-13,4.416667,4.416667,4.416667,4.416667,1.312266,0,0.0,0.0
1989-03-14,4.416667,4.416667,4.416667,4.416667,1.312266,0,0.0,0.0
1989-03-15,4.416667,4.416667,4.416667,4.416667,1.312266,0,0.0,0.0
1989-03-16,4.416667,4.416667,4.416667,4.416667,1.312266,0,0.0,0.0
1989-03-17,4.416667,4.416667,4.416667,4.416667,1.312266,0,0.0,0.0
1989-03-20,4.416667,4.416667,4.416667,4.416667,1.312266,0,0.0,0.0
1989-03-21,4.416667,4.416667,4.416667,4.416667,1.312266,0,0.0,0.0
1989-03-22,4.416667,4.416667,4.416667,4.416667,1.312266,0,0.0,0.0
1989-03-23,4.416667,4.416667,4.416667,4.416667,1.312266,0,0.0,0.0
1989-03-27,4.416667,4.416667,4.416667,4.416667,1.312266,0,0.0,0.0
1989-03-28,4.166667,4.166667,4.166667,4.166667,1.237987,3000,0.0,0.0
1989-03-29,4.166667,4.166667,4.166667,4.166667,1.237987,0,0.0,0.0
1989-03-30,4.166667,4.166667,4.166667,4.166667,1.237987,0,0.0,0.0
1989-03-31,4.166667,4.166667,4.166667,4.166667,1.237987,0,0.0,0.0
1989-04-03,4.25,4.25,4.25,4.25,1.262746,6000,0.0,0.0
1989-04-04,4.25,4.25,4.25,4.25,1.262746,0,0.0,0.0
1989-04-05,4.25,4.416667,4.208333,4.208333,1.250366,5400,0.0,0.0
1989-04-06,4.208333,4.208333,4.208333,4.208333,1.250366,300,0.0,0.0
1989-04-07,4.208333,4.208333,4.208333,4.208333,1.250366,0,0.0,0.0
1989-04-10,4.208333,4.208333,4.208333,4.208333,1.250366,0,0.0,0.0
1989-04-11,4.208333,4.208333,4.208333,4.208333,1.250366,0,0.0,0.0
1989-04-12,4.208333,4.208333,4.208333,4.208333,1.250366,0,0.0,0.0
1989-04-13,4.208333,4.208333,4.208333,4.208333,1.250366,0,0.0,0.0
1989-04-14,4.208333,4.208333,4.208333,4.208333,1.250366,0,0.0,0.0
1989-04-17,4.166667,4.166667,4.166667,4.166667,1.237987,3000,0.0,0.0
1989-04-18,4.166667,4.166667,4.166667,4.166667,1.237987,0,0.0,0.0
1989-04-19,4.166667,4.166667,4.166667,4.166667,1.237987,0,0.0,0.0
1989-04-20,4.166667,4.166667,4.166667,4.166667,1.237987,0,0.0,0.0
1989-04-21,4.166667,4.166667,4.166667,4.166667,1.237987,0,0.0,0.0
1989-04-24,4.166667,4.166667,4.166667,4.166667,1.237987,0,0.0,0.0
1989-04-25,4.166667,4.166667,4.166667,4.166667,1.237987,0,0.0,0.0
1989-04-26,4.166667,4.166667,4.166667,4.166667,1.237987,0,0.0,0.0
1989-04-27,4.166667,4.166667,4.166667,4.166667,1.237987,0,0.0,0.0
1989-04-28,4.166667,4.166667,4.166667,4.166667,1.237987,0,0.0,0.0
1989-05-01,4.166667,4.166667,4.166667,4.166667,1.237987,0,0.0,0.0
1989-05-02,4.166667,4.166667,4.166667,4.166667,1.237987,0,0.0,0.0
1989-05-03,4.166667,4.166667,4.166667,4.166667,1.237987,0,0.0,0.0
1989-05-04,4.166667,4.166667,4.166667,4.166667,1.237987,0,0.0,0.0
1989-05-05,4.166667,4.166667,4.166667,4.166667,1.237987,0,0.0,0.0
1989-05-08,4.208333,4.25,4.208333,4.208333,1.250366,7500,0.0,0.0
1989-05-09,4.208333,4.208333,4.208333,4.208333,1.258842,2700,0.028333,0.0
1989-05-10,4.208333,4.208333,4.208333,4.208333,1.258842,900,0.0,0.0
1989-05-11,4.416667,4.416667,4.416667,4.416667,1.32116,300,0.0,0.0
1989-05-12,4.416667,4.416667,4.416667,4.416667,1.32116,0,0.0,0.0
1989-05-15,4.416667,4.416667,4.416667,4.416667,1.32116,0,0.0,0.0
1989-05-16,4.416667,4.416667,4.416667,4.416667,1.32116,0,0.0,0.0
1989-05-17,4.208333,4.208333,4.208333,4.208333,1.258842,600,0.0,0.0
1989-05-18,4.208333,4.208333,4.208333,4.208333,1.258842,600,0.0,0.0
1989-05-19,4.208333,4.208333,4.208333,4.208333,1.258842,0,0.0,0.0
1989-05-22,4.208333,4.416667,4.208333,4.208333,1.258842,3600,0.0,0.0
1989-05-23,4.208333,4.208333,4.208333,4.208333,1.258842,0,0.0,0.0
1989-05-24,4.208333,4.208333,4.208333,4.208333,1.258842,0,0.0,0.0
1989-05-25,4.208333,4.208333,4.208333,4.208333,1.258842,300,0.0,0.0
1989-05-26,4.208333,4.208333,4.208333,4.208333,1.258842,0,0.0,0.0
1989-05-30,4.208333,4.208333,4.208333,4.208333,1.258842,0,0.0,0.0
1989-05-31,4.416667,4.416667,4.416667,4.416667,1.32116,1500,0.0,0.0
1989-06-01,4.416667,4.416667,4.416667,4.416667,1.32116,0,0.0,0.0
1989-06-02,4.333333,4.333333,4.333333,4.333333,1.296232,600,0.0,0.0
1989-06-05,4.333333,4.333333,4.333333,4.333333,1.296232,0,0.0,0.0
1989-06-06,4.333333,4.333333,4.333333,4.333333,1.296232,0,0.0,0.0
1989-06-07,4.416667,4.416667,4.416667,4.416667,1.32116,3000,0.0,0.0
1989-06-08,4.333333,4.333333,4.333333,4.333333,1.296232,1200,0.0,0.0
1989-06-09,4.333333,4.333333,4.333333,4.333333,1.296232,0,0.0,0.0
1989-06-12,4.333333,4.333333,4.333333,4.333333,1.296232,0,0.0,0.0
1989-06-13,4.25,4.25,4.25,4.25,1.271305,1800,0.0,0.0
1989-06-14,4.25,4.25,4.25,4.25,1.271305,0,0.0,0.0
1989-06-15,4.25,4.25,4.25,4.25,1.271305,0,0.0,0.0
1989-06-16,4.25,4.25,4.25,4.25,1.271305,600,0.0,0.0
1989-06-19,4.25,4.25,4.25,4.25,1.271305,0,0.0,0.0
1989-06-20,4.25,4.25,4.25,4.25,1.271305,0,0.0,0.0
1989-06-21,4.25,4.25,4.25,4.25,1.271305,2400,0.0,0.0
1989-06-22,4.166667,4.166667,4.166667,4.166667,1.246378,1200,0.0,0.0
1989-06-23,4.166667,4.166667,4.166667,4.166667,1.246378,0,0.0,0.0
1989-06-26,4.166667,4.166667,4.166667,4.166667,1.246378,0,0.0,0.0
1989-06-27,4.166667,4.166667,4.166667,4.166667,1.246378,0,0.0,0.0
1989-06-28,4.166667,4.5,4.166667,4.166667,1.246378,2700,0.0,0.0
1989-06-29,4.166667,4.166667,4.166667,4.166667,1.246378,10200,0.0,0.0
1989-06-30,4.166667,4.166667,4.166667,4.166667,1.246378,16500,0.0,0.0
1989-07-03,4.166667,4.166667,4.166667,4.166667,1.246378,1500,0.0,0.0
1989-07-05,4.166667,4.166667,4.166667,4.166667,1.246378,2100,0.0,0.0
1989-07-06,4.166667,4.166667,4.166667,4.166667,1.246378,600,0.0,0.0
1989-07-07,4.166667,4.166667,4.166667,4.166667,1.246378,0,0.0,0.0
1989-07-10,4.208333,4.208333,4.208333,4.208333,1.258842,3300,0.0,0.0
1989-07-11,4.208333,4.208333,4.208333,4.208333,1.258842,300,0.0,0.0
1989-07-12,4.416667,4.416667,4.416667,4.416667,1.32116,1500,0.0,0.0
1989-07-13,4.416667,4.416667,4.416667,4.416667,1.32116,0,0.0,0.0
1989-07-14,4.416667,4.416667,4.416667,4.416667,1.32116,0,0.0,0.0
1989-07-17,4.416667,4.416667,4.416667,4.416667,1.32116,0,0.0,0.0
1989-07-18,4.25,4.25,4.25,4.25,1.271305,3300,0.0,0.0
1989-07-19,4.25,4.25,4.25,4.25,1.271305,300,0.0,0.0
1989-07-20,4.25,4.25,4.25,4.25,1.271305,0,0.0,0.0
1989-07-21,4.25,4.25,4.25,4.25,1.271305,0,0.0,0.0
1989-07-24,4.25,4.25,4.25,4.25,1.271305,0,0.0,0.0
1989-07-25,4.25,4.25,4.25,4.25,1.271305,0,0.0,0.0
1989-07-26,4.416667,4.416667,4.416667,4.416667,1.32116,12000,0.0,0.0
1989-07-27,4.416667,4.416667,4.416667,4.416667,1.32116,0,0.0,0.0
1989-07-28,4.416667,4.416667,4.416667,4.416667,1.32116,0,0.0,0.0
1989-07-31,4.416667,4.416667,4.416667,4.416667,1.32116,0,0.0,0.0
1989-08-01,4.416667,4.416667,4.416667,4.416667,1.32116,0,0.0,0.0
1989-08-02,4.416667,4.416667,4.416667,4.416667,1.32116,0,0.0,0.0
1989-08-03,4.416667,4.416667,4.416667,4.416667,1.32116,0,0.0,0.0
1989-08-04,4.416667,4.416667,4.416667,4.416667,1.32116,0,0.0,0.0
1989-08-07,4.416667,4.416667,4.416667,4.416667,1.32116,0,0.0,0.0
1989-08-08,4.416667,4.416667,4.416667,4.416667,1.32116,0,0.0,0.0
1989-08-09,4.416667,4.416667,4.416667,4.416667,1.329691,0,0.028333,0.0
1989-08-10,4.416667,4.416667,4.416667,4.416667,1.329691,0,0.0,0.0
1989-08-11,4.25,4.25,4.25,4.25,1.279513,1500,0.0,0.0
1989-08-14,4.25,4.25,4.25,4.25,1.279513,0,0.0,0.0
1989-08-15,4.25,4.25,4.25,4.25,1.279513,0,0.0,0.0
1989-08-16,4.25,4.25,4.25,4.25,1.279513,0,0.0,0.0
1989-08-17,4.25,4.25,4.25,4.25,1.279513,7500,0.0,0.0
1989-08-18,4.25,4.25,4.25,4.25,1.279513,0,0.0,0.0
1989-08-21,4.25,4.25,4.25,4.25,1.279513,0,0.0,0.0
1989-08-22,4.208333,4.208333,4.208333,4.208333,1.266969,300,0.0,0.0
1989-08-23,4.208333,4.208333,4.208333,4.208333,1.266969,0,0.0,0.0
1989-08-24,4.208333,4.208333,4.208333,4.208333,1.266969,0,0.0,0.0
1989-08-25,4.208333,4.208333,4.208333,4.208333,1.266969,0,0.0,0.0
1989-08-28,4.208333,4.208333,4.208333,4.208333,1.266969,0,0.0,0.0
1989-08-29,4.208333,4.208333,4.208333,4.208333,1.266969,0,0.0,0.0
1989-08-30,4.208333,4.208333,4.208333,4.208333,1.266969,0,0.0,0.0
1989-08-31,4.208333,4.208333,4.208333,4.208333,1.266969,0,0.0,0.0
1989-09-01,4.5,4.5,4.5,4.5,1.354778,3900,0.0,0.0
1989-09-05,4.208333,4.208333,4.208333,4.208333,1.266969,300,0.0,0.0
1989-09-06,4.208333,4.208333,4.208333,4.208333,1.266969,0,0.0,0.0
1989-09-07,4.208333,4.208333,4.208333,4.208333,1.266969,3300,0.0,0.0
1989-09-08,4.208333,4.208333,4.208333,4.208333,1.266969,0,0.0,0.0
1989-09-11,4.208333,4.5,4.208333,4.5,1.354778,600,0.0,0.0
1989-09-12,4.5,4.5,4.5,4.5,1.354778,0,0.0,0.0
1989-09-13,4.5,4.5,4.5,4.5,1.354778,0,0.0,0.0
1989-09-14,4.208333,4.208333,4.208333,4.208333,1.266969,4500,0.0,0.0
1989-09-15,4.208333,4.208333,4.166667,4.166667,1.254425,9600,0.0,0.0
1989-09-18,4.166667,4.166667,4.166667,4.166667,1.254425,0,0.0,0.0
1989-09-19,4.166667,4.166667,4.166667,4.166667,1.254425,0,0.0,0.0
1989-09-20,4.166667,4.166667,4.166667,4.166667,1.254425,0,0.0,0.0
1989-09-21,4.166667,4.166667,4.166667,4.166667,1.254425,0,0.0,0.0
1989-09-22,4.166667,4.166667,4.166667,4.166667,1.254425,1500,0.0,0.0
1989-09-25,4.166667,4.166667,4.166667,4.166667,1.254425,3000,0.0,0.0
1989-09-26,4.166667,4.166667,4.166667,4.166667,1.254425,0,0.0,0.0
1989-09-27,4.166667,4.166667,4.166667,4.166667,1.254425,1500,0.0,0.0
1989-09-28,4.166667,4.166667,4.166667,4.166667,1.254425,900,0.0,0.0
1989-09-29,4.166667,4.166667,4.166667,4.166667,1.254425,1500,0.0,0.0
1989-10-02,4.083333,4.083333,4.083333,4.083333,1.229336,2400,0.0,0.0
1989-10-03,4.083333,4.083333,4.083333,4.083333,1.229336,0,0.0,0.0
1989-10-04,4.083333,4.083333,4.083333,4.083333,1.229336,0,0.0,0.0
1989-10-05,4.083333,4.083333,4.083333,4.083333,1.229336,0,0.0,0.0
1989-10-06,4.083333,4.083333,4.083333,4.083333,1.229336,0,0.0,0.0
1989-10-09,4.083333,4.083333,4.083333,4.083333,1.229336,0,0.0,0.0
1989-10-10,4.083333,4.083333,4.083333,4.083333,1.229336,0,0.0,0.0
1989-10-11,4.083333,4.083333,4.083333,4.083333,1.229336,0,0.0,0.0
1989-10-12,4.083333,4.083333,4.083333,4.083333,1.229336,0,0.0,0.0
1989-10-13,4.083333,4.083333,4.083333,4.083333,1.229336,0,0.0,0.0
1989-10-16,4.083333,4.083333,4.083333,4.083333,1.229336,0,0.0,0.0
1989-10-17,4.0,4.0,4.0,4.0,1.204248,2100,0.0,0.0
1989-10-18,3.916667,3.916667,3.833333,3.833333,1.154071,27000,0.0,0.0
1989-10-19,3.833333,3.833333,3.833333,3.833333,1.154071,0,0.0,0.0
1989-10-20,3.833333,3.833333,3.833333,3.833333,1.154071,0,0.0,0.0
1989-10-23,3.833333,3.833333,3.833333,3.833333,1.154071,5100,0.0,0.0
1989-10-24,3.833333,3.833333,3.833333,3.833333,1.154071,12000,0.0,0.0
1989-10-25,3.833333,3.833333,3.833333,3.833333,1.154071,0,0.0,0.0
1989-10-26,3.833333,3.833333,3.833333,3.833333,1.154071,0,0.0,0.0
1989-10-27,3.833333,3.833333,3.833333,3.833333,1.154071,0,0.0,0.0
1989-10-30,3.833333,3.833333,3.833333,3.833333,1.154071,0,0.0,0.0
1989-10-31,3.833333,3.833333,3.833333,3.833333,1.154071,0,0.0,0.0
1989-11-01,3.833333,3.833333,3.833333,3.833333,1.154071,0,0.0,0.0
1989-11-02,3.833333,3.833333,3.833333,3.833333,1.154071,0,0.0,0.0
1989-11-03,3.833333,3.833333,3.833333,3.833333,1.154071,0,0.0,0.0
1989-11-06,3.833333,3.833333,3.833333,3.833333,1.154071,0,0.0,0.0
1989-11-07,3.833333,3.833333,3.583333,3.583333,1.086838,12000,0.028333,0.0
1989-11-08,3.583333,3.583333,3.583333,3.583333,1.086838,3600,0.0,0.0
1989-11-09,3.583333,3.583333,3.583333,3.583333,1.086838,0,0.0,0.0
1989-11-10,3.583333,3.583333,3.583333,3.583333,1.086838,0,0.0,0.0
1989-11-13,3.583333,3.583333,3.583333,3.583333,1.086838,0,0.0,0.0
1989-11-14,3.583333,3.583333,3.583333,3.583333,1.086838,0,0.0,0.0
1989-11-15,3.583333,3.583333,3.583333,3.583333,1.086838,0,0.0,0.0
1989-11-16,3.583333,3.583333,3.583333,3.583333,1.086838,0,0.0,0.0
1989-11-17,3.583333,3.583333,3.583333,3.583333,1.086838,0,0.0,0.0
1989-11-20,3.583333,3.583333,3.583333,3.583333,1.086838,0,0.0,0.0
1989-11-21,3.583333,3.583333,3.583333,3.583333,1.086838,0,0.0,0.0
1989-11-22,3.583333,3.583333,3.583333,3.583333,1.086838,0,0.0,0.0
1989-11-24,3.583333,3.583333,3.583333,3.583333,1.086838,0,0.0,0.0
1989-11-27,3.583333,3.583333,3.583333,3.583333,1.086838,0,0.0,0.0
1989-11-28,3.583333,3.583333,3.583333,3.583333,1.086838,0,0.0,0.0
1989-11-29,3.416667,3.416667,3.291667,3.333333,1.011013,64500,0.0,0.0
1989-11-30,3.333333,3.333333,3.333333,3.333333,1.011013,1800,0.0,0.0
1989-12-01,3.333333,3.333333,3.333333,3.333333,1.011013,0,0.0,0.0
1989-12-04,3.5,3.583333,3.5,3.5,1.061563,3300,0.0,0.0
1989-12-05,3.333333,3.333333,3.333333,3.333333,1.011013,600,0.0,0.0
1989-12-06,3.333333,3.333333,3.333333,3.333333,1.011013,0,0.0,0.0
1989-12-07,3.416667,3.416667,3.416667,3.416667,1.036288,30000,0.0,0.0
1989-12-08,3.416667,3.416667,3.416667,3.416667,1.036288,0,0.0,0.0
1989-12-11,3.541667,3.541667,3.541667,3.541667,1.074201,1500,0.0,0.0
1989-12-12,3.541667,3.541667,3.541667,3.541667,1.074201,0,0.0,0.0
1989-12-13,3.541667,3.541667,3.541667,3.541667,1.074201,0,0.0,0.0
1989-12-14,3.541667,3.541667,3.541667,3.541667,1.074201,0,0.0,0.0
1989-12-15,3.541667,3.666667,3.416667,3.416667,1.036288,10200,0.0,0.0
1989-12-18,3.416667,3.416667,3.416667,3.416667,1.036288,0,0.0,0.0
1989-12-19,3.625,3.625,3.625,3.625,1.099476,1500,0.0,0.0
1989-12-20,3.625,3.625,3.625,3.625,1.099476,0,0.0,0.0
1989-12-21,3.625,3.625,3.625,3.625,1.099476,0,0.0,0.0
1989-12-22,3.416667,3.416667,3.416667,3.416667,1.036288,1800,0.0,0.0
1989-12-26,3.416667,3.416667,3.416667,3.416667,1.036288,0,0.0,0.0
1989-12-27,3.458333,3.458333,3.458333,3.458333,1.048925,900,0.0,0.0
1989-12-28,3.458333,3.458333,3.458333,3.458333,1.048925,0,0.0,0.0
1989-12-29,3.458333,3.458333,3.458333,3.458333,1.048925,0,0.0,0.0
1990-01-02,3.458333,3.458333,3.458333,3.458333,1.048925,0,0.0,0.0
1990-01-03,3.458333,3.458333,3.458333,3.458333,1.048925,0,0.0,0.0
1990-01-04,3.458333,3.458333,3.458333,3.458333,1.048925,0,0.0,0.0
1990-01-05,3.416667,3.416667,3.416667,3.416667,1.036288,3900,0.0,0.0
1990-01-08,3.583333,3.583333,3.583333,3.583333,1.086838,2400,0.0,0.0
1990-01-09,3.583333,3.583333,3.583333,3.583333,1.086838,0,0.0,0.0
1990-01-10,3.583333,3.583333,3.583333,3.583333,1.086838,0,0.0,0.0
1990-01-11,3.583333,3.583333,3.583333,3.583333,1.086838,0,0.0,0.0
1990-01-12,3.583333,3.583333,3.583333,3.583333,1.086838,0,0.0,0.0
1990-01-15,3.583333,3.583333,3.583333,3.583333,1.086838,0,0.0,0.0
1990-01-16,3.583333,3.583333,3.583333,3.583333,1.086838,0,0.0,0.0
1990-01-17,3.583333,3.583333,3.583333,3.583333,1.086838,0,0.0,0.0
1990-01-18,3.583333,3.583333,3.583333,3.583333,1.086838,0,0.0,0.0
1990-01-19,3.583333,3.583333,3.583333,3.583333,1.086838,0,0.0,0.0
1990-01-22,3.583333,3.583333,3.583333,3.583333,1.086838,0,0.0,0.0
1990-01-23,3.583333,3.583333,3.583333,3.583333,1.086838,0,0.0,0.0
1990-01-24,3.416667,3.416667,3.416667,3.416667,1.036288,1500,0.0,0.0
1990-01-25,3.416667,3.416667,3.416667,3.416667,1.036288,0,0.0,0.0
1990-01-26,3.333333,3.333333,3.333333,3.333333,1.011013,300,0.0,0.0
1990-01-29,3.333333,3.5,3.333333,3.333333,1.011013,6000,0.0,0.0
1990-01-30,3.333333,3.333333,3.333333,3.333333,1.011013,0,0.0,0.0
1990-01-31,3.25,3.25,3.25,3.25,0.985737,2400,0.0,0.0
1990-02-01,3.25,3.25,3.25,3.25,0.985737,0,0.0,0.0
1990-02-02,3.25,3.25,3.25,3.25,0.985737,0,0.0,0.0
1990-02-05,3.25,3.25,3.25,3.25,0.985737,0,0.0,0.0
1990-02-06,3.25,3.25,3.25,3.25,0.985737,0,0.0,0.0
1990-02-07,3.25,3.25,3.25,3.25,0.985737,0,0.0,0.0
1990-02-08,3.25,3.25,3.25,3.25,0.985737,0,0.0,0.0
1990-02-09,3.25,3.25,3.25,3.25,0.985737,0,0.0,0.0
1990-02-12,3.333333,3.333333,3.333333,3.333333,1.019904,300,0.028333,0.0
1990-02-13,3.375,3.416667,3.375,3.375,1.032653,60000,0.0,0.0
1990-02-14,3.375,3.375,3.375,3.375,1.032653,0,0.0,0.0
1990-02-15,3.375,3.375,3.375,3.375,1.032653,0,0.0,0.0
1990-02-16,3.375,3.375,3.375,3.375,1.032653,0,0.0,0.0
1990-02-20,3.416667,3.583333,3.416667,3.583333,1.096396,9600,0.0,0.0
1990-02-21,3.583333,3.916667,3.5,3.916667,1.198387,14100,0.0,0.0
1990-02-22,3.916667,3.916667,3.916667,3.916667,1.198387,0,0.0,0.0
1990-02-23,3.833333,3.833333,3.833333,3.833333,1.172889,4500,0.0,0.0
1990-02-26,3.833333,3.833333,3.833333,3.833333,1.172889,0,0.0,0.0
1990-02-27,3.833333,3.833333,3.833333,3.833333,1.172889,0,0.0,0.0
1990-02-28,3.833333,3.833333,3.833333,3.833333,1.172889,0,0.0,0.0
1990-03-01,3.833333,3.833333,3.833333,3.833333,1.172889,0,0.0,0.0
1990-03-02,3.75,3.75,3.75,3.75,1.147392,3000,0.0,0.0
1990-03-05,3.75,3.75,3.75,3.75,1.147392,0,0.0,0.0
1990-03-06,3.666667,3.666667,3.666667,3.666667,1.121895,300,0.0,0.0
1990-03-07,3.666667,3.666667,3.666667,3.666667,1.121895,1200,0.0,0.0
1990-03-08,3.666667,3.666667,3.666667,3.666667,1.121895,0,0.0,0.0
1990-03-09,3.666667,3.666667,3.666667,3.666667,1.121895,0,0.0,0.0
1990-03-12,3.666667,3.666667,3.666667,3.666667,1.121895,0,0.0,0.0
1990-03-13,3.666667,3.666667,3.666667,3.666667,1.121895,0,0.0,0.0
1990-03-14,3.75,3.75,3.75,3.75,1.147392,600,0.0,0.0
1990-03-15,3.75,3.75,3.75,3.75,1.147392,0,0.0,0.0
1990-03-16,3.75,3.75,3.75,3.75,1.147392,0,0.0,0.0
1990-03-19,3.75,3.75,3.75,3.75,1.147392,1500,0.0,0.0
1990-03-20,3.75,3.75,3.75,3.75,1.147392,0,0.0,0.0
1990-03-21,3.75,3.75,3.75,3.75,1.147392,0,0.0,0.0
1990-03-22,3.666667,3.666667,3.666667,3.666667,1.121895,900,0.0,0.0
1990-03-23,3.666667,3.666667,3.666667,3.666667,1.121895,0,0.0,0.0
1990-03-26,3.666667,3.666667,3.666667,3.666667,1.121895,0,0.0,0.0
1990-03-27,3.666667,3.666667,3.666667,3.666667,1.121895,0,0.0,0.0
1990-03-28,3.666667,3.666667,3.666667,3.666667,1.121895,0,0.0,0.0
1990-03-29,3.666667,3.666667,3.666667,3.666667,1.121895,0,0.0,0.0
1990-03-30,3.666667,3.666667,3.666667,3.666667,1.121895,0,0.0,0.0
1990-04-02,3.666667,3.666667,3.666667,3.666667,1.121895,0,0.0,0.0
1990-04-03,3.791667,3.833333,3.791667,3.833333,1.172889,21000,0.0,0.0
1990-04-04,3.666667,3.666667,3.666667,3.666667,1.121895,600,0.0,0.0
1990-04-05,3.666667,3.666667,3.666667,3.666667,1.121895,0,0.0,0.0
1990-04-06,3.666667,3.666667,3.666667,3.666667,1.121895,0,0.0,0.0
1990-04-09,3.666667,3.666667,3.666667,3.666667,1.121895,0,0.0,0.0
1990-04-10,3.666667,3.666667,3.666667,3.666667,1.121895,0,0.0,0.0
1990-04-11,3.791667,3.791667,3.791667,3.791667,1.160141,600,0.0,0.0
1990-04-12,3.791667,3.791667,3.791667,3.791667,1.160141,0,0.0,0.0
1990-04-16,3.791667,3.791667,3.791667,3.791667,1.160141,0,0.0,0.0
1990-04-17,3.75,3.75,3.75,3.75,1.147392,300,0.0,0.0
1990-04-18,3.75,3.75,3.75,3.75,1.147392,600,0.0,0.0
1990-04-19,3.75,3.75,3.75,3.75,1.147392,0,0.0,0.0
1990-04-20,3.75,3.75,3.75,3.75,1.147392,9000,0.0,0.0
1990-04-23,3.666667,3.666667,3.666667,3.666667,1.121895,6000,0.0,0.0
1990-04-24,3.666667,3.666667,3.666667,3.666667,1.121895,0,0.0,0.0
1990-04-25,3.666667,3.666667,3.666667,3.666667,1.121895,0,0.0,0.0
1990-04-26,3.666667,3.666667,3.666667,3.666667,1.121895,0,0.0,0.0
1990-04-27,3.666667,3.666667,3.666667,3.666667,1.121895,0,0.0,0.0
1990-04-30,3.666667,3.666667,3.666667,3.666667,1.121895,0,0.0,0.0
1990-05-01,3.666667,3.666667,3.666667,3.666667,1.121895,0,0.0,0.0
1990-05-02,3.666667,3.666667,3.666667,3.666667,1.121895,0,0.0,0.0
1990-05-03,3.666667,3.75,3.666667,3.708333,1.134643,67800,0.0,0.0
1990-05-04,3.666667,3.666667,3.666667,3.666667,1.121895,1200,0.0,0.0
1990-05-07,3.666667,3.666667,3.666667,3.666667,1.121895,0,0.0,0.0
1990-05-08,3.666667,3.666667,3.666667,3.666667,1.121895,0,0.0,0.0
1990-05-09,3.666667,3.666667,3.666667,3.666667,1.130631,300,0.028333,0.0
1990-05-10,4.0,4.0,4.0,4.0,1.233416,300,0.0,0.0
1990-05-11,4.0,4.0,4.0,4.0,1.233416,0,0.0,0.0
1990-05-14,4.0,4.0,4.0,4.0,1.233416,0,0.0,0.0
1990-05-15,3.666667,3.666667,3.666667,3.666667,1.130631,1200,0.0,0.0
1990-05-16,3.666667,3.666667,3.666667,3.666667,1.130631,0,0.0,0.0
1990-05-17,3.666667,3.666667,3.666667,3.666667,1.130631,0,0.0,0.0
1990-05-18,3.666667,3.666667,3.666667,3.666667,1.130631,0,0.0,0.0
1990-05-21,3.666667,3.666667,3.666667,3.666667,1.130631,0,0.0,0.0
1990-05-22,3.666667,3.666667,3.666667,3.666667,1.130631,0,0.0,0.0
1990-05-23,3.666667,3.666667,3.666667,3.666667,1.130631,0,0.0,0.0
1990-05-24,3.666667,3.666667,3.666667,3.666667,1.130631,0,0.0,0.0
1990-05-25,3.666667,3.666667,3.666667,3.666667,1.130631,2400,0.0,0.0
1990-05-29,3.666667,3.666667,3.666667,3.666667,1.130631,0,0.0,0.0
1990-05-30,3.666667,3.666667,3.666667,3.666667,1.130631,0,0.0,0.0
1990-05-31,3.666667,3.666667,3.5,3.5,1.079239,122700,0.0,0.0
1990-06-01,3.75,3.75,3.75,3.75,1.156327,15300,0.0,0.0
1990-06-04,3.75,3.75,3.75,3.75,1.156327,0,0.0,0.0
1990-06-05,3.75,3.75,3.75,3.75,1.156327,0,0.0,0.0
1990-06-06,3.916667,3.916667,3.916667,3.916667,1.20772,4500,0.0,0.0
1990-06-07,3.666667,3.666667,3.666667,3.666667,1.130631,300,0.0,0.0
1990-06-08,3.666667,3.666667,3.666667,3.666667,1.130631,0,0.0,0.0
1990-06-11,3.666667,3.666667,3.666667,3.666667,1.130631,0,0.0,0.0
1990-06-12,3.666667,3.666667,3.666667,3.666667,1.130631,0,0.0,0.0
1990-06-13,3.666667,3.666667,3.666667,3.666667,1.130631,0,0.0,0.0
1990-06-14,3.75,3.75,3.75,3.75,1.156327,1800,0.0,0.0
1990-06-15,3.75,3.75,3.75,3.75,1.156327,0,0.0,0.0
1990-06-18,3.75,3.75,3.75,3.75,1.156327,0,0.0,0.0
1990-06-19,3.75,3.75,3.75,3.75,1.156327,0,0.0,0.0
1990-06-20,3.666667,3.666667,3.666667,3.666667,1.130631,6000,0.0,0.0
1990-06-21,3.666667,3.666667,3.666667,3.666667,1.130631,0,0.0,0.0
1990-06-22,3.666667,3.666667,3.666667,3.666667,1.130631,600,0.0,0.0
1990-06-25,3.666667,3.666667,3.666667,3.666667,1.130631,0,0.0,0.0
1990-06-26,3.666667,3.666667,3.666667,3.666667,1.130631,0,0.0,0.0
1990-06-27,3.666667,3.666667,3.666667,3.666667,1.130631,600,0.0,0.0
1990-06-28,3.666667,3.666667,3.666667,3.666667,1.130631,1200,0.0,0.0
1990-06-29,3.666667,3.666667,3.666667,3.666667,1.130631,0,0.0,0.0
1990-07-02,3.666667,3.666667,3.666667,3.666667,1.130631,0,0.0,0.0
1990-07-03,3.666667,3.666667,3.666667,3.666667,1.130631,0,0.0,0.0
1990-07-05,3.666667,3.666667,3.666667,3.666667,1.130631,0,0.0,0.0
1990-07-06,3.666667,3.666667,3.666667,3.666667,1.130631,600,0.0,0.0
1990-07-09,3.666667,3.666667,3.666667,3.666667,1.130631,0,0.0,0.0
1990-07-10,3.666667,3.666667,3.666667,3.666667,1.130631,0,0.0,0.0
1990-07-11,3.666667,3.666667,3.666667,3.666667,1.130631,300,0.0,0.0
1990-07-12,3.75,3.75,3.75,3.75,1.156327,9000,0.0,0.0
1990-07-13,3.75,3.75,3.75,3.75,1.156327,0,0.0,0.0
1990-07-16,3.666667,3.666667,3.666667,3.666667,1.130631,3300,0.0,0.0
1990-07-17,3.666667,3.666667,3.666667,3.666667,1.130631,0,0.0,0.0
1990-07-18,3.666667,3.666667,3.666667,3.666667,1.130631,0,0.0,0.0
1990-07-19,3.666667,3.666667,3.666667,3.666667,1.130631,0,0.0,0.0
1990-07-20,3.666667,3.666667,3.666667,3.666667,1.130631,0,0.0,0.0
1990-07-23,3.666667,3.666667,3.666667,3.666667,1.130631,0,0.0,0.0
1990-07-24,3.75,3.75,3.75,3.75,1.156327,1800,0.0,0.0
1990-07-25,3.583333,3.583333,3.583333,3.583333,1.104935,1500,0.0,0.0
1990-07-26,3.583333,3.583333,3.583333,3.583333,1.104935,0,0.0,0.0
1990-07-27,3.583333,3.583333,3.583333,3.583333,1.104935,0,0.0,0.0
1990-07-30,3.583333,3.583333,3.5,3.5,1.079239,600,0.0,0.0
1990-07-31,3.5,3.5,3.5,3.5,1.079239,0,0.0,0.0
1990-08-01,3.5,3.5,3.5,3.5,1.079239,6000,0.0,0.0
1990-08-02,3.416667,3.416667,3.416667,3.416667,1.053543,9000,0.0,0.0
1990-08-03,3.333333,3.333333,3.333333,3.333333,1.027846,3000,0.0,0.0
1990-08-06,3.333333,3.333333,3.333333,3.333333,1.027846,0,0.0,0.0
1990-08-07,3.333333,3.333333,3.333333,3.333333,1.027846,0,0.0,0.0
1990-08-08,3.583333,3.583333,3.583333,3.583333,1.11497,300,0.03,0.0
1990-08-09,3.583333,3.583333,3.583333,3.583333,1.11497,0,0.0,0.0
1990-08-10,3.583333,3.583333,3.583333,3.583333,1.11497,0,0.0,0.0
1990-08-13,3.583333,3.583333,3.583333,3.583333,1.11497,0,0.0,0.0
1990-08-14,3.583333,3.583333,3.583333,3.583333,1.11497,0,0.0,0.0
1990-08-15,3.583333,3.583333,3.25,3.25,1.011251,600,0.0,0.0
1990-08-16,3.25,3.25,3.25,3.25,1.011251,1500,0.0,0.0
1990-08-17,3.25,3.25,3.25,3.25,1.011251,3000,0.0,0.0
1990-08-20,3.25,3.25,3.25,3.25,1.011251,0,0.0,0.0
1990-08-21,3.25,3.25,3.25,3.25,1.011251,0,0.0,0.0
1990-08-22,3.25,3.25,3.25,3.25,1.011251,0,0.0,0.0
1990-08-23,3.25,3.25,3.25,3.25,1.011251,0,0.0,0.0
1990-08-24,3.25,3.25,3.25,3.25,1.011251,0,0.0,0.0
1990-08-27,3.25,3.25,3.25,3.25,1.011251,0,0.0,0.0
1990-08-28,3.25,3.25,3.25,3.25,1.011251,0,0.0,0.0
1990-08-29,3.25,3.25,3.25,3.25,1.011251,0,0.0,0.0
1990-08-30,3.25,3.25,3.25,3.25,1.011251,0,0.0,0.0
1990-08-31,3.25,3.25,3.25,3.25,1.011251,0,0.0,0.0
1990-09-04,3.25,3.25,3.25,3.25,1.011251,0,0.0,0.0
1990-09-05,3.25,3.25,3.25,3.25,1.011251,0,0.0,0.0
1990-09-06,3.25,3.25,3.25,3.25,1.011251,0,0.0,0.0
1990-09-07,3.25,3.25,3.25,3.25,1.011251,0,0.0,0.0
1990-09-10,3.25,3.25,3.25,3.25,1.011251,0,0.0,0.0
1990-09-11,3.25,3.25,3.25,3.25,1.011251,0,0.0,0.0
1990-09-12,3.25,3.25,3.25,3.25,1.011251,0,0.0,0.0
1990-09-13,3.25,3.25,3.25,3.25,1.011251,0,0.0,0.0
1990-09-14,3.166667,3.166667,3.166667,3.166667,0.985322,1500,0.0,0.0
1990-09-17,3.166667,3.166667,3.166667,3.166667,0.985322,0,0.0,0.0
1990-09-18,3.166667,3.166667,3.166667,3.166667,0.985322,0,0.0,0.0
1990-09-19,3.166667,3.166667,3.166667,3.166667,0.985322,0,0.0,0.0
1990-09-20,3.083333,3.083333,3.083333,3.083333,0.959392,3000,0.0,0.0
1990-09-21,3.083333,3.083333,3.083333,3.083333,0.959392,0,0.0,0.0
1990-09-24,3.083333,3.083333,3.083333,3.083333,0.959392,0,0.0,0.0
1990-09-25,3.083333,3.083333,3.083333,3.083333,0.959392,0,0.0,0.0
1990-09-26,3.083333,3.083333,3.083333,3.083333,0.959392,0,0.0,0.0
1990-09-27,3.083333,3.083333,2.75,2.75,0.855674,9600,0.0,0.0
1990-09-28,2.75,2.75,2.75,2.75,0.855674,0,0.0,0.0
1990-10-01,2.75,2.75,2.75,2.75,0.855674,0,0.0,0.0
1990-10-02,2.75,2.75,2.75,2.75,0.855674,0,0.0,0.0
1990-10-03,2.75,2.75,2.75,2.75,0.855674,0,0.0,0.0
1990-10-04,2.75,2.75,2.75,2.75,0.855674,0,0.0,0.0
1990-10-05,2.75,2.75,2.75,2.75,0.855674,1500,0.0,0.0
1990-10-08,2.75,2.75,2.75,2.75,0.855674,0,0.0,0.0
1990-10-09,2.75,2.75,2.75,2.75,0.855674,0,0.0,0.0
1990-10-10,2.75,2.75,2.75,2.75,0.855674,0,0.0,0.0
1990-10-11,2.75,2.75,2.75,2.75,0.855674,0,0.0,0.0
1990-10-12,2.75,2.75,2.75,2.75,0.855674,0,0.0,0.0
1990-10-15,2.75,2.75,2.75,2.75,0.855674,0,0.0,0.0
1990-10-16,2.75,2.75,2.75,2.75,0.855674,0,0.0,0.0
1990-10-17,2.75,2.75,2.75,2.75,0.855674,0,0.0,0.0
1990-10-18,2.75,2.75,2.75,2.75,0.855674,2100,0.0,0.0
1990-10-19,2.75,2.75,2.75,2.75,0.855674,0,0.0,0.0
1990-10-22,2.75,2.75,2.75,2.75,0.855674,0,0.0,0.0
1990-10-23,2.833333,2.833333,2.833333,2.833333,0.881603,3000,0.0,0.0
1990-10-24,2.833333,2.833333,2.833333,2.833333,0.881603,0,0.0,0.0
1990-10-25,2.833333,2.833333,2.833333,2.833333,0.881603,0,0.0,0.0
1990-10-26,2.833333,2.833333,2.833333,2.833333,0.881603,0,0.0,0.0
1990-10-29,2.833333,2.833333,2.833333,2.833333,0.881603,0,0.0,0.0
1990-10-30,2.833333,2.833333,2.833333,2.833333,0.881603,0,0.0,0.0
1990-10-31,2.833333,2.833333,2.833333,2.833333,0.881603,0,0.0,0.0
1990-11-01,2.833333,2.833333,2.833333,2.833333,0.881603,0,0.0,0.0
1990-11-02,2.833333,2.833333,2.833333,2.833333,0.881603,0,0.0,0.0
1990-11-05,2.833333,2.833333,2.833333,2.833333,0.891038,0,0.03,0.0
1990-11-06,2.833333,2.833333,2.833333,2.833333,0.891038,0,0.0,0.0
1990-11-07,2.833333,2.833333,2.833333,2.833333,0.891038,0,0.0,0.0
1990-11-08,2.833333,2.833333,2.833333,2.833333,0.891038,0,0.0,0.0
1990-11-09,2.833333,2.833333,2.833333,2.833333,0.891038,0,0.0,0.0
1990-11-12,2.833333,2.833333,2.833333,2.833333,0.891038,0,0.0,0.0
1990-11-13,2.833333,2.833333,2.833333,2.833333,0.891038,0,0.0,0.0
1990-11-14,2.833333,2.833333,2.833333,2.833333,0.891038,0,0.0,0.0
1990-11-15,2.833333,2.833333,2.833333,2.833333,0.891038,0,0.0,0.0
1990-11-16,2.75,2.75,2.666667,2.666667,0.838624,4500,0.0,0.0
1990-11-19,2.666667,2.666667,2.666667,2.666667,0.838624,0,0.0,0.0
1990-11-20,2.666667,2.666667,2.666667,2.666667,0.838624,6000,0.0,0.0
1990-11-21,2.666667,2.666667,2.666667,2.666667,0.838624,0,0.0,0.0
1990-11-23,2.666667,2.666667,2.666667,2.666667,0.838624,0,0.0,0.0
1990-11-26,2.666667,2.666667,2.666667,2.666667,0.838624,0,0.0,0.0
1990-11-27,2.666667,2.666667,2.666667,2.666667,0.838624,0,0.0,0.0
1990-11-28,2.666667,2.666667,2.666667,2.666667,0.838624,0,0.0,0.0
1990-11-29,3.0,3.0,3.0,3.0,0.943452,600,0.0,0.0
1990-11-30,3.0,3.0,3.0,3.0,0.943452,0,0.0,0.0
1990-12-03,3.0,3.0,3.0,3.0,0.943452,0,0.0,0.0
1990-12-04,3.0,3.0,3.0,3.0,0.943452,0,0.0,0.0
1990-12-05,3.0,3.0,3.0,3.0,0.943452,0,0.0,0.0
1990-12-06,3.0,3.0,3.0,3.0,0.943452,0,0.0,0.0
1990-12-07,3.0,3.0,3.0,3.0,0.943452,0,0.0,0.0
1990-12-10,3.0,3.0,3.0,3.0,0.943452,0,0.0,0.0
1990-12-11,3.0,3.0,3.0,3.0,0.943452,900,0.0,0.0
1990-12-12,3.0,3.0,3.0,3.0,0.943452,0,0.0,0.0
1990-12-13,3.0,3.0,3.0,3.0,0.943452,0,0.0,0.0
1990-12-14,3.0,3.0,3.0,3.0,0.943452,0,0.0,0.0
1990-12-17,3.0,3.0,3.0,3.0,0.943452,0,0.0,0.0
1990-12-18,3.0,3.0,3.0,3.0,0.943452,0,0.0,0.0
1990-12-19,3.0,3.0,3.0,3.0,0.943452,0,0.0,0.0
1990-12-20,3.0,3.0,3.0,3.0,0.943452,0,0.0,0.0
1990-12-21,3.0,3.0,3.0,3.0,0.943452,0,0.0,0.0
1990-12-24,3.0,3.0,3.0,3.0,0.943452,0,0.0,0.0
1990-12-26,3.0,3.0,3.0,3.0,0.943452,0,0.0,0.0
1990-12-27,3.0,3.0,3.0,3.0,0.943452,0,0.0,0.0
1990-12-28,3.0,3.0,3.0,3.0,0.943452,0,0.0,0.0
1990-12-31,3.0,3.0,3.0,3.0,0.943452,0,0.0,0.0
1991-01-02,2.75,2.75,2.666667,2.75,0.864831,93000,0.0,0.0
1991-01-03,2.75,2.75,2.75,2.75,0.864831,0,0.0,0.0
1991-01-04,2.75,2.75,2.75,2.75,0.864831,0,0.0,0.0
1991-01-07,2.75,2.75,2.75,2.75,0.864831,0,0.0,0.0
1991-01-08,2.75,2.75,2.75,2.75,0.864831,0,0.0,0.0
1991-01-09,2.75,2.75,2.75,2.75,0.864831,0,0.0,0.0
1991-01-10,2.75,2.75,2.75,2.75,0.864831,0,0.0,0.0
1991-01-11,2.75,2.75,2.75,2.75,0.864831,0,0.0,0.0
1991-01-14,2.75,2.75,2.75,2.75,0.864831,0,0.0,0.0
1991-01-15,2.666667,2.666667,2.666667,2.666667,0.838624,2100,0.0,0.0
1991-01-16,2.791667,2.791667,2.791667,2.791667,0.877935,3600,0.0,0.0
1991-01-17,2.791667,2.791667,2.791667,2.791667,0.877935,0,0.0,0.0
1991-01-18,2.791667,2.791667,2.791667,2.791667,0.877935,0,0.0,0.0
1991-01-21,2.791667,2.791667,2.791667,2.791667,0.877935,0,0.0,0.0
1991-01-22,2.791667,2.791667,2.791667,2.791667,0.877935,0,0.0,0.0
1991-01-23,2.791667,2.791667,2.791667,2.791667,0.877935,0,0.0,0.0
1991-01-24,2.791667,2.791667,2.791667,2.791667,0.877935,0,0.0,0.0
1991-01-25,2.791667,2.791667,2.791667,2.791667,0.877935,0,0.0,0.0
1991-01-28,2.791667,2.791667,2.791667,2.791667,0.877935,0,0.0,0.0
1991-01-29,2.791667,2.791667,2.791667,2.791667,0.877935,0,0.0,0.0
1991-01-30,2.791667,2.833333,2.708333,2.833333,0.891038,12000,0.0,0.0
1991-01-31,2.833333,2.833333,2.833333,2.833333,0.891038,0,0.0,0.0
1991-02-01,2.833333,2.833333,2.833333,2.833333,0.891038,0,0.0,0.0
1991-02-04,2.833333,2.833333,2.833333,2.833333,0.891038,0,0.0,0.0
1991-02-05,2.916667,2.916667,2.916667,2.916667,0.917245,600,0.0,0.0
1991-02-06,3.041667,3.083333,3.041667,3.083333,0.96966,10500,0.0,0.0
1991-02-07,3.125,3.166667,3.125,3.125,0.982762,6000,0.0,0.0
1991-02-08,3.125,3.125,3.125,3.125,0.982762,0,0.0,0.0
1991-02-11,3.25,3.25,3.25,3.25,1.03198,4200,0.03,0.0
1991-02-12,3.25,3.25,3.166667,3.166667,1.005519,19500,0.0,0.0
1991-02-13,3.166667,3.166667,3.083333,3.083333,0.979058,70500,0.0,0.0
1991-02-14,3.083333,3.083333,3.083333,3.083333,0.979058,0,0.0,0.0
1991-02-15,3.083333,3.083333,3.083333,3.083333,0.979058,0,0.0,0.0
1991-02-19,3.083333,3.083333,3.083333,3.083333,0.979058,0,0.0,0.0
1991-02-20,3.083333,3.083333,3.083333,3.083333,0.979058,0,0.0,0.0
1991-02-21,3.083333,3.083333,3.083333,3.083333,0.979058,0,0.0,0.0
1991-02-22,3.083333,3.083333,3.083333,3.083333,0.979058,0,0.0,0.0
1991-02-25,3.083333,3.083333,3.083333,3.083333,0.979058,600,0.0,0.0
1991-02-26,3.083333,3.083333,3.083333,3.083333,0.979058,0,0.0,0.0
1991-02-27,3.083333,3.083333,3.083333,3.083333,0.979058,0,0.0,0.0
1991-02-28,3.083333,3.416667,3.083333,3.416667,1.084903,4200,0.0,0.0
1991-03-01,3.416667,3.416667,3.416667,3.416667,1.084903,0,0.0,0.0
1991-03-04,3.416667,3.416667,3.416667,3.416667,1.084903,0,0.0,0.0
1991-03-05,3.416667,3.416667,3.416667,3.416667,1.084903,0,0.0,0.0
1991-03-06,3.416667,3.416667,3.416667,3.416667,1.084903,0,0.0,0.0
1991-03-07,3.416667,3.416667,3.416667,3.416667,1.084903,0,0.0,0.0
1991-03-08,3.166667,3.166667,3.166667,3.166667,1.005519,1500,0.0,0.0
1991-03-11,3.166667,3.166667,3.166667,3.166667,1.005519,0,0.0,0.0
1991-03-12,3.083333,3.083333,3.083333,3.083333,0.979058,6900,0.0,0.0
1991-03-13,3.0,3.0,3.0,3.0,0.952598,6000,0.0,0.0
1991-03-14,3.0,3.0,3.0,3.0,0.952598,0,0.0,0.0
1991-03-15,3.0,3.0,3.0,3.0,0.952598,0,0.0,0.0
1991-03-18,3.0,3.0,3.0,3.0,0.952598,0,0.0,0.0
1991-03-19,3.0,3.0,3.0,3.0,0.952598,0,0.0,0.0
1991-03-20,3.0,3.0,3.0,3.0,0.952598,0,0.0,0.0
1991-03-21,3.0,3.0,3.0,3.0,0.952598,0,0.0,0.0
1991-03-22,3.0,3.0,3.0,3.0,0.952598,7500,0.0,0.0
1991-03-25,3.0,3.0,3.0,3.0,0.952598,3600,0.0,0.0
1991-03-26,3.0,3.0,3.0,3.0,0.952598,0,0.0,0.0
1991-03-27,3.0,3.0,3.0,3.0,0.952598,0,0.0,0.0
1991-03-28,3.0,3.0,3.0,3.0,0.952598,0,0.0,0.0
1991-04-01,3.0,3.0,3.0,3.0,0.952598,0,0.0,0.0
1991-04-02,3.0,3.0,3.0,3.0,0.952598,0,0.0,0.0
1991-04-03,3.0,3.0,3.0,3.0,0.952598,0,0.0,0.0
1991-04-04,3.0,3.0,3.0,3.0,0.952598,0,0.0,0.0
1991-04-05,3.0,3.0,3.0,3.0,0.952598,0,0.0,0.0
1991-04-08,3.0,3.0,3.0,3.0,0.952598,0,0.0,0.0
1991-04-09,3.0,3.0,3.0,3.0,0.952598,0,0.0,0.0
1991-04-10,3.0,3.0,3.0,3.0,0.952598,0,0.0,0.0
1991-04-11,3.0,3.0,3.0,3.0,0.952598,0,0.0,0.0
1991-04-12,3.0,3.0,3.0,3.0,0.952598,0,0.0,0.0
1991-04-15,3.333333,3.333333,3.333333,3.333333,1.058441,300,0.0,0.0
1991-04-16,3.333333,3.333333,3.333333,3.333333,1.058441,0,0.0,0.0
1991-04-17,3.5,3.5,3.5,3.5,1.111363,600,0.0,0.0
1991-04-18,3.5,3.5,3.5,3.5,1.111363,0,0.0,0.0
1991-04-19,3.5,3.583333,3.458333,3.583333,1.137824,19500,0.0,0.0
1991-04-22,3.583333,3.583333,3.583333,3.583333,1.137824,0,0.0,0.0
1991-04-23,3.5,3.5,3.5,3.5,1.111363,1500,0.0,0.0
1991-04-24,3.5,3.5,3.5,3.5,1.111363,0,0.0,0.0
1991-04-25,3.5,3.5,3.5,3.5,1.111363,0,0.0,0.0
1991-04-26,3.5,3.5,3.5,3.5,1.111363,0,0.0,0.0
1991-04-29,3.5,3.5,3.5,3.5,1.111363,0,0.0,0.0
1991-04-30,3.5,3.5,3.5,3.5,1.111363,0,0.0,0.0
1991-05-01,3.25,3.25,3.25,3.25,1.03198,3300,0.0,0.0
1991-05-02,3.5,3.5,3.5,3.5,1.111363,16500,0.0,0.0
1991-05-03,3.5,3.5,3.5,3.5,1.111363,0,0.0,0.0
1991-05-06,3.5,3.5,3.5,3.5,1.111363,0,0.0,0.0
1991-05-07,3.5,3.5,3.5,3.5,1.120971,0,0.03,0.0
1991-05-08,3.5,3.5,3.5,3.5,1.120971,0,0.0,0.0
1991-05-09,3.333333,3.333333,3.333333,3.333333,1.067592,7500,0.0,0.0
1991-05-10,3.333333,3.333333,3.333333,3.333333,1.067592,0,0.0,0.0
1991-05-13,3.333333,3.333333,3.333333,3.333333,1.067592,0,0.0,0.0
1991-05-14,3.333333,3.333333,3.333333,3.333333,1.067592,0,0.0,0.0
1991-05-15,3.333333,3.333333,3.333333,3.333333,1.067592,0,0.0,0.0
1991-05-16,3.333333,3.333333,3.333333,3.333333,1.067592,0,0.0,0.0
1991-05-17,3.25,3.25,3.25,3.25,1.040902,600,0.0,0.0
1991-05-20,3.25,3.25,3.25,3.25,1.040902,0,0.0,0.0
1991-05-21,3.25,3.25,3.25,3.25,1.040902,0,0.0,0.0
1991-05-22,3.25,3.25,3.25,3.25,1.040902,0,0.0,0.0
1991-05-23,3.25,3.25,3.25,3.25,1.040902,0,0.0,0.0
1991-05-24,3.25,3.25,3.25,3.25,1.040902,0,0.0,0.0
1991-05-28,3.25,3.25,3.25,3.25,1.040902,0,0.0,0.0
1991-05-29,3.25,3.25,3.25,3.25,1.040902,0,0.0,0.0
1991-05-30,3.25,3.25,3.25,3.25,1.040902,0,0.0,0.0
1991-05-31,3.333333,3.333333,3.333333,3.333333,1.067592,900,0.0,0.0
1991-06-03,3.333333,3.333333,3.333333,3.333333,1.067592,0,0.0,0.0
1991-06-04,3.5,3.5,3.5,3.5,1.120971,13200,0.0,0.0
1991-06-05,3.5,3.5,3.5,3.5,1.120971,0,0.0,0.0
1991-06-06,3.333333,3.333333,3.333333,3.333333,1.067592,1200,0.0,0.0
1991-06-07,3.291667,3.291667,3.291667,3.291667,1.054247,1500,0.0,0.0
1991-06-10,3.291667,3.291667,3.291667,3.291667,1.054247,0,0.0,0.0
1991-06-11,3.291667,3.291667,3.291667,3.291667,1.054247,0,0.0,0.0
1991-06-12,3.291667,3.291667,3.291667,3.291667,1.054247,0,0.0,0.0
1991-06-13,3.291667,3.291667,3.291667,3.291667,1.054247,0,0.0,0.0
1991-06-14,3.25,3.25,3.25,3.25,1.040902,1800,0.0,0.0
1991-06-17,3.25,3.25,3.25,3.25,1.040902,0,0.0,0.0
1991-06-18,3.25,3.25,3.25,3.25,1.040902,0,0.0,0.0
1991-06-19,3.25,3.25,3.25,3.25,1.040902,0,0.0,0.0
1991-06-20,3.166667,3.166667,3.166667,3.166667,1.014212,6000,0.0,0.0
1991-06-21,3.166667,3.166667,3.166667,3.166667,1.014212,0,0.0,0.0
1991-06-24,3.166667,3.166667,3.166667,3.166667,1.014212,0,0.0,0.0
1991-06-25,3.166667,3.166667,3.166667,3.166667,1.014212,0,0.0,0.0
1991-06-26,3.166667,3.166667,3.166667,3.166667,1.014212,0,0.0,0.0
1991-06-27,3.166667,3.166667,3.166667,3.166667,1.014212,0,0.0,0.0
1991-06-28,3.166667,3.5,3.083333,3.5,1.120971,3300,0.0,0.0
1991-07-01,3.125,3.125,3.125,3.125,1.000867,3000,0.0,0.0
1991-07-02,3.125,3.125,3.125,3.125,1.000867,3000,0.0,0.0
1991-07-03,3.125,3.125,3.125,3.125,1.000867,0,0.0,0.0
1991-07-05,3.125,3.125,3.125,3.125,1.000867,0,0.0,0.0
1991-07-08,3.0,3.0,2.791667,2.791667,0.894108,19800,0.0,0.0
1991-07-09,2.791667,2.791667,2.791667,2.791667,0.894108,0,0.0,0.0
1991-07-10,2.791667,2.791667,2.791667,2.791667,0.894108,0,0.0,0.0
1991-07-11,2.791667,2.791667,2.791667,2.791667,0.894108,0,0.0,0.0
1991-07-12,2.791667,2.791667,2.791667,2.791667,0.894108,0,0.0,0.0
1991-07-15,2.791667,2.791667,2.791667,2.791667,0.894108,0,0.0,0.0
1991-07-16,2.791667,2.791667,2.791667,2.791667,0.894108,0,0.0,0.0
1991-07-17,2.75,2.75,2.75,2.75,0.880763,1200,0.0,0.0
1991-07-18,2.75,2.75,2.75,2.75,0.880763,0,0.0,0.0
1991-07-19,2.75,2.75,2.75,2.75,0.880763,0,0.0,0.0
1991-07-22,2.75,2.75,2.75,2.75,0.880763,0,0.0,0.0
1991-07-23,2.75,2.75,2.75,2.75,0.880763,0,0.0,0.0
1991-07-24,2.916667,2.916667,2.916667,2.916667,0.934143,600,0.0,0.0
1991-07-25,2.916667,2.916667,2.916667,2.916667,0.934143,0,0.0,0.0
1991-07-26,2.916667,2.916667,2.916667,2.916667,0.934143,0,0.0,0.0
1991-07-29,2.916667,2.916667,2.916667,2.916667,0.934143,0,0.0,0.0
1991-07-30,2.833333,2.833333,2.75,2.75,0.880763,9000,0.0,0.0
1991-07-31,2.75,3.166667,2.75,3.166667,1.014212,12900,0.0,0.0
1991-08-01,3.166667,3.166667,3.166667,3.166667,1.014212,0,0.0,0.0
1991-08-02,2.833333,2.833333,2.833333,2.833333,0.907453,1200,0.0,0.0
1991-08-05,2.833333,2.833333,2.833333,2.833333,0.907453,0,0.0,0.0
1991-08-06,2.833333,2.833333,2.833333,2.833333,0.907453,0,0.0,0.0
1991-08-07,2.833333,2.833333,2.833333,2.833333,0.917164,0,0.03,0.0
1991-08-08,2.833333,2.833333,2.833333,2.833333,0.917164,0,0.0,0.0
1991-08-09,2.833333,2.833333,2.833333,2.833333,0.917164,0,0.0,0.0
1991-08-12,2.916667,2.958333,2.916667,2.958333,0.957628,51000,0.0,0.0
1991-08-13,2.958333,2.958333,2.958333,2.958333,0.957628,0,0.0,0.0
1991-08-14,2.958333,2.958333,2.958333,2.958333,0.957628,0,0.0,0.0
1991-08-15,2.958333,2.958333,2.958333,2.958333,0.957628,0,0.0,0.0
1991-08-16,2.958333,2.958333,2.958333,2.958333,0.957628,0,0.0,0.0
1991-08-19,2.75,2.75,2.75,2.75,0.890189,3000,0.0,0.0
1991-08-20,2.75,2.75,2.75,2.75,0.890189,0,0.0,0.0
1991-08-21,2.75,2.75,2.75,2.75,0.890189,0,0.0,0.0
1991-08-22,2.75,2.75,2.75,2.75,0.890189,0,0.0,0.0
1991-08-23,2.75,2.75,2.75,2.75,0.890189,0,0.0,0.0
1991-08-26,2.75,2.75,2.75,2.75,0.890189,0,0.0,0.0
1991-08-27,2.833333,2.833333,2.833333,2.833333,0.917164,4500,0.0,0.0
1991-08-28,2.833333,2.833333,2.833333,2.833333,0.917164,0,0.0,0.0
1991-08-29,2.833333,2.833333,2.833333,2.833333,0.917164,0,0.0,0.0
1991-08-30,2.833333,2.833333,2.833333,2.833333,0.917164,0,0.0,0.0
1991-09-03,2.833333,2.833333,2.833333,2.833333,0.917164,0,0.0,0.0
1991-09-04,2.833333,2.833333,2.833333,2.833333,0.917164,0,0.0,0.0
1991-09-05,2.833333,2.833333,2.833333,2.833333,0.917164,0,0.0,0.0
1991-09-06,2.833333,2.833333,2.833333,2.833333,0.917164,0,0.0,0.0
1991-09-09,2.833333,2.833333,2.833333,2.833333,0.917164,0,0.0,0.0
1991-09-10,2.833333,2.833333,2.833333,2.833333,0.917164,0,0.0,0.0
1991-09-11,2.833333,2.833333,2.833333,2.833333,0.917164,600,0.0,0.0
1991-09-12,2.833333,2.833333,2.833333,2.833333,0.917164,0,0.0,0.0
1991-09-13,2.833333,2.833333,2.833333,2.833333,0.917164,0,0.0,0.0
1991-09-16,2.833333,2.833333,2.833333,2.833333,0.917164,0,0.0,0.0
1991-09-17,3.0,3.0,3.0,3.0,0.971115,3600,0.0,0.0
1991-09-18,3.0,3.0,3.0,3.0,0.971115,0,0.0,0.0
1991-09-19,3.0,3.0,3.0,3.0,0.971115,0,0.0,0.0
1991-09-20,3.0,3.0,3.0,3.0,0.971115,0,0.0,0.0
1991-09-23,3.0,3.0,3.0,3.0,0.971115,0,0.0,0.0
1991-09-24,3.0,3.0,3.0,3.0,0.971115,0,0.0,0.0
1991-09-25,3.0,3.0,3.0,3.0,0.971115,0,0.0,0.0
1991-09-26,3.0,3.0,3.0,3.0,0.971115,0,0.0,0.0
1991-09-27,3.0,3.0,3.0,3.0,0.971115,0,0.0,0.0
1991-09-30,2.916667,2.916667,2.916667,2.916667,0.944139,9000,0.0,0.0
1991-10-01,2.916667,2.916667,2.916667,2.916667,0.944139,0,0.0,0.0
1991-10-02,2.916667,2.916667,2.916667,2.916667,0.944139,0,0.0,0.0
1991-10-03,2.916667,2.916667,2.916667,2.916667,0.944139,0,0.0,0.0
1991-10-04,2.916667,2.916667,2.916667,2.916667,0.944139,0,0.0,0.0
1991-10-07,2.916667,2.916667,2.916667,2.916667,0.944139,0,0.0,0.0
1991-10-08,2.916667,2.916667,2.916667,2.916667,0.944139,0,0.0,0.0
1991-10-09,2.916667,2.916667,2.916667,2.916667,0.944139,0,0.0,0.0
1991-10-10,2.916667,2.916667,2.916667,2.916667,0.944139,0,0.0,0.0
1991-10-11,2.916667,3.333333,2.833333,2.833333,0.917164,3000,0.0,0.0
1991-10-14,2.833333,2.833333,2.833333,2.833333,0.917164,0,0.0,0.0
1991-10-15,2.916667,2.916667,2.916667,2.916667,0.944139,9600,0.0,0.0
1991-10-16,2.916667,2.916667,2.916667,2.916667,0.944139,0,0.0,0.0
1991-10-17,2.916667,2.916667,2.916667,2.916667,0.944139,0,0.0,0.0
1991-10-18,2.916667,2.916667,2.916667,2.916667,0.944139,0,0.0,0.0
1991-10-21,2.916667,2.916667,2.916667,2.916667,0.944139,0,0.0,0.0
1991-10-22,2.916667,2.916667,2.916667,2.916667,0.944139,0,0.0,0.0
1991-10-23,2.75,2.75,2.75,2.75,0.890189,1500,0.0,0.0
1991-10-24,2.75,2.916667,2.75,2.75,0.890189,20400,0.0,0.0
1991-10-25,2.75,2.75,2.75,2.75,0.890189,0,0.0,0.0
1991-10-28,2.75,2.75,2.75,2.75,0.890189,0,0.0,0.0
1991-10-29,2.75,2.75,2.75,2.75,0.890189,0,0.0,0.0
1991-10-30,2.75,2.75,2.75,2.75,0.890189,0,0.0,0.0
1991-10-31,2.916667,2.916667,2.916667,2.916667,0.944139,600,0.0,0.0
1991-11-01,2.916667,2.916667,2.916667,2.916667,0.944139,0,0.0,0.0
1991-11-04,2.916667,2.916667,2.916667,2.916667,0.944139,0,0.0,0.0
1991-11-05,2.916667,2.916667,2.916667,2.916667,0.953952,0,0.03,0.0
1991-11-06,2.916667,2.916667,2.916667,2.916667,0.953952,0,0.0,0.0
1991-11-07,2.916667,2.916667,2.916667,2.916667,0.953952,0,0.0,0.0
1991-11-08,2.916667,2.916667,2.916667,2.916667,0.953952,0,0.0,0.0
1991-11-11,2.916667,2.916667,2.916667,2.916667,0.953952,0,0.0,0.0
1991-11-12,2.916667,2.916667,2.916667,2.916667,0.953952,0,0.0,0.0
1991-11-13,2.916667,2.916667,2.916667,2.916667,0.953952,0,0.0,0.0
1991-11-14,2.916667,2.916667,2.916667,2.916667,0.953952,0,0.0,0.0
1991-11-15,2.916667,2.916667,2.916667,2.916667,0.953952,0,0.0,0.0
1991-11-18,2.75,2.75,2.75,2.75,0.89944,300,0.0,0.0
1991-11-19,2.75,2.75,2.75,2.75,0.89944,27000,0.0,0.0
1991-11-20,2.75,2.75,2.75,2.75,0.89944,0,0.0,0.0
1991-11-21,2.75,2.958333,2.75,2.958333,0.96758,7500,0.0,0.0
1991-11-22,2.958333,2.958333,2.958333,2.958333,0.96758,0,0.0,0.0
1991-11-25,2.958333,2.958333,2.958333,2.958333,0.96758,0,0.0,0.0
1991-11-26,2.958333,2.958333,2.958333,2.958333,0.96758,0,0.0,0.0
1991-11-27,2.958333,2.958333,2.958333,2.958333,0.96758,0,0.0,0.0
1991-11-29,2.958333,2.958333,2.958333,2.958333,0.96758,0,0.0,0.0
1991-12-02,2.958333,2.958333,2.958333,2.958333,0.96758,0,0.0,0.0
1991-12-03,2.958333,2.958333,2.958333,2.958333,0.96758,0,0.0,0.0
1991-12-04,2.958333,2.958333,2.958333,2.958333,0.96758,0,0.0,0.0
1991-12-05,2.958333,2.958333,2.958333,2.958333,0.96758,0,0.0,0.0
1991-12-06,2.958333,2.958333,2.958333,2.958333,0.96758,0,0.0,0.0
1991-12-09,2.958333,2.958333,2.958333,2.958333,0.96758,0,0.0,0.0
1991-12-10,2.958333,2.958333,2.958333,2.958333,0.96758,0,0.0,0.0
1991-12-11,2.958333,2.958333,2.958333,2.958333,0.96758,0,0.0,0.0
1991-12-12,2.958333,2.958333,2.958333,2.958333,0.96758,0,0.0,0.0
1991-12-13,2.666667,2.666667,2.666667,2.666667,0.872185,3000,0.0,0.0
1991-12-16,2.666667,2.666667,2.666667,2.666667,0.872185,3000,0.0,0.0
1991-12-17,2.666667,2.666667,2.666667,2.666667,0.872185,0,0.0,0.0
1991-12-18,2.666667,2.666667,2.666667,2.666667,0.872185,0,0.0,0.0
1991-12-19,2.666667,2.666667,2.666667,2.666667,0.872185,0,0.0,0.0
1991-12-20,2.666667,2.666667,2.666667,2.666667,0.872185,0,0.0,0.0
1991-12-23,2.666667,2.666667,2.666667,2.666667,0.872185,2400,0.0,0.0
1991-12-24,2.666667,2.666667,2.666667,2.666667,0.872185,300,0.0,0.0
1991-12-26,2.666667,2.666667,2.666667,2.666667,0.872185,0,0.0,0.0
1991-12-27,2.666667,2.666667,2.666667,2.666667,0.872185,0,0.0,0.0
1991-12-30,3.166667,3.5,3.166667,3.5,1.144742,6900,0.0,0.0
1991-12-31,3.5,3.5,3.5,3.5,1.144742,0,0.0,0.0
1992-01-02,3.5,3.5,3.5,3.5,1.144742,0,0.0,0.0
1992-01-03,3.166667,3.166667,3.166667,3.166667,1.035719,4800,0.0,0.0
1992-01-06,3.166667,3.166667,3.166667,3.166667,1.035719,0,0.0,0.0
1992-01-07,3.166667,3.166667,3.166667,3.166667,1.035719,0,0.0,0.0
1992-01-08,3.166667,3.166667,3.166667,3.166667,1.035719,0,0.0,0.0
1992-01-09,3.166667,3.166667,3.166667,3.166667,1.035719,0,0.0,0.0
1992-01-10,3.166667,3.166667,3.166667,3.166667,1.035719,0,0.0,0.0
1992-01-13,3.166667,3.166667,3.166667,3.166667,1.035719,0,0.0,0.0
1992-01-14,3.166667,3.166667,3.166667,3.166667,1.035719,0,0.0,0.0
1992-01-15,3.166667,3.166667,3.166667,3.166667,1.035719,0,0.0,0.0
1992-01-16,3.166667,3.583333,3.166667,3.583333,1.171998,10500,0.0,0.0
1992-01-17,3.583333,3.583333,3.583333,3.583333,1.171998,0,0.0,0.0
1992-01-20,3.5,3.5,3.5,3.5,1.144742,1200,0.0,0.0
1992-01-21,3.5,3.5,3.5,3.5,1.144742,0,0.0,0.0
1992-01-22,3.5,3.5,3.5,3.5,1.144742,0,0.0,0.0
1992-01-23,3.333333,3.333333,3.333333,3.333333,1.090231,2100,0.0,0.0
1992-01-24,3.333333,3.333333,3.333333,3.333333,1.090231,0,0.0,0.0
1992-01-27,3.333333,3.333333,3.333333,3.333333,1.090231,0,0.0,0.0
1992-01-28,3.333333,3.333333,3.333333,3.333333,1.090231,0,0.0,0.0
1992-01-29,3.333333,3.333333,3.333333,3.333333,1.090231,0,0.0,0.0
1992-01-30,3.333333,3.333333,3.333333,3.333333,1.090231,0,0.0,0.0
1992-01-31,3.333333,3.333333,3.333333,3.333333,1.090231,0,0.0,0.0
1992-02-03,3.333333,3.333333,3.333333,3.333333,1.090231,0,0.0,0.0
1992-02-04,3.25,3.25,3.25,3.25,1.062975,3000,0.0,0.0
1992-02-05,3.25,3.25,3.25,3.25,1.062975,0,0.0,0.0
1992-02-06,3.333333,3.333333,3.333333,3.333333,1.090231,1200,0.0,0.0
1992-02-07,3.333333,3.583333,3.333333,3.583333,1.171998,1500,0.0,0.0
1992-02-10,3.583333,3.583333,3.583333,3.583333,1.181893,0,0.03,0.0
1992-02-11,3.583333,3.583333,3.583333,3.583333,1.181893,0,0.0,0.0
1992-02-12,3.583333,3.583333,3.583333,3.583333,1.181893,0,0.0,0.0
1992-02-13,3.583333,3.583333,3.583333,3.583333,1.181893,0,0.0,0.0
1992-02-14,3.166667,3.291667,3.083333,3.291667,1.085693,9000,0.0,0.0
1992-02-18,3.291667,3.291667,3.291667,3.291667,1.085693,0,0.0,0.0
1992-02-19,3.083333,3.083333,3.083333,3.083333,1.016978,900,0.0,0.0
1992-02-20,3.083333,3.25,3.083333,3.25,1.07195,900,0.0,0.0
1992-02-21,3.25,3.333333,3.25,3.333333,1.099435,5100,0.0,0.0
1992-02-24,3.583333,3.583333,3.5,3.5,1.154407,26400,0.0,0.0
1992-02-25,3.5,3.541667,3.5,3.5,1.154407,3300,0.0,0.0
1992-02-26,4.166667,4.5,3.833333,3.833333,1.264351,6600,0.0,0.0
1992-02-27,3.75,3.75,3.583333,3.583333,1.181893,6000,0.0,0.0
1992-02-28,3.5,3.5,3.5,3.5,1.154407,3900,0.0,0.0
1992-03-02,3.416667,3.416667,3.416667,3.416667,1.126921,4800,0.0,0.0
1992-03-03,3.416667,3.416667,3.416667,3.416667,1.126921,4200,0.0,0.0
1992-03-04,3.416667,3.458333,3.25,3.25,1.07195,13800,0.0,0.0
1992-03-05,3.083333,3.083333,3.083333,3.083333,1.016978,7500,0.0,0.0
1992-03-06,3.083333,3.083333,3.083333,3.083333,1.016978,0,0.0,0.0
1992-03-09,3.083333,3.083333,3.083333,3.083333,1.016978,0,0.0,0.0
1992-03-10,3.083333,3.083333,3.083333,3.083333,1.016978,0,0.0,0.0
1992-03-11,3.083333,3.25,3.083333,3.25,1.07195,8400,0.0,0.0
1992-03-12,3.25,3.25,3.25,3.25,1.07195,0,0.0,0.0
1992-03-13,3.25,3.25,3.25,3.25,1.07195,0,0.0,0.0
1992-03-16,3.25,3.25,3.25,3.25,1.07195,0,0.0,0.0
1992-03-17,3.25,3.25,3.25,3.25,1.07195,0,0.0,0.0
1992-03-18,3.25,3.25,3.25,3.25,1.07195,0,0.0,0.0
1992-03-19,3.25,3.25,3.25,3.25,1.07195,0,0.0,0.0
1992-03-20,3.25,3.25,3.25,3.25,1.07195,0,0.0,0.0
1992-03-23,3.25,3.25,3.25,3.25,1.07195,0,0.0,0.0
1992-03-24,3.25,3.25,3.25,3.25,1.07195,0,0.0,0.0
1992-03-25,3.25,3.25,3.25,3.25,1.07195,0,0.0,0.0
1992-03-26,3.25,3.25,3.25,3.25,1.07195,0,0.0,0.0
1992-03-27,3.25,3.25,3.25,3.25,1.07195,0,0.0,0.0
1992-03-30,3.25,3.25,3.25,3.25,1.07195,0,0.0,0.0
1992-03-31,3.25,3.25,3.25,3.25,1.07195,1500,0.0,0.0
1992-04-01,3.25,3.25,3.25,3.25,1.07195,0,0.0,0.0
1992-04-02,3.25,3.25,3.25,3.25,1.07195,0,0.0,0.0
1992-04-03,3.25,3.25,3.25,3.25,1.07195,0,0.0,0.0
1992-04-06,3.25,3.25,3.25,3.25,1.07195,0,0.0,0.0
1992-04-07,3.25,3.25,3.25,3.25,1.07195,0,0.0,0.0
1992-04-08,3.25,3.25,3.25,3.25,1.07195,0,0.0,0.0
1992-04-09,3.5,3.5,3.375,3.375,1.113178,9900,0.0,0.0
1992-04-10,3.375,3.375,3.375,3.375,1.113178,0,0.0,0.0
1992-04-13,3.375,3.375,3.375,3.375,1.113178,0,0.0,0.0
1992-04-14,3.375,3.375,3.375,3.375,1.113178,0,0.0,0.0
1992-04-15,3.375,3.375,3.375,3.375,1.113178,0,0.0,0.0
1992-04-16,3.375,3.375,3.375,3.375,1.113178,0,0.0,0.0
1992-04-20,3.375,3.375,3.375,3.375,1.113178,0,0.0,0.0
1992-04-21,3.375,3.375,3.375,3.375,1.113178,0,0.0,0.0
1992-04-22,3.375,3.375,3.375,3.375,1.113178,0,0.0,0.0
1992-04-23,3.375,3.375,3.375,3.375,1.113178,0,0.0,0.0
1992-04-24,3.583333,3.583333,3.5,3.5,1.154407,6000,0.0,0.0
1992-04-27,3.5,3.5,3.5,3.5,1.154407,0,0.0,0.0
1992-04-28,3.5,3.5,3.5,3.5,1.154407,0,0.0,0.0
1992-04-29,3.333333,3.333333,3.333333,3.333333,1.099435,300,0.0,0.0
1992-04-30,3.333333,3.333333,3.333333,3.333333,1.099435,0,0.0,0.0
1992-05-01,3.333333,3.333333,3.333333,3.333333,1.099435,0,0.0,0.0
1992-05-04,3.333333,3.333333,3.333333,3.333333,1.099435,0,0.0,0.0
1992-05-05,3.333333,3.333333,3.333333,3.333333,1.099435,0,0.0,0.0
1992-05-06,3.416667,3.416667,3.416667,3.416667,1.126921,300,0.0,0.0
1992-05-07,3.416667,3.416667,3.416667,3.416667,1.126921,0,0.0,0.0
1992-05-08,3.416667,3.416667,3.416667,3.416667,1.126921,0,0.0,0.0
1992-05-11,3.416667,3.416667,3.416667,3.416667,1.136904,0,0.03,0.0
1992-05-12,3.666667,3.666667,3.666667,3.666667,1.220092,1500,0.0,0.0
1992-05-13,3.666667,3.666667,3.666667,3.666667,1.220092,0,0.0,0.0
1992-05-14,3.666667,3.666667,3.666667,3.666667,1.220092,0,0.0,0.0
1992-05-15,3.666667,3.666667,3.666667,3.666667,1.220092,3000,0.0,0.0
1992-05-18,3.666667,3.666667,3.666667,3.666667,1.220092,0,0.0,0.0
1992-05-19,3.666667,3.666667,3.666667,3.666667,1.220092,0,0.0,0.0
1992-05-20,3.666667,3.666667,3.666667,3.666667,1.220092,0,0.0,0.0
1992-05-21,3.666667,3.666667,3.666667,3.666667,1.220092,0,0.0,0.0
1992-05-22,3.666667,3.666667,3.666667,3.666667,1.220092,0,0.0,0.0
1992-05-26,3.666667,3.666667,3.666667,3.666667,1.220092,0,0.0,0.0
1992-05-27,3.666667,3.666667,3.666667,3.666667,1.220092,0,0.0,0.0
1992-05-28,3.666667,3.666667,3.666667,3.666667,1.220092,0,0.0,0.0
1992-05-29,3.666667,3.666667,3.666667,3.666667,1.220092,0,0.0,0.0
1992-06-01,3.666667,3.666667,3.666667,3.666667,1.220092,0,0.0,0.0
1992-06-02,3.666667,3.666667,3.666667,3.666667,1.220092,0,0.0,0.0
1992-06-03,3.5,3.5,3.5,3.5,1.164633,12000,0.0,0.0
1992-06-04,3.5,3.5,3.5,3.5,1.164633,15300,0.0,0.0
1992-06-05,3.5,3.5,3.5,3.5,1.164633,0,0.0,0.0
1992-06-08,3.5,3.5,3.5,3.5,1.164633,0,0.0,0.0
1992-06-09,3.5,3.5,3.5,3.5,1.164633,0,0.0,0.0
1992-06-10,3.666667,3.833333,3.666667,3.833333,1.27555,3300,0.0,0.0
1992-06-11,3.833333,3.833333,3.708333,3.833333,1.27555,18600,0.0,0.0
1992-06-12,3.833333,3.833333,3.833333,3.833333,1.27555,0,0.0,0.0
1992-06-15,3.666667,3.666667,3.666667,3.666667,1.220092,33000,0.0,0.0
1992-06-16,3.666667,3.916667,3.666667,3.75,1.247822,78000,0.0,0.0
1992-06-17,3.833333,3.833333,3.833333,3.833333,1.27555,1800,0.0,0.0
1992-06-18,3.833333,3.833333,3.833333,3.833333,1.27555,0,0.0,0.0
1992-06-19,3.833333,3.833333,3.833333,3.833333,1.27555,0,0.0,0.0
1992-06-22,3.583333,3.583333,3.583333,3.583333,1.192362,600,0.0,0.0
1992-06-23,3.583333,3.583333,3.583333,3.583333,1.192362,0,0.0,0.0
1992-06-24,3.583333,3.583333,3.583333,3.583333,1.192362,0,0.0,0.0
1992-06-25,3.583333,3.583333,3.583333,3.583333,1.192362,0,0.0,0.0
1992-06-26,3.583333,3.583333,3.583333,3.583333,1.192362,0,0.0,0.0
1992-06-29,3.5,3.5,3.5,3.5,1.164633,7500,0.0,0.0
1992-06-30,3.833333,3.833333,3.75,3.833333,1.27555,6000,0.0,0.0
1992-07-01,3.75,3.75,3.75,3.75,1.247822,7200,0.0,0.0
1992-07-02,3.75,3.75,3.75,3.75,1.247822,1800,0.0,0.0
1992-07-06,3.75,3.75,3.75,3.75,1.247822,0,0.0,0.0
1992-07-07,3.75,3.75,3.75,3.75,1.247822,0,0.0,0.0
1992-07-08,3.75,3.75,3.75,3.75,1.247822,0,0.0,0.0
1992-07-09,3.75,3.75,3.75,3.75,1.247822,0,0.0,0.0
1992-07-10,3.416667,3.416667,3.416667,3.416667,1.136904,1200,0.0,0.0
1992-07-13,3.416667,3.416667,3.416667,3.416667,1.136904,0,0.0,0.0
1992-07-14,3.416667,3.416667,3.416667,3.416667,1.136904,0,0.0,0.0
1992-07-15,3.416667,3.416667,3.416667,3.416667,1.136904,0,0.0,0.0
1992-07-16,3.416667,3.416667,3.416667,3.416667,1.136904,0,0.0,0.0
1992-07-17,3.416667,3.416667,3.416667,3.416667,1.136904,0,0.0,0.0
1992-07-20,3.416667,3.416667,3.416667,3.416667,1.136904,0,0.0,0.0
1992-07-21,3.416667,3.416667,3.416667,3.416667,1.136904,0,0.0,0.0
1992-07-22,3.416667,3.416667,3.416667,3.416667,1.136904,0,0.0,0.0
1992-07-23,3.083333,3.333333,3.083333,3.333333,1.109174,3900,0.0,0.0
1992-07-24,3.333333,3.333333,3.333333,3.333333,1.109174,0,0.0,0.0
1992-07-27,3.083333,3.083333,3.083333,3.083333,1.025987,1800,0.0,0.0
1992-07-28,3.083333,3.083333,3.083333,3.083333,1.025987,0,0.0,0.0
1992-07-29,3.083333,3.083333,3.083333,3.083333,1.025987,600,0.0,0.0
1992-07-30,3.083333,3.208333,3.083333,3.208333,1.06758,39000,0.0,0.0
1992-07-31,3.208333,3.208333,3.208333,3.208333,1.06758,0,0.0,0.0
1992-08-03,3.208333,3.208333,3.208333,3.208333,1.06758,0,0.0,0.0
1992-08-04,3.208333,3.208333,3.208333,3.208333,1.06758,0,0.0,0.0
1992-08-05,3.208333,3.208333,3.208333,3.208333,1.06758,0,0.0,0.0
1992-08-06,3.208333,3.208333,3.208333,3.208333,1.06758,0,0.0,0.0
1992-08-07,3.208333,3.208333,3.208333,3.208333,1.06758,0,0.0,0.0
1992-08-10,3.208333,3.208333,3.208333,3.208333,1.077657,0,0.03,0.0
1992-08-11,3.208333,3.208333,3.208333,3.208333,1.077657,0,0.0,0.0
1992-08-12,3.208333,3.208333,3.208333,3.208333,1.077657,0,0.0,0.0
1992-08-13,3.208333,3.208333,3.208333,3.208333,1.077657,0,0.0,0.0
1992-08-14,3.25,3.25,3.166667,3.166667,1.063661,3300,0.0,0.0
1992-08-17,3.166667,3.166667,3.166667,3.166667,1.063661,0,0.0,0.0
1992-08-18,3.166667,3.166667,3.166667,3.166667,1.063661,0,0.0,0.0
1992-08-19,3.166667,3.166667,3.166667,3.166667,1.063661,0,0.0,0.0
1992-08-20,3.166667,3.166667,3.166667,3.166667,1.063661,0,0.0,0.0
1992-08-21,3.166667,3.166667,3.166667,3.166667,1.063661,11100,0.0,0.0
1992-08-24,3.166667,3.166667,3.166667,3.166667,1.063661,0,0.0,0.0
1992-08-25,3.166667,3.166667,3.166667,3.166667,1.063661,0,0.0,0.0
1992-08-26,3.166667,3.166667,3.166667,3.166667,1.063661,0,0.0,0.0
1992-08-27,3.166667,3.166667,3.166667,3.166667,1.063661,0,0.0,0.0
1992-08-28,3.166667,3.166667,3.166667,3.166667,1.063661,300,0.0,0.0
1992-08-31,3.166667,3.166667,3.166667,3.166667,1.063661,0,0.0,0.0
1992-09-01,3.0,3.0,3.0,3.0,1.007679,3900,0.0,0.0
1992-09-02,3.166667,3.166667,3.0,3.166667,1.063661,4800,0.0,0.0
1992-09-03,3.0,3.0,2.833333,3.0,1.007679,16500,0.0,0.0
1992-09-04,3.0,3.0,3.0,3.0,1.007679,0,0.0,0.0
1992-09-08,3.0,3.0,3.0,3.0,1.007679,0,0.0,0.0
1992-09-09,3.0,3.0,3.0,3.0,1.007679,0,0.0,0.0
1992-09-10,3.0,3.0,3.0,3.0,1.007679,3000,0.0,0.0
1992-09-11,3.0,3.0,3.0,3.0,1.007679,0,0.0,0.0
1992-09-14,3.0,3.0,3.0,3.0,1.007679,4500,0.0,0.0
1992-09-15,3.0,3.0,3.0,3.0,1.007679,0,0.0,0.0
1992-09-16,3.0,3.0,3.0,3.0,1.007679,0,0.0,0.0
1992-09-17,2.916667,2.916667,2.916667,2.916667,0.979689,2400,0.0,0.0
1992-09-18,3.0,3.083333,3.0,3.083333,1.035671,13500,0.0,0.0
1992-09-21,3.083333,3.083333,3.083333,3.083333,1.035671,0,0.0,0.0
1992-09-22,2.916667,2.916667,2.916667,2.916667,0.979689,1800,0.0,0.0
1992-09-23,2.916667,2.916667,2.916667,2.916667,0.979689,0,0.0,0.0
1992-09-24,2.916667,2.916667,2.916667,2.916667,0.979689,0,0.0,0.0
1992-09-25,2.916667,2.916667,2.916667,2.916667,0.979689,0,0.0,0.0
1992-09-28,2.916667,2.916667,2.916667,2.916667,0.979689,0,0.0,0.0
1992-09-29,2.916667,2.916667,2.916667,2.916667,0.979689,0,0.0,0.0
1992-09-30,3.25,3.25,2.916667,2.916667,0.979689,4500,0.0,0.0
1992-10-01,2.916667,2.916667,2.916667,2.916667,0.979689,0,0.0,0.0
1992-10-02,2.916667,2.916667,2.916667,2.916667,0.979689,0,0.0,0.0
1992-10-05,2.916667,2.916667,2.916667,2.916667,0.979689,0,0.0,0.0
1992-10-06,2.916667,2.916667,2.916667,2.916667,0.979689,0,0.0,0.0
1992-10-07,2.916667,2.916667,2.916667,2.916667,0.979689,0,0.0,0.0
1992-10-08,2.916667,2.916667,2.916667,2.916667,0.979689,0,0.0,0.0
1992-10-09,2.916667,2.916667,2.916667,2.916667,0.979689,0,0.0,0.0
1992-10-12,2.833333,2.833333,2.833333,2.833333,0.951697,3000,0.0,0.0
1992-10-13,2.833333,2.833333,2.833333,2.833333,0.951697,0,0.0,0.0
1992-10-14,2.833333,2.833333,2.833333,2.833333,0.951697,0,0.0,0.0
1992-10-15,2.833333,2.833333,2.833333,2.833333,0.951697,0,0.0,0.0
1992-10-16,2.833333,2.833333,2.833333,2.833333,0.951697,0,0.0,0.0
1992-10-19,2.833333,2.833333,2.833333,2.833333,0.951697,0,0.0,0.0
1992-10-20,2.833333,2.833333,2.833333,2.833333,0.951697,0,0.0,0.0
1992-10-21,2.833333,2.833333,2.833333,2.833333,0.951697,0,0.0,0.0
1992-10-22,2.833333,2.833333,2.833333,2.833333,0.951697,0,0.0,0.0
1992-10-23,2.833333,2.833333,2.833333,2.833333,0.951697,0,0.0,0.0
1992-10-26,2.833333,2.833333,2.833333,2.833333,0.951697,0,0.0,0.0
1992-10-27,3.333333,3.333333,3.333333,3.333333,1.119643,10500,0.0,0.0
1992-10-28,3.666667,3.666667,3.666667,3.666667,1.231608,10500,0.0,0.0
1992-10-29,3.666667,3.666667,3.666667,3.666667,1.231608,0,0.0,0.0
1992-10-30,3.166667,3.5,3.166667,3.166667,1.063661,16200,0.0,0.0
1992-11-02,3.166667,3.166667,3.166667,3.166667,1.063661,0,0.0,0.0
1992-11-03,3.416667,3.416667,3.416667,3.416667,1.147635,15000,0.0,0.0
1992-11-04,3.416667,3.416667,3.416667,3.416667,1.147635,0,0.0,0.0
1992-11-05,3.416667,3.416667,3.416667,3.416667,1.147635,0,0.0,0.0
1992-11-06,3.666667,3.666667,3.416667,3.416667,1.147635,2100,0.0,0.0
1992-11-09,3.5,3.5,3.5,3.5,1.18604,6000,0.03,0.0
1992-11-10,3.333333,3.333333,3.333333,3.333333,1.129562,3000,0.0,0.0
1992-11-11,3.5,3.5,3.5,3.5,1.18604,3000,0.0,0.0
1992-11-12,3.583333,3.708333,3.583333,3.708333,1.256637,9300,0.0,0.0
1992-11-13,3.583333,3.583333,3.583333,3.583333,1.214279,6300,0.0,0.0
1992-11-16,3.583333,3.583333,3.583333,3.583333,1.214279,0,0.0,0.0
1992-11-17,3.583333,3.583333,3.583333,3.583333,1.214279,0,0.0,0.0
1992-11-18,3.583333,3.583333,3.583333,3.583333,1.214279,0,0.0,0.0
1992-11-19,3.583333,3.583333,3.583333,3.583333,1.214279,0,0.0,0.0
1992-11-20,3.583333,3.583333,3.583333,3.583333,1.214279,0,0.0,0.0
1992-11-23,3.583333,3.583333,3.583333,3.583333,1.214279,0,0.0,0.0
1992-11-24,4.166667,4.166667,4.166667,4.166667,1.411952,300,0.0,0.0
1992-11-25,4.166667,4.166667,4.166667,4.166667,1.411952,0,0.0,0.0
1992-11-27,4.166667,4.166667,4.166667,4.166667,1.411952,0,0.0,0.0
1992-11-30,4.166667,4.166667,4.166667,4.166667,1.411952,0,0.0,0.0
1992-12-01,4.166667,4.166667,4.166667,4.166667,1.411952,0,0.0,0.0
1992-12-02,4.166667,4.166667,4.166667,4.166667,1.411952,0,0.0,0.0
1992-12-03,4.166667,4.166667,4.166667,4.166667,1.411952,0,0.0,0.0
1992-12-04,3.916667,3.916667,3.916667,3.916667,1.327235,300,0.0,0.0
1992-12-07,4.5,4.5,4.5,4.5,1.524909,3000,0.0,0.0
1992-12-08,4.166667,4.166667,4.166667,4.166667,1.411952,3000,0.0,0.0
1992-12-09,4.166667,4.166667,4.166667,4.166667,1.411952,0,0.0,0.0
1992-12-10,4.166667,4.166667,4.166667,4.166667,1.411952,0,0.0,0.0
1992-12-11,4.458333,4.791667,4.458333,4.791667,1.623745,8400,0.0,0.0
1992-12-14,4.666667,5.0,4.666667,4.666667,1.581387,12900,0.0,0.0
1992-12-15,4.666667,4.666667,4.666667,4.666667,1.581387,0,0.0,0.0
1992-12-16,4.666667,4.666667,4.666667,4.666667,1.581387,0,0.0,0.0
1992-12-17,4.666667,4.666667,4.666667,4.666667,1.581387,0,0.0,0.0
1992-12-18,4.666667,4.666667,4.666667,4.666667,1.581387,0,0.0,0.0
1992-12-21,4.916667,4.916667,4.833333,4.833333,1.637865,37500,0.0,0.0
1992-12-22,4.791667,4.875,4.791667,4.875,1.651983,45000,0.0,0.0
1992-12-23,4.791667,4.875,4.791667,4.833333,1.637865,75000,0.0,0.0
1992-12-24,4.791667,4.833333,4.791667,4.791667,1.623745,60000,0.0,0.0
1992-12-28,4.791667,4.791667,4.791667,4.791667,1.623745,0,0.0,0.0
1992-12-29,5.25,5.333333,5.25,5.333333,1.807298,6000,0.0,0.0
1992-12-30,5.333333,5.333333,5.166667,5.166667,1.750821,600,0.0,0.0
1992-12-31,5.333333,5.416667,5.333333,5.333333,1.807298,5100,0.0,0.0
1993-01-04,5.333333,5.333333,5.333333,5.333333,1.807298,1500,0.0,0.0
1993-01-05,5.333333,5.333333,5.333333,5.333333,1.807298,0,0.0,0.0
1993-01-06,5.333333,5.333333,5.333333,5.333333,1.807298,3600,0.0,0.0
1993-01-07,5.333333,5.333333,5.333333,5.333333,1.807298,0,0.0,0.0
1993-01-08,5.333333,5.333333,5.333333,5.333333,1.807298,0,0.0,0.0
1993-01-11,5.583333,5.583333,5.583333,5.583333,1.892016,20100,0.0,0.0
1993-01-12,5.916667,5.916667,5.916667,5.916667,2.004972,7500,0.0,0.0
1993-01-13,6.0,6.166667,5.666667,6.0,2.033211,44100,0.0,0.0
1993-01-14,5.75,5.791667,5.583333,5.583333,1.892016,72000,0.0,0.0
1993-01-15,5.583333,5.666667,5.583333,5.666667,1.920256,8700,0.0,0.0
1993-01-18,5.583333,5.833333,5.583333,5.708333,1.934374,89400,0.0,0.0
1993-01-19,5.708333,5.708333,5.708333,5.708333,1.934374,0,0.0,0.0
1993-01-20,5.666667,5.666667,5.666667,5.666667,1.920256,3900,0.0,0.0
1993-01-21,5.833333,5.833333,5.833333,5.833333,1.976733,7800,0.0,0.0
1993-01-22,5.75,5.75,5.75,5.75,1.948494,9600,0.0,0.0
1993-01-25,5.75,5.75,5.75,5.75,1.948494,0,0.0,0.0
1993-01-26,5.75,5.75,5.75,5.75,1.948494,0,0.0,0.0
1993-01-27,6.208333,6.25,6.083333,6.083333,2.061449,63000,0.0,0.0
1993-01-28,6.0,6.666667,6.0,6.5,2.202646,20100,0.0,0.0
1993-01-29,6.416667,6.416667,6.416667,6.416667,2.174406,9000,0.0,0.0
1993-02-01,6.416667,6.416667,6.416667,6.416667,2.174406,0,0.0,0.0
1993-02-02,5.833333,5.833333,5.833333,5.833333,1.976733,5700,0.0,0.0
1993-02-03,5.833333,5.833333,5.833333,5.833333,1.976733,0,0.0,0.0
1993-02-04,5.833333,5.916667,5.833333,5.833333,1.976733,6000,0.0,0.0
1993-02-05,5.833333,5.833333,5.833333,5.833333,1.976733,0,0.0,0.0
1993-02-08,6.166667,6.333333,6.0,6.333333,2.146167,12000,0.0,0.0
1993-02-09,6.416667,6.416667,6.416667,6.416667,2.174406,3000,0.0,0.0
1993-02-10,6.333333,6.333333,6.333333,6.333333,2.146167,600,0.0,0.0
1993-02-11,6.333333,6.333333,6.333333,6.333333,2.146167,0,0.0,0.0
1993-02-12,6.333333,6.333333,6.333333,6.333333,2.156381,0,0.03,0.0
1993-02-16,6.0,6.0,5.75,5.916667,2.014514,17400,0.0,0.0
1993-02-17,5.75,6.0,5.75,5.75,1.957769,26100,0.0,0.0
1993-02-18,5.75,5.75,5.75,5.75,1.957769,0,0.0,0.0
1993-02-19,5.75,5.75,5.75,5.75,1.957769,0,0.0,0.0
1993-02-22,5.75,5.75,5.75,5.75,1.957769,0,0.0,0.0
1993-02-23,5.75,5.75,5.75,5.75,1.957769,0,0.0,0.0
1993-02-24,5.75,5.75,5.75,5.75,1.957769,0,0.0,0.0
1993-02-25,5.833333,5.833333,5.833333,5.833333,1.986141,3000,0.0,0.0
1993-02-26,6.0,6.0,6.0,6.0,2.042888,5100,0.0,0.0
1993-03-01,6.0,6.0,6.0,6.0,2.042888,0,0.0,0.0
1993-03-02,6.083333,6.333333,6.083333,6.083333,2.071261,13800,0.0,0.0
1993-03-03,6.25,6.25,6.25,6.25,2.128008,600,0.0,0.0
1993-03-04,6.25,6.25,6.25,6.25,2.128008,0,0.0,0.0
1993-03-05,6.25,6.25,6.25,6.25,2.128008,0,0.0,0.0
1993-03-08,6.166667,6.375,6.166667,6.375,2.170569,72300,0.0,0.0
1993-03-09,6.375,6.375,6.375,6.375,2.170569,0,0.0,0.0
1993-03-10,6.583333,6.583333,6.333333,6.416667,2.184755,13200,0.0,0.0
1993-03-11,6.708333,6.708333,6.416667,6.416667,2.184755,5100,0.0,0.0
1993-03-12,6.5,6.5,6.416667,6.416667,2.184755,6000,0.0,0.0
1993-03-15,6.666667,6.666667,6.666667,6.666667,2.269876,600,0.0,0.0
1993-03-16,6.416667,6.416667,6.416667,6.416667,2.184755,300,0.0,0.0
1993-03-17,6.416667,6.416667,6.416667,6.416667,2.184755,0,0.0,0.0
1993-03-18,6.416667,6.416667,6.416667,6.416667,2.184755,0,0.0,0.0
1993-03-19,6.416667,6.416667,6.416667,6.416667,2.184755,0,0.0,0.0
1993-03-22,6.666667,6.666667,6.666667,6.666667,2.269876,600,0.0,0.0
1993-03-23,6.666667,6.666667,6.666667,6.666667,2.269876,0,0.0,0.0
1993-03-24,6.666667,6.666667,6.666667,6.666667,2.269876,0,0.0,0.0
1993-03-25,6.333333,6.333333,6.333333,6.333333,2.156381,600,0.0,0.0
1993-03-26,6.333333,6.333333,6.333333,6.333333,2.156381,0,0.0,0.0
1993-03-29,6.416667,6.416667,6.416667,6.416667,2.184755,300,0.0,0.0
1993-03-30,6.416667,6.416667,6.416667,6.416667,2.184755,0,0.0,0.0
1993-03-31,6.25,6.25,6.25,6.25,2.128008,600,0.0,0.0
1993-04-01,6.25,6.5,6.25,6.5,2.21313,6000,0.0,0.0
1993-04-02,6.5,6.5,6.5,6.5,2.21313,0,0.0,0.0
1993-04-05,6.5,6.5,6.5,6.5,2.21313,0,0.0,0.0
1993-04-06,6.5,6.5,6.5,6.5,2.21313,0,0.0,0.0
1993-04-07,6.5,6.5,6.5,6.5,2.21313,0,0.0,0.0
1993-04-08,6.083333,6.25,6.083333,6.25,2.128008,1800,0.0,0.0
1993-04-12,6.25,6.25,6.25,6.25,2.128008,0,0.0,0.0
1993-04-13,6.25,6.25,6.25,6.25,2.128008,0,0.0,0.0
1993-04-14,6.333333,6.333333,6.333333,6.333333,2.156381,3000,0.0,0.0
1993-04-15,6.291667,6.291667,6.291667,6.291667,2.142195,3000,0.0,0.0
1993-04-16,6.291667,6.291667,6.291667,6.291667,2.142195,0,0.0,0.0
1993-04-19,6.583333,6.708333,6.583333,6.666667,2.269876,51000,0.0,0.0
1993-04-20,6.916667,6.916667,6.666667,6.666667,2.269876,19500,0.0,0.0
1993-04-21,6.833333,6.833333,6.833333,6.833333,2.326622,300,0.0,0.0
1993-04-22,6.916667,6.916667,6.666667,6.666667,2.269876,13500,0.0,0.0
1993-04-23,6.666667,6.833333,6.583333,6.583333,2.241502,37500,0.0,0.0
1993-04-26,6.5,6.583333,6.5,6.5,2.21313,4800,0.0,0.0
1993-04-27,6.666667,6.666667,6.666667,6.666667,2.269876,1500,0.0,0.0
1993-04-28,6.666667,6.666667,6.666667,6.666667,2.269876,0,0.0,0.0
1993-04-29,6.666667,6.666667,6.666667,6.666667,2.269876,0,0.0,0.0
1993-04-30,6.666667,6.666667,6.666667,6.666667,2.269876,0,0.0,0.0
1993-05-03,6.583333,6.583333,6.583333,6.583333,2.241502,900,0.0,0.0
1993-05-04,6.583333,6.583333,6.583333,6.583333,2.241502,0,0.0,0.0
1993-05-05,6.583333,6.583333,6.583333,6.583333,2.241502,0,0.0,0.0
1993-05-06,6.583333,6.583333,6.583333,6.583333,2.241502,0,0.0,0.0
1993-05-07,6.666667,7.0,6.666667,7.0,2.38337,4500,0.0,0.0
1993-05-10,7.25,7.5,7.25,7.333333,2.496863,15000,0.0,0.0
1993-05-11,7.333333,7.333333,7.333333,7.333333,2.507118,0,0.03,0.0
1993-05-12,7.0,7.166667,7.0,7.166667,2.450141,22800,0.0,0.0
1993-05-13,7.0,7.333333,7.0,7.333333,2.507118,48600,0.0,0.0
1993-05-14,7.25,7.25,7.25,7.25,2.478629,15000,0.0,0.0
1993-05-17,7.333333,7.333333,7.25,7.25,2.478629,30000,0.0,0.0
1993-05-18,7.333333,7.333333,7.25,7.25,2.478629,18000,0.0,0.0
1993-05-19,7.25,7.25,7.25,7.25,2.478629,0,0.0,0.0
1993-05-20,7.25,7.25,7.25,7.25,2.478629,0,0.0,0.0
1993-05-21,7.25,7.25,7.25,7.25,2.478629,0,0.0,0.0
1993-05-24,7.25,7.25,7.25,7.25,2.478629,0,0.0,0.0
1993-05-25,7.333333,7.333333,7.333333,7.333333,2.507118,30000,0.0,0.0
1993-05-26,7.333333,7.333333,7.333333,7.333333,2.507118,0,0.0,0.0
1993-05-27,7.375,7.375,7.333333,7.333333,2.507118,42900,0.0,0.0
1993-05-28,7.333333,7.333333,7.333333,7.333333,2.507118,0,0.0,0.0
1993-06-01,7.5,7.5,7.5,7.5,2.5641,600,0.0,0.0
1993-06-02,7.75,7.75,7.75,7.75,2.64957,300,0.0,0.0
1993-06-03,7.25,7.25,7.25,7.25,2.478629,1500,0.0,0.0
1993-06-04,7.25,7.25,6.833333,6.833333,2.336178,24900,0.0,0.0
1993-06-07,6.833333,6.833333,6.833333,6.833333,2.336178,1500,0.0,0.0
1993-06-08,6.666667,6.666667,6.583333,6.583333,2.25071,7500,0.0,0.0
1993-06-09,6.583333,6.583333,6.583333,6.583333,2.25071,0,0.0,0.0
1993-06-10,6.583333,6.583333,6.583333,6.583333,2.25071,0,0.0,0.0
1993-06-11,6.75,6.75,6.75,6.75,2.30769,3000,0.0,0.0
1993-06-14,6.75,6.75,6.75,6.75,2.30769,0,0.0,0.0
1993-06-15,6.75,6.75,6.75,6.75,2.30769,900,0.0,0.0
1993-06-16,6.75,6.75,6.75,6.75,2.30769,0,0.0,0.0
1993-06-17,6.416667,6.416667,6.416667,6.416667,2.19373,7500,0.0,0.0
1993-06-18,6.75,6.75,6.75,6.75,2.30769,6600,0.0,0.0
1993-06-21,6.75,6.75,6.75,6.75,2.30769,0,0.0,0.0
1993-06-22,6.75,6.75,6.75,6.75,2.30769,0,0.0,0.0
1993-06-23,6.75,6.75,6.75,6.75,2.30769,0,0.0,0.0
1993-06-24,6.25,6.25,6.25,6.25,2.13675,1500,0.0,0.0
1993-06-25,6.25,6.25,6.25,6.25,2.13675,0,0.0,0.0
1993-06-28,6.25,6.25,6.25,6.25,2.13675,0,0.0,0.0
1993-06-29,6.25,6.25,6.25,6.25,2.13675,0,0.0,0.0
1993-06-30,6.25,6.25,6.25,6.25,2.13675,0,0.0,0.0
1993-07-01,6.25,6.25,6.25,6.25,2.13675,0,0.0,1.5
1993-07-02,6.25,6.25,6.25,6.25,2.13675,0,0.0,0.0
1993-07-06,6.25,6.25,6.25,6.25,2.13675,0,0.0,0.0
1993-07-07,6.25,6.25,6.25,6.25,2.13675,6000,0.0,0.0
1993-07-08,6.25,6.25,6.25,6.25,2.13675,0,0.0,0.0
1993-07-09,6.25,6.25,6.25,6.25,2.13675,0,0.0,0.0
1993-07-12,6.875,7.0,6.875,7.0,2.393159,2800,0.0,0.0
1993-07-13,7.0,7.0,7.0,7.0,2.393159,0,0.0,0.0
1993-07-14,6.8125,6.8125,6.8125,6.8125,2.329056,4000,0.0,0.0
1993-07-15,6.5,6.625,6.5,6.5,2.222219,3400,0.0,0.0
1993-07-16,6.5,6.5,6.5,6.5,2.222219,0,0.0,0.0
1993-07-19,6.5,6.5,6.5,6.5,2.222219,0,0.0,0.0
1993-07-20,7.0,7.0,7.0,7.0,2.393159,1000,0.0,0.0
1993-07-21,7.0,7.0,7.0,7.0,2.393159,0,0.0,0.0
1993-07-22,7.0,7.0,7.0,7.0,2.393159,0,0.0,0.0
1993-07-23,7.0,7.0,7.0,7.0,2.393159,0,0.0,0.0
1993-07-26,7.0,7.0,7.0,7.0,2.393159,0,0.0,0.0
1993-07-27,6.375,6.375,6.375,6.375,2.179484,200,0.0,0.0
1993-07-28,6.375,6.375,6.375,6.375,2.179484,0,0.0,0.0
1993-07-29,6.375,6.375,6.375,6.375,2.179484,0,0.0,0.0
1993-07-30,6.375,6.375,6.375,6.375,2.179484,0,0.0,0.0
1993-08-02,6.375,6.375,6.375,6.375,2.179484,0,0.0,0.0
1993-08-03,6.375,6.375,6.375,6.375,2.179484,0,0.0,0.0
1993-08-04,6.375,6.375,6.375,6.375,2.179484,0,0.0,0.0
1993-08-05,7.125,7.125,6.875,7.0,2.393159,19000,0.0,0.0
1993-08-06,7.0,7.0,7.0,7.0,2.393159,0,0.0,0.0
1993-08-09,7.0,7.0,7.0,7.0,2.393159,0,0.0,0.0
1993-08-10,7.0,7.0,7.0,7.0,2.40346,0,0.03,0.0
1993-08-11,7.0,7.0,7.0,7.0,2.40346,0,0.0,0.0
1993-08-12,7.125,7.125,7.125,7.125,2.446379,4000,0.0,0.0
1993-08-13,7.125,7.125,7.125,7.125,2.446379,0,0.0,0.0
1993-08-16,7.125,7.125,7.125,7.125,2.446379,0,0.0,0.0
1993-08-17,7.125,7.125,7.125,7.125,2.446379,0,0.0,0.0
1993-08-18,7.125,7.125,7.125,7.125,2.446379,0,0.0,0.0
1993-08-19,6.875,6.875,6.875,6.875,2.360542,400,0.0,0.0
1993-08-20,6.875,6.875,6.875,6.875,2.360542,0,0.0,0.0
1993-08-23,6.75,6.75,6.75,6.75,2.317623,1000,0.0,0.0
1993-08-24,6.75,6.75,6.75,6.75,2.317623,1000,0.0,0.0
1993-08-25,6.75,6.75,6.75,6.75,2.317623,0,0.0,0.0
1993-08-26,6.75,6.75,6.75,6.75,2.317623,0,0.0,0.0
1993-08-27,6.75,6.75,6.75,6.75,2.317623,0,0.0,0.0
1993-08-30,6.75,6.75,6.75,6.75,2.317623,0,0.0,0.0
1993-08-31,7.375,7.375,7.375,7.375,2.532217,200,0.0,0.0
1993-09-01,7.375,7.375,7.375,7.375,2.532217,0,0.0,0.0
1993-09-02,7.0,7.0,7.0,7.0,2.40346,1400,0.0,0.0
1993-09-03,7.0,7.0,7.0,7.0,2.40346,0,0.0,0.0
1993-09-07,7.0,7.0,7.0,7.0,2.40346,0,0.0,0.0
1993-09-08,7.0,7.0,7.0,7.0,2.40346,0,0.0,0.0
1993-09-09,7.0,7.0,7.0,7.0,2.40346,0,0.0,0.0
1993-09-10,7.4375,7.4375,7.4375,7.4375,2.553676,10000,0.0,0.0
1993-09-13,7.4375,7.4375,7.4375,7.4375,2.553676,0,0.0,0.0
1993-09-14,7.4375,7.4375,7.4375,7.4375,2.553676,0,0.0,0.0
1993-09-15,7.25,7.25,7.25,7.25,2.489297,400,0.0,0.0
1993-09-16,7.5,7.5,7.5,7.5,2.575136,2400,0.0,0.0
1993-09-17,7.875,8.25,7.875,8.25,2.83265,8000,0.0,0.0
1993-09-20,8.25,8.25,8.25,8.25,2.83265,0,0.0,0.0
1993-09-21,8.25,8.25,8.25,8.25,2.83265,0,0.0,0.0
1993-09-22,8.125,8.125,8.125,8.125,2.789732,13800,0.0,0.0
1993-09-23,8.5,8.5,8.5,8.5,2.918488,1000,0.0,0.0
1993-09-24,8.5,8.5,8.5,8.5,2.918488,0,0.0,0.0
1993-09-27,8.375,8.375,8.375,8.375,2.875567,1200,0.0,0.0
1993-09-28,8.375,8.375,8.375,8.375,2.875567,0,0.0,0.0
1993-09-29,8.75,8.75,8.75,8.75,3.004325,4000,0.0,0.0
1993-09-30,8.75,8.75,8.75,8.75,3.004325,0,0.0,0.0
1993-10-01,8.75,8.75,8.75,8.75,3.004325,0,0.0,0.0
1993-10-04,9.0,9.0,8.375,9.0,3.090163,1800,0.0,0.0
1993-10-05,9.0,9.125,8.625,9.125,3.133082,5200,0.0,0.0
1993-10-06,9.375,9.375,9.3125,9.3125,3.19746,3000,0.0,0.0
1993-10-07,9.3125,9.3125,9.3125,9.3125,3.19746,0,0.0,0.0
1993-10-08,9.25,9.25,9.25,9.25,3.176002,2000,0.0,0.0
1993-10-11,9.25,9.25,9.25,9.25,3.176002,1000,0.0,0.0
1993-10-12,9.25,9.25,9.25,9.25,3.176002,0,0.0,0.0
1993-10-13,9.25,9.25,9.25,9.25,3.176002,0,0.0,0.0
1993-10-14,9.25,9.25,9.25,9.25,3.176002,0,0.0,0.0
1993-10-15,9.5,9.5,9.5,9.5,3.261841,1400,0.0,0.0
1993-10-18,9.5,9.5,9.5,9.5,3.261841,0,0.0,0.0
1993-10-19,9.5,9.5,9.5,9.5,3.261841,0,0.0,0.0
1993-10-20,9.25,9.25,9.25,9.25,3.176002,1200,0.0,0.0
1993-10-21,9.25,9.25,9.25,9.25,3.176002,0,0.0,0.0
1993-10-22,8.375,8.375,8.375,8.375,2.875567,1600,0.0,0.0
1993-10-25,8.625,8.625,8.625,8.625,2.961405,1200,0.0,0.0
1993-10-26,8.8125,8.8125,8.8125,8.8125,3.025785,400,0.0,0.0
1993-10-27,8.8125,8.8125,8.8125,8.8125,3.025785,0,0.0,0.0
1993-10-28,8.8125,8.8125,8.8125,8.8125,3.025785,0,0.0,0.0
1993-10-29,9.0,9.0,9.0,9.0,3.090163,200,0.0,0.0
1993-11-01,9.0,9.0,9.0,9.0,3.090163,0,0.0,0.0
1993-11-02,9.0,9.0,9.0,9.0,3.090163,0,0.0,0.0
1993-11-03,9.0,9.0,9.0,9.0,3.090163,0,0.0,0.0
1993-11-04,9.0,9.0,9.0,9.0,3.090163,0,0.0,0.0
1993-11-05,9.0,9.0,9.0,9.0,3.090163,0,0.0,0.0
1993-11-08,8.5,8.5,8.5,8.5,2.928249,200,0.03,0.0
1993-11-09,8.5,8.8125,8.5,8.8125,3.035904,1600,0.0,0.0
1993-11-10,9.0,9.0,8.5,8.875,3.057436,1800,0.0,0.0
1993-11-11,8.5,8.5,8.5,8.5,2.928249,800,0.0,0.0
1993-11-12,8.5,8.5,8.5,8.5,2.928249,0,0.0,0.0
1993-11-15,8.5,8.5,8.5,8.5,2.928249,0,0.0,0.0
1993-11-16,8.8125,8.8125,8.8125,8.8125,3.035904,10400,0.0,0.0
1993-11-17,8.5,8.5,8.5,8.5,2.928249,1000,0.0,0.0
1993-11-18,8.5,8.5,8.5,8.5,2.928249,0,0.0,0.0
1993-11-19,8.5,8.5,8.5,8.5,2.928249,0,0.0,0.0
1993-11-22,8.5,8.5,8.5,8.5,2.928249,0,0.0,0.0
1993-11-23,8.5,8.5,8.5,8.5,2.928249,0,0.0,0.0
1993-11-24,8.5,8.5,8.5,8.5,2.928249,0,0.0,0.0
1993-11-26,8.5,8.5,8.5,8.5,2.928249,0,0.0,0.0
1993-11-29,8.5,8.5,8.5,8.5,2.928249,2000,0.0,0.0
1993-11-30,8.5,8.5,8.5,8.5,2.928249,0,0.0,0.0
1993-12-01,8.5,8.5,8.5,8.5,2.928249,0,0.0,0.0
1993-12-02,8.6875,8.6875,8.6875,8.6875,2.992842,1800,0.0,0.0
1993-12-03,8.6875,8.6875,8.6875,8.6875,2.992842,0,0.0,0.0
1993-12-06,8.5,8.5,8.5,8.5,2.928249,600,0.0,0.0
1993-12-07,8.75,8.75,8.75,8.75,3.014373,800,0.0,0.0
1993-12-08,8.5,9.0,8.5,9.0,3.100498,1600,0.0,0.0
1993-12-09,9.0,9.0,9.0,9.0,3.100498,0,0.0,0.0
1993-12-10,9.25,9.25,9.25,9.25,3.186622,600,0.0,0.0
1993-12-13,9.25,9.25,9.25,9.25,3.186622,0,0.0,0.0
1993-12-14,9.25,9.25,9.25,9.25,3.186622,200,0.0,0.0
1993-12-15,9.25,9.25,9.25,9.25,3.186622,0,0.0,0.0
1993-12-16,9.25,9.25,9.25,9.25,3.186622,0,0.0,0.0
1993-12-17,9.25,9.25,9.25,9.25,3.186622,0,0.0,0.0
1993-12-20,9.25,9.25,9.25,9.25,3.186622,0,0.0,0.0
1993-12-21,9.25,9.25,9.25,9.25,3.186622,0,0.0,0.0
1993-12-22,8.75,8.75,8.75,8.75,3.014373,1000,0.0,0.0
1993-12-23,8.75,8.75,8.75,8.75,3.014373,0,0.0,0.0
1993-12-27,8.6875,8.6875,8.6875,8.6875,2.992842,1200,0.0,0.0
1993-12-28,8.6875,8.6875,8.6875,8.6875,2.992842,0,0.0,0.0
1993-12-29,8.6875,8.6875,8.6875,8.6875,2.992842,0,0.0,0.0
1993-12-30,8.6875,8.6875,8.6875,8.6875,2.992842,0,0.0,0.0
1993-12-31,8.6875,8.6875,8.6875,8.6875,2.992842,0,0.0,0.0
1994-01-03,8.375,8.375,8.375,8.375,2.885185,200,0.0,0.0
1994-01-04,8.375,8.375,8.375,8.375,2.885185,11200,0.0,0.0
1994-01-05,8.375,8.375,8.375,8.375,2.885185,0,0.0,0.0
1994-01-06,8.75,8.8125,8.75,8.8125,3.035904,4200,0.0,0.0
1994-01-07,8.8125,8.8125,8.8125,8.8125,3.035904,0,0.0,0.0
1994-01-10,8.8125,8.8125,8.8125,8.8125,3.035904,0,0.0,0.0
1994-01-11,8.5,8.5,8.5,8.5,2.928249,1000,0.0,0.0
1994-01-12,8.5,8.5,8.5,8.5,2.928249,0,0.0,0.0
1994-01-13,8.875,8.875,8.875,8.875,3.057436,1400,0.0,0.0
1994-01-14,8.875,8.875,8.875,8.875,3.057436,0,0.0,0.0
1994-01-17,8.875,8.875,8.875,8.875,3.057436,0,0.0,0.0
1994-01-18,8.875,8.875,8.875,8.875,3.057436,0,0.0,0.0
1994-01-19,8.875,8.875,8.875,8.875,3.057436,0,0.0,0.0
1994-01-20,8.875,8.875,8.875,8.875,3.057436,0,0.0,0.0
1994-01-21,9.25,9.25,9.25,9.25,3.186622,200,0.0,0.0
1994-01-24,9.25,9.25,9.25,9.25,3.186622,200,0.0,0.0
1994-01-25,9.25,9.25,9.25,9.25,3.186622,0,0.0,0.0
1994-01-26,9.25,9.375,9.25,9.375,3.229685,2600,0.0,0.0
1994-01-27,9.0625,9.0625,9.0625,9.0625,3.122029,7000,0.0,0.0
1994-01-28,9.0625,9.0625,9.0625,9.0625,3.122029,0,0.0,0.0
1994-01-31,9.0,9.125,9.0,9.125,3.143561,1400,0.0,0.0
1994-02-01,9.125,9.125,9.125,9.125,3.143561,1800,0.0,0.0
1994-02-02,9.375,9.375,8.875,9.0,3.100498,15800,0.0,0.0
1994-02-03,9.0,9.0,9.0,9.0,3.100498,0,0.0,0.0
1994-02-04,9.0,9.0,9.0,9.0,3.100498,50000,0.0,0.0
1994-02-07,9.0,9.0,9.0,9.0,3.100498,0,0.0,0.0
1994-02-08,9.0,9.0,9.0,9.0,3.100498,0,0.0,0.0
1994-02-09,9.0,9.0,9.0,9.0,3.100498,0,0.0,0.0
1994-02-10,9.0,9.0,9.0,9.0,3.100498,0,0.0,0.0
1994-02-11,8.625,8.625,8.5625,8.5625,2.94978,109200,0.0,0.0
1994-02-14,8.5625,8.5625,8.5625,8.5625,2.96015,0,0.03,0.0
1994-02-15,8.5625,8.5625,8.5625,8.5625,2.96015,0,0.0,0.0
1994-02-16,9.125,9.25,9.125,9.25,3.197827,11000,0.0,0.0
1994-02-17,9.375,9.375,9.375,9.375,3.241042,2000,0.0,0.0
1994-02-18,9.5625,9.625,9.5625,9.625,3.327469,1000,0.0,0.0
1994-02-22,9.625,9.625,9.625,9.625,3.327469,0,0.0,0.0
1994-02-23,9.625,9.625,9.625,9.625,3.327469,0,0.0,0.0
1994-02-24,9.625,9.625,9.625,9.625,3.327469,0,0.0,0.0
1994-02-25,9.625,9.625,9.625,9.625,3.327469,0,0.0,0.0
1994-02-28,9.625,9.625,9.625,9.625,3.327469,0,0.0,0.0
1994-03-01,8.875,8.875,8.875,8.875,3.068185,1000,0.0,0.0
1994-03-02,8.875,8.875,8.875,8.875,3.068185,0,0.0,0.0
1994-03-03,8.875,8.875,8.875,8.875,3.068185,0,0.0,0.0
1994-03-04,8.875,8.875,8.875,8.875,3.068185,0,0.0,0.0
1994-03-07,8.75,8.75,8.75,8.75,3.024971,24000,0.0,0.0
1994-03-08,8.75,8.75,8.75,8.75,3.024971,5800,0.0,0.0
1994-03-09,8.75,8.75,8.75,8.75,3.024971,0,0.0,0.0
1994-03-10,8.75,8.75,8.75,8.75,3.024971,0,0.0,0.0
1994-03-11,8.125,8.125,8.125,8.125,2.808903,600,0.0,0.0
1994-03-14,8.125,8.125,8.125,8.125,2.808903,0,0.0,0.0
1994-03-15,8.125,8.125,8.125,8.125,2.808903,0,0.0,0.0
1994-03-16,8.625,8.625,8.3125,8.3125,2.873721,2800,0.0,0.0
1994-03-17,8.125,8.1875,8.125,8.1875,2.830508,2400,0.0,0.0
1994-03-18,8.1875,8.1875,8.1875,8.1875,2.830508,0,0.0,0.0
1994-03-21,8.1875,8.1875,8.1875,8.1875,2.830508,0,0.0,0.0
1994-03-22,8.1875,8.1875,8.1875,8.1875,2.830508,0,0.0,0.0
1994-03-23,8.1875,8.1875,8.1875,8.1875,2.830508,0,0.0,0.0
1994-03-24,8.1875,8.1875,8.1875,8.1875,2.830508,0,0.0,0.0
1994-03-25,8.1875,8.1875,8.1875,8.1875,2.830508,0,0.0,0.0
1994-03-28,8.1875,8.1875,8.1875,8.1875,2.830508,0,0.0,0.0
1994-03-29,8.1875,8.1875,8.1875,8.1875,2.830508,0,0.0,0.0
1994-03-30,8.1875,8.1875,8.1875,8.1875,2.830508,0,0.0,0.0
1994-03-31,8.1875,8.1875,8.1875,8.1875,2.830508,0,0.0,0.0
1994-04-04,8.1875,8.1875,8.1875,8.1875,2.830508,0,0.0,0.0
1994-04-05,8.1875,8.1875,8.1875,8.1875,2.830508,0,0.0,0.0
1994-04-06,8.1875,8.1875,8.1875,8.1875,2.830508,0,0.0,0.0
1994-04-07,7.25,7.25,7.25,7.25,2.506405,1200,0.0,0.0
1994-04-08,7.25,7.25,7.25,7.25,2.506405,0,0.0,0.0
1994-04-11,7.25,7.25,7.25,7.25,2.506405,0,0.0,0.0
1994-04-12,7.25,7.25,7.25,7.25,2.506405,0,0.0,0.0
1994-04-13,7.25,7.25,7.25,7.25,2.506405,0,0.0,0.0
1994-04-14,7.25,7.25,7.25,7.25,2.506405,0,0.0,0.0
1994-04-15,7.25,7.25,7.25,7.25,2.506405,0,0.0,0.0
1994-04-18,7.25,7.25,7.25,7.25,2.506405,0,0.0,0.0
1994-04-19,7.25,7.25,7.25,7.25,2.506405,0,0.0,0.0
1994-04-20,7.25,7.25,7.25,7.25,2.506405,0,0.0,0.0
1994-04-21,7.25,7.25,7.25,7.25,2.506405,0,0.0,0.0
1994-04-22,7.25,7.25,7.25,7.25,2.506405,0,0.0,0.0
1994-04-25,6.75,6.75,6.75,6.75,2.333549,400,0.0,0.0
1994-04-26,6.75,6.75,6.75,6.75,2.333549,0,0.0,0.0
1994-04-28,6.75,6.75,6.75,6.75,2.333549,0,0.0,0.0
1994-04-29,6.75,6.75,6.75,6.75,2.333549,0,0.0,0.0
1994-05-02,6.75,6.75,6.75,6.75,2.333549,0,0.0,0.0
1994-05-03,6.75,6.75,6.75,6.75,2.333549,0,0.0,0.0
1994-05-04,6.75,6.75,6.75,6.75,2.333549,0,0.0,0.0
1994-05-05,6.75,6.75,6.75,6.75,2.333549,0,0.0,0.0
1994-05-06,6.75,6.75,6.75,6.75,2.333549,0,0.0,0.0
1994-05-09,6.75,6.75,6.75,6.75,2.333549,0,0.0,0.0
1994-05-10,7.25,7.375,7.25,7.375,2.561,3000,0.03,0.0
1994-05-11,7.375,7.375,7.375,7.375,2.561,0,0.0,0.0
1994-05-12,7.875,7.875,7.875,7.875,2.734628,1400,0.0,0.0
1994-05-13,7.875,7.875,7.875,7.875,2.734628,0,0.0,0.0
1994-05-16,7.875,7.875,7.875,7.875,2.734628,0,0.0,0.0
1994-05-17,7.875,7.875,7.875,7.875,2.734628,0,0.0,0.0
1994-05-18,7.875,7.875,7.875,7.875,2.734628,0,0.0,0.0
1994-05-19,7.875,7.875,7.875,7.875,2.734628,0,0.0,0.0
1994-05-20,7.875,7.875,7.875,7.875,2.734628,0,0.0,0.0
1994-05-23,7.875,7.875,7.875,7.875,2.734628,0,0.0,0.0
1994-05-24,7.875,7.875,7.875,7.875,2.734628,0,0.0,0.0
1994-05-25,7.875,7.875,7.875,7.875,2.734628,0,0.0,0.0
1994-05-26,7.875,7.875,7.875,7.875,2.734628,0,0.0,0.0
1994-05-27,7.875,7.875,7.875,7.875,2.734628,0,0.0,0.0
1994-05-31,7.875,7.875,7.875,7.875,2.734628,0,0.0,0.0
1994-06-01,7.875,7.875,7.875,7.875,2.734628,0,0.0,0.0
1994-06-02,7.875,7.875,7.875,7.875,2.734628,0,0.0,0.0
1994-06-03,7.875,7.875,7.875,7.875,2.734628,0,0.0,0.0
1994-06-06,7.875,7.875,7.875,7.875,2.734628,0,0.0,0.0
1994-06-07,7.875,7.875,7.875,7.875,2.734628,0,0.0,0.0
1994-06-08,7.875,7.875,7.875,7.875,2.734628,0,0.0,0.0
1994-06-09,7.875,7.875,7.875,7.875,2.734628,0,0.0,0.0
1994-06-10,7.875,7.875,7.875,7.875,2.734628,0,0.0,0.0
1994-06-13,7.875,7.875,7.875,7.875,2.734628,0,0.0,0.0
1994-06-14,7.875,7.875,7.875,7.875,2.734628,0,0.0,0.0
1994-06-15,7.875,7.875,7.875,7.875,2.734628,0,0.0,0.0
1994-06-16,7.875,7.875,7.875,7.875,2.734628,0,0.0,0.0
1994-06-17,7.875,7.875,7.875,7.875,2.734628,0,0.0,0.0
1994-06-20,6.75,6.75,6.75,6.75,2.343968,1000,0.0,0.0
1994-06-21,6.75,6.75,6.75,6.75,2.343968,0,0.0,0.0
1994-06-22,6.75,6.75,6.75,6.75,2.343968,0,0.0,0.0
1994-06-23,6.4375,6.4375,6.4375,6.4375,2.235449,11800,0.0,0.0
1994-06-24,6.4375,6.4375,6.4375,6.4375,2.235449,0,0.0,0.0
1994-06-27,6.4375,6.4375,6.4375,6.4375,2.235449,0,0.0,0.0
1994-06-28,6.4375,6.4375,6.4375,6.4375,2.235449,0,0.0,0.0
1994-06-29,6.125,6.125,6.125,6.125,2.126933,6000,0.0,0.0
1994-06-30,6.125,6.75,6.125,6.75,2.343968,16200,0.0,0.0
1994-07-01,6.25,6.25,6.25,6.25,2.17034,11200,0.0,0.0
1994-07-05,6.25,6.25,6.25,6.25,2.17034,0,0.0,0.0
1994-07-06,6.25,6.25,6.25,6.25,2.17034,0,0.0,0.0
1994-07-07,6.25,6.25,6.25,6.25,2.17034,0,0.0,0.0
1994-07-08,6.25,6.25,6.25,6.25,2.17034,0,0.0,0.0
1994-07-11,6.25,6.25,6.25,6.25,2.17034,0,0.0,0.0
1994-07-12,6.25,6.25,6.25,6.25,2.17034,0,0.0,0.0
1994-07-13,6.25,6.25,6.25,6.25,2.17034,0,0.0,0.0
1994-07-14,6.25,6.25,6.25,6.25,2.17034,0,0.0,0.0
1994-07-15,6.625,6.875,6.625,6.875,2.387373,4200,0.0,0.0
1994-07-18,7.0,7.375,7.0,7.375,2.561,3000,0.0,0.0
1994-07-19,7.375,7.375,7.375,7.375,2.561,0,0.0,0.0
1994-07-20,7.5,7.5,7.5,7.5,2.604408,1000,0.0,0.0
1994-07-21,7.5,7.5,7.5,7.5,2.604408,0,0.0,0.0
1994-07-22,7.375,7.375,7.375,7.375,2.561,2000,0.0,0.0
1994-07-25,7.375,7.375,7.375,7.375,2.561,0,0.0,0.0
1994-07-26,7.375,7.375,7.375,7.375,2.561,0,0.0,0.0
1994-07-27,7.375,7.375,7.375,7.375,2.561,0,0.0,0.0
1994-07-28,7.0,7.0,7.0,7.0,2.43078,1000,0.0,0.0
1994-07-29,7.0,7.0,7.0,7.0,2.43078,0,0.0,0.0
1994-08-01,7.0,7.0,6.5,6.5,2.257154,5400,0.0,0.0
1994-08-02,6.5,6.5,6.5,6.5,2.257154,0,0.0,0.0
1994-08-03,6.75,6.75,6.75,6.75,2.343968,800,0.0,0.0
1994-08-04,6.75,6.75,6.75,6.75,2.343968,0,0.0,0.0
1994-08-05,6.75,6.75,6.75,6.75,2.343968,0,0.0,0.0
1994-08-08,6.75,6.75,6.75,6.75,2.343968,0,0.0,0.0
1994-08-09,6.75,6.75,6.75,6.75,2.354431,0,0.03,0.0
1994-08-10,6.75,6.75,6.75,6.75,2.354431,0,0.0,0.0
1994-08-11,6.75,6.75,6.75,6.75,2.354431,0,0.0,0.0
1994-08-12,6.75,6.75,6.75,6.75,2.354431,0,0.0,0.0
1994-08-15,6.75,6.75,6.75,6.75,2.354431,0,0.0,0.0
1994-08-16,6.625,6.625,6.5,6.5,2.26723,2600,0.0,0.0
1994-08-17,6.5,6.5,6.5,6.5,2.26723,0,0.0,0.0
1994-08-18,6.5,6.5,6.5,6.5,2.26723,0,0.0,0.0
1994-08-19,6.5,6.5,6.5,6.5,2.26723,0,0.0,0.0
1994-08-22,6.5,6.5,6.5,6.5,2.26723,0,0.0,0.0
1994-08-23,6.5,6.5,6.5,6.5,2.26723,0,0.0,0.0
1994-08-24,6.25,6.25,6.25,6.25,2.180029,2000,0.0,0.0
1994-08-25,6.25,6.25,6.25,6.25,2.180029,0,0.0,0.0
1994-08-26,6.25,6.25,6.25,6.25,2.180029,0,0.0,0.0
1994-08-29,6.25,6.25,6.25,6.25,2.180029,0,0.0,0.0
1994-08-30,6.25,6.25,6.25,6.25,2.180029,0,0.0,0.0
1994-08-31,6.25,6.25,6.25,6.25,2.180029,0,0.0,0.0
1994-09-01,6.25,6.25,6.25,6.25,2.180029,0,0.0,0.0
1994-09-02,6.25,6.25,6.25,6.25,2.180029,0,0.0,0.0
1994-09-06,6.625,6.625,6.625,6.625,2.310831,2000,0.0,0.0
1994-09-07,6.625,6.625,6.625,6.625,2.310831,0,0.0,0.0
1994-09-08,6.625,6.625,6.625,6.625,2.310831,0,0.0,0.0
1994-09-09,6.5,6.5,6.5,6.5,2.26723,10000,0.0,0.0
1994-09-12,6.5,6.5,6.5,6.5,2.26723,0,0.0,0.0
1994-09-13,6.75,6.875,6.75,6.875,2.398032,8000,0.0,0.0
1994-09-14,6.875,6.875,6.875,6.875,2.398032,0,0.0,0.0
1994-09-15,6.875,6.875,6.875,6.875,2.398032,0,0.0,0.0
1994-09-16,7.125,7.125,6.625,6.625,2.310831,5600,0.0,0.0
1994-09-19,6.625,6.625,6.625,6.625,2.310831,0,0.0,0.0
1994-09-20,6.625,6.625,6.625,6.625,2.310831,0,0.0,0.0
1994-09-21,6.125,6.375,6.125,6.375,2.223629,7600,0.0,0.0
1994-09-22,6.375,6.375,6.375,6.375,2.223629,0,0.0,0.0
1994-09-23,6.375,6.375,6.375,6.375,2.223629,0,0.0,0.0
1994-09-26,6.375,6.375,6.375,6.375,2.223629,0,0.0,0.0
1994-09-27,6.375,6.375,6.375,6.375,2.223629,0,0.0,0.0
1994-09-28,6.375,6.375,6.375,6.375,2.223629,0,0.0,0.0
1994-09-29,6.375,6.375,6.375,6.375,2.223629,0,0.0,0.0
1994-09-30,5.75,6.0,5.625,5.625,1.962025,9600,0.0,0.0
1994-10-03,5.625,5.625,5.625,5.625,1.962025,0,0.0,0.0
1994-10-04,5.5,5.5,5.5,5.5,1.918424,2000,0.0,0.0
1994-10-05,5.4375,6.0,5.4375,6.0,2.092829,5600,0.0,0.0
1994-10-06,6.0,6.0,6.0,6.0,2.092829,0,0.0,0.0
1994-10-07,6.0,6.0,6.0,6.0,2.092829,0,0.0,0.0
1994-10-10,6.0,6.0,6.0,6.0,2.092829,0,0.0,0.0
1994-10-11,6.0,6.0,6.0,6.0,2.092829,0,0.0,0.0
1994-10-12,6.0,6.0,6.0,6.0,2.092829,0,0.0,0.0
1994-10-13,6.0,6.0,6.0,6.0,2.092829,0,0.0,0.0
1994-10-14,6.0,6.0,6.0,6.0,2.092829,0,0.0,0.0
1994-10-17,6.0,6.0,6.0,6.0,2.092829,0,0.0,0.0
1994-10-18,6.0,6.0,6.0,6.0,2.092829,0,0.0,0.0
1994-10-19,6.0,6.0,6.0,6.0,2.092829,0,0.0,0.0
1994-10-20,6.0,6.0,6.0,6.0,2.092829,0,0.0,0.0
1994-10-21,6.0,6.0,6.0,6.0,2.092829,0,0.0,0.0
1994-10-24,6.0,6.0,6.0,6.0,2.092829,0,0.0,0.0
1994-10-25,6.0,6.0,6.0,6.0,2.092829,0,0.0,0.0
1994-10-26,6.125,6.125,5.875,5.875,2.049227,2000,0.0,0.0
1994-10-27,5.875,5.875,5.875,5.875,2.049227,0,0.0,0.0
1994-10-28,5.875,5.875,5.875,5.875,2.049227,0,0.0,0.0
1994-10-31,5.875,5.875,5.875,5.875,2.049227,0,0.0,0.0
1994-11-01,5.875,5.875,5.875,5.875,2.049227,0,0.0,0.0
1994-11-02,5.875,5.875,5.875,5.875,2.049227,0,0.0,0.0
1994-11-03,5.875,5.875,5.875,5.875,2.049227,0,0.0,0.0
1994-11-04,6.875,6.875,6.875,6.875,2.398032,9400,0.0,0.0
1994-11-07,6.875,6.875,6.875,6.875,2.408542,0,0.03,0.0
1994-11-08,6.875,6.875,6.875,6.875,2.408542,0,0.0,0.0
1994-11-09,6.875,6.875,6.875,6.875,2.408542,0,0.0,0.0
1994-11-10,6.875,6.875,6.875,6.875,2.408542,0,0.0,0.0
1994-11-11,6.875,6.875,6.875,6.875,2.408542,0,0.0,0.0
1994-11-14,6.875,6.875,6.875,6.875,2.408542,0,0.0,0.0
1994-11-15,6.875,6.875,6.875,6.875,2.408542,0,0.0,0.0
1994-11-16,6.875,6.875,6.875,6.875,2.408542,0,0.0,0.0
1994-11-17,6.875,6.875,6.875,6.875,2.408542,0,0.0,0.0
1994-11-18,6.875,6.875,6.875,6.875,2.408542,0,0.0,0.0
1994-11-21,6.875,6.875,6.875,6.875,2.408542,0,0.0,0.0
1994-11-22,6.875,6.875,6.875,6.875,2.408542,0,0.0,0.0
1994-11-23,6.875,6.875,6.875,6.875,2.408542,0,0.0,0.0
1994-11-25,6.875,6.875,6.875,6.875,2.408542,0,0.0,0.0
1994-11-28,6.875,6.875,6.875,6.875,2.408542,0,0.0,0.0
1994-11-29,6.875,6.875,6.875,6.875,2.408542,0,0.0,0.0
1994-11-30,6.875,6.875,6.875,6.875,2.408542,0,0.0,0.0
1994-12-01,6.875,6.875,6.875,6.875,2.408542,0,0.0,0.0
1994-12-02,6.875,6.875,6.875,6.875,2.408542,0,0.0,0.0
1994-12-05,6.875,6.875,6.875,6.875,2.408542,0,0.0,0.0
1994-12-06,6.25,6.25,6.25,6.25,2.189584,2000,0.0,0.0
1994-12-07,6.125,6.125,6.125,6.125,2.145791,2000,0.0,0.0
1994-12-08,6.125,6.125,6.125,6.125,2.145791,0,0.0,0.0
1994-12-09,5.875,5.875,5.875,5.875,2.058208,2000,0.0,0.0
1994-12-12,5.875,5.875,5.875,5.875,2.058208,0,0.0,0.0
1994-12-13,5.875,5.875,5.875,5.875,2.058208,0,0.0,0.0
1994-12-14,5.875,5.875,5.875,5.875,2.058208,0,0.0,0.0
1994-12-15,5.875,5.875,5.875,5.875,2.058208,0,0.0,0.0
1994-12-16,5.875,5.875,5.875,5.875,2.058208,0,0.0,0.0
1994-12-19,5.875,5.875,5.875,5.875,2.058208,0,0.0,0.0
1994-12-20,5.75,5.75,5.59375,5.59375,1.959678,10000,0.0,0.0
1994-12-21,5.59375,5.59375,5.59375,5.59375,1.959678,0,0.0,0.0
1994-12-22,5.59375,5.59375,5.59375,5.59375,1.959678,0,0.0,0.0
1994-12-23,5.59375,5.59375,5.59375,5.59375,1.959678,0,0.0,0.0
1994-12-27,5.59375,5.59375,5.59375,5.59375,1.959678,0,0.0,0.0
1994-12-28,5.75,5.75,5.75,5.75,2.014416,1000,0.0,0.0
1994-12-29,5.75,5.75,5.75,5.75,2.014416,0,0.0,0.0
1994-12-30,5.375,5.375,5.375,5.375,1.883042,4800,0.0,0.0
1995-01-03,5.375,5.375,5.375,5.375,1.883042,0,0.0,0.0
1995-01-04,5.625,5.71875,5.625,5.71875,2.003469,4000,0.0,0.0
1995-01-05,6.0,6.0,6.0,6.0,2.102001,2000,0.0,0.0
1995-01-06,5.75,5.75,5.75,5.75,2.014416,4800,0.0,0.0
1995-01-09,5.75,5.75,5.75,5.75,2.014416,0,0.0,0.0
1995-01-10,6.125,6.125,6.125,6.125,2.145791,7000,0.0,0.0
1995-01-11,6.125,6.125,6.125,6.125,2.145791,0,0.0,0.0
1995-01-12,5.625,5.625,5.625,5.625,1.970625,8600,0.0,0.0
1995-01-13,5.875,5.875,5.875,5.875,2.058208,8600,0.0,0.0
1995-01-16,5.875,5.875,5.875,5.875,2.058208,0,0.0,0.0
1995-01-17,5.875,5.875,5.875,5.875,2.058208,0,0.0,0.0
1995-01-18,5.875,5.875,5.875,5.875,2.058208,0,0.0,0.0
1995-01-19,5.875,5.875,5.875,5.875,2.058208,0,0.0,0.0
1995-01-20,5.875,5.875,5.875,5.875,2.058208,0,0.0,0.0
1995-01-23,5.875,5.875,5.875,5.875,2.058208,0,0.0,0.0
1995-01-24,5.875,5.875,5.875,5.875,2.058208,0,0.0,0.0
1995-01-25,5.875,5.875,5.875,5.875,2.058208,0,0.0,0.0
1995-01-26,5.5,5.5,5.5,5.5,1.926832,1000,0.0,0.0
1995-01-27,5.5,5.5,5.5,5.5,1.926832,0,0.0,0.0
1995-01-30,5.5,5.5,5.5,5.5,1.926832,0,0.0,0.0
1995-01-31,5.25,5.25,5.25,5.25,1.83925,3000,0.0,0.0
1995-02-01,5.25,5.25,5.25,5.25,1.83925,0,0.0,0.0
1995-02-02,5.25,5.25,5.25,5.25,1.83925,0,0.0,0.0
1995-02-03,5.5,5.5,5.5,5.5,1.926832,1000,0.0,0.0
1995-02-06,5.75,5.875,5.75,5.75,2.014416,19800,0.0,0.0
1995-02-07,5.75,5.75,5.75,5.75,2.014416,0,0.0,0.0
1995-02-08,5.75,5.75,5.75,5.75,2.014416,0,0.0,0.0
1995-02-09,5.75,5.75,5.75,5.75,2.014416,0,0.0,0.0
1995-02-10,5.75,5.75,5.75,5.75,2.014416,0,0.0,0.0
1995-02-13,5.75,5.75,5.75,5.75,2.026754,0,0.035,0.0
1995-02-14,5.75,5.75,5.75,5.75,2.026754,3200,0.0,0.0
1995-02-15,5.75,5.75,5.75,5.75,2.026754,0,0.0,0.0
1995-02-16,5.75,5.75,5.75,5.75,2.026754,0,0.0,0.0
1995-02-17,6.125,6.125,6.125,6.125,2.158932,4000,0.0,0.0
1995-02-21,5.75,5.75,5.75,5.75,2.026754,200,0.0,0.0
1995-02-22,5.75,5.75,5.75,5.75,2.026754,0,0.0,0.0
1995-02-23,6.25,6.25,6.25,6.25,2.202993,2000,0.0,0.0
1995-02-24,6.375,6.625,6.375,6.625,2.335172,2800,0.0,0.0
1995-02-27,6.75,6.75,6.75,6.75,2.379233,1000,0.0,0.0
1995-02-28,6.75,6.75,6.75,6.75,2.379233,0,0.0,0.0
1995-03-01,6.75,6.75,6.75,6.75,2.379233,0,0.0,0.0
1995-03-02,6.75,6.75,6.75,6.75,2.379233,0,0.0,0.0
1995-03-03,6.75,6.75,6.75,6.75,2.379233,0,0.0,0.0
1995-03-06,6.75,6.75,6.75,6.75,2.379233,0,0.0,0.0
1995-03-07,6.75,6.75,6.75,6.75,2.379233,0,0.0,0.0
1995-03-08,6.625,6.625,6.625,6.625,2.335172,200,0.0,0.0
1995-03-09,6.0,6.0,5.75,5.75,2.026754,2200,0.0,0.0
1995-03-10,6.25,6.25,6.25,6.25,2.202993,2000,0.0,0.0
1995-03-13,5.875,5.875,5.75,5.75,2.026754,10400,0.0,0.0
1995-03-14,5.75,5.75,5.75,5.75,2.026754,4000,0.0,0.0
1995-03-15,6.25,6.25,6.25,6.25,2.202993,1400,0.0,0.0
1995-03-16,6.25,6.25,6.25,6.25,2.202993,0,0.0,0.0
1995-03-17,6.25,6.25,6.25,6.25,2.202993,0,0.0,0.0
1995-03-20,5.875,6.375,5.875,6.375,2.247052,2400,0.0,0.0
1995-03-21,6.25,6.375,6.25,6.375,2.247052,800,0.0,0.0
1995-03-22,6.375,6.375,6.375,6.375,2.247052,0,0.0,0.0
1995-03-23,5.625,5.625,5.5,5.5,1.938633,6400,0.0,0.0
1995-03-24,5.875,5.875,5.875,5.875,2.070813,400,0.0,0.0
1995-03-27,5.875,5.875,5.875,5.875,2.070813,0,0.0,0.0
1995-03-28,5.875,5.875,5.875,5.875,2.070813,0,0.0,0.0
1995-03-29,5.625,5.625,5.625,5.625,1.982694,1600,0.0,0.0
1995-03-30,5.5,6.0,5.5,6.0,2.114874,2400,0.0,0.0
1995-03-31,6.0,6.0,6.0,6.0,2.114874,2600,0.0,0.0
1995-04-03,6.375,6.375,6.375,6.375,2.247052,200,0.0,0.0
1995-04-04,6.375,6.375,6.375,6.375,2.247052,0,0.0,0.0
1995-04-05,6.375,6.375,6.375,6.375,2.247052,0,0.0,0.0
1995-04-06,6.375,6.375,6.375,6.375,2.247052,0,0.0,0.0
1995-04-07,6.375,6.375,6.375,6.375,2.247052,0,0.0,0.0
1995-04-10,6.375,6.375,6.375,6.375,2.247052,0,0.0,0.0
1995-04-11,5.625,5.875,5.625,5.875,2.070813,1200,0.0,0.0
1995-04-12,5.625,5.625,5.625,5.625,1.982694,200,0.0,0.0
1995-04-13,5.625,5.625,5.625,5.625,1.982694,0,0.0,0.0
1995-04-17,5.625,5.625,5.625,5.625,1.982694,0,0.0,0.0
1995-04-18,5.625,5.625,5.625,5.625,1.982694,0,0.0,0.0
1995-04-19,5.5,5.5,5.5,5.5,1.938633,5400,0.0,0.0
1995-04-20,5.5,5.5,5.5,5.5,1.938633,0,0.0,0.0
1995-04-21,5.5,5.5,5.5,5.5,1.938633,0,0.0,0.0
1995-04-24,5.375,5.375,5.375,5.375,1.894575,2000,0.0,0.0
1995-04-25,5.375,5.375,5.375,5.375,1.894575,0,0.0,0.0
1995-04-26,5.375,5.375,5.375,5.375,1.894575,0,0.0,0.0
1995-04-27,5.375,5.375,5.375,5.375,1.894575,0,0.0,0.0
1995-04-28,5.375,5.375,5.375,5.375,1.894575,0,0.0,0.0
1995-05-01,5.375,5.375,5.375,5.375,1.894575,0,0.0,0.0
1995-05-02,5.375,5.375,5.375,5.375,1.894575,0,0.0,0.0
1995-05-03,5.375,5.375,5.375,5.375,1.894575,0,0.0,0.0
1995-05-04,5.375,5.375,5.375,5.375,1.894575,0,0.0,0.0
1995-05-05,5.0,5.0,5.0,5.0,1.762394,2000,0.0,0.0
1995-05-08,5.0,5.0,5.0,5.0,1.762394,0,0.0,0.0
1995-05-09,5.0,5.0,5.0,5.0,1.774818,0,0.035,0.0
1995-05-10,5.0,5.0,5.0,5.0,1.774818,0,0.0,0.0
1995-05-11,5.0,5.0,5.0,5.0,1.774818,0,0.0,0.0
1995-05-12,5.125,5.125,5.125,5.125,1.819188,200,0.0,0.0
1995-05-15,5.125,5.125,5.125,5.125,1.819188,0,0.0,0.0
1995-05-16,5.125,5.125,5.125,5.125,1.819188,0,0.0,0.0
1995-05-17,5.125,5.125,5.125,5.125,1.819188,0,0.0,0.0
1995-05-18,5.125,5.125,5.125,5.125,1.819188,0,0.0,0.0
1995-05-19,5.125,5.125,5.125,5.125,1.819188,0,0.0,0.0
1995-05-22,5.125,5.125,5.125,5.125,1.819188,0,0.0,0.0
1995-05-23,5.125,5.125,5.125,5.125,1.819188,0,0.0,0.0
1995-05-24,5.125,5.125,5.125,5.125,1.819188,0,0.0,0.0
1995-05-25,5.25,5.25,5.25,5.25,1.863559,3000,0.0,0.0
1995-05-26,5.25,5.25,5.25,5.25,1.863559,0,0.0,0.0
1995-05-30,5.25,5.25,5.25,5.25,1.863559,0,0.0,0.0
1995-05-31,5.25,5.25,5.25,5.25,1.863559,0,0.0,0.0
1995-06-01,4.875,4.875,4.875,4.875,1.730447,10000,0.0,0.0
1995-06-02,4.875,4.875,4.875,4.875,1.730447,0,0.0,0.0
1995-06-05,4.875,4.875,4.875,4.875,1.730447,0,0.0,0.0
1995-06-06,4.875,4.875,4.875,4.875,1.730447,0,0.0,0.0
1995-06-07,4.875,4.875,4.875,4.875,1.730447,0,0.0,0.0
1995-06-08,4.875,4.875,4.875,4.875,1.730447,0,0.0,0.0
1995-06-09,4.875,4.875,4.875,4.875,1.730447,0,0.0,0.0
1995-06-12,5.0625,5.125,4.9375,5.125,1.819188,17000,0.0,0.0
1995-06-13,5.125,5.125,5.125,5.125,1.819188,0,0.0,0.0
1995-06-14,5.125,5.125,5.125,5.125,1.819188,0,0.0,0.0
1995-06-15,5.125,5.125,5.125,5.125,1.819188,0,0.0,0.0
1995-06-16,5.125,5.125,5.125,5.125,1.819188,0,0.0,0.0
1995-06-19,5.125,5.125,5.125,5.125,1.819188,0,0.0,0.0
1995-06-20,5.125,5.125,5.125,5.125,1.819188,0,0.0,0.0
1995-06-21,5.125,5.125,5.125,5.125,1.819188,0,0.0,0.0
1995-06-22,4.8125,4.90625,4.8125,4.90625,1.74154,18400,0.0,0.0
1995-06-23,4.75,4.75,4.75,4.75,1.686077,4200,0.0,0.0
1995-06-26,5.0,5.0,5.0,5.0,1.774818,4000,0.0,0.0
1995-06-27,5.0,5.0,5.0,5.0,1.774818,0,0.0,0.0
1995-06-28,5.25,5.25,5.25,5.25,1.863559,1000,0.0,0.0
1995-06-29,5.0,5.25,5.0,5.0,1.774818,3200,0.0,0.0
1995-06-30,5.0,5.0,5.0,5.0,1.774818,0,0.0,0.0
1995-07-03,5.0,5.0,5.0,5.0,1.774818,0,0.0,0.0
1995-07-05,5.0,5.0,5.0,5.0,1.774818,0,0.0,0.0
1995-07-06,5.375,5.625,5.375,5.625,1.99667,20800,0.0,0.0
1995-07-07,5.75,6.0,5.75,5.84375,2.074318,8200,0.0,0.0
1995-07-10,5.84375,5.84375,5.84375,5.84375,2.074318,0,0.0,0.0
1995-07-11,5.84375,5.84375,5.84375,5.84375,2.074318,0,0.0,0.0
1995-07-12,5.84375,5.84375,5.84375,5.84375,2.074318,0,0.0,0.0
1995-07-13,5.875,5.875,5.875,5.875,2.085411,200,0.0,0.0
1995-07-14,5.875,5.875,5.875,5.875,2.085411,0,0.0,0.0
1995-07-17,5.875,5.875,5.875,5.875,2.085411,0,0.0,0.0
1995-07-18,5.875,5.875,5.875,5.875,2.085411,0,0.0,0.0
1995-07-19,5.875,5.875,5.875,5.875,2.085411,0,0.0,0.0
1995-07-20,5.875,5.875,5.875,5.875,2.085411,0,0.0,0.0
1995-07-21,5.875,5.875,5.875,5.875,2.085411,0,0.0,0.0
1995-07-24,5.875,5.875,5.875,5.875,2.085411,0,0.0,0.0
1995-07-25,5.875,5.875,5.875,5.875,2.085411,0,0.0,0.0
1995-07-26,5.875,5.875,5.875,5.875,2.085411,0,0.0,0.0
1995-07-27,5.875,5.875,5.875,5.875,2.085411,0,0.0,0.0
1995-07-28,5.875,5.875,5.875,5.875,2.085411,0,0.0,0.0
1995-07-31,5.875,5.875,5.875,5.875,2.085411,0,0.0,0.0
1995-08-01,5.875,5.875,5.875,5.875,2.085411,0,0.0,0.0
1995-08-02,5.875,5.875,5.875,5.875,2.085411,0,0.0,0.0
1995-08-03,5.75,5.75,5.75,5.75,2.041041,10000,0.0,0.0
1995-08-04,5.75,5.75,5.75,5.75,2.041041,0,0.0,0.0
1995-08-07,6.125,6.125,6.125,6.125,2.174152,2000,0.0,0.0
1995-08-08,6.125,6.125,6.125,6.125,2.174152,0,0.0,0.0
1995-08-09,6.125,6.125,6.125,6.125,2.174152,0,0.0,0.0
1995-08-10,6.125,6.125,6.125,6.125,2.186647,0,0.035,0.0
1995-08-11,6.125,6.125,6.125,6.125,2.186647,0,0.0,0.0
1995-08-14,6.125,6.125,6.125,6.125,2.186647,0,0.0,0.0
1995-08-15,6.125,6.125,6.125,6.125,2.186647,0,0.0,0.0
1995-08-16,6.125,6.125,6.125,6.125,2.186647,0,0.0,0.0
1995-08-17,6.125,6.125,6.125,6.125,2.186647,0,0.0,0.0
1995-08-18,6.125,6.125,6.125,6.125,2.186647,0,0.0,0.0
1995-08-21,5.625,5.625,5.625,5.625,2.008145,200,0.0,0.0
1995-08-22,5.625,5.625,5.625,5.625,2.008145,0,0.0,0.0
1995-08-23,6.125,6.125,5.75,6.125,2.186647,11400,0.0,0.0
1995-08-24,6.125,6.125,6.125,6.125,2.186647,0,0.0,0.0
1995-08-25,6.0,6.0,6.0,6.0,2.142022,800,0.0,0.0
1995-08-28,6.0,6.0,6.0,6.0,2.142022,0,0.0,0.0
1995-08-29,6.0,6.0,6.0,6.0,2.142022,0,0.0,0.0
1995-08-30,6.125,6.125,6.125,6.125,2.186647,5000,0.0,0.0
1995-08-31,6.125,6.125,6.125,6.125,2.186647,0,0.0,0.0
1995-09-01,6.125,6.125,6.125,6.125,2.186647,0,0.0,0.0
1995-09-05,6.125,6.25,6.125,6.25,2.231272,4000,0.0,0.0
1995-09-06,6.25,6.25,6.25,6.25,2.231272,0,0.0,0.0
1995-09-07,6.0,6.0,6.0,6.0,2.142022,200,0.0,0.0
1995-09-08,6.0,6.0,6.0,6.0,2.142022,0,0.0,0.0
1995-09-11,6.0,6.0,6.0,6.0,2.142022,0,0.0,0.0
1995-09-12,6.0,6.0,6.0,6.0,2.142022,0,0.0,0.0
1995-09-13,6.25,6.25,6.25,6.25,2.231272,600,0.0,0.0
1995-09-14,6.25,6.25,6.25,6.25,2.231272,200,0.0,0.0
1995-09-15,6.25,6.25,6.25,6.25,2.231272,0,0.0,0.0
1995-09-18,6.25,6.25,6.25,6.25,2.231272,0,0.0,0.0
1995-09-19,6.25,6.25,6.25,6.25,2.231272,0,0.0,0.0
1995-09-20,6.25,6.25,6.25,6.25,2.231272,0,0.0,0.0
1995-09-21,6.25,6.25,6.25,6.25,2.231272,0,0.0,0.0
1995-09-22,6.25,6.25,6.25,6.25,2.231272,0,0.0,0.0
1995-09-25,6.25,6.25,6.25,6.25,2.231272,0,0.0,0.0
1995-09-26,6.25,6.25,6.25,6.25,2.231272,0,0.0,0.0
1995-09-27,6.25,6.25,6.25,6.25,2.231272,0,0.0,0.0
1995-09-28,6.25,6.25,6.25,6.25,2.231272,0,0.0,0.0
1995-09-29,6.25,6.25,6.25,6.25,2.231272,0,0.0,0.0
1995-10-02,6.25,6.25,6.25,6.25,2.231272,0,0.0,0.0
1995-10-03,6.25,6.25,6.25,6.25,2.231272,0,0.0,0.0
1995-10-04,6.25,6.25,6.25,6.25,2.231272,0,0.0,0.0
1995-10-05,6.25,6.25,6.25,6.25,2.231272,0,0.0,0.0
1995-10-06,6.25,6.25,6.25,6.25,2.231272,0,0.0,0.0
1995-10-09,6.25,6.25,6.25,6.25,2.231272,0,0.0,0.0
1995-10-10,6.25,6.25,6.25,6.25,2.231272,0,0.0,0.0
1995-10-11,6.875,6.875,6.875,6.875,2.4544,200,0.0,0.0
1995-10-12,6.875,6.875,6.875,6.875,2.4544,0,0.0,0.0
1995-10-13,6.875,6.875,6.875,6.875,2.4544,0,0.0,0.0
1995-10-16,6.875,6.875,6.875,6.875,2.4544,0,0.0,0.0
1995-10-17,6.875,6.875,6.875,6.875,2.4544,0,0.0,0.0
1995-10-18,6.8125,6.8125,6.8125,6.8125,2.432087,600,0.0,0.0
1995-10-19,6.8125,6.8125,6.8125,6.8125,2.432087,0,0.0,0.0
1995-10-20,6.8125,6.8125,6.8125,6.8125,2.432087,0,0.0,0.0
1995-10-23,6.8125,6.8125,6.8125,6.8125,2.432087,0,0.0,0.0
1995-10-24,6.8125,6.8125,6.8125,6.8125,2.432087,0,0.0,0.0
1995-10-25,6.8125,6.8125,6.8125,6.8125,2.432087,0,0.0,0.0
1995-10-26,6.8125,6.8125,6.8125,6.8125,2.432087,0,0.0,0.0
1995-10-27,6.8125,6.8125,6.8125,6.8125,2.432087,0,0.0,0.0
1995-10-30,6.75,6.75,6.75,6.75,2.409775,4000,0.0,0.0
1995-10-31,6.75,6.75,6.75,6.75,2.409775,0,0.0,0.0
1995-11-01,6.75,6.75,6.75,6.75,2.409775,0,0.0,0.0
1995-11-02,6.75,6.75,6.75,6.75,2.409775,0,0.0,0.0
1995-11-03,6.75,6.75,6.75,6.75,2.409775,0,0.0,0.0
1995-11-06,6.75,6.75,6.75,6.75,2.409775,0,0.0,0.0
1995-11-07,6.75,6.75,6.75,6.75,2.409775,0,0.0,0.0
1995-11-08,6.75,6.75,6.75,6.75,2.409775,0,0.0,0.0
1995-11-09,6.75,6.75,6.75,6.75,2.422335,0,0.035,0.0
1995-11-10,6.75,6.75,6.75,6.75,2.422335,0,0.0,0.0
1995-11-13,6.75,6.75,6.75,6.75,2.422335,0,0.0,0.0
1995-11-14,6.75,6.75,6.75,6.75,2.422335,0,0.0,0.0
1995-11-15,6.75,6.75,6.75,6.75,2.422335,0,0.0,0.0
1995-11-16,6.75,6.75,6.75,6.75,2.422335,0,0.0,0.0
1995-11-17,6.75,6.75,6.75,6.75,2.422335,0,0.0,0.0
1995-11-20,6.75,6.75,6.75,6.75,2.422335,0,0.0,0.0
1995-11-21,6.75,6.75,6.75,6.75,2.422335,0,0.0,0.0
1995-11-22,6.75,6.75,6.75,6.75,2.422335,0,0.0,0.0
1995-11-24,6.75,6.75,6.75,6.75,2.422335,0,0.0,0.0
1995-11-27,7.0,7.0,7.0,7.0,2.512052,800,0.0,0.0
1995-11-28,7.0,7.0,7.0,7.0,2.512052,0,0.0,0.0
1995-11-29,7.25,7.375,7.25,7.375,2.646625,3800,0.0,0.0
1995-11-30,7.0,7.0,7.0,7.0,2.512052,800,0.0,0.0
1995-12-01,7.0,7.0,7.0,7.0,2.512052,2000,0.0,0.0
1995-12-04,7.0,7.0,7.0,7.0,2.512052,0,0.0,0.0
1995-12-05,7.0,7.0,7.0,7.0,2.512052,0,0.0,0.0
1995-12-06,7.0,7.0,7.0,7.0,2.512052,0,0.0,0.0
1995-12-07,7.0,7.0,7.0,7.0,2.512052,0,0.0,0.0
1995-12-08,7.0,7.0,7.0,7.0,2.512052,0,0.0,0.0
1995-12-11,7.3125,7.3125,7.3125,7.3125,2.624195,3000,0.0,0.0
1995-12-12,7.3125,7.3125,7.3125,7.3125,2.624195,0,0.0,0.0
1995-12-13,7.3125,7.3125,7.3125,7.3125,2.624195,0,0.0,0.0
1995-12-14,7.3125,7.3125,7.3125,7.3125,2.624195,0,0.0,0.0
1995-12-15,7.3125,7.3125,7.3125,7.3125,2.624195,0,0.0,0.0
1995-12-18,7.3125,7.3125,7.3125,7.3125,2.624195,0,0.0,0.0
1995-12-19,7.3125,7.3125,7.3125,7.3125,2.624195,0,0.0,0.0
1995-12-20,7.3125,7.3125,7.3125,7.3125,2.624195,0,0.0,0.0
1995-12-21,7.3125,7.3125,7.3125,7.3125,2.624195,0,0.0,0.0
1995-12-22,7.3125,7.3125,7.3125,7.3125,2.624195,0,0.0,0.0
1995-12-26,7.3125,7.3125,7.3125,7.3125,2.624195,0,0.0,0.0
1995-12-27,7.3125,7.3125,7.3125,7.3125,2.624195,0,0.0,0.0
1995-12-28,7.3125,7.3125,7.3125,7.3125,2.624195,0,0.0,0.0
1995-12-29,7.3125,7.3125,7.3125,7.3125,2.624195,0,0.0,0.0
1996-01-02,7.3125,7.3125,7.3125,7.3125,2.624195,0,0.0,0.0
1996-01-03,7.3125,7.3125,7.3125,7.3125,2.624195,0,0.0,0.0
1996-01-04,7.3125,7.3125,7.3125,7.3125,2.624195,0,0.0,0.0
1996-01-05,7.0,7.0,7.0,7.0,2.512052,2000,0.0,0.0
1996-01-08,7.0,7.0,7.0,7.0,2.512052,0,0.0,0.0
1996-01-09,6.875,6.875,6.875,6.875,2.467193,1000,0.0,0.0
1996-01-10,6.875,6.875,6.875,6.875,2.467193,0,0.0,0.0
1996-01-11,6.875,6.875,6.875,6.875,2.467193,0,0.0,0.0
1996-01-12,6.875,6.875,6.875,6.875,2.467193,0,0.0,0.0
1996-01-15,6.875,6.875,6.875,6.875,2.467193,0,0.0,0.0
1996-01-16,6.875,6.875,6.875,6.875,2.467193,0,0.0,0.0
1996-01-17,6.875,6.875,6.875,6.875,2.467193,0,0.0,0.0
1996-01-18,6.875,6.875,6.875,6.875,2.467193,0,0.0,0.0
1996-01-19,6.875,6.875,6.875,6.875,2.467193,0,0.0,0.0
1996-01-22,6.875,6.875,6.875,6.875,2.467193,0,0.0,0.0
1996-01-23,6.875,6.875,6.875,6.875,2.467193,0,0.0,0.0
1996-01-24,6.875,6.875,6.875,6.875,2.467193,0,0.0,0.0
1996-01-25,6.875,6.875,6.875,6.875,2.467193,0,0.0,0.0
1996-01-26,6.875,6.875,6.875,6.875,2.467193,0,0.0,0.0
1996-01-29,6.875,6.875,6.875,6.875,2.467193,0,0.0,0.0
1996-01-30,6.25,6.25,6.125,6.25,2.242902,8800,0.0,0.0
1996-01-31,6.25,6.25,6.25,6.25,2.242902,0,0.0,0.0
1996-02-01,6.25,6.25,6.25,6.25,2.242902,0,0.0,0.0
1996-02-02,6.25,6.25,6.25,6.25,2.242902,0,0.0,0.0
1996-02-05,6.125,6.125,6.125,6.125,2.198045,400,0.0,0.0
1996-02-06,6.125,6.125,6.125,6.125,2.198045,0,0.0,0.0
1996-02-07,6.125,6.125,6.125,6.125,2.198045,0,0.0,0.0
1996-02-08,6.125,6.125,6.125,6.125,2.198045,0,0.0,0.0
1996-02-09,6.125,6.125,6.125,6.125,2.198045,0,0.0,0.0
1996-02-12,6.125,6.125,6.125,6.125,2.198045,0,0.0,0.0
1996-02-13,6.125,6.125,6.125,6.125,2.198045,0,0.0,0.0
1996-02-14,6.125,6.125,6.125,6.125,2.210677,0,0.035,0.0
1996-02-15,6.125,6.125,6.125,6.125,2.210677,0,0.0,0.0
1996-02-16,6.125,6.125,6.125,6.125,2.210677,0,0.0,0.0
1996-02-20,6.125,6.125,6.125,6.125,2.210677,1400,0.0,0.0
1996-02-21,6.125,6.125,6.125,6.125,2.210677,0,0.0,0.0
1996-02-22,6.125,6.125,6.125,6.125,2.210677,0,0.0,0.0
1996-02-23,6.125,6.125,6.125,6.125,2.210677,0,0.0,0.0
1996-02-26,6.125,6.125,6.125,6.125,2.210677,0,0.0,0.0
1996-02-27,6.125,6.125,6.125,6.125,2.210677,0,0.0,0.0
1996-02-28,6.125,6.125,6.125,6.125,2.210677,0,0.0,0.0
1996-02-29,6.125,6.125,6.125,6.125,2.210677,0,0.0,0.0
1996-03-01,6.125,6.125,6.125,6.125,2.210677,0,0.0,0.0
1996-03-04,6.125,6.125,6.125,6.125,2.210677,0,0.0,0.0
1996-03-05,6.5,6.5,6.5,6.5,2.346025,6000,0.0,0.0
1996-03-06,6.25,6.25,6.25,6.25,2.255793,3000,0.0,0.0
1996-03-07,6.25,6.25,6.25,6.25,2.255793,0,0.0,0.0
1996-03-08,6.25,6.25,6.25,6.25,2.255793,3000,0.0,0.0
1996-03-11,6.25,6.25,6.25,6.25,2.255793,0,0.0,0.0
1996-03-12,6.25,6.25,6.25,6.25,2.255793,0,0.0,0.0
1996-03-13,6.25,6.25,6.25,6.25,2.255793,0,0.0,0.0
1996-03-14,6.25,6.25,6.25,6.25,2.255793,0,0.0,0.0
1996-03-15,6.25,6.25,6.25,6.25,2.255793,0,0.0,0.0
1996-03-18,6.25,6.25,6.25,6.25,2.255793,0,0.0,0.0
1996-03-19,6.5,6.5,6.5,6.5,2.346025,12800,0.0,0.0
1996-03-20,6.5,6.5,6.5,6.5,2.346025,12600,0.0,0.0
1996-03-21,6.625,6.625,6.625,6.625,2.391142,2000,0.0,0.0
1996-03-22,6.625,6.625,6.625,6.625,2.391142,0,0.0,0.0
1996-03-25,6.5,6.5,6.5,6.5,2.346025,1200,0.0,0.0
1996-03-26,6.5,6.5,6.5,6.5,2.346025,0,0.0,0.0
1996-03-27,6.5,6.5,6.5,6.5,2.346025,0,0.0,0.0
1996-03-28,6.5,6.5,6.5,6.5,2.346025,0,0.0,0.0
1996-03-29,6.5,6.5,6.5,6.5,2.346025,0,0.0,0.0
1996-04-01,6.5,6.5,6.5,6.5,2.346025,0,0.0,0.0
1996-04-02,6.5,6.5,6.5,6.5,2.346025,0,0.0,0.0
1996-04-03,6.5,6.5,6.5,6.5,2.346025,0,0.0,0.0
1996-04-04,7.0,7.0,6.875,6.875,2.481373,47200,0.0,0.0
1996-04-08,6.75,6.75,6.75,6.75,2.436256,4000,0.0,0.0
1996-04-09,6.75,6.75,6.75,6.75,2.436256,0,0.0,0.0
1996-04-10,6.75,6.75,6.75,6.75,2.436256,0,0.0,0.0
1996-04-11,6.75,6.75,6.75,6.75,2.436256,0,0.0,0.0
1996-04-12,6.75,6.75,6.75,6.75,2.436256,0,0.0,0.0
1996-04-15,6.75,6.75,6.75,6.75,2.436256,0,0.0,0.0
1996-04-16,6.75,6.75,6.75,6.75,2.436256,0,0.0,0.0
1996-04-17,6.75,6.75,6.75,6.75,2.436256,0,0.0,0.0
1996-04-18,6.75,6.75,6.75,6.75,2.436256,0,0.0,0.0
1996-04-19,6.75,6.75,6.75,6.75,2.436256,0,0.0,0.0
1996-04-22,6.75,6.75,6.75,6.75,2.436256,0,0.0,0.0
1996-04-23,6.75,6.8125,6.75,6.8125,2.458815,40000,0.0,0.0
1996-04-24,6.8125,6.8125,6.8125,6.8125,2.458815,0,0.0,0.0
1996-04-25,6.625,6.625,6.625,6.625,2.391142,1000,0.0,0.0
1996-04-26,6.625,6.625,6.625,6.625,2.391142,0,0.0,0.0
1996-04-29,6.625,6.625,6.625,6.625,2.391142,0,0.0,0.0
1996-04-30,6.625,6.625,6.625,6.625,2.391142,0,0.0,0.0
1996-05-01,6.625,6.625,6.625,6.625,2.391142,600,0.0,0.0
1996-05-02,6.625,6.625,6.625,6.625,2.391142,400,0.0,0.0
1996-05-03,6.625,6.625,6.625,6.625,2.391142,0,0.0,0.0
1996-05-06,6.625,6.625,6.625,6.625,2.391142,0,0.0,0.0
1996-05-07,6.625,6.625,6.625,6.625,2.391142,0,0.0,0.0
1996-05-08,6.625,6.625,6.625,6.625,2.391142,0,0.0,0.0
1996-05-09,6.625,6.625,6.625,6.625,2.40384,0,0.035,0.0
1996-05-10,6.625,6.625,6.625,6.625,2.40384,0,0.0,0.0
1996-05-13,6.625,6.625,6.625,6.625,2.40384,0,0.0,0.0
1996-05-14,6.625,6.625,6.625,6.625,2.40384,0,0.0,0.0
1996-05-15,6.625,6.625,6.625,6.625,2.40384,0,0.0,0.0
1996-05-16,6.625,6.625,6.625,6.625,2.40384,0,0.0,0.0
1996-05-17,6.625,6.625,6.625,6.625,2.40384,0,0.0,0.0
1996-05-20,6.625,6.625,6.625,6.625,2.40384,0,0.0,0.0
1996-05-21,6.625,6.625,6.625,6.625,2.40384,0,0.0,0.0
1996-05-22,6.625,6.625,6.625,6.625,2.40384,0,0.0,0.0
1996-05-23,6.625,6.625,6.625,6.625,2.40384,1000,0.0,0.0
1996-05-24,6.625,6.625,6.625,6.625,2.40384,0,0.0,0.0
1996-05-28,6.625,6.625,6.625,6.625,2.40384,0,0.0,0.0
1996-05-29,6.5,6.5,6.5,6.5,2.358485,8800,0.0,0.0
1996-05-30,6.53125,6.53125,6.53125,6.53125,2.369823,4000,0.0,0.0
1996-05-31,6.53125,6.53125,6.53125,6.53125,2.369823,0,0.0,0.0
1996-06-03,6.5625,6.5625,6.5,6.5625,2.381162,19600,0.0,0.0
1996-06-04,6.5625,6.5625,6.5625,6.5625,2.381162,0,0.0,0.0
1996-06-05,6.5625,6.5625,6.5625,6.5625,2.381162,0,0.0,0.0
1996-06-06,6.5625,6.5625,6.5625,6.5625,2.381162,0,0.0,0.0
1996-06-07,6.5625,6.5625,6.5625,6.5625,2.381162,0,0.0,0.0
1996-06-10,6.5625,6.5625,6.5625,6.5625,2.381162,0,0.0,0.0
1996-06-11,6.5625,6.5625,6.5625,6.5625,2.381162,0,0.0,0.0
1996-06-12,6.5625,6.5625,6.5625,6.5625,2.381162,0,0.0,0.0
1996-06-13,6.25,6.25,6.25,6.25,2.267774,6000,0.0,0.0
1996-06-14,6.25,6.25,6.25,6.25,2.267774,0,0.0,0.0
1996-06-17,6.25,6.25,6.25,6.25,2.267774,0,0.0,0.0
1996-06-18,6.25,6.25,6.25,6.25,2.267774,0,0.0,0.0
1996-06-19,6.25,6.25,6.25,6.25,2.267774,0,0.0,0.0
1996-06-20,6.25,6.25,6.25,6.25,2.267774,0,0.0,0.0
1996-06-21,6.125,6.125,6.125,6.125,2.222418,1000,0.0,0.0
1996-06-24,5.875,5.875,5.875,5.875,2.131707,1000,0.0,0.0
1996-06-25,5.375,5.5,5.0,5.0,1.814219,12200,0.0,0.0
1996-06-26,5.0,5.0,5.0,5.0,1.814219,0,0.0,0.0
1996-06-27,5.0,5.0,5.0,5.0,1.814219,0,0.0,0.0
1996-06-28,5.0,5.0,5.0,5.0,1.814219,0,0.0,0.0
1996-07-01,5.0,5.0,5.0,5.0,1.814219,0,0.0,0.0
1996-07-02,5.0,5.0,5.0,5.0,1.814219,0,0.0,0.0
1996-07-03,5.0,5.0,5.0,5.0,1.814219,0,0.0,0.0
1996-07-05,5.0,5.0,5.0,5.0,1.814219,0,0.0,0.0
1996-07-08,4.875,4.875,4.875,4.875,1.768862,200,0.0,0.0
1996-07-09,4.875,4.875,4.875,4.875,1.768862,0,0.0,0.0
1996-07-10,5.0,5.0,5.0,5.0,1.814219,400,0.0,0.0
1996-07-11,4.875,4.875,4.875,4.875,1.768862,2000,0.0,0.0
1996-07-12,4.875,4.875,4.875,4.875,1.768862,0,0.0,0.0
1996-07-15,4.875,4.875,4.875,4.875,1.768862,0,0.0,0.0
1996-07-16,4.875,4.875,4.875,4.875,1.768862,0,0.0,0.0
1996-07-17,4.875,4.875,4.875,4.875,1.768862,0,0.0,0.0
1996-07-18,4.875,4.875,4.875,4.875,1.768862,0,0.0,0.0
1996-07-19,4.875,4.875,4.875,4.875,1.768862,0,0.0,0.0
1996-07-22,4.875,4.875,4.875,4.875,1.768862,0,0.0,0.0
1996-07-23,4.875,4.875,4.875,4.875,1.768862,0,0.0,0.0
1996-07-24,4.875,4.875,4.875,4.875,1.768862,0,0.0,0.0
1996-07-25,4.875,4.875,4.875,4.875,1.768862,0,0.0,0.0
1996-07-26,4.875,4.875,4.875,4.875,1.768862,0,0.0,0.0
1996-07-29,4.875,4.875,4.875,4.875,1.768862,0,0.0,0.0
1996-07-30,4.6875,4.75,4.6875,4.75,1.723508,5200,0.0,0.0
1996-07-31,4.6875,4.6875,4.6875,4.6875,1.70083,200,0.0,0.0
1996-08-01,4.6875,4.6875,4.6875,4.6875,1.70083,0,0.0,0.0
1996-08-02,4.6875,4.6875,4.6875,4.6875,1.70083,0,0.0,0.0
1996-08-05,4.6875,4.6875,4.6875,4.6875,1.70083,0,0.0,0.0
1996-08-06,4.6875,4.6875,4.6875,4.6875,1.70083,0,0.0,0.0
1996-08-07,4.6875,4.6875,4.6875,4.6875,1.70083,0,0.0,0.0
1996-08-08,4.6875,4.6875,4.6875,4.6875,1.70083,0,0.0,0.0
1996-08-09,4.6875,4.6875,4.6875,4.6875,1.70083,0,0.0,0.0
1996-08-12,4.6875,4.6875,4.6875,4.6875,1.70083,0,0.0,0.0
1996-08-13,4.6875,4.6875,4.6875,4.6875,1.70083,0,0.0,0.0
1996-08-14,4.6875,4.6875,4.6875,4.6875,1.70083,0,0.0,0.0
1996-08-15,4.6875,4.6875,4.6875,4.6875,1.713626,0,0.035,0.0
1996-08-16,5.0,5.0,5.0,5.0,1.827867,2600,0.0,0.0
1996-08-19,5.0,5.0,5.0,5.0,1.827867,0,0.0,0.0
1996-08-20,5.25,5.375,5.25,5.375,1.964957,3000,0.0,0.0
1996-08-21,5.375,5.375,5.375,5.375,1.964957,0,0.0,0.0
1996-08-22,5.375,5.375,5.375,5.375,1.964957,0,0.0,0.0
1996-08-23,5.375,5.375,5.375,5.375,1.964957,0,0.0,0.0
1996-08-26,5.375,5.375,5.375,5.375,1.964957,0,0.0,0.0
1996-08-27,5.375,5.375,5.375,5.375,1.964957,0,0.0,0.0
1996-08-28,5.375,5.375,5.375,5.375,1.964957,0,0.0,0.0
1996-08-29,5.375,5.375,5.375,5.375,1.964957,0,0.0,0.0
1996-08-30,5.25,5.25,5.25,5.25,1.91926,200,0.0,0.0
1996-09-03,5.25,5.25,5.25,5.25,1.91926,0,0.0,0.0
1996-09-04,5.25,5.25,5.25,5.25,1.91926,0,0.0,0.0
1996-09-05,5.25,5.25,5.25,5.25,1.91926,0,0.0,0.0
1996-09-06,5.25,5.25,5.25,5.25,1.91926,0,0.0,0.0
1996-09-09,5.25,5.25,5.25,5.25,1.91926,0,0.0,0.0
1996-09-10,5.125,5.125,5.125,5.125,1.873563,600,0.0,0.0
1996-09-11,5.125,5.125,5.125,5.125,1.873563,0,0.0,0.0
1996-09-12,5.125,5.125,5.125,5.125,1.873563,0,0.0,0.0
1996-09-13,5.125,5.125,5.125,5.125,1.873563,0,0.0,0.0
1996-09-16,5.125,5.125,5.125,5.125,1.873563,0,0.0,0.0
1996-09-17,5.125,5.125,5.125,5.125,1.873563,0,0.0,0.0
1996-09-18,5.125,5.125,5.125,5.125,1.873563,0,0.0,0.0
1996-09-19,5.125,5.125,5.125,5.125,1.873563,0,0.0,0.0
1996-09-20,5.125,5.125,5.125,5.125,1.873563,0,0.0,0.0
1996-09-23,5.125,5.125,5.125,5.125,1.873563,0,0.0,0.0
1996-09-24,5.125,5.125,5.125,5.125,1.873563,0,0.0,0.0
1996-09-25,5.125,5.125,5.125,5.125,1.873563,0,0.0,0.0
1996-09-26,5.125,5.125,5.125,5.125,1.873563,0,0.0,0.0
1996-09-27,5.125,5.75,5.125,5.75,2.102047,2200,0.0,0.0
1996-09-30,5.75,5.75,5.75,5.75,2.102047,0,0.0,0.0
1996-10-01,5.75,5.75,5.75,5.75,2.102047,0,0.0,0.0
1996-10-02,5.75,5.75,5.75,5.75,2.102047,0,0.0,0.0
1996-10-03,5.75,5.75,5.75,5.75,2.102047,0,0.0,0.0
1996-10-04,5.75,5.75,5.75,5.75,2.102047,0,0.0,0.0
1996-10-07,5.75,5.75,5.75,5.75,2.102047,0,0.0,0.0
1996-10-08,5.125,5.125,5.125,5.125,1.873563,800,0.0,0.0
1996-10-09,5.125,5.125,5.125,5.125,1.873563,0,0.0,0.0
1996-10-10,5.125,5.125,5.125,5.125,1.873563,0,0.0,0.0
1996-10-11,5.125,5.125,5.125,5.125,1.873563,0,0.0,0.0
1996-10-14,5.125,5.125,5.125,5.125,1.873563,0,0.0,0.0
1996-10-15,5.125,5.125,5.125,5.125,1.873563,0,0.0,0.0
1996-10-16,5.125,5.125,5.125,5.125,1.873563,0,0.0,0.0
1996-10-17,5.125,5.125,5.125,5.125,1.873563,0,0.0,0.0
1996-10-18,5.125,5.125,5.125,5.125,1.873563,0,0.0,0.0
1996-10-21,5.5,5.5,5.5,5.5,2.010653,800,0.0,0.0
1996-10-22,5.75,5.75,5.75,5.75,2.102047,2000,0.0,0.0
1996-10-23,5.75,5.75,5.75,5.75,2.102047,0,0.0,0.0
1996-10-24,5.75,5.75,5.75,5.75,2.102047,0,0.0,0.0
1996-10-25,5.75,5.75,5.75,5.75,2.102047,0,0.0,0.0
1996-10-28,5.75,5.75,5.75,5.75,2.102047,0,0.0,0.0
1996-10-29,5.5,5.5,5.5,5.5,2.010653,200,0.0,0.0
1996-10-30,5.5,5.5,5.5,5.5,2.010653,0,0.0,0.0
1996-10-31,5.5,5.5,5.5,5.5,2.010653,0,0.0,0.0
1996-11-01,5.5,5.5,5.5,5.5,2.010653,0,0.0,0.0
1996-11-04,5.5,5.5,5.5,5.5,2.010653,0,0.0,0.0
1996-11-05,5.5,5.5,5.5,5.5,2.010653,0,0.0,0.0
1996-11-06,5.5,5.5,5.5,5.5,2.010653,0,0.0,0.0
1996-11-07,5.5,5.5,5.5,5.5,2.010653,0,0.0,0.0
1996-11-08,5.5,5.5,5.5,5.5,2.02353,0,0.035,0.0
1996-11-11,5.5,5.5,5.5,5.5,2.02353,0,0.0,0.0
1996-11-12,5.875,5.875,5.875,5.875,2.161499,800,0.0,0.0
1996-11-13,5.875,5.875,5.875,5.875,2.161499,0,0.0,0.0
1996-11-14,5.875,5.875,5.875,5.875,2.161499,0,0.0,0.0
1996-11-15,5.875,5.875,5.875,5.875,2.161499,0,0.0,0.0
1996-11-18,5.875,5.875,5.875,5.875,2.161499,0,0.0,0.0
1996-11-19,5.875,5.875,5.875,5.875,2.161499,0,0.0,0.0
1996-11-20,5.875,5.875,5.875,5.875,2.161499,0,0.0,0.0
1996-11-21,6.0,6.0,6.0,6.0,2.207488,1000,0.0,0.0
1996-11-22,6.0,6.0,6.0,6.0,2.207488,0,0.0,0.0
1996-11-25,6.0,6.0,6.0,6.0,2.207488,0,0.0,0.0
1996-11-26,6.0,6.0,6.0,6.0,2.207488,0,0.0,0.0
1996-11-27,6.375,6.5,6.375,6.5,2.391446,6600,0.0,0.0
1996-11-29,6.5,6.5,6.5,6.5,2.391446,0,0.0,0.0
1996-12-02,6.5,6.5,6.5,6.5,2.391446,0,0.0,0.0
1996-12-03,6.625,6.625,6.625,6.625,2.437433,1200,0.0,0.0
1996-12-04,6.625,6.625,6.625,6.625,2.437433,0,0.0,0.0
1996-12-05,7.0,7.0,6.75,6.75,2.483424,4000,0.0,0.0
1996-12-06,6.75,6.75,6.75,6.75,2.483424,0,0.0,0.0
1996-12-09,6.75,6.75,6.75,6.75,2.483424,400,0.0,0.0
1996-12-10,6.75,6.75,6.75,6.75,2.483424,0,0.0,0.0
1996-12-11,6.75,6.75,6.75,6.75,2.483424,0,0.0,0.0
1996-12-12,6.75,6.75,6.75,6.75,2.483424,0,0.0,0.0
1996-12-13,6.75,6.75,6.75,6.75,2.483424,0,0.0,0.0
1996-12-16,6.625,6.625,6.5,6.5,2.391446,5000,0.0,0.0
1996-12-17,6.5,6.5,6.5,6.5,2.391446,0,0.0,0.0
1996-12-18,6.125,6.125,6.125,6.125,2.253478,600,0.0,0.0
1996-12-19,6.125,6.125,6.125,6.125,2.253478,0,0.0,0.0
1996-12-20,6.125,6.125,6.125,6.125,2.253478,0,0.0,0.0
1996-12-23,6.125,6.125,6.125,6.125,2.253478,0,0.0,0.0
1996-12-24,6.125,6.125,6.125,6.125,2.253478,2600,0.0,0.0
1996-12-26,6.125,6.125,6.125,6.125,2.253478,0,0.0,0.0
1996-12-27,6.125,6.125,6.125,6.125,2.253478,0,0.0,0.0
1996-12-30,5.75,5.75,5.75,5.75,2.11551,5000,0.0,0.0
1996-12-31,5.75,5.75,5.75,5.75,2.11551,0,0.0,0.0
1997-01-02,5.75,5.75,5.75,5.75,2.11551,0,0.0,0.0
1997-01-03,5.75,5.75,5.75,5.75,2.11551,0,0.0,0.0
1997-01-06,5.75,5.75,5.75,5.75,2.11551,0,0.0,0.0
1997-01-07,5.75,5.75,5.75,5.75,2.11551,0,0.0,0.0
1997-01-08,5.75,5.75,5.75,5.75,2.11551,0,0.0,0.0
1997-01-09,5.75,5.75,5.75,5.75,2.11551,0,0.0,0.0
1997-01-10,5.75,5.75,5.75,5.75,2.11551,0,0.0,0.0
1997-01-13,5.75,5.75,5.75,5.75,2.11551,0,0.0,0.0
1997-01-14,5.75,5.75,5.75,5.75,2.11551,0,0.0,0.0
1997-01-15,5.75,5.75,5.75,5.75,2.11551,0,0.0,0.0
1997-01-16,5.75,5.75,5.75,5.75,2.11551,0,0.0,0.0
1997-01-17,5.625,5.625,5.625,5.625,2.06952,600,0.0,0.0
1997-01-20,5.625,5.625,5.625,5.625,2.06952,800,0.0,0.0
1997-01-21,5.625,5.625,5.625,5.625,2.06952,0,0.0,0.0
1997-01-22,5.625,5.625,5.625,5.625,2.06952,0,0.0,0.0
1997-01-23,5.625,5.625,5.625,5.625,2.06952,0,0.0,0.0
1997-01-24,6.25,6.25,6.25,6.25,2.299466,200,0.0,0.0
1997-01-27,6.25,6.25,6.25,6.25,2.299466,0,0.0,0.0
1997-01-28,6.25,6.25,6.25,6.25,2.299466,0,0.0,0.0
1997-01-29,6.25,6.25,6.25,6.25,2.299466,0,0.0,0.0
1997-01-30,6.25,6.25,6.25,6.25,2.299466,4000,0.0,0.0
1997-01-31,6.5,6.5,6.4375,6.4375,2.368451,7200,0.0,0.0
1997-02-03,6.5,6.5,6.5,6.5,2.391446,1400,0.0,0.0
1997-02-04,6.5,6.5,6.5,6.5,2.391446,0,0.0,0.0
1997-02-05,6.375,6.375,6.375,6.375,2.345455,400,0.0,0.0
1997-02-06,6.375,6.5,6.375,6.5,2.391446,800,0.0,0.0
1997-02-07,6.5,6.5,6.5,6.5,2.391446,0,0.0,0.0
1997-02-10,6.5,6.5,6.5,6.5,2.391446,0,0.0,0.0
1997-02-11,6.5,6.5,6.5,6.5,2.391446,0,0.0,0.0
1997-02-12,6.25,6.25,6.25,6.25,2.311915,600,0.035,0.0
1997-02-13,6.25,6.25,6.25,6.25,2.311915,0,0.0,0.0
1997-02-14,6.5625,6.5625,6.5625,6.5625,2.427512,600,0.0,0.0
1997-02-18,6.5625,6.5625,6.5625,6.5625,2.427512,0,0.0,0.0
1997-02-19,6.5625,6.5625,6.5625,6.5625,2.427512,0,0.0,0.0
1997-02-20,6.3125,6.3125,6.3125,6.3125,2.335034,1600,0.0,0.0
1997-02-21,6.3125,6.3125,6.3125,6.3125,2.335034,0,0.0,0.0
1997-02-24,6.3125,6.3125,6.3125,6.3125,2.335034,0,0.0,0.0
1997-02-25,6.3125,6.3125,6.3125,6.3125,2.335034,0,0.0,0.0
1997-02-26,6.3125,6.3125,6.3125,6.3125,2.335034,0,0.0,0.0
1997-02-27,6.3125,6.3125,6.3125,6.3125,2.335034,0,0.0,0.0
1997-02-28,6.3125,6.3125,6.3125,6.3125,2.335034,0,0.0,0.0
1997-03-03,6.3125,6.3125,6.3125,6.3125,2.335034,0,0.0,0.0
1997-03-04,6.3125,6.3125,6.3125,6.3125,2.335034,0,0.0,0.0
1997-03-05,6.3125,6.3125,6.3125,6.3125,2.335034,0,0.0,0.0
1997-03-06,6.3125,6.3125,6.3125,6.3125,2.335034,0,0.0,0.0
1997-03-07,6.3125,6.3125,6.3125,6.3125,2.335034,0,0.0,0.0
1997-03-10,6.3125,6.3125,6.3125,6.3125,2.335034,0,0.0,0.0
1997-03-11,6.3125,6.3125,6.3125,6.3125,2.335034,0,0.0,0.0
1997-03-12,6.3125,6.3125,6.3125,6.3125,2.335034,0,0.0,0.0
1997-03-13,6.3125,6.3125,6.3125,6.3125,2.335034,0,0.0,0.0
1997-03-14,6.25,6.25,6.25,6.25,2.311915,1200,0.0,0.0
1997-03-17,6.5,6.5,6.5,6.5,2.404392,400,0.0,0.0
1997-03-18,6.5,6.5,6.5,6.5,2.404392,400,0.0,0.0
1997-03-19,6.0,6.0,5.6875,5.6875,2.103842,5000,0.0,0.0
1997-03-20,5.6875,5.6875,5.6875,5.6875,2.103842,0,0.0,0.0
1997-03-21,5.6875,5.6875,5.6875,5.6875,2.103842,0,0.0,0.0
1997-03-24,5.6875,5.6875,5.6875,5.6875,2.103842,0,0.0,0.0
1997-03-25,5.6875,5.6875,5.6875,5.6875,2.103842,0,0.0,0.0
1997-03-26,5.6875,5.6875,5.6875,5.6875,2.103842,0,0.0,0.0
1997-03-27,5.6875,5.6875,5.6875,5.6875,2.103842,0,0.0,0.0
1997-03-31,5.6875,5.6875,5.6875,5.6875,2.103842,0,0.0,0.0
1997-04-01,5.6875,5.6875,5.6875,5.6875,2.103842,0,0.0,0.0
1997-04-02,5.6875,5.6875,5.6875,5.6875,2.103842,0,0.0,0.0
1997-04-03,5.625,5.625,5.5,5.5,2.034486,4800,0.0,0.0
1997-04-04,5.5,5.5,5.5,5.5,2.034486,0,0.0,0.0
1997-04-07,5.3125,5.3125,5.3125,5.3125,1.965128,3800,0.0,0.0
1997-04-08,5.3125,5.3125,5.3125,5.3125,1.965128,0,0.0,0.0
1997-04-09,5.3125,5.3125,5.3125,5.3125,1.965128,0,0.0,0.0
1997-04-10,5.3125,5.3125,5.3125,5.3125,1.965128,0,0.0,0.0
1997-04-11,5.3125,5.3125,5.3125,5.3125,1.965128,0,0.0,0.0
1997-04-14,5.3125,5.3125,5.3125,5.3125,1.965128,0,0.0,0.0
1997-04-15,5.3125,5.3125,5.3125,5.3125,1.965128,0,0.0,0.0
1997-04-16,5.3125,5.3125,5.3125,5.3125,1.965128,0,0.0,0.0
1997-04-17,5.3125,5.3125,5.3125,5.3125,1.965128,0,0.0,0.0
1997-04-18,5.3125,5.3125,5.3125,5.3125,1.965128,0,0.0,0.0
1997-04-21,5.3125,5.3125,5.3125,5.3125,1.965128,0,0.0,0.0
1997-04-22,5.3125,5.3125,5.3125,5.3125,1.965128,0,0.0,0.0
1997-04-23,5.3125,5.3125,5.3125,5.3125,1.965128,0,0.0,0.0
1997-04-24,5.3125,5.3125,5.3125,5.3125,1.965128,0,0.0,0.0
1997-04-25,5.3125,5.3125,5.3125,5.3125,1.965128,0,0.0,0.0
1997-04-28,5.3125,5.3125,5.3125,5.3125,1.965128,0,0.0,0.0
1997-04-29,5.3125,5.3125,5.3125,5.3125,1.965128,0,0.0,0.0
1997-04-30,5.3125,5.3125,5.3125,5.3125,1.965128,0,0.0,0.0
1997-05-01,5.3125,5.3125,5.3125,5.3125,1.965128,0,0.0,0.0
1997-05-02,5.3125,5.3125,5.3125,5.3125,1.965128,0,0.0,0.0
1997-05-05,5.3125,5.3125,5.3125,5.3125,1.965128,0,0.0,0.0
1997-05-06,5.3125,5.3125,5.3125,5.3125,1.965128,0,0.0,0.0
1997-05-07,5.4375,5.4375,5.4375,5.4375,2.011366,400,0.0,0.0
1997-05-08,5.875,5.875,5.875,5.875,2.18728,1000,0.035,0.0
1997-05-09,5.625,5.625,5.625,5.625,2.094203,400,0.0,0.0
1997-05-12,5.625,5.625,5.625,5.625,2.094203,0,0.0,0.0
1997-05-13,5.625,5.625,5.625,5.625,2.094203,1800,0.0,0.0
1997-05-14,5.625,5.625,5.625,5.625,2.094203,0,0.0,0.0
1997-05-15,5.625,5.625,5.625,5.625,2.094203,0,0.0,0.0
1997-05-16,5.625,5.625,5.625,5.625,2.094203,0,0.0,0.0
1997-05-19,5.625,5.625,5.625,5.625,2.094203,0,0.0,0.0
1997-05-20,5.625,5.625,5.625,5.625,2.094203,800,0.0,0.0
1997-05-21,5.625,5.625,5.625,5.625,2.094203,0,0.0,0.0
1997-05-22,5.625,5.625,5.625,5.625,2.094203,0,0.0,0.0
1997-05-23,5.625,5.625,5.625,5.625,2.094203,0,0.0,0.0
1997-05-27,5.625,5.625,5.625,5.625,2.094203,0,0.0,0.0
1997-05-28,5.625,5.625,5.625,5.625,2.094203,0,0.0,0.0
1997-05-29,5.625,5.625,5.625,5.625,2.094203,0,0.0,0.0
1997-05-30,5.625,5.625,5.625,5.625,2.094203,0,0.0,0.0
1997-06-02,5.625,5.625,5.625,5.625,2.094203,0,0.0,0.0
1997-06-03,5.625,5.625,5.625,5.625,2.094203,0,0.0,0.0
1997-06-04,5.625,5.625,5.625,5.625,2.094203,0,0.0,0.0
1997-06-05,5.625,5.625,5.625,5.625,2.094203,0,0.0,0.0
1997-06-06,5.625,5.625,5.625,5.625,2.094203,0,0.0,0.0
1997-06-09,5.625,5.625,5.625,5.625,2.094203,0,0.0,0.0
1997-06-10,6.0,6.0,6.0,6.0,2.233818,3000,0.0,0.0
1997-06-11,6.3125,6.3125,6.3125,6.3125,2.350161,2000,0.0,0.0
1997-06-12,6.0,6.375,6.0,6.375,2.373431,1000,0.0,0.0
1997-06-13,6.375,6.375,6.375,6.375,2.373431,0,0.0,0.0
1997-06-16,6.375,6.375,6.375,6.375,2.373431,0,0.0,0.0
1997-06-17,6.375,6.375,6.375,6.375,2.373431,0,0.0,0.0
1997-06-18,6.375,6.375,6.375,6.375,2.373431,0,0.0,0.0
1997-06-19,6.25,6.25,6.25,6.25,2.326893,1000,0.0,0.0
1997-06-20,6.25,6.25,6.25,6.25,2.326893,0,0.0,0.0
1997-06-23,6.25,6.25,6.25,6.25,2.326893,0,0.0,0.0
1997-06-24,6.25,6.25,6.25,6.25,2.326893,0,0.0,0.0
1997-06-25,6.25,6.25,6.25,6.25,2.326893,0,0.0,0.0
1997-06-26,6.25,6.25,6.25,6.25,2.326893,0,0.0,0.0
1997-06-27,6.25,6.25,6.25,6.25,2.326893,0,0.0,0.0
1997-06-30,6.25,6.25,6.25,6.25,2.326893,0,0.0,0.0
1997-07-01,6.125,6.125,6.125,6.125,2.280356,7000,0.0,0.0
1997-07-02,6.125,6.125,6.125,6.125,2.280356,0,0.0,0.0
1997-07-03,6.125,6.125,6.125,6.125,2.280356,0,0.0,0.0
1997-07-07,6.125,6.125,6.125,6.125,2.280356,0,0.0,0.0
1997-07-08,6.125,6.125,6.125,6.125,2.280356,0,0.0,0.0
1997-07-09,6.125,6.125,6.125,6.125,2.280356,0,0.0,0.0
1997-07-10,6.5,6.5,6.5,6.5,2.419969,4200,0.0,0.0
1997-07-11,6.5,6.5,6.5,6.5,2.419969,0,0.0,0.0
1997-07-14,6.5,6.5,6.5,6.5,2.419969,0,0.0,0.0
1997-07-15,6.5,6.5,6.5,6.5,2.419969,0,0.0,0.0
1997-07-16,6.5,6.5,6.5,6.5,2.419969,0,0.0,0.0
1997-07-17,6.125,6.125,6.125,6.125,2.280356,400,0.0,0.0
1997-07-18,6.125,6.125,6.125,6.125,2.280356,0,0.0,0.0
1997-07-21,6.125,6.125,6.125,6.125,2.280356,0,0.0,0.0
1997-07-22,6.375,6.75,6.375,6.75,2.513044,5200,0.0,0.0
1997-07-23,6.75,6.75,6.75,6.75,2.513044,0,0.0,0.0
1997-07-24,6.75,6.75,6.75,6.75,2.513044,0,0.0,0.0
1997-07-25,6.75,6.75,6.75,6.75,2.513044,0,0.0,0.0
1997-07-28,6.75,6.75,6.75,6.75,2.513044,0,0.0,0.0
1997-07-29,6.75,6.75,6.75,6.75,2.513044,0,0.0,0.0
1997-07-30,6.75,6.75,6.75,6.75,2.513044,0,0.0,0.0
1997-07-31,6.75,6.75,6.75,6.75,2.513044,0,0.0,0.0
1997-08-01,6.75,6.75,6.75,6.75,2.513044,0,0.0,0.0
1997-08-04,6.75,6.75,6.75,6.75,2.513044,0,0.0,0.0
1997-08-05,6.75,6.75,6.75,6.75,2.513044,0,0.0,0.0
1997-08-06,6.75,6.75,6.75,6.75,2.513044,0,0.0,0.0
1997-08-07,6.75,6.75,6.75,6.75,2.513044,0,0.0,0.0
1997-08-08,6.75,6.75,6.75,6.75,2.526142,0,0.035,0.0
1997-08-11,6.75,6.75,6.75,6.75,2.526142,0,0.0,0.0
1997-08-12,6.75,6.75,6.75,6.75,2.526142,0,0.0,0.0
1997-08-13,6.75,6.75,6.75,6.75,2.526142,0,0.0,0.0
1997-08-14,6.75,6.75,6.75,6.75,2.526142,0,0.0,0.0
1997-08-15,6.75,6.75,6.75,6.75,2.526142,0,0.0,0.0
1997-08-18,6.75,6.75,6.75,6.75,2.526142,0,0.0,0.0
1997-08-19,6.625,6.625,6.625,6.625,2.479363,600,0.0,0.0
1997-08-20,6.5,6.5,6.5,6.5,2.432582,400,0.0,0.0
1997-08-21,6.5,6.5,6.5,6.5,2.432582,0,0.0,0.0
1997-08-22,6.5,6.5,6.5,6.5,2.432582,0,0.0,0.0
1997-08-25,6.5,6.5,6.5,6.5,2.432582,0,0.0,0.0
1997-08-26,6.5,6.5,6.5,6.5,2.432582,0,0.0,0.0
1997-08-27,6.5,6.5,6.5,6.5,2.432582,0,0.0,0.0
1997-08-28,6.5,6.5,6.5,6.5,2.432582,0,0.0,0.0
1997-08-29,6.5,6.5,6.5,6.5,2.432582,200,0.0,0.0
1997-09-02,6.5,6.5,6.5,6.5,2.432582,0,0.0,0.0
1997-09-03,6.5,6.5,6.5,6.5,2.432582,0,0.0,0.0
1997-09-04,6.5,6.5,6.5,6.5,2.432582,0,0.0,0.0
1997-09-05,6.75,6.75,6.75,6.75,2.526142,2000,0.0,0.0
1997-09-08,6.75,6.75,6.75,6.75,2.526142,0,0.0,0.0
1997-09-09,6.75,6.75,6.75,6.75,2.526142,0,0.0,0.0
1997-09-10,6.75,6.75,6.75,6.75,2.526142,0,0.0,0.0
1997-09-11,6.75,6.75,6.75,6.75,2.526142,0,0.0,0.0
1997-09-12,6.75,6.75,6.75,6.75,2.526142,0,0.0,0.0
1997-09-15,6.75,6.75,6.75,6.75,2.526142,0,0.0,0.0
1997-09-16,6.75,6.75,6.75,6.75,2.526142,0,0.0,0.0
1997-09-17,6.75,6.75,6.75,6.75,2.526142,0,0.0,0.0
1997-09-18,7.0,7.25,7.0,7.25,2.713264,2000,0.0,0.0
1997-09-19,7.25,7.25,7.25,7.25,2.713264,0,0.0,0.0
1997-09-22,7.25,7.25,7.25,7.25,2.713264,0,0.0,0.0
1997-09-23,7.25,7.25,7.25,7.25,2.713264,0,0.0,0.0
1997-09-24,7.25,7.25,7.25,7.25,2.713264,0,0.0,0.0
1997-09-25,7.0,7.0,7.0,7.0,2.619703,600,0.0,0.0
1997-09-26,7.0,7.0,7.0,7.0,2.619703,0,0.0,0.0
1997-09-29,7.0,7.0,7.0,7.0,2.619703,400,0.0,0.0
1997-09-30,7.0,7.0,7.0,7.0,2.619703,0,0.0,0.0
1997-10-01,7.0,7.0,7.0,7.0,2.619703,0,0.0,0.0
1997-10-02,7.0,7.0,7.0,7.0,2.619703,0,0.0,0.0
1997-10-03,7.0,7.0,7.0,7.0,2.619703,0,0.0,0.0
1997-10-06,7.0,7.0,7.0,7.0,2.619703,0,0.0,0.0
1997-10-07,7.0,7.0,7.0,7.0,2.619703,0,0.0,0.0
1997-10-08,7.0,7.0,7.0,7.0,2.619703,0,0.0,0.0
1997-10-09,7.0,7.0,7.0,7.0,2.619703,0,0.0,0.0
1997-10-10,7.0,7.0,7.0,7.0,2.619703,0,0.0,0.0
1997-10-13,7.0,7.0,7.0,7.0,2.619703,0,0.0,0.0
1997-10-14,7.0,7.0,7.0,7.0,2.619703,0,0.0,0.0
1997-10-15,6.75,6.75,6.75,6.75,2.526142,1000,0.0,0.0
1997-10-16,6.75,6.75,6.75,6.75,2.526142,0,0.0,0.0
1997-10-17,6.75,6.75,6.75,6.75,2.526142,0,0.0,0.0
1997-10-20,6.75,6.75,6.75,6.75,2.526142,0,0.0,0.0
1997-10-21,6.75,6.75,6.75,6.75,2.526142,0,0.0,0.0
1997-10-22,6.75,6.75,6.75,6.75,2.526142,0,0.0,0.0
1997-10-23,6.375,6.375,6.375,6.375,2.385802,1000,0.0,0.0
1997-10-24,6.375,6.375,6.375,6.375,2.385802,0,0.0,0.0
1997-10-27,6.375,6.375,6.375,6.375,2.385802,0,0.0,0.0
1997-10-28,6.1875,6.1875,6.125,6.125,2.292242,2200,0.0,0.0
1997-10-29,6.125,6.125,6.125,6.125,2.292242,0,0.0,0.0
1997-10-30,6.125,6.125,6.125,6.125,2.292242,0,0.0,0.0
1997-10-31,6.375,6.375,6.375,6.375,2.385802,400,0.0,0.0
1997-11-03,6.375,6.375,6.375,6.375,2.385802,0,0.0,0.0
1997-11-04,6.5,6.625,6.5,6.625,2.479363,1600,0.0,0.0
1997-11-05,6.625,6.625,6.625,6.625,2.479363,0,0.0,0.0
1997-11-06,6.3125,6.3125,6.1875,6.1875,2.315631,4800,0.0,0.0
1997-11-07,6.1875,6.1875,6.1875,6.1875,2.328804,0,0.035,0.0
1997-11-10,6.0625,6.0625,6.0625,6.0625,2.281758,4400,0.0,0.0
1997-11-11,6.0625,6.0625,6.0625,6.0625,2.281758,0,0.0,0.0
1997-11-12,6.0625,6.0625,6.0625,6.0625,2.281758,0,0.0,0.0
1997-11-13,6.0625,6.0625,6.0625,6.0625,2.281758,0,0.0,0.0
1997-11-14,6.0625,6.0625,6.0625,6.0625,2.281758,0,0.0,0.0
1997-11-17,6.0625,6.0625,6.0625,6.0625,2.281758,0,0.0,0.0
1997-11-18,6.0625,6.0625,6.0625,6.0625,2.281758,0,0.0,0.0
1997-11-19,6.0625,6.0625,6.0625,6.0625,2.281758,0,0.0,0.0
1997-11-20,6.0625,6.0625,6.0625,6.0625,2.281758,0,0.0,0.0
1997-11-21,6.0625,6.0625,6.0625,6.0625,2.281758,0,0.0,0.0
1997-11-24,6.0625,6.0625,6.0625,6.0625,2.281758,0,0.0,0.0
1997-11-25,6.0625,6.0625,6.0625,6.0625,2.281758,0,0.0,0.0
1997-11-26,6.0625,6.0625,6.0625,6.0625,2.281758,0,0.0,0.0
1997-11-28,6.0625,6.0625,6.0625,6.0625,2.281758,0,0.0,0.0
1997-12-01,6.0625,6.0625,6.0625,6.0625,2.281758,0,0.0,0.0
1997-12-02,6.0625,6.0625,6.0625,6.0625,2.281758,0,0.0,0.0
1997-12-03,5.9375,5.9375,5.9375,5.9375,2.234711,800,0.0,0.0
1997-12-04,6.5625,6.5625,6.5625,6.5625,2.469944,800,0.0,0.0
1997-12-05,6.5625,6.5625,6.5625,6.5625,2.469944,0,0.0,0.0
1997-12-08,6.5625,6.5625,6.5625,6.5625,2.469944,0,0.0,0.0
1997-12-09,6.5625,6.5625,6.5625,6.5625,2.469944,400,0.0,0.0
1997-12-10,6.5625,6.5625,6.5625,6.5625,2.469944,0,0.0,0.0
1997-12-11,6.5625,6.5625,6.5625,6.5625,2.469944,0,0.0,0.0
1997-12-12,6.5625,6.5625,6.5625,6.5625,2.469944,0,0.0,0.0
1997-12-15,6.5625,6.5625,6.5625,6.5625,2.469944,0,0.0,0.0
1997-12-16,6.5625,6.5625,6.5625,6.5625,2.469944,0,0.0,0.0
1997-12-17,6.5625,6.5625,6.5625,6.5625,2.469944,0,0.0,0.0
1997-12-18,6.5625,6.5625,6.5625,6.5625,2.469944,0,0.0,0.0
1997-12-19,6.5625,6.5625,6.5625,6.5625,2.469944,0,0.0,0.0
1997-12-22,6.5625,6.5625,6.5625,6.5625,2.469944,0,0.0,0.0
1997-12-23,6.5625,6.5625,6.5625,6.5625,2.469944,0,0.0,0.0
1997-12-24,6.5625,6.5625,6.5625,6.5625,2.469944,0,0.0,0.0
1997-12-26,6.5625,6.5625,6.5625,6.5625,2.469944,0,0.0,0.0
1997-12-29,6.5625,6.5625,6.5625,6.5625,2.469944,0,0.0,0.0
1997-12-30,6.5625,6.5625,6.5625,6.5625,2.469944,0,0.0,0.0
1997-12-31,6.5625,6.5625,6.5625,6.5625,2.469944,0,0.0,0.0
1998-01-02,6.5,6.75,6.5,6.75,2.540513,3600,0.0,0.0
1998-01-05,6.75,6.75,6.75,6.75,2.540513,0,0.0,0.0
1998-01-06,6.875,6.875,6.875,6.875,2.58756,16200,0.0,0.0
1998-01-07,6.875,6.875,6.875,6.875,2.58756,0,0.0,0.0
1998-01-08,6.875,6.875,6.875,6.875,2.58756,0,0.0,0.0
1998-01-09,6.875,6.875,6.875,6.875,2.58756,0,0.0,0.0
1998-01-12,6.875,6.875,6.875,6.875,2.58756,0,0.0,0.0
1998-01-13,6.875,6.875,6.875,6.875,2.58756,0,0.0,0.0
1998-01-14,6.875,6.875,6.875,6.875,2.58756,0,0.0,0.0
1998-01-15,6.875,6.875,6.875,6.875,2.58756,0,0.0,0.0
1998-01-16,6.875,6.875,6.875,6.875,2.58756,0,0.0,0.0
1998-01-20,6.875,6.875,6.875,6.875,2.58756,0,0.0,0.0
1998-01-21,6.875,6.875,6.875,6.875,2.58756,0,0.0,0.0
1998-01-22,6.875,6.875,6.875,6.875,2.58756,0,0.0,0.0
1998-01-23,6.4375,6.4375,6.375,6.375,2.399374,1800,0.0,0.0
1998-01-26,6.375,6.375,6.375,6.375,2.399374,0,0.0,0.0
1998-01-27,6.375,6.375,6.375,6.375,2.399374,0,0.0,0.0
1998-01-28,7.125,7.125,7.125,7.125,2.681653,1000,0.0,0.0
1998-01-29,7.125,7.125,7.125,7.125,2.681653,0,0.0,0.0
1998-01-30,6.75,6.75,6.75,6.75,2.540513,2400,0.0,0.0
1998-02-02,6.75,6.75,6.75,6.75,2.540513,0,0.0,0.0
1998-02-03,6.75,6.75,6.75,6.75,2.540513,0,0.0,0.0
1998-02-04,6.75,6.75,6.75,6.75,2.540513,0,0.0,0.0
1998-02-05,6.75,6.75,6.75,6.75,2.540513,0,0.0,0.0
1998-02-06,7.375,7.625,7.375,7.625,2.869839,1400,0.0,0.0
1998-02-09,7.875,7.875,7.5,7.5,2.822793,800,0.0,0.0
1998-02-10,7.5,7.5,7.5,7.5,2.822793,0,0.0,0.0
1998-02-11,8.0,8.25,8.0,8.25,3.119631,800,0.035,0.0
1998-02-12,8.5,8.5,8.5,8.5,3.214166,400,0.0,0.0
1998-02-13,8.5,8.5,8.5,8.5,3.214166,0,0.0,0.0
1998-02-17,8.5,8.5,8.5,8.5,3.214166,0,0.0,0.0
1998-02-18,9.0,9.0,9.0,9.0,3.403233,400,0.0,0.0
1998-02-19,9.0,9.0,9.0,9.0,3.403233,0,0.0,0.0
1998-02-20,9.0,9.0,9.0,9.0,3.403233,0,0.0,0.0
1998-02-23,9.0,9.0,9.0,9.0,3.403233,0,0.0,0.0
1998-02-24,9.375,9.375,9.375,9.375,3.545035,400,0.0,0.0
1998-02-25,9.375,9.375,9.375,9.375,3.545035,0,0.0,0.0
1998-02-26,9.625,10.0,9.625,10.0,3.78137,2200,0.0,0.0
1998-02-27,10.0,10.0,10.0,10.0,3.78137,0,0.0,0.0
1998-03-02,9.625,10.0,9.625,10.0,3.78137,2400,0.0,0.0
1998-03-03,10.0,10.0,10.0,10.0,3.78137,1000,0.0,0.0
1998-03-04,10.0,10.0,10.0,10.0,3.78137,0,0.0,0.0
1998-03-05,10.0,10.0,10.0,10.0,3.78137,0,0.0,0.0
1998-03-06,10.0,10.0,10.0,10.0,3.78137,0,0.0,0.0
1998-03-09,10.0,10.0,10.0,10.0,3.78137,0,0.0,0.0
1998-03-10,10.0,10.0,10.0,10.0,3.78137,0,0.0,0.0
1998-03-11,10.0,10.0,10.0,10.0,3.78137,0,0.0,0.0
1998-03-12,10.0,10.0,10.0,10.0,3.78137,0,0.0,0.0
1998-03-13,10.0,10.0,10.0,10.0,3.78137,0,0.0,0.0
1998-03-16,9.5,9.5625,9.5,9.5625,3.615935,4800,0.0,0.0
1998-03-17,9.5625,9.5625,9.5625,9.5625,3.615935,0,0.0,0.0
1998-03-18,9.5625,9.5625,9.5625,9.5625,3.615935,0,0.0,0.0
1998-03-19,9.5625,9.5625,9.5625,9.5625,3.615935,8000,0.0,0.0
1998-03-20,9.625,9.625,9.625,9.625,3.63957,8000,0.0,0.0
1998-03-23,9.6875,9.6875,9.6875,9.6875,3.663204,20000,0.0,0.0
1998-03-24,9.6875,9.6875,9.6875,9.6875,3.663204,0,0.0,0.0
1998-03-25,9.6875,9.6875,9.6875,9.6875,3.663204,0,0.0,0.0
1998-03-26,9.6875,9.6875,9.6875,9.6875,3.663204,0,0.0,0.0
1998-03-27,9.6875,9.6875,9.6875,9.6875,3.663204,0,0.0,0.0
1998-03-30,9.6875,9.6875,9.6875,9.6875,3.663204,0,0.0,0.0
1998-03-31,9.6875,9.6875,9.6875,9.6875,3.663204,0,0.0,0.0
1998-04-01,9.6875,9.6875,9.6875,9.6875,3.663204,0,0.0,0.0
1998-04-02,9.6875,9.6875,9.6875,9.6875,3.663204,0,0.0,0.0
1998-04-03,9.6875,9.6875,9.6875,9.6875,3.663204,0,0.0,0.0
1998-04-06,9.6875,9.6875,9.6875,9.6875,3.663204,0,0.0,0.0
1998-04-07,9.6875,9.6875,9.6875,9.6875,3.663204,0,0.0,0.0
1998-04-08,9.6875,9.6875,9.6875,9.6875,3.663204,0,0.0,0.0
1998-04-09,9.6875,9.6875,9.6875,9.6875,3.663204,0,0.0,0.0
1998-04-13,9.6875,9.6875,9.6875,9.6875,3.663204,0,0.0,0.0
1998-04-14,9.6875,9.6875,9.6875,9.6875,3.663204,0,0.0,0.0
1998-04-15,9.6875,9.6875,9.6875,9.6875,3.663204,0,0.0,0.0
1998-04-16,10.0,10.0,9.75,9.875,3.734104,47600,0.0,0.0
1998-04-17,9.875,9.875,9.875,9.875,3.734104,0,0.0,0.0
1998-04-20,9.875,9.875,9.875,9.875,3.734104,0,0.0,0.0
1998-04-21,9.875,9.875,9.875,9.875,3.734104,0,0.0,0.0
1998-04-22,10.5,10.5,10.125,10.125,3.828637,4400,0.0,0.0
1998-04-23,11.0,11.0,11.0,11.0,4.159507,400,0.0,0.0
1998-04-24,10.625,10.625,10.625,10.625,4.017706,16200,0.0,0.0
1998-04-27,10.625,10.625,10.625,10.625,4.017706,0,0.0,0.0
1998-04-28,11.375,11.375,11.375,11.375,4.301309,400,0.0,0.0
1998-04-29,11.375,11.375,11.375,11.375,4.301309,0,0.0,0.0
1998-04-30,11.0,11.0,10.75,11.0,4.159507,4000,0.0,0.0
1998-05-01,10.75,11.0625,10.75,11.0625,4.183142,5200,0.0,0.0
1998-05-04,11.0625,11.0625,11.0625,11.0625,4.183142,0,0.0,0.0
1998-05-05,11.0625,11.0625,11.0625,11.0625,4.183142,0,0.0,0.0
1998-05-06,11.0625,11.0625,11.0625,11.0625,4.183142,0,0.0,0.0
1998-05-07,11.0625,11.0625,11.0625,11.0625,4.183142,0,0.0,0.0
1998-05-08,10.8125,10.8125,10.8125,10.8125,4.088607,200,0.0,0.0
1998-05-11,10.8125,10.8125,10.8125,10.8125,4.088607,200,0.0,0.0
1998-05-12,10.8125,10.8125,10.8125,10.8125,4.088607,0,0.0,0.0
1998-05-13,10.8125,10.8125,10.8125,10.8125,4.102837,0,0.0375,0.0
1998-05-14,10.8125,10.8125,10.8125,10.8125,4.102837,0,0.0,0.0
1998-05-15,10.8125,10.8125,10.8125,10.8125,4.102837,0,0.0,0.0
1998-05-18,10.8125,10.8125,10.8125,10.8125,4.102837,0,0.0,0.0
1998-05-19,10.8125,10.8125,10.8125,10.8125,4.102837,0,0.0,0.0
1998-05-20,10.8125,10.8125,10.8125,10.8125,4.102837,0,0.0,0.0
1998-05-21,10.8125,10.8125,10.8125,10.8125,4.102837,0,0.0,0.0
1998-05-22,10.8125,10.8125,10.8125,10.8125,4.102837,0,0.0,0.0
1998-05-26,10.8125,10.8125,10.8125,10.8125,4.102837,0,0.0,0.0
1998-05-27,10.8125,10.8125,10.8125,10.8125,4.102837,0,0.0,0.0
1998-05-28,10.375,10.375,10.375,10.375,3.936826,200,0.0,0.0
1998-05-29,10.3125,10.3125,10.3125,10.3125,3.91311,200,0.0,0.0
1998-06-01,10.9375,12.9375,10.9375,12.0,4.553438,1000,0.0,0.0
1998-06-02,12.71875,12.71875,12.71875,12.71875,4.826168,200,0.0,0.0
1998-06-03,12.71875,12.71875,12.71875,12.71875,4.826168,0,0.0,0.0
1998-06-04,10.125,10.125,10.125,10.125,3.841961,200,0.0,0.0
1998-06-05,10.125,10.125,10.125,10.125,3.841961,0,0.0,0.0
1998-06-08,10.125,10.125,10.125,10.125,3.841961,0,0.0,0.0
1998-06-09,11.25,11.25,11.25,11.25,4.268846,200,0.0,0.0
1998-06-10,11.5,11.5,11.5,11.5,4.363711,200,0.0,0.0
1998-06-11,10.0,10.0,10.0,10.0,3.794531,200,0.0,0.0
1998-06-12,10.0,10.0,10.0,10.0,3.794531,0,0.0,0.0
1998-06-15,10.0,10.0,10.0,10.0,3.794531,0,0.0,0.0
1998-06-16,10.0,10.0,10.0,10.0,3.794531,0,0.0,0.0
1998-06-17,10.0,10.0,10.0,10.0,3.794531,0,0.0,0.0
1998-06-18,10.0,10.0,10.0,10.0,3.794531,0,0.0,0.0
1998-06-19,11.125,11.125,11.125,11.125,4.221414,200,0.0,0.0
1998-06-22,11.125,11.125,11.125,11.125,4.221414,0,0.0,0.0
1998-06-23,11.125,11.125,11.125,11.125,4.221414,0,0.0,0.0
1998-06-24,11.125,11.125,11.125,11.125,4.221414,0,0.0,0.0
1998-06-25,11.125,11.125,11.125,11.125,4.221414,0,0.0,0.0
1998-06-26,11.125,11.125,11.125,11.125,4.221414,0,0.0,0.0
1998-06-29,11.125,11.125,11.125,11.125,4.221414,0,0.0,0.0
1998-06-30,10.75,11.0,10.75,11.0,4.173985,400,0.0,0.0
1998-07-01,11.0,11.0,11.0,11.0,4.173985,0,0.0,0.0
1998-07-02,11.0,11.0,11.0,11.0,4.173985,0,0.0,0.0
1998-07-06,11.0,11.0,11.0,11.0,4.173985,0,0.0,0.0
1998-07-07,11.0,11.0,11.0,11.0,4.173985,0,0.0,0.0
1998-07-08,11.0,11.0,11.0,11.0,4.173985,0,0.0,0.0
1998-07-09,11.0,11.0,11.0,11.0,4.173985,0,0.0,0.0
1998-07-10,11.0,11.0,11.0,11.0,4.173985,0,0.0,0.0
1998-07-13,11.0,11.0,11.0,11.0,4.173985,0,0.0,0.0
1998-07-14,11.0,11.0,11.0,11.0,4.173985,0,0.0,0.0
1998-07-15,11.0,11.0,11.0,11.0,4.173985,0,0.0,0.0
1998-07-16,11.0,11.0,11.0,11.0,4.173985,0,0.0,0.0
1998-07-17,11.0,11.0,11.0,11.0,4.173985,0,0.0,0.0
1998-07-20,11.0,11.0,11.0,11.0,4.173985,0,0.0,0.0
1998-07-21,11.0,11.0,11.0,11.0,4.173985,0,0.0,0.0
1998-07-22,11.0,11.0,11.0,11.0,4.173985,0,0.0,0.0
1998-07-23,11.0,11.0,11.0,11.0,4.173985,0,0.0,0.0
1998-07-24,11.0,11.0,11.0,11.0,4.173985,0,0.0,0.0
1998-07-27,11.0,11.0,11.0,11.0,4.173985,0,0.0,0.0
1998-07-28,11.0,11.0,11.0,11.0,4.173985,0,0.0,0.0
1998-07-29,11.0,11.0,11.0,11.0,4.173985,0,0.0,0.0
1998-07-30,11.0,11.0,11.0,11.0,4.173985,0,0.0,0.0
1998-07-31,11.0,11.0,11.0,11.0,4.173985,0,0.0,0.0
1998-08-03,11.0,11.0,11.0,11.0,4.173985,0,0.0,0.0
1998-08-04,11.0,11.0,11.0,11.0,4.173985,0,0.0,0.0
1998-08-05,11.0,11.0,11.0,11.0,4.173985,0,0.0,0.0
1998-08-06,11.0,11.0,11.0,11.0,4.173985,0,0.0,0.0
1998-08-07,11.0,11.0,11.0,11.0,4.189217,0,0.04,0.0
1998-08-10,11.0,11.0,11.0,11.0,4.189217,0,0.0,0.0
1998-08-11,11.0,11.0,11.0,11.0,4.189217,0,0.0,0.0
1998-08-12,11.0,11.0,11.0,11.0,4.189217,0,0.0,0.0
1998-08-13,11.0,11.0,11.0,11.0,4.189217,0,0.0,0.0
1998-08-14,11.0,11.0,11.0,11.0,4.189217,0,0.0,0.0
1998-08-17,11.0,11.0,11.0,11.0,4.189217,0,0.0,0.0
1998-08-18,11.0,11.0,11.0,11.0,4.189217,0,0.0,0.0
1998-08-19,11.0,11.0,11.0,11.0,4.189217,0,0.0,0.0
1998-08-20,11.0,11.0,11.0,11.0,4.189217,0,0.0,0.0
1998-08-21,9.75,9.75,9.75,9.75,3.713169,400,0.0,0.0
1998-08-24,9.75,9.75,9.75,9.75,3.713169,0,0.0,0.0
1998-08-25,9.75,9.75,9.75,9.75,3.713169,0,0.0,0.0
1998-08-26,9.75,9.75,9.75,9.75,3.713169,0,0.0,0.0
1998-08-27,9.75,9.75,9.75,9.75,3.713169,0,0.0,0.0
1998-08-28,9.75,9.75,9.75,9.75,3.713169,0,0.0,0.0
1998-08-31,9.75,9.75,9.75,9.75,3.713169,0,0.0,0.0
1998-09-01,9.75,9.75,9.75,9.75,3.713169,0,0.0,0.0
1998-09-02,9.75,9.75,9.75,9.75,3.713169,0,0.0,0.0
1998-09-03,10.0,10.0,9.9375,9.9375,3.784576,400,0.0,0.0
1998-09-04,9.9375,9.9375,9.9375,9.9375,3.784576,0,0.0,0.0
1998-09-08,9.9375,9.9375,9.9375,9.9375,3.784576,0,0.0,0.0
1998-09-09,9.9375,9.9375,9.9375,9.9375,3.784576,0,0.0,0.0
1998-09-10,9.9375,9.9375,9.9375,9.9375,3.784576,0,0.0,0.0
1998-09-11,9.9375,9.9375,9.9375,9.9375,3.784576,0,0.0,0.0
1998-09-14,9.9375,9.9375,9.9375,9.9375,3.784576,0,0.0,0.0
1998-09-15,9.9375,9.9375,9.9375,9.9375,3.784576,0,0.0,0.0
1998-09-16,9.9375,9.9375,9.9375,9.9375,3.784576,0,0.0,0.0
1998-09-17,9.9375,9.9375,9.9375,9.9375,3.784576,0,0.0,0.0
1998-09-18,9.9375,9.9375,9.9375,9.9375,3.784576,0,0.0,0.0
1998-09-21,9.9375,9.9375,9.9375,9.9375,3.784576,0,0.0,0.0
1998-09-22,9.9375,9.9375,9.9375,9.9375,3.784576,0,0.0,0.0
1998-09-23,9.9375,9.9375,9.9375,9.9375,3.784576,0,0.0,0.0
1998-09-24,9.9375,9.9375,9.9375,9.9375,3.784576,0,0.0,0.0
1998-09-25,9.9375,9.9375,9.9375,9.9375,3.784576,0,0.0,0.0
1998-09-28,9.9375,9.9375,9.9375,9.9375,3.784576,0,0.0,0.0
1998-09-29,9.9375,9.9375,9.9375,9.9375,3.784576,0,0.0,0.0
1998-09-30,9.9375,9.9375,9.9375,9.9375,3.784576,0,0.0,0.0
1998-10-01,9.9375,9.9375,9.9375,9.9375,3.784576,0,0.0,0.0
1998-10-02,9.9375,9.9375,9.9375,9.9375,3.784576,0,0.0,0.0
1998-10-05,9.9375,9.9375,9.9375,9.9375,3.784576,0,0.0,0.0
1998-10-06,9.9375,9.9375,9.9375,9.9375,3.784576,0,0.0,0.0
1998-10-07,9.9375,9.9375,9.9375,9.9375,3.784576,0,0.0,0.0
1998-10-08,9.9375,9.9375,9.9375,9.9375,3.784576,0,0.0,0.0
1998-10-09,9.9375,9.9375,9.9375,9.9375,3.784576,0,0.0,0.0
1998-10-12,9.9375,9.9375,9.9375,9.9375,3.784576,0,0.0,0.0
1998-10-13,9.9375,9.9375,9.9375,9.9375,3.784576,0,0.0,0.0
1998-10-14,9.9375,9.9375,9.9375,9.9375,3.784576,0,0.0,0.0
1998-10-15,9.9375,9.9375,9.9375,9.9375,3.784576,0,0.0,0.0
1998-10-16,9.9375,9.9375,9.9375,9.9375,3.784576,0,0.0,0.0
1998-10-19,9.9375,9.9375,9.9375,9.9375,3.784576,0,0.0,0.0
1998-10-20,9.9375,9.9375,9.9375,9.9375,3.784576,0,0.0,0.0
1998-10-21,9.9375,9.9375,9.9375,9.9375,3.784576,0,0.0,0.0
1998-10-22,9.9375,9.9375,9.9375,9.9375,3.784576,0,0.0,0.0
1998-10-23,9.9375,9.9375,9.9375,9.9375,3.784576,0,0.0,0.0
1998-10-26,9.9375,9.9375,9.9375,9.9375,3.784576,0,0.0,0.0
1998-10-27,9.9375,9.9375,9.9375,9.9375,3.784576,0,0.0,0.0
1998-10-28,9.9375,9.9375,9.9375,9.9375,3.784576,0,0.0,0.0
1998-10-29,9.9375,9.9375,9.9375,9.9375,3.784576,0,0.0,0.0
1998-10-30,9.9375,9.9375,9.9375,9.9375,3.784576,0,0.0,0.0
1998-11-02,9.9375,9.9375,9.9375,9.9375,3.784576,0,0.0,0.0
1998-11-03,9.9375,9.9375,9.9375,9.9375,3.784576,0,0.0,0.0
1998-11-04,10.5,10.5,10.5,10.5,3.998799,200,0.0,0.0
1998-11-05,10.5,10.5,10.5,10.5,3.998799,0,0.0,0.0
1998-11-06,10.25,10.3125,10.0,10.3125,3.94241,800,0.04,0.0
1998-11-09,10.3125,10.3125,10.3125,10.3125,3.94241,0,0.0,0.0
1998-11-10,10.3125,10.3125,10.3125,10.3125,3.94241,0,0.0,0.0
1998-11-11,10.3125,10.3125,10.3125,10.3125,3.94241,0,0.0,0.0
1998-11-12,10.0,10.0,10.0,10.0,3.822942,200,0.0,0.0
1998-11-13,10.0,10.0,10.0,10.0,3.822942,0,0.0,0.0
1998-11-16,10.0,10.0,10.0,10.0,3.822942,0,0.0,0.0
1998-11-17,9.53125,9.53125,9.53125,9.53125,3.643742,200,0.0,0.0
1998-11-18,9.53125,9.53125,9.53125,9.53125,3.643742,0,0.0,0.0
1998-11-19,9.53125,9.53125,9.53125,9.53125,3.643742,0,0.0,0.0
1998-11-20,9.53125,9.53125,9.53125,9.53125,3.643742,0,0.0,0.0
1998-11-23,9.53125,9.53125,9.53125,9.53125,3.643742,0,0.0,0.0
1998-11-24,9.53125,9.53125,9.53125,9.53125,3.643742,0,0.0,0.0
1998-11-25,9.53125,9.53125,9.53125,9.53125,3.643742,0,0.0,0.0
1998-11-27,9.53125,9.53125,9.53125,9.53125,3.643742,0,0.0,0.0
1998-11-30,9.53125,9.53125,9.53125,9.53125,3.643742,0,0.0,0.0
1998-12-01,9.53125,9.53125,9.53125,9.53125,3.643742,0,0.0,0.0
1998-12-02,9.53125,9.53125,9.53125,9.53125,3.643742,0,0.0,0.0
1998-12-03,9.53125,9.53125,9.53125,9.53125,3.643742,0,0.0,0.0
1998-12-04,9.53125,9.53125,9.53125,9.53125,3.643742,0,0.0,0.0
1998-12-07,9.53125,9.53125,9.53125,9.53125,3.643742,0,0.0,0.0
1998-12-08,9.53125,9.53125,9.53125,9.53125,3.643742,0,0.0,0.0
1998-12-09,9.53125,9.53125,9.53125,9.53125,3.643742,0,0.0,0.0
1998-12-10,9.53125,9.53125,9.53125,9.53125,3.643742,0,0.0,0.0
1998-12-11,9.53125,9.53125,9.53125,9.53125,3.643742,0,0.0,0.0
1998-12-14,9.53125,9.53125,9.53125,9.53125,3.643742,0,0.0,0.0
1998-12-15,9.53125,9.53125,9.53125,9.53125,3.643742,0,0.0,0.0
1998-12-16,9.53125,9.53125,9.53125,9.53125,3.643742,0,0.0,0.0
1998-12-17,9.53125,9.53125,9.53125,9.53125,3.643742,0,0.0,0.0
1998-12-18,9.53125,9.53125,9.53125,9.53125,3.643742,0,0.0,0.0
1998-12-21,9.53125,9.53125,9.53125,9.53125,3.643742,0,0.0,0.0
1998-12-22,9.53125,9.53125,9.53125,9.53125,3.643742,0,0.0,0.0
1998-12-23,9.53125,9.53125,9.53125,9.53125,3.643742,0,0.0,0.0
1998-12-24,9.53125,9.53125,9.53125,9.53125,3.643742,0,0.0,0.0
1998-12-28,9.53125,9.53125,9.53125,9.53125,3.643742,0,0.0,0.0
1998-12-29,9.53125,9.53125,9.53125,9.53125,3.643742,0,0.0,0.0
1998-12-30,9.53125,9.53125,9.53125,9.53125,3.643742,0,0.0,0.0
1998-12-31,9.53125,9.53125,9.53125,9.53125,3.643742,0,0.0,0.0
1999-01-04,9.53125,9.53125,9.53125,9.53125,3.643742,0,0.0,0.0
1999-01-05,9.53125,9.53125,9.53125,9.53125,3.643742,0,0.0,0.0
1999-01-06,9.53125,9.53125,9.53125,9.53125,3.643742,0,0.0,0.0
1999-01-07,9.625,10.0,9.625,10.0,3.822942,400,0.0,0.0
1999-01-08,10.0,10.0,10.0,10.0,3.822942,2000,0.0,0.0
1999-01-11,10.0,10.0,10.0,10.0,3.822942,0,0.0,0.0
1999-01-12,10.0,10.0,10.0,10.0,3.822942,0,0.0,0.0
1999-01-13,10.0,10.0,10.0,10.0,3.822942,0,0.0,0.0
1999-01-14,10.125,10.125,10.125,10.125,3.87073,200,0.0,0.0
1999-01-15,10.25,10.375,10.25,10.375,3.966301,400,0.0,0.0
1999-01-19,8.5,8.5,8.5,8.5,3.249502,123600,0.0,0.0
1999-01-20,8.5,8.5,8.5,8.5,3.249502,0,0.0,0.0
1999-01-21,8.5,8.5,8.5,8.5,3.249502,0,0.0,0.0
1999-01-22,10.4375,10.4375,10.4375,10.4375,3.990196,200,0.0,0.0
1999-01-25,10.4375,10.4375,10.4375,10.4375,3.990196,0,0.0,0.0
1999-01-26,10.4375,10.4375,10.4375,10.4375,3.990196,0,0.0,0.0
1999-01-27,10.4375,10.4375,10.4375,10.4375,3.990196,0,0.0,0.0
1999-01-28,10.4375,10.4375,10.4375,10.4375,3.990196,0,0.0,0.0
1999-01-29,10.4375,10.4375,10.4375,10.4375,3.990196,0,0.0,0.0
1999-02-01,10.0,10.0,10.0,10.0,3.822942,200,0.0,0.0
1999-02-02,10.0,10.0,10.0,10.0,3.822942,0,0.0,0.0
1999-02-03,10.0,10.0,10.0,10.0,3.822942,0,0.0,0.0
1999-02-04,10.0,10.0,10.0,10.0,3.822942,0,0.0,0.0
1999-02-05,10.0,10.0,10.0,10.0,3.822942,0,0.0,0.0
1999-02-08,10.0,10.0,10.0,10.0,3.822942,0,0.0,0.0
1999-02-09,10.0,10.0,10.0,10.0,3.822942,0,0.0,0.0
1999-02-10,9.9375,9.9375,9.625,9.625,3.679583,10400,0.0,0.0
1999-02-11,10.0,10.0625,10.0,10.0625,3.862891,10200,0.04,0.0
1999-02-12,10.125,10.125,10.125,10.125,3.886884,200,0.0,0.0
1999-02-16,10.125,10.125,10.125,10.125,3.886884,0,0.0,0.0
1999-02-17,10.25,10.53125,10.15625,10.53125,4.042838,4400,0.0,0.0
1999-02-18,10.53125,10.53125,10.53125,10.53125,4.042838,0,0.0,0.0
1999-02-19,10.53125,10.53125,10.53125,10.53125,4.042838,0,0.0,0.0
1999-02-22,11.25,11.25,11.25,11.25,4.318758,200,0.0,0.0
1999-02-23,11.25,11.25,11.25,11.25,4.318758,0,0.0,0.0
1999-02-24,11.25,11.25,11.25,11.25,4.318758,0,0.0,0.0
1999-02-25,11.25,11.25,11.25,11.25,4.318758,0,0.0,0.0
1999-02-26,11.25,11.25,11.25,11.25,4.318758,0,0.0,0.0
1999-03-01,11.25,11.25,11.25,11.25,4.318758,0,0.0,0.0
1999-03-02,11.25,11.25,11.25,11.25,4.318758,0,0.0,0.0
1999-03-03,11.25,11.25,11.25,11.25,4.318758,0,0.0,0.0
1999-03-04,11.25,11.25,11.25,11.25,4.318758,0,0.0,0.0
1999-03-05,11.25,11.25,11.25,11.25,4.318758,0,0.0,0.0
1999-03-08,11.25,11.25,11.25,11.25,4.318758,0,0.0,0.0
1999-03-09,11.25,11.25,11.25,11.25,4.318758,0,0.0,0.0
1999-03-10,11.25,11.25,11.25,11.25,4.318758,0,0.0,0.0
1999-03-11,11.25,11.25,11.25,11.25,4.318758,0,0.0,0.0
1999-03-12,11.25,11.25,11.25,11.25,4.318758,0,0.0,0.0
1999-03-15,11.0,11.0,11.0,11.0,4.222784,200,0.0,0.0
1999-03-16,11.0,11.0,11.0,11.0,4.222784,0,0.0,0.0
1999-03-17,11.0,11.0,11.0,11.0,4.222784,0,0.0,0.0
1999-03-18,11.25,11.6875,11.25,11.6875,4.486713,600,0.0,0.0
1999-03-19,11.6875,11.6875,11.6875,11.6875,4.486713,0,0.0,0.0
1999-03-22,11.6875,11.6875,11.6875,11.6875,4.486713,0,0.0,0.0
1999-03-23,11.6875,11.6875,11.6875,11.6875,4.486713,0,0.0,0.0
1999-03-24,11.6875,11.6875,11.6875,11.6875,4.486713,0,0.0,0.0
1999-03-25,11.6875,11.6875,11.6875,11.6875,4.486713,0,0.0,0.0
1999-03-26,11.6875,11.6875,11.6875,11.6875,4.486713,0,0.0,0.0
1999-03-29,11.6875,11.6875,11.6875,11.6875,4.486713,0,0.0,0.0
1999-03-30,11.6875,11.6875,11.6875,11.6875,4.486713,0,0.0,0.0
1999-03-31,12.1875,12.5,12.125,12.125,4.654661,4400,0.0,0.0
1999-04-01,12.125,12.125,12.125,12.125,4.654661,0,0.0,0.0
1999-04-05,11.875,12.125,11.875,12.125,4.654661,400,0.0,0.0
1999-04-06,12.125,12.125,12.125,12.125,4.654661,0,0.0,0.0
1999-04-07,12.125,12.125,12.125,12.125,4.654661,0,0.0,0.0
1999-04-08,12.125,12.125,12.125,12.125,4.654661,0,0.0,0.0
1999-04-09,12.125,12.125,12.125,12.125,4.654661,0,0.0,0.0
1999-04-12,12.125,12.125,12.125,12.125,4.654661,0,0.0,0.0
1999-04-13,12.125,12.125,12.125,12.125,4.654661,0,0.0,0.0
1999-04-14,11.75,12.0625,11.75,12.0625,4.630668,3000,0.0,0.0
1999-04-15,12.0625,12.0625,12.0625,12.0625,4.630668,0,0.0,0.0
1999-04-16,12.0625,12.0625,12.0625,12.0625,4.630668,0,0.0,0.0
1999-04-19,12.0625,12.0625,12.0625,12.0625,4.630668,0,0.0,0.0
1999-04-20,12.0625,12.0625,12.0625,12.0625,4.630668,0,0.0,0.0
1999-04-21,12.125,12.25,12.125,12.25,4.702652,600,0.0,0.0
1999-04-22,12.25,12.25,12.25,12.25,4.702652,0,0.0,0.0
1999-04-23,12.25,12.25,12.25,12.25,4.702652,0,0.0,0.0
1999-04-26,12.25,12.25,12.25,12.25,4.702652,0,0.0,0.0
1999-04-27,12.25,12.25,12.25,12.25,4.702652,0,0.0,0.0
1999-04-28,11.875,11.875,11.875,11.875,4.558691,600,0.0,0.0
1999-04-29,11.875,11.875,11.875,11.875,4.558691,0,0.0,0.0
1999-04-30,11.875,11.875,11.875,11.875,4.558691,200,0.0,0.0
1999-05-03,11.875,11.875,11.875,11.875,4.558691,0,0.0,0.0
1999-05-04,11.875,11.875,11.875,11.875,4.558691,0,0.0,0.0
1999-05-05,12.25,12.25,12.25,12.25,4.702652,200,0.0,0.0
1999-05-06,12.5,12.5,12.5,12.5,4.798621,2000,0.0,0.0
1999-05-07,12.5,12.5,12.5,12.5,4.798621,0,0.0,0.0
1999-05-10,12.5,12.5,12.5,12.5,4.798621,0,0.0,0.0
1999-05-11,12.5,12.5,12.5,12.5,4.798621,0,0.0,0.0
1999-05-12,12.9375,12.9375,12.9375,12.9375,4.984517,200,0.045,0.0
1999-05-13,13.4375,13.8125,13.4375,13.8125,5.321635,400,0.0,0.0
1999-05-14,13.5,13.5,13.5,13.5,5.201237,200,0.0,0.0
1999-05-17,13.75,14.75,13.75,14.75,5.682831,600,0.0,0.0
1999-05-18,14.5,14.5,14.5,14.5,5.586513,200,0.0,0.0
1999-05-19,14.5,14.5,14.5,14.5,5.586513,0,0.0,0.0
1999-05-20,15.0,15.0,15.0,15.0,5.779151,600,0.0,0.0
1999-05-21,15.0,15.0,15.0,15.0,5.779151,0,0.0,0.0
1999-05-24,14.75,14.75,14.75,14.75,5.682831,200,0.0,0.0
1999-05-25,14.75,14.75,14.75,14.75,5.682831,0,0.0,0.0
1999-05-26,14.75,14.75,14.75,14.75,5.682831,8800,0.0,0.0
1999-05-27,14.75,14.75,14.75,14.75,5.682831,0,0.0,0.0
1999-05-28,14.625,14.625,14.625,14.625,5.634671,200,0.0,0.0
1999-06-01,14.625,14.625,14.625,14.625,5.634671,0,0.0,0.0
1999-06-02,14.625,14.625,14.625,14.625,5.634671,0,0.0,0.0
1999-06-03,14.625,14.625,14.625,14.625,5.634671,0,0.0,0.0
1999-06-04,15.125,15.75,15.125,15.75,6.068107,600,0.0,0.0
1999-06-07,15.5,16.4375,15.5,16.4375,6.332987,16800,0.0,0.0
1999-06-08,16.4375,16.4375,16.4375,16.4375,6.332987,0,0.0,0.0
1999-06-09,16.4375,16.4375,16.4375,16.4375,6.332987,0,0.0,0.0
1999-06-10,16.4375,16.4375,16.4375,16.4375,6.332987,0,0.0,0.0
1999-06-11,15.9375,15.9375,15.9375,15.9375,6.140347,200,0.0,0.0
1999-06-14,15.9375,15.9375,15.9375,15.9375,6.140347,0,0.0,0.0
1999-06-15,15.9375,15.9375,15.9375,15.9375,6.140347,0,0.0,0.0
1999-06-16,15.9375,15.9375,15.9375,15.9375,6.140347,0,0.0,0.0
1999-06-17,16.5,16.5,16.5,16.5,6.357062,200,0.0,0.0
1999-06-18,17.0,17.0,16.5,17.0,6.5497,4400,0.0,0.0
1999-06-21,17.0,17.0,17.0,17.0,6.5497,800,0.0,0.0
1999-06-22,17.0,17.0,17.0,17.0,6.5497,0,0.0,0.0
1999-06-23,17.0,17.0,17.0,17.0,6.5497,0,0.0,0.0
1999-06-24,17.0,17.0,17.0,17.0,6.5497,0,0.0,0.0
1999-06-25,17.0,17.0,17.0,17.0,6.5497,0,0.0,0.0
1999-06-28,17.0,17.0,17.0,17.0,6.5497,0,0.0,0.0
1999-06-29,17.0,17.0,17.0,17.0,6.5497,0,0.0,0.0
1999-06-30,17.0,17.0,17.0,17.0,6.5497,0,0.0,0.0
1999-07-01,17.125,17.125,17.125,17.125,6.597865,200,0.0,0.0
1999-07-02,17.5,17.5,17.5,17.5,6.742342,200,0.0,0.0
1999-07-06,17.5,17.5,17.5,17.5,6.742342,0,0.0,0.0
1999-07-07,17.5,17.5,17.5,17.5,6.742342,0,0.0,0.0
1999-07-08,18.0,18.0,18.0,18.0,6.934978,200,0.0,0.0
1999-07-09,18.5,18.5,18.5,18.5,7.127617,200,0.0,0.0
1999-07-12,18.5,18.5,18.5,18.5,7.127617,0,0.0,0.0
1999-07-13,18.5,18.5,18.5,18.5,7.127617,0,0.0,0.0
1999-07-14,18.5,18.5,18.5,18.5,7.127617,0,0.0,0.0
1999-07-15,18.5,18.5,18.5,18.5,7.127617,0,0.0,0.0
1999-07-16,18.5,18.5,18.5,18.5,7.127617,0,0.0,0.0
1999-07-19,18.25,18.25,18.25,18.25,7.031299,200,0.0,0.0
1999-07-20,18.25,18.25,18.25,18.25,7.031299,0,0.0,0.0
1999-07-21,18.0,18.0,17.5,17.5,6.742342,600,0.0,0.0
1999-07-22,17.5,17.5,17.5,17.5,6.742342,0,0.0,0.0
1999-07-23,17.5,17.5,17.5,17.5,6.742342,0,0.0,0.0
1999-07-26,17.5,17.5,17.5,17.5,6.742342,0,0.0,0.0
1999-07-27,17.5,17.5,17.5,17.5,6.742342,0,0.0,0.0
1999-07-28,16.75,16.75,16.75,16.75,6.453386,200,0.0,0.0
1999-07-29,16.75,16.75,16.75,16.75,6.453386,0,0.0,0.0
1999-07-30,15.0,15.4375,15.0,15.4375,5.947708,10000,0.0,0.0
1999-08-02,16.0,16.0,16.0,16.0,6.164426,1000,0.0,0.0
1999-08-03,16.75,16.75,16.75,16.75,6.453386,200,0.0,0.0
1999-08-04,15.75,15.75,15.75,15.75,6.068107,200,0.0,0.0
1999-08-05,15.75,15.75,15.75,15.75,6.068107,0,0.0,0.0
1999-08-06,15.75,15.75,15.75,15.75,6.068107,0,0.0,0.0
1999-08-09,15.6875,15.6875,15.6875,15.6875,6.062311,0,0.0475,0.0
1999-08-10,15.6875,15.6875,15.6875,15.6875,6.062311,0,0.0,0.0
1999-08-11,15.6875,15.6875,15.6875,15.6875,6.062311,0,0.0,0.0
1999-08-12,15.6875,15.6875,15.6875,15.6875,6.062311,0,0.0,0.0
1999-08-13,15.6875,15.6875,15.6875,15.6875,6.062311,0,0.0,0.0
1999-08-16,15.6875,15.6875,15.6875,15.6875,6.062311,0,0.0,0.0
1999-08-17,15.6875,15.6875,15.6875,15.6875,6.062311,0,0.0,0.0
1999-08-18,15.6875,15.6875,15.6875,15.6875,6.062311,0,0.0,0.0
1999-08-19,15.6875,15.6875,15.6875,15.6875,6.062311,0,0.0,0.0
1999-08-20,15.5,15.5,15.0,15.0,5.796634,1000,0.0,0.0
1999-08-23,14.75,14.75,14.75,14.75,5.700021,1000,0.0,0.0
1999-08-24,14.75,14.75,14.75,14.75,5.700021,0,0.0,0.0
1999-08-25,14.75,14.75,14.75,14.75,5.700021,0,0.0,0.0
1999-08-26,14.75,14.75,14.75,14.75,5.700021,0,0.0,2.0
1999-08-27,14.75,14.75,14.75,14.75,5.700021,0,0.0,0.0
1999-08-30,14.9375,14.9375,14.9375,14.9375,5.772478,400,0.0,0.0
1999-08-31,15.1875,16.0,15.1875,16.0,6.183073,1100,0.0,0.0
1999-09-01,16.0,16.0,16.0,16.0,6.183073,0,0.0,0.0
1999-09-02,15.875,15.875,15.875,15.875,6.134768,200,0.0,0.0
1999-09-03,15.875,15.875,15.875,15.875,6.134768,0,0.0,0.0
1999-09-07,15.875,15.875,15.875,15.875,6.134768,0,0.0,0.0
1999-09-08,15.875,15.875,15.875,15.875,6.134768,0,0.0,0.0
1999-09-09,15.875,15.875,15.875,15.875,6.134768,0,0.0,0.0
1999-09-10,15.4375,15.4375,15.4375,15.4375,5.965699,700,0.0,0.0
1999-09-13,15.4375,15.4375,15.4375,15.4375,5.965699,0,0.0,0.0
1999-09-14,15.4375,15.4375,15.4375,15.4375,5.965699,0,0.0,0.0
1999-09-15,15.4375,15.4375,15.4375,15.4375,5.965699,0,0.0,0.0
1999-09-16,15.4375,15.4375,15.4375,15.4375,5.965699,0,0.0,0.0
1999-09-17,15.4375,15.4375,15.4375,15.4375,5.965699,0,0.0,0.0
1999-09-20,15.4375,15.4375,15.4375,15.4375,5.965699,0,0.0,0.0
1999-09-21,15.4375,15.4375,15.4375,15.4375,5.965699,0,0.0,0.0
1999-09-22,15.4375,15.4375,15.4375,15.4375,5.965699,0,0.0,0.0
1999-09-23,15.0,15.0,15.0,15.0,5.796634,100,0.0,0.0
1999-09-24,15.0,15.0,15.0,15.0,5.796634,100,0.0,0.0
1999-09-27,14.875,14.875,14.875,14.875,5.748327,300,0.0,0.0
1999-09-28,14.875,14.875,14.875,14.875,5.748327,0,0.0,0.0
1999-09-29,14.875,14.875,14.875,14.875,5.748327,0,0.0,0.0
1999-09-30,14.875,14.875,14.875,14.875,5.748327,0,0.0,0.0
1999-10-01,15.0,15.0,15.0,15.0,5.796634,500,0.0,0.0
1999-10-04,15.5,16.0,15.5,16.0,6.183073,600,0.0,0.0
1999-10-05,16.0,16.0,16.0,16.0,6.183073,0,0.0,0.0
1999-10-06,16.0,16.0,16.0,16.0,6.183073,0,0.0,0.0
1999-10-07,16.0,16.0,16.0,16.0,6.183073,0,0.0,0.0
1999-10-08,16.0,16.0,16.0,16.0,6.183073,0,0.0,0.0
1999-10-11,15.75,15.75,15.25,15.25,5.893243,300,0.0,0.0
1999-10-12,15.25,15.25,15.25,15.25,5.893243,400,0.0,0.0
1999-10-13,15.25,15.25,15.25,15.25,5.893243,100,0.0,0.0
1999-10-14,15.25,15.25,15.25,15.25,5.893243,0,0.0,0.0
1999-10-15,15.25,15.25,15.25,15.25,5.893243,0,0.0,0.0
1999-10-18,15.0,15.0,13.75,13.75,5.313579,200,0.0,0.0
1999-10-19,14.0,14.0,14.0,14.0,5.41019,5100,0.0,0.0
1999-10-20,14.0,14.0,14.0,14.0,5.41019,0,0.0,0.0
1999-10-21,14.0,14.125,14.0,14.0,5.41019,1700,0.0,0.0
1999-10-22,14.0,14.0,14.0,14.0,5.41019,0,0.0,0.0
1999-10-25,14.0,14.0,14.0,14.0,5.41019,0,0.0,0.0
1999-10-26,14.125,14.125,14.125,14.125,5.458493,100,0.0,0.0
1999-10-27,14.125,14.125,14.125,14.125,5.458493,0,0.0,0.0
1999-10-28,14.25,14.375,14.25,14.375,5.555103,400,0.0,0.0
1999-10-29,14.375,14.375,14.375,14.375,5.555103,0,0.0,0.0
1999-11-01,14.0,14.0,14.0,14.0,5.41019,100,0.0,0.0
1999-11-02,14.0,14.0,14.0,14.0,5.41019,0,0.0,0.0
1999-11-03,14.0,14.0,14.0,14.0,5.41019,0,0.0,0.0
1999-11-04,14.0,14.0,14.0,14.0,5.41019,0,0.0,0.0
1999-11-05,14.0,14.0,14.0,14.0,5.41019,0,0.0,0.0
1999-11-08,13.9375,13.9375,13.9375,13.9375,5.404566,0,0.048,0.0
1999-11-09,13.9375,13.9375,13.9375,13.9375,5.404566,0,0.0,0.0
1999-11-10,13.9375,13.9375,13.9375,13.9375,5.404566,0,0.0,0.0
1999-11-11,13.75,13.75,13.75,13.75,5.331861,100,0.0,0.0
1999-11-12,13.75,13.75,13.75,13.75,5.331861,0,0.0,0.0
1999-11-15,14.0,14.0,14.0,14.0,5.428802,100,0.0,0.0
1999-11-16,14.0625,14.0625,14.0625,14.0625,5.453037,200,0.0,0.0
1999-11-17,14.0625,14.0625,14.0625,14.0625,5.453037,0,0.0,0.0
1999-11-18,14.4375,14.8125,14.4375,14.8125,5.743866,3300,0.0,0.0
1999-11-19,14.6875,14.6875,14.4375,14.4375,5.598455,700,0.0,0.0
1999-11-22,14.5,14.75,14.5,14.75,5.719631,3200,0.0,0.0
1999-11-23,14.6875,14.6875,14.375,14.375,5.574217,2600,0.0,0.0
1999-11-24,14.25,14.25,13.375,13.375,5.186444,800,0.0,0.0
1999-11-26,13.375,13.375,13.375,13.375,5.186444,0,0.0,0.0
1999-11-29,13.375,13.4375,13.375,13.4375,5.21068,2600,0.0,0.0
1999-11-30,13.5,13.5,13.5,13.5,5.234916,100,0.0,0.0
1999-12-01,13.25,13.25,13.25,13.25,5.137974,300,0.0,0.0
1999-12-02,13.1875,13.1875,12.9375,12.9375,5.016795,700,0.0,0.0
1999-12-03,12.9375,12.9375,12.9375,12.9375,5.016795,0,0.0,0.0
1999-12-06,12.875,12.875,12.75,12.75,4.944088,600,0.0,0.0
1999-12-07,12.75,12.75,12.75,12.75,4.944088,0,0.0,0.0
1999-12-08,12.75,12.75,12.75,12.75,4.944088,0,0.0,0.0
1999-12-09,12.6875,12.6875,12.6875,12.6875,4.919851,500,0.0,0.0
1999-12-10,12.6875,12.6875,12.6875,12.6875,4.919851,0,0.0,0.0
1999-12-13,12.6875,12.6875,12.6875,12.6875,4.919851,0,0.0,0.0
1999-12-14,12.6875,12.6875,12.6875,12.6875,4.919851,0,0.0,0.0
1999-12-15,12.6875,12.6875,12.6875,12.6875,4.919851,0,0.0,0.0
1999-12-16,12.6875,12.6875,12.6875,12.6875,4.919851,0,0.0,0.0
1999-12-17,12.6875,12.6875,12.6875,12.6875,4.919851,0,0.0,0.0
1999-12-20,12.6875,12.6875,12.6875,12.6875,4.919851,0,0.0,0.0
1999-12-21,12.6875,12.6875,12.6875,12.6875,4.919851,0,0.0,0.0
1999-12-22,12.6875,12.6875,12.6875,12.6875,4.919851,0,0.0,0.0
1999-12-23,12.6875,12.6875,12.6875,12.6875,4.919851,0,0.0,0.0
1999-12-27,12.75,13.25,12.75,13.25,5.137974,7900,0.0,0.0
1999-12-28,13.1875,13.1875,13.125,13.125,5.0895,1000,0.0,0.0
1999-12-29,13.125,13.125,13.125,13.125,5.0895,0,0.0,0.0
1999-12-30,13.0625,13.0625,13.0,13.0,5.04103,900,0.0,0.0
1999-12-31,12.9375,12.9375,12.875,12.875,4.992562,1000,0.0,0.0
2000-01-03,12.8125,12.8125,12.375,12.375,4.798674,1000,0.0,0.0
2000-01-04,12.3125,12.3125,12.125,12.125,4.701731,2000,0.0,0.0
2000-01-05,12.125,12.125,12.125,12.125,4.701731,0,0.0,0.0
2000-01-06,12.125,12.125,12.125,12.125,4.701731,0,0.0,0.0
2000-01-07,12.125,12.125,12.125,12.125,4.701731,0,0.0,0.0
2000-01-10,12.25,12.25,12.1875,12.1875,4.725966,500,0.0,0.0
2000-01-11,12.125,12.125,12.125,12.125,4.701731,100,0.0,0.0
2000-01-12,12.125,12.125,12.125,12.125,4.701731,0,0.0,0.0
2000-01-13,12.125,12.125,12.125,12.125,4.701731,0,0.0,0.0
2000-01-14,12.125,12.125,12.125,12.125,4.701731,0,0.0,0.0
2000-01-18,12.1875,12.4375,12.1875,12.4375,4.822907,2200,0.0,0.0
2000-01-19,12.5,12.6875,12.5,12.6875,4.919851,3500,0.0,0.0
2000-01-20,12.625,12.625,12.625,12.625,4.895619,500,0.0,0.0
2000-01-21,12.6875,12.6875,12.6875,12.6875,4.919851,1000,0.0,0.0
2000-01-24,12.5625,12.5625,12.375,12.375,4.798674,1200,0.0,0.0
2000-01-25,12.3125,12.3125,12.25,12.25,4.750203,2500,0.0,0.0
2000-01-26,12.1875,12.1875,12.0625,12.0625,4.677494,1500,0.0,0.0
2000-01-27,12.0625,12.0625,12.0625,12.0625,4.677494,0,0.0,0.0
2000-01-28,12.0,12.0,12.0,12.0,4.65326,500,0.0,0.0
2000-01-31,11.9375,11.9375,11.9375,11.9375,4.629025,500,0.0,0.0
2000-02-01,11.9375,11.9375,11.9375,11.9375,4.629025,0,0.0,0.0
2000-02-02,11.9375,11.9375,11.9375,11.9375,4.629025,0,0.0,0.0
2000-02-03,11.9375,11.9375,11.9375,11.9375,4.629025,0,0.0,0.0
2000-02-04,11.9375,11.9375,11.9375,11.9375,4.629025,0,0.0,0.0
2000-02-07,11.9375,11.9375,11.9375,11.9375,4.629025,0,0.0,0.0
2000-02-08,9.9375,9.9375,9.9375,9.9375,3.85348,300,0.0,0.0
2000-02-09,9.9375,9.9375,9.9375,9.9375,3.85348,0,0.0,0.0
2000-02-10,9.875,9.875,9.875,9.875,3.829245,200,0.0,0.0
2000-02-11,9.8125,9.8125,9.8125,9.8125,3.823595,0,0.048,0.0
2000-02-14,9.875,9.875,9.875,9.875,3.84795,500,0.0,0.0
2000-02-15,9.75,9.75,9.75,9.75,3.799238,200,0.0,0.0
2000-02-16,9.75,9.75,9.75,9.75,3.799238,0,0.0,0.0
2000-02-17,9.75,9.75,9.75,9.75,3.799238,0,0.0,0.0
2000-02-18,9.75,9.75,9.75,9.75,3.799238,0,0.0,0.0
2000-02-22,9.75,9.75,9.75,9.75,3.799238,0,0.0,0.0
2000-02-23,9.75,9.75,9.75,9.75,3.799238,0,0.0,0.0
2000-02-24,9.75,9.75,9.75,9.75,3.799238,0,0.0,0.0
2000-02-25,10.0,10.25,10.0,10.25,3.994074,500,0.0,0.0
2000-02-28,10.125,10.1875,10.125,10.1875,3.969718,2500,0.0,0.0
2000-02-29,10.3125,10.5,10.3125,10.5,4.09149,1100,0.0,0.0
2000-03-01,10.5,10.5,10.5,10.5,4.09149,0,0.0,0.0
2000-03-02,10.625,10.875,10.625,10.875,4.237616,1000,0.0,0.0
2000-03-03,10.875,10.875,10.875,10.875,4.237616,0,0.0,0.0
2000-03-06,10.875,10.875,10.875,10.875,4.237616,0,0.0,0.0
2000-03-07,10.875,10.875,10.875,10.875,4.237616,0,0.0,0.0
2000-03-08,10.25,10.25,10.0625,10.0625,3.921012,2200,0.0,0.0
2000-03-09,10.25,10.25,10.25,10.25,3.994074,500,0.0,0.0
2000-03-10,10.25,10.25,10.25,10.25,3.994074,0,0.0,0.0
2000-03-13,10.25,10.25,10.25,10.25,3.994074,200,0.0,0.0
2000-03-14,10.25,10.25,10.25,10.25,3.994074,0,0.0,0.0
2000-03-15,10.25,10.25,10.25,10.25,3.994074,0,0.0,0.0
2000-03-16,10.25,10.25,10.25,10.25,3.994074,0,0.0,0.0
2000-03-17,10.25,10.25,10.25,10.25,3.994074,0,0.0,0.0
2000-03-20,10.25,10.25,10.25,10.25,3.994074,0,0.0,0.0
2000-03-21,10.1875,10.5625,10.1875,10.5625,4.115845,300,0.0,0.0
2000-03-22,10.5625,10.5625,10.5625,10.5625,4.115845,0,0.0,0.0
2000-03-23,10.5625,10.5625,10.5625,10.5625,4.115845,0,0.0,0.0
2000-03-24,10.5625,10.5625,10.5625,10.5625,4.115845,0,0.0,0.0
2000-03-27,10.5625,10.5625,10.5625,10.5625,4.115845,0,0.0,0.0
2000-03-28,10.5625,10.5625,10.5625,10.5625,4.115845,0,0.0,0.0
2000-03-29,10.5625,10.5625,10.5625,10.5625,4.115845,0,0.0,0.0
2000-03-30,10.5625,10.5625,10.5625,10.5625,4.115845,0,0.0,0.0
2000-03-31,10.5625,10.5625,10.5625,10.5625,4.115845,0,0.0,0.0
2000-04-03,10.5625,10.5625,10.5625,10.5625,4.115845,0,0.0,0.0
2000-04-04,10.5625,10.5625,10.5625,10.5625,4.115845,0,0.0,0.0
2000-04-05,10.875,11.25,10.875,11.25,4.383739,500,0.0,0.0
2000-04-06,11.4375,11.8125,11.4375,11.8125,4.602926,300,0.0,0.0
2000-04-07,12.125,12.125,12.125,12.125,4.724695,100,0.0,0.0
2000-04-10,12.25,12.9375,12.25,12.9375,5.041301,1100,0.0,0.0
2000-04-11,13.1875,13.1875,13.1875,13.1875,5.138718,100,0.0,0.0
2000-04-12,12.9375,12.9375,12.9375,12.9375,5.041301,500,0.0,0.0
2000-04-13,12.8125,13.0625,12.8125,13.0625,5.090009,1400,0.0,0.0
2000-04-14,13.0625,13.0625,13.0625,13.0625,5.090009,0,0.0,0.0
2000-04-17,13.125,13.125,12.9375,12.9375,5.041301,900,0.0,0.0
2000-04-18,12.375,12.375,12.375,12.375,4.822114,500,0.0,0.0
2000-04-19,12.0,12.0,12.0,12.0,4.675988,200,0.0,0.0
2000-04-20,12.0,12.0,12.0,12.0,4.675988,0,0.0,0.0
2000-04-24,12.0625,12.0625,12.0,12.0,4.675988,3000,0.0,0.0
2000-04-25,11.5,11.5,11.5,11.5,4.481154,200,0.0,0.0
2000-04-26,11.0,11.0,10.0,10.0,3.896656,300,0.0,0.0
2000-04-27,10.25,10.25,10.25,10.25,3.994074,100,0.0,0.0
2000-04-28,10.375,10.625,10.375,10.625,4.140197,1000,0.0,0.0
2000-05-01,10.75,10.75,10.75,10.75,4.188908,500,0.0,0.0
2000-05-02,10.75,10.75,10.75,10.75,4.188908,0,0.0,0.0
2000-05-03,10.75,10.75,10.75,10.75,4.188908,0,0.0,0.0
2000-05-04,10.75,10.75,10.75,10.75,4.188908,0,0.0,0.0
2000-05-05,11.0,11.1875,11.0,11.1875,4.359384,200,0.0,0.0
2000-05-08,11.1875,11.1875,11.1875,11.1875,4.359384,0,0.0,0.0
2000-05-09,11.1875,11.1875,11.1875,11.1875,4.359384,0,0.0,0.0
2000-05-10,11.375,11.375,11.375,11.375,4.432448,4300,0.0,0.0
2000-05-11,11.3125,11.3125,11.3125,11.3125,4.426773,0,0.048,0.0
2000-05-12,11.375,11.4375,11.375,11.4375,4.475688,3100,0.0,0.0
2000-05-15,11.5,11.75,11.5,11.75,4.597974,800,0.0,0.0
2000-05-16,11.875,12.125,11.875,12.125,4.744719,300,0.0,0.0
2000-05-17,12.25,12.25,12.25,12.25,4.793632,100,0.0,0.0
2000-05-18,12.25,12.25,12.25,12.25,4.793632,0,0.0,0.0
2000-05-19,12.25,12.25,12.25,12.25,4.793632,0,0.0,0.0
2000-05-22,12.25,12.25,12.25,12.25,4.793632,0,0.0,0.0
2000-05-23,12.125,12.125,11.875,11.875,4.646888,300,0.0,0.0
2000-05-24,11.875,11.875,11.875,11.875,4.646888,0,0.0,0.0
2000-05-25,11.875,11.875,11.875,11.875,4.646888,0,0.0,0.0
2000-05-26,11.5,11.75,11.5,11.75,4.597974,1300,0.0,0.0
2000-05-30,11.875,11.875,11.875,11.875,4.646888,1000,0.0,0.0
2000-05-31,11.875,11.875,11.875,11.875,4.646888,0,0.0,0.0
2000-06-01,11.25,11.25,11.25,11.25,4.402315,100,0.0,0.0
2000-06-02,10.625,10.625,10.625,10.625,4.157743,100,0.0,0.0
2000-06-05,10.625,10.625,10.625,10.625,4.157743,0,0.0,0.0
2000-06-06,10.375,10.625,10.375,10.5,4.108828,10600,0.0,0.0
2000-06-07,10.6875,10.6875,10.6875,10.6875,4.1822,1000,0.0,0.0
2000-06-08,10.6875,10.6875,10.6875,10.6875,4.1822,0,0.0,0.0
2000-06-09,10.6875,10.6875,10.6875,10.6875,4.1822,900,0.0,0.0
2000-06-12,10.6875,11.0,10.6875,11.0,4.304487,900,0.0,0.0
2000-06-13,11.0,11.0,11.0,11.0,4.304487,0,0.0,0.0
2000-06-14,11.125,11.125,11.125,11.125,4.3534,500,0.0,0.0
2000-06-15,11.125,11.125,11.125,11.125,4.3534,0,0.0,0.0
2000-06-16,11.125,11.25,11.125,11.25,4.402315,400,0.0,0.0
2000-06-19,11.25,11.25,11.25,11.25,4.402315,0,0.0,0.0
2000-06-20,11.25,11.25,11.25,11.25,4.402315,0,0.0,0.0
2000-06-21,11.25,11.25,11.25,11.25,4.402315,0,0.0,0.0
2000-06-22,11.25,11.25,11.25,11.25,4.402315,0,0.0,0.0
2000-06-23,11.25,11.25,11.25,11.25,4.402315,0,0.0,0.0
2000-06-26,11.25,11.25,11.25,11.25,4.402315,0,0.0,0.0
2000-06-27,11.25,11.25,11.25,11.25,4.402315,0,0.0,0.0
2000-06-28,11.25,11.25,11.25,11.25,4.402315,0,0.0,0.0
2000-06-29,11.25,11.25,11.25,11.25,4.402315,0,0.0,0.0
2000-06-30,11.0,11.0,11.0,11.0,4.304487,300,0.0,0.0
2000-07-03,11.0,11.0,11.0,11.0,4.304487,0,0.0,0.0
2000-07-05,11.0,11.0,11.0,11.0,4.304487,0,0.0,0.0
2000-07-06,11.0,11.0,11.0,11.0,4.304487,0,0.0,0.0
2000-07-07,11.0,11.0,11.0,11.0,4.304487,0,0.0,0.0
2000-07-10,11.0,11.0,11.0,11.0,4.304487,0,0.0,0.0
2000-07-11,11.0,11.0,11.0,11.0,4.304487,0,0.0,0.0
2000-07-12,11.0,11.0,11.0,11.0,4.304487,0,0.0,0.0
2000-07-13,11.25,11.25,11.25,11.25,4.402315,100,0.0,0.0
2000-07-14,11.25,11.25,11.25,11.25,4.402315,0,0.0,0.0
2000-07-17,11.25,11.25,11.25,11.25,4.402315,0,0.0,0.0
2000-07-18,11.25,11.25,11.25,11.25,4.402315,0,0.0,0.0
2000-07-19,11.25,11.25,11.25,11.25,4.402315,0,0.0,0.0
2000-07-20,11.25,11.25,11.25,11.25,4.402315,0,0.0,0.0
2000-07-21,11.25,11.25,11.25,11.25,4.402315,0,0.0,0.0
2000-07-24,11.25,11.25,11.25,11.25,4.402315,0,0.0,0.0
2000-07-25,11.25,11.25,11.25,11.25,4.402315,0,0.0,0.0
2000-07-26,11.25,11.25,11.25,11.25,4.402315,0,0.0,0.0
2000-07-27,11.25,11.25,11.25,11.25,4.402315,0,0.0,0.0
2000-07-28,11.25,11.25,11.25,11.25,4.402315,0,0.0,0.0
2000-07-31,11.25,11.25,11.25,11.25,4.402315,0,0.0,0.0
2000-08-01,11.25,11.25,11.25,11.25,4.402315,0,0.0,0.0
2000-08-02,11.25,11.25,11.25,11.25,4.402315,0,0.0,0.0
2000-08-03,11.25,11.25,11.25,11.25,4.402315,0,0.0,0.0
2000-08-04,11.25,11.25,11.25,11.25,4.402315,0,0.0,0.0
2000-08-07,11.25,11.25,11.25,11.25,4.402315,0,0.0,0.0
2000-08-08,11.1875,11.1875,11.1875,11.1875,4.396616,0,0.048,0.0
2000-08-09,11.1875,11.1875,11.1875,11.1875,4.396616,0,0.0,0.0
2000-08-10,11.1875,11.1875,11.1875,11.1875,4.396616,0,0.0,0.0
2000-08-11,11.1875,11.1875,11.1875,11.1875,4.396616,0,0.0,0.0
2000-08-14,12.0,12.0,12.0,12.0,4.715925,500,0.0,0.0
2000-08-15,12.0,12.0,12.0,12.0,4.715925,0,0.0,0.0
2000-08-16,12.0,12.0,12.0,12.0,4.715925,0,0.0,0.0
2000-08-17,12.0,12.0,12.0,12.0,4.715925,0,0.0,0.0
2000-08-18,12.0,12.0,12.0,12.0,4.715925,0,0.0,0.0
2000-08-21,12.0,12.0,12.0,12.0,4.715925,0,0.0,0.0
2000-08-22,11.875,11.875,11.8125,11.8125,4.64224,2200,0.0,0.0
2000-08-23,11.8125,11.8125,11.8125,11.8125,4.64224,0,0.0,0.0
2000-08-24,11.625,11.625,11.625,11.625,4.568553,500,0.0,0.0
2000-08-25,11.5,11.5,11.5,11.5,4.519427,2000,0.0,0.0
2000-08-28,11.5,11.5,11.5,11.5,4.519427,0,0.0,0.0
2000-08-29,11.5,11.5,11.5,11.5,4.519427,0,0.0,0.0
2000-08-30,11.5,11.5,11.5,11.5,4.519427,0,0.0,0.0
2000-08-31,11.5,11.5,11.5,11.5,4.519427,0,0.0,0.0
2000-09-01,11.5,11.5,11.5,11.5,4.519427,0,0.0,0.0
2000-09-05,11.5,11.5,11.5,11.5,4.519427,0,0.0,0.0
2000-09-06,11.5,11.5,11.5,11.5,4.519427,0,0.0,0.0
2000-09-07,11.5,11.5,11.5,11.5,4.519427,0,0.0,0.0
2000-09-08,11.5,11.5,11.5,11.5,4.519427,0,0.0,0.0
2000-09-11,11.25,11.25,11.25,11.25,4.421179,1000,0.0,0.0
2000-09-12,11.25,11.25,11.25,11.25,4.421179,0,0.0,0.0
2000-09-13,11.625,11.625,11.625,11.625,4.568553,500,0.0,0.0
2000-09-14,11.625,11.625,11.625,11.625,4.568553,0,0.0,0.0
2000-09-15,11.5,11.5,11.5,11.5,4.519427,800,0.0,0.0
2000-09-18,11.5,11.5,11.5,11.5,4.519427,0,0.0,0.0
2000-09-19,11.5,11.5,11.5,11.5,4.519427,0,0.0,0.0
2000-09-20,11.5,11.5,11.5,11.5,4.519427,0,0.0,0.0
2000-09-21,11.5,11.5,11.5,11.5,4.519427,0,0.0,0.0
2000-09-22,11.5,11.5,11.5,11.5,4.519427,0,0.0,0.0
2000-09-25,11.5,11.5,11.5,11.5,4.519427,0,0.0,0.0
2000-09-26,11.5,11.5,11.5,11.5,4.519427,0,0.0,0.0
2000-09-27,11.5,11.5,11.5,11.5,4.519427,0,0.0,0.0
2000-09-28,11.5,11.5,11.5,11.5,4.519427,0,0.0,0.0
2000-09-29,11.5,11.5,11.5,11.5,4.519427,0,0.0,0.0
2000-10-02,11.5,11.5,11.5,11.5,4.519427,0,0.0,0.0
2000-10-03,11.5,11.5,11.5,11.5,4.519427,0,0.0,0.0
2000-10-04,11.5,11.5,11.5,11.5,4.519427,0,0.0,0.0
2000-10-05,11.5,11.5,11.5,11.5,4.519427,0,0.0,0.0
2000-10-06,11.5,11.5,11.5,11.5,4.519427,0,0.0,0.0
2000-10-09,11.5,11.5,11.5,11.5,4.519427,0,0.0,0.0
2000-10-10,11.5,11.5,11.5,11.5,4.519427,0,0.0,0.0
2000-10-11,11.5,11.5,11.5,11.5,4.519427,0,0.0,0.0
2000-10-12,11.5,11.5,11.5,11.5,4.519427,0,0.0,0.0
2000-10-13,11.5,11.5,11.5,11.5,4.519427,0,0.0,0.0
2000-10-16,11.5,11.5,11.5,11.5,4.519427,0,0.0,0.0
2000-10-17,11.5,11.5,11.5,11.5,4.519427,0,0.0,0.0
2000-10-18,11.5,11.5,11.5,11.5,4.519427,0,0.0,0.0
2000-10-19,11.5,11.5,11.5,11.5,4.519427,0,0.0,0.0
2000-10-20,11.5,11.5,11.5,11.5,4.519427,0,0.0,0.0
2000-10-23,11.5,11.5,11.5,11.5,4.519427,0,0.0,0.0
2000-10-24,11.5,11.5,11.5,11.5,4.519427,0,0.0,0.0
2000-10-25,11.5,11.5,11.5,11.5,4.519427,0,0.0,0.0
2000-10-26,11.5,11.5,11.5,11.5,4.519427,0,0.0,0.0
2000-10-27,11.5,11.5,11.5,11.5,4.519427,0,0.0,0.0
2000-10-30,11.5,11.5,11.5,11.5,4.519427,0,0.0,0.0
2000-10-31,11.5,11.5,11.5,11.5,4.519427,0,0.0,0.0
2000-11-01,11.5,11.5,11.5,11.5,4.519427,0,0.0,0.0
2000-11-02,11.5,11.5,11.5,11.5,4.519427,0,0.0,0.0
2000-11-03,11.5,11.5,11.5,11.5,4.519427,0,0.0,0.0
2000-11-06,11.5,11.5,11.5,11.5,4.519427,0,0.0,0.0
2000-11-07,11.4375,11.4375,11.4375,11.4375,4.514495,0,0.05,0.0
2000-11-08,11.4375,11.4375,11.4375,11.4375,4.514495,0,0.0,0.0
2000-11-09,11.4375,11.4375,11.4375,11.4375,4.514495,0,0.0,0.0
2000-11-10,11.4375,11.4375,11.4375,11.4375,4.514495,0,0.0,0.0
2000-11-13,11.4375,11.4375,11.4375,11.4375,4.514495,0,0.0,0.0
2000-11-14,11.4375,11.4375,11.4375,11.4375,4.514495,0,0.0,0.0
2000-11-15,11.4375,11.4375,11.4375,11.4375,4.514495,0,0.0,0.0
2000-11-16,11.4375,11.4375,11.4375,11.4375,4.514495,0,0.0,0.0
2000-11-17,11.4375,11.4375,11.4375,11.4375,4.514495,0,0.0,0.0
2000-11-20,11.4375,11.4375,11.4375,11.4375,4.514495,0,0.0,0.0
2000-11-21,11.4375,11.4375,11.4375,11.4375,4.514495,400,0.0,0.0
2000-11-22,11.4375,11.4375,11.4375,11.4375,4.514495,0,0.0,0.0
2000-11-24,11.4375,11.4375,11.4375,11.4375,4.514495,0,0.0,0.0
2000-11-27,11.4375,11.4375,11.4375,11.4375,4.514495,0,0.0,0.0
2000-11-28,11.4375,11.4375,11.25,11.25,4.440485,900,0.0,0.0
2000-11-29,11.25,11.25,11.25,11.25,4.440485,0,0.0,0.0
2000-11-30,11.25,11.25,11.25,11.25,4.440485,0,0.0,0.0
2000-12-01,11.25,11.25,11.25,11.25,4.440485,0,0.0,0.0
2000-12-04,11.25,11.25,11.25,11.25,4.440485,0,0.0,0.0
2000-12-05,11.25,11.25,11.25,11.25,4.440485,0,0.0,0.0
2000-12-06,11.0,11.0,11.0,11.0,4.341806,1400,0.0,0.0
2000-12-07,11.0,11.0,11.0,11.0,4.341806,0,0.0,0.0
2000-12-08,11.0,11.0,11.0,11.0,4.341806,0,0.0,0.0
2000-12-11,11.0,11.0,11.0,11.0,4.341806,3900,0.0,0.0
2000-12-12,11.0,11.0,11.0,11.0,4.341806,0,0.0,0.0
2000-12-13,10.0,10.0,10.0,10.0,3.9471,700,0.0,0.0
2000-12-14,10.0,10.0,10.0,10.0,3.9471,0,0.0,0.0
2000-12-15,10.0,10.0,10.0,10.0,3.9471,0,0.0,0.0
2000-12-18,10.0,10.0,10.0,10.0,3.9471,0,0.0,0.0
2000-12-19,10.0,10.0,10.0,10.0,3.9471,0,0.0,0.0
2000-12-20,10.0,10.0,10.0,10.0,3.9471,0,0.0,0.0
2000-12-21,10.0,10.0,10.0,10.0,3.9471,0,0.0,0.0
2000-12-22,10.0,10.0,10.0,10.0,3.9471,0,0.0,0.0
2000-12-26,10.0,10.0,10.0,10.0,3.9471,0,0.0,0.0
2000-12-27,9.5,9.5625,9.3125,9.5625,3.774415,9300,0.0,0.0
2000-12-28,9.5625,9.5625,9.5625,9.5625,3.774415,0,0.0,0.0
2000-12-29,9.5625,9.5625,9.5625,9.5625,3.774415,0,0.0,0.0
2001-01-02,9.5625,9.5625,9.5625,9.5625,3.774415,0,0.0,0.0
2001-01-03,10.0,10.0,10.0,10.0,3.9471,100,0.0,0.0
2001-01-04,10.0,10.0,10.0,10.0,3.9471,0,0.0,0.0
2001-01-05,10.0,10.0,10.0,10.0,3.9471,0,0.0,0.0
2001-01-08,10.0,10.0,10.0,10.0,3.9471,0,0.0,0.0
2001-01-09,10.375,10.375,10.375,10.375,4.095115,500,0.0,0.0
2001-01-10,10.375,10.375,10.375,10.375,4.095115,0,0.0,0.0
2001-01-11,10.375,10.375,10.375,10.375,4.095115,0,0.0,0.0
2001-01-12,10.375,10.375,10.375,10.375,4.095115,0,0.0,0.0
2001-01-16,10.375,10.375,10.375,10.375,4.095115,0,0.0,0.0
2001-01-17,10.375,10.375,10.375,10.375,4.095115,0,0.0,0.0
2001-01-18,10.5625,10.5625,10.5625,10.5625,4.169122,100,0.0,0.0
2001-01-19,10.625,10.625,10.625,10.625,4.193791,100,0.0,0.0
2001-01-22,10.9375,11.0,10.9375,11.0,4.341806,200,0.0,0.0
2001-01-23,11.0,11.0,11.0,11.0,4.341806,0,0.0,0.0
2001-01-24,11.125,11.125,11.125,11.125,4.391146,200,0.0,0.0
2001-01-25,11.4375,11.4375,11.4375,11.4375,4.514495,100,0.0,0.0
2001-01-26,11.4375,11.4375,11.4375,11.4375,4.514495,0,0.0,0.0
2001-01-29,11.44,11.44,11.44,11.44,4.51548,0,0.0,0.0
2001-01-30,11.62,11.62,11.62,11.62,4.586529,200,0.0,0.0
2001-01-31,11.62,11.62,11.62,11.62,4.586529,0,0.0,0.0
2001-02-01,13.0,13.0,13.0,13.0,5.131228,100,0.0,0.0
2001-02-02,13.25,13.6,13.25,13.6,5.368054,300,0.0,0.0
2001-02-05,13.6,13.6,13.6,13.6,5.368054,0,0.0,0.0
2001-02-06,13.6,13.6,13.6,13.6,5.368054,0,0.0,0.0
2001-02-07,13.65,13.65,13.65,13.65,5.387789,1200,0.0,0.0
2001-02-08,13.6,13.6,13.6,13.6,5.38779,0,0.05,0.0
2001-02-09,13.6,13.6,13.6,13.6,5.38779,0,0.0,0.0
2001-02-12,13.6,13.6,13.6,13.6,5.38779,0,0.0,0.0
2001-02-13,13.6,13.6,13.6,13.6,5.38779,0,0.0,0.0
2001-02-14,13.6,13.6,13.6,13.6,5.38779,0,0.0,0.0
2001-02-15,13.8,13.8,13.8,13.8,5.46702,200,0.0,0.0
2001-02-16,13.8,13.8,13.8,13.8,5.46702,0,0.0,0.0
2001-02-20,13.8,13.8,13.8,13.8,5.46702,0,0.0,0.0
2001-02-21,13.8,13.8,13.8,13.8,5.46702,0,0.0,0.0
2001-02-22,13.8,13.8,13.8,13.8,5.46702,0,0.0,0.0
2001-02-23,13.8,13.8,13.8,13.8,5.46702,0,0.0,0.0
2001-02-26,13.6,13.6,13.4,13.4,5.308554,1500,0.0,0.0
2001-02-27,13.6,14.0,13.6,14.0,5.546255,1000,0.0,0.0
2001-02-28,14.0,14.0,14.0,14.0,5.546255,0,0.0,0.0
2001-03-01,13.8,13.8,13.8,13.8,5.46702,200,0.0,0.0
2001-03-02,13.8,13.8,13.8,13.8,5.46702,0,0.0,0.0
2001-03-05,13.8,13.8,13.8,13.8,5.46702,0,0.0,0.0
2001-03-06,13.8,13.8,13.8,13.8,5.46702,0,0.0,0.0
2001-03-07,13.8,13.8,13.8,13.8,5.46702,0,0.0,0.0
2001-03-08,13.8,13.8,13.8,13.8,5.46702,0,0.0,0.0
2001-03-09,13.8,13.8,13.8,13.8,5.46702,0,0.0,0.0
2001-03-12,13.3,13.3,13.3,13.3,5.26894,100,0.0,0.0
2001-03-13,13.1,13.1,13.1,13.1,5.189709,100,0.0,0.0
2001-03-14,13.15,13.3,13.15,13.3,5.26894,2100,0.0,0.0
2001-03-15,13.3,13.7,13.3,13.7,5.427404,1800,0.0,0.0
2001-03-16,13.8,13.9,13.8,13.9,5.506638,700,0.0,0.0
2001-03-19,13.8,13.8,13.8,13.8,5.46702,500,0.0,0.0
2001-03-20,13.9,13.9,13.9,13.9,5.506638,500,0.0,0.0
2001-03-21,14.0,14.05,14.0,14.05,5.566061,700,0.0,0.0
2001-03-22,14.0,14.0,14.0,14.0,5.546255,200,0.0,0.0
2001-03-23,14.0,14.0,14.0,14.0,5.546255,500,0.0,0.0
2001-03-26,13.9,13.9,13.9,13.9,5.506638,500,0.0,0.0
2001-03-27,13.8,13.8,13.7,13.7,5.427404,400,0.0,0.0
2001-03-28,13.7,13.7,13.7,13.7,5.427404,0,0.0,0.0
2001-03-29,13.7,13.7,13.7,13.7,5.427404,0,0.0,0.0
2001-03-30,13.6,13.6,13.6,13.6,5.38779,500,0.0,0.0
2001-04-02,13.6,13.6,13.6,13.6,5.38779,0,0.0,0.0
2001-04-03,13.5,13.5,13.35,13.35,5.28875,1200,0.0,0.0
2001-04-04,13.3,13.3,13.1,13.1,5.189709,600,0.0,0.0
2001-04-05,13.2,13.25,13.2,13.25,5.249131,600,0.0,0.0
2001-04-06,13.25,13.25,13.25,13.25,5.249131,0,0.0,0.0
2001-04-09,13.25,13.25,13.25,13.25,5.249131,0,0.0,0.0
2001-04-10,13.25,13.25,13.25,13.25,5.249131,0,0.0,0.0
2001-04-11,13.25,13.25,13.25,13.25,5.249131,0,0.0,0.0
2001-04-12,13.2,13.2,13.2,13.2,5.229325,200,0.0,0.0
2001-04-16,13.1,13.1,12.9,12.9,5.110475,1300,0.0,0.0
2001-04-17,12.9,12.9,12.9,12.9,5.110475,0,0.0,0.0
2001-04-18,12.85,13.0,12.85,13.0,5.150094,1200,0.0,0.0
2001-04-19,13.0,13.9,13.0,13.9,5.506638,3500,0.0,0.0
2001-04-20,13.8,13.8,13.75,13.75,5.447216,700,0.0,0.0
2001-04-23,13.65,13.65,13.55,13.55,5.367983,700,0.0,0.0
2001-04-24,13.45,13.45,13.45,13.45,5.328366,1000,0.0,0.0
2001-04-25,13.49,14.2,13.49,14.2,5.625485,3800,0.0,0.0
2001-04-26,14.3,14.9,14.3,14.9,5.902797,3700,0.0,0.0
2001-04-27,14.8,14.8,14.5,14.5,5.744333,3200,0.0,0.0
2001-04-30,14.6,14.8,13.8,13.8,5.46702,4200,0.0,0.0
2001-05-01,13.85,14.55,13.85,14.55,5.764143,3300,0.0,0.0
2001-05-02,14.5,14.5,14.45,14.45,5.724526,1200,0.0,0.0
2001-05-03,14.35,14.35,14.1,14.1,5.58587,1700,0.0,0.0
2001-05-04,14.0,14.0,13.8,13.8,5.46702,1400,0.0,0.0
2001-05-07,13.8,13.8,13.8,13.8,5.46702,0,0.0,0.0
2001-05-08,13.8,13.8,13.8,13.8,5.46702,0,0.0,0.0
2001-05-09,13.9,14.1,13.9,14.1,5.58587,1500,0.0,0.0
2001-05-10,14.0,14.0,13.8,13.8,5.46702,400,0.0,0.0
2001-05-11,13.8,13.8,13.8,13.8,5.46702,0,0.0,0.0
2001-05-14,13.7,13.7,13.7,13.7,5.427404,500,0.0,0.0
2001-05-15,13.6,13.6,13.6,13.6,5.38779,200,0.0,0.0
2001-05-16,13.5,13.5,13.4,13.4,5.308554,600,0.0,0.0
2001-05-17,13.35,13.35,13.35,13.35,5.308557,0,0.05,0.0
2001-05-18,13.35,13.35,13.35,13.35,5.308557,0,0.0,0.0
2001-05-21,13.35,13.35,13.35,13.35,5.308557,0,0.0,0.0
2001-05-22,13.45,14.6,13.45,14.4,5.726083,4000,0.0,0.0
2001-05-23,14.3,14.3,13.95,13.95,5.547143,1300,0.0,0.0
2001-05-24,14.0,14.0,13.7,13.7,5.447733,1500,0.0,0.0
2001-05-25,13.7,13.7,13.7,13.7,5.447733,0,0.0,0.0
2001-05-29,13.6,13.6,13.5,13.5,5.368204,400,0.0,0.0
2001-05-30,13.5,13.5,13.5,13.5,5.368204,0,0.0,0.0
2001-05-31,13.5,13.5,13.5,13.5,5.368204,0,0.0,0.0
2001-06-01,13.5,13.5,13.5,13.5,5.368204,0,0.0,0.0
2001-06-04,13.5,13.5,13.5,13.5,5.368204,0,0.0,0.0
2001-06-05,13.5,13.5,13.5,13.5,5.368204,0,0.0,0.0
2001-06-06,13.5,13.5,13.5,13.5,5.368204,0,0.0,0.0
2001-06-07,13.5,13.5,13.5,13.5,5.368204,0,0.0,0.0
2001-06-08,13.5,13.5,13.5,13.5,5.368204,0,0.0,0.0
2001-06-11,13.5,13.5,13.5,13.5,5.368204,0,0.0,0.0
2001-06-12,13.5,13.5,13.5,13.5,5.368204,0,0.0,0.0
2001-06-13,13.5,13.5,13.5,13.5,5.368204,0,0.0,0.0
2001-06-14,13.5,13.5,13.5,13.5,5.368204,0,0.0,0.0
2001-06-15,13.5,13.5,13.5,13.5,5.368204,0,0.0,0.0
2001-06-18,13.5,13.5,13.5,13.5,5.368204,0,0.0,0.0
2001-06-19,13.5,13.5,13.5,13.5,5.368204,0,0.0,0.0
2001-06-20,13.5,13.5,13.5,13.5,5.368204,0,0.0,0.0
2001-06-21,13.6,13.75,13.6,13.75,5.467616,500,0.0,0.0
2001-06-22,13.65,13.65,13.65,13.65,5.427848,200,0.0,0.0
2001-06-25,13.75,13.9,13.75,13.85,5.507379,900,0.0,0.0
2001-06-26,13.75,13.75,13.65,13.65,5.427848,700,0.0,0.0
2001-06-27,13.65,13.65,13.65,13.65,5.427848,0,0.0,0.0
2001-06-28,13.75,14.3,13.75,14.3,5.686322,3200,0.0,0.0
2001-06-29,14.35,15.0,14.35,15.0,5.964672,1800,0.0,0.0
2001-07-02,14.95,14.95,13.95,13.95,5.547143,3200,0.0,0.0
2001-07-03,13.95,13.95,13.95,13.95,5.547143,0,0.0,0.0
2001-07-05,14.0,14.05,14.0,14.05,5.586908,300,0.0,0.0
2001-07-06,14.0,14.0,14.0,14.0,5.567025,200,0.0,0.0
2001-07-09,13.95,13.95,13.9,13.9,5.527262,300,0.0,0.0
2001-07-10,13.9,13.9,13.9,13.9,5.527262,0,0.0,0.0
2001-07-11,13.9,13.9,13.9,13.9,5.527262,0,0.0,0.0
2001-07-12,13.9,13.9,13.9,13.9,5.527262,0,0.0,0.0
2001-07-13,14.0,14.35,14.0,14.35,5.706201,1600,0.0,0.0
2001-07-16,14.35,14.35,14.35,14.35,5.706201,0,0.0,0.0
2001-07-17,14.35,14.35,14.35,14.35,5.706201,0,0.0,0.0
2001-07-18,14.35,14.35,14.35,14.35,5.706201,200,0.0,0.0
2001-07-19,14.25,14.25,14.05,14.05,5.586908,1800,0.0,0.0
2001-07-20,14.05,14.05,14.05,14.05,5.586908,0,0.0,0.0
2001-07-23,14.05,14.05,14.05,14.05,5.586908,0,0.0,0.0
2001-07-24,14.05,14.05,14.05,14.05,5.586908,0,0.0,0.0
2001-07-25,14.05,14.05,14.05,14.05,5.586908,0,0.0,0.0
2001-07-26,14.05,14.05,14.05,14.05,5.586908,0,0.0,0.0
2001-07-27,14.05,14.05,14.05,14.05,5.586908,0,0.0,0.0
2001-07-30,14.05,14.05,14.05,14.05,5.586908,0,0.0,0.0
2001-07-31,14.1,14.15,14.1,14.15,5.626675,300,0.0,0.0
2001-08-01,14.25,14.5,14.25,14.5,5.765848,600,0.0,0.0
2001-08-02,14.5,14.5,14.5,14.5,5.765848,0,0.0,0.0
2001-08-03,14.5,14.5,14.5,14.5,5.765848,0,0.0,0.0
2001-08-06,14.4,14.4,14.3,14.3,5.686322,1000,0.0,0.0
2001-08-07,14.35,14.35,14.35,14.35,5.726223,200,0.05,0.0
2001-08-08,14.4,14.4,14.4,14.4,5.746176,400,0.0,0.0
2001-08-09,14.3,14.3,14.3,14.3,5.706274,200,0.0,0.0
2001-08-10,14.35,14.45,14.35,14.45,5.76613,400,0.0,0.0
2001-08-13,14.5,14.75,14.5,14.75,5.88584,800,0.0,0.0
2001-08-14,14.65,14.65,14.65,14.65,5.845936,200,0.0,0.0
2001-08-15,14.7,14.8,14.7,14.8,5.905791,400,0.0,0.0
2001-08-16,14.75,14.75,14.75,14.75,5.88584,500,0.0,0.0
2001-08-17,14.75,14.75,14.75,14.75,5.88584,0,0.0,0.0
2001-08-20,14.75,14.75,14.75,14.75,5.88584,500,0.0,0.0
2001-08-21,14.8,14.9,14.8,14.85,5.925744,800,0.0,0.0
2001-08-22,14.8,14.8,14.78,14.78,5.897812,300,0.0,0.0
2001-08-23,14.73,14.73,14.68,14.68,5.857909,400,0.0,0.0
2001-08-24,14.68,14.68,14.68,14.68,5.857909,0,0.0,0.0
2001-08-27,14.7,14.7,14.7,14.7,5.86589,100,0.0,0.0
2001-08-28,14.65,14.65,14.6,14.6,5.825983,300,0.0,0.0
2001-08-29,14.55,14.55,14.3,14.3,5.706274,900,0.0,0.0
2001-08-30,14.3,14.3,14.3,14.3,5.706274,0,0.0,0.0
2001-08-31,14.2,14.2,14.2,14.2,5.666368,200,0.0,0.0
2001-09-04,14.1,14.1,14.1,14.1,5.626465,200,0.0,0.0
2001-09-05,14.1,14.1,14.1,14.1,5.626465,0,0.0,0.0
2001-09-06,14.1,14.1,14.1,14.1,5.626465,0,0.0,0.0
2001-09-07,14.1,14.1,14.1,14.1,5.626465,0,0.0,0.0
2001-09-10,14.0,14.0,13.9,13.9,5.546656,200,0.0,0.0
2001-09-17,13.9,13.9,13.9,13.9,5.546656,0,0.0,0.0
2001-09-18,13.9,13.9,13.9,13.9,5.546656,0,0.0,0.0
2001-09-19,13.9,13.9,13.9,13.9,5.546656,0,0.0,0.0
2001-09-20,13.9,13.9,13.9,13.9,5.546656,0,0.0,0.0
2001-09-21,13.9,13.9,13.9,13.9,5.546656,0,0.0,0.0
2001-09-24,13.9,13.9,13.9,13.9,5.546656,0,0.0,0.0
2001-09-25,13.9,13.9,13.9,13.9,5.546656,0,0.0,0.0
2001-09-26,13.9,13.9,13.9,13.9,5.546656,0,0.0,0.0
2001-09-27,13.9,13.9,13.9,13.9,5.546656,0,0.0,0.0
2001-09-28,13.9,13.9,13.9,13.9,5.546656,0,0.0,0.0
2001-10-01,13.9,13.9,13.9,13.9,5.546656,0,0.0,0.0
2001-10-02,13.9,13.9,13.9,13.9,5.546656,0,0.0,0.0
2001-10-03,13.9,13.9,13.9,13.9,5.546656,0,0.0,0.0
2001-10-04,13.9,13.9,13.9,13.9,5.546656,0,0.0,0.0
2001-10-05,13.9,13.9,13.9,13.9,5.546656,0,0.0,0.0
2001-10-08,13.9,13.9,13.9,13.9,5.546656,0,0.0,0.0
2001-10-09,13.9,13.9,13.9,13.9,5.546656,0,0.0,0.0
2001-10-10,13.9,13.9,13.9,13.9,5.546656,0,0.0,0.0
2001-10-11,13.9,13.9,13.9,13.9,5.546656,0,0.0,0.0
2001-10-12,13.9,13.9,13.9,13.9,5.546656,0,0.0,0.0
2001-10-15,13.9,13.9,13.9,13.9,5.546656,0,0.0,0.0
2001-10-16,13.9,13.9,13.9,13.9,5.546656,0,0.0,0.0
2001-10-17,13.9,13.9,13.9,13.9,5.546656,0,0.0,0.0
2001-10-18,13.9,13.9,13.9,13.9,5.546656,0,0.0,0.0
2001-10-19,13.9,13.9,13.9,13.9,5.546656,0,0.0,0.0
2001-10-22,13.9,13.9,13.9,13.9,5.546656,0,0.0,0.0
2001-10-23,13.9,13.9,13.9,13.9,5.546656,0,0.0,0.0
2001-10-24,13.9,13.9,13.9,13.9,5.546656,0,0.0,0.0
2001-10-25,13.9,13.9,13.9,13.9,5.546656,0,0.0,0.0
2001-10-26,13.9,13.9,13.9,13.9,5.546656,0,0.0,0.0
2001-10-29,13.7,13.7,13.7,13.7,5.466847,100,0.0,0.0
2001-10-30,13.7,13.7,13.7,13.7,5.466847,0,0.0,0.0
2001-10-31,13.7,13.7,13.7,13.7,5.466847,0,0.0,0.0
2001-11-01,13.7,13.7,13.7,13.7,5.466847,0,0.0,0.0
2001-11-02,13.7,13.7,13.7,13.7,5.466847,0,0.0,0.0
2001-11-05,13.7,13.7,13.7,13.7,5.466847,0,0.0,0.0
2001-11-06,13.7,13.7,13.7,13.7,5.466847,0,0.0,0.0
2001-11-07,13.7,13.7,13.7,13.7,5.466847,0,0.0,0.0
2001-11-08,13.75,14.05,13.75,14.05,5.606512,700,0.0,0.0
2001-11-09,14.05,14.05,14.05,14.05,5.606512,500,0.0,0.0
2001-11-12,14.05,14.05,14.05,14.05,5.606512,0,0.0,0.0
2001-11-13,14.05,14.05,14.05,14.05,5.606512,0,0.0,0.0
2001-11-14,14.05,15.1,14.05,15.1,6.047025,1300,0.05,0.0
2001-11-15,15.0,15.0,14.65,14.65,5.866814,700,0.0,0.0
2001-11-16,14.65,14.65,14.65,14.65,5.866814,0,0.0,0.0
2001-11-19,14.65,14.65,14.65,14.65,5.866814,0,0.0,0.0
2001-11-20,14.65,14.65,14.65,14.65,5.866814,0,0.0,0.0
2001-11-21,14.65,14.65,14.65,14.65,5.866814,0,0.0,0.0
2001-11-23,14.7,14.9,14.7,14.9,5.966928,300,0.0,0.0
2001-11-26,14.91,15.15,14.91,15.1,6.047025,1100,0.0,0.0
2001-11-27,15.0,15.0,15.0,15.0,6.006977,300,0.0,0.0
2001-11-28,15.0,15.0,15.0,15.0,6.006977,0,0.0,0.0
2001-11-29,15.1,15.24,15.1,15.24,6.103087,300,0.0,0.0
2001-11-30,15.3,15.3,15.3,15.3,6.127118,100,0.0,0.0
2001-12-03,15.3,15.3,15.3,15.3,6.127118,0,0.0,0.0
2001-12-04,15.1,15.6,14.8,15.5,6.20721,5200,0.0,0.0
2001-12-05,15.6,16.0,15.6,15.9,6.367393,1400,0.0,0.0
2001-12-06,15.8,16.4,15.8,16.4,6.567626,16400,0.0,0.0
2001-12-07,16.35,16.35,16.0,16.0,6.407444,700,0.0,0.0
2001-12-10,15.95,15.95,15.7,15.7,6.287302,600,0.0,0.0
2001-12-11,15.65,15.65,15.5,15.5,6.20721,400,0.0,0.0
2001-12-12,15.3,15.3,15.2,15.2,6.087069,200,0.0,0.0
2001-12-13,15.1,15.25,14.95,15.25,6.107094,1900,0.0,0.0
2001-12-14,15.1,15.1,14.2,14.35,5.746674,1100,0.0,0.0
2001-12-17,14.4,15.2,14.4,15.2,6.087069,1500,0.0,0.0
2001-12-18,15.25,15.9,15.25,15.9,6.367393,1600,0.0,0.0
2001-12-19,15.9,16.0,15.9,15.95,6.387419,900,0.0,0.0
2001-12-20,15.95,15.95,15.95,15.95,6.387419,0,0.0,0.0
2001-12-21,15.9,15.9,15.8,15.8,6.327353,400,0.0,0.0
2001-12-24,15.81,15.81,15.81,15.81,6.331356,100,0.0,0.0
2001-12-26,15.95,15.95,15.95,15.95,6.387419,100,0.0,0.0
2001-12-27,16.0,16.0,16.0,16.0,6.407444,300,0.0,0.0
2001-12-28,16.0,16.15,15.9,16.15,6.467509,1800,0.0,0.0
2001-12-31,16.200001,16.35,16.200001,16.35,6.547604,500,0.0,0.0
2002-01-02,16.25,16.25,16.0,16.0,6.407444,500,0.0,0.0
2002-01-03,16.07,16.200001,16.07,16.200001,6.487536,500,0.0,0.0
2002-01-04,16.299999,16.700001,16.299999,16.700001,6.687768,1400,0.0,0.0
2002-01-07,16.75,16.85,16.75,16.85,6.747838,300,0.0,0.0
2002-01-08,16.93,17.1,16.93,17.1,6.847954,700,0.0,0.0
2002-01-09,17.200001,17.5,17.200001,17.5,7.008142,1800,0.0,0.0
2002-01-10,17.450001,17.450001,17.15,17.15,6.867973,1100,0.0,0.0
2002-01-11,17.200001,17.35,17.200001,17.35,6.948071,400,0.0,0.0
2002-01-14,17.299999,17.299999,17.049999,17.049999,6.827929,900,0.0,0.0
2002-01-15,16.950001,16.950001,16.75,16.75,6.707793,600,0.0,0.0
2002-01-16,16.700001,16.700001,16.700001,16.700001,6.687768,200,0.0,0.0
2002-01-17,16.66,16.66,16.6,16.6,6.647722,400,0.0,0.0
2002-01-18,16.6,16.6,16.6,16.6,6.647722,500,0.0,0.0
2002-01-22,16.6,16.6,16.6,16.6,6.647722,0,0.0,0.0
2002-01-23,16.5,16.700001,16.299999,16.700001,6.687768,8600,0.0,0.0
2002-01-24,16.700001,16.75,16.700001,16.75,6.707793,1800,0.0,0.0
2002-01-25,16.639999,16.639999,16.6,16.6,6.647722,700,0.0,0.0
2002-01-28,16.5,16.9,16.5,16.85,6.747838,11200,0.0,0.0
2002-01-29,16.85,16.85,16.85,16.85,6.747838,0,0.0,0.0
2002-01-30,16.799999,16.92,16.75,16.91,6.771866,20200,0.0,0.0
2002-01-31,16.950001,17.5,16.950001,17.5,7.008142,15300,0.0,0.0
2002-02-01,17.6,17.799999,17.6,17.700001,7.088235,1800,0.0,0.0
2002-02-04,17.6,17.6,17.35,17.549999,7.028162,1800,0.0,0.0
2002-02-05,17.549999,17.700001,17.549999,17.700001,7.088235,400,0.0,0.0
2002-02-06,17.6,17.6,17.6,17.6,7.048185,100,0.0,0.0
2002-02-07,17.5,17.5,17.4,17.4,6.987945,1000,0.05,0.0
2002-02-08,17.6,17.85,17.6,17.700001,7.108429,900,0.0,0.0
2002-02-11,17.6,17.700001,17.5,17.700001,7.108429,700,0.0,0.0
2002-02-12,17.75,17.85,17.75,17.85,7.168667,300,0.0,0.0
2002-02-13,17.9,18.25,17.9,18.25,7.329311,900,0.0,0.0
2002-02-14,18.35,18.950001,18.200001,18.200001,7.309232,2800,0.0,0.0
2002-02-15,18.25,18.299999,18.25,18.299999,7.349391,200,0.0,0.0
2002-02-19,18.25,18.25,18.25,18.25,7.329311,300,0.0,0.0
2002-02-20,18.26,18.75,18.26,18.75,7.530114,1100,0.0,0.0
2002-02-21,18.700001,18.75,18.4,18.75,7.530114,2100,0.0,0.0
2002-02-22,18.6,18.6,18.549999,18.59,7.465859,700,0.0,0.0
2002-02-25,18.65,19.1,18.65,19.1,7.670675,700,0.0,0.0
2002-02-26,19.15,19.4,19.15,19.4,7.791159,400,0.0,0.0
2002-02-27,19.450001,19.799999,19.450001,19.799999,7.951799,800,0.0,0.0
2002-02-28,19.85,19.85,19.799999,19.799999,7.951799,300,0.0,0.0
2002-03-01,19.75,20.1,19.75,20.1,8.072281,600,0.0,0.0
2002-03-04,20.200001,21.25,20.200001,21.25,8.534126,4400,0.0,0.0
2002-03-05,21.0,21.0,20.379999,20.379999,8.184731,1700,0.0,0.0
2002-03-06,20.200001,20.299999,19.9,19.9,7.991962,1600,0.0,0.0
2002-03-07,19.9,19.9,19.9,19.9,7.991962,0,0.0,0.0
2002-03-08,20.0,20.0,20.0,20.0,8.032122,100,0.0,0.0
2002-03-11,20.0,20.4,20.0,20.4,8.192761,800,0.0,0.0
2002-03-12,20.450001,20.459999,20.1,20.1,8.072281,900,0.0,0.0
2002-03-13,20.1,20.1,20.1,20.1,8.072281,0,0.0,0.0
2002-03-14,20.0,20.0,20.0,20.0,8.032122,200,0.0,0.0
2002-03-15,19.799999,19.799999,19.299999,19.5,7.831318,2400,0.0,0.0
2002-03-18,19.5,19.5,19.5,19.5,7.831318,0,0.0,0.0
2002-03-19,19.48,19.48,19.4,19.4,7.791159,300,0.0,0.0
2002-03-20,19.4,19.4,19.4,19.4,7.791159,0,0.0,0.0
2002-03-21,19.1,19.1,19.0,19.0,7.630517,400,0.0,0.0
2002-03-22,19.0,19.0,19.0,19.0,7.630517,0,0.0,0.0
2002-03-25,18.75,18.75,17.75,17.76,7.132525,2300,0.0,0.0
2002-03-26,17.780001,17.780001,17.700001,17.700001,7.108429,400,0.0,0.0
2002-03-27,17.700001,17.700001,17.700001,17.700001,7.108429,0,0.0,0.0
2002-03-28,17.5,17.5,17.299999,17.299999,6.947782,1000,0.0,0.0
2002-04-01,17.299999,17.299999,17.299999,17.299999,6.947782,0,0.0,0.0
2002-04-02,17.309999,17.6,17.309999,17.6,7.068266,700,0.0,0.0
2002-04-03,17.6,17.6,17.6,17.6,7.068266,0,0.0,0.0
2002-04-04,17.6,17.73,17.6,17.73,7.120474,600,0.0,0.0
2002-04-05,17.75,18.1,17.75,18.1,7.26907,700,0.0,0.0
2002-04-08,18.15,18.530001,18.15,18.530001,7.441762,1800,0.0,0.0
2002-04-09,18.85,19.0,18.85,19.0,7.630517,400,0.0,0.0
2002-04-10,19.049999,19.25,18.85,18.85,7.570275,800,0.0,0.0
2002-04-11,18.85,18.85,18.85,18.85,7.570275,0,0.0,0.0
2002-04-12,18.9,18.9,18.9,18.9,7.590352,200,0.0,0.0
2002-04-15,19.049999,19.15,19.049999,19.15,7.690757,900,0.0,0.0
2002-04-16,19.15,19.15,19.15,19.15,7.690757,0,0.0,0.0
2002-04-17,19.299999,19.299999,19.299999,19.299999,7.750999,200,0.0,0.0
2002-04-18,19.35,19.35,19.35,19.35,7.771077,100,0.0,0.0
2002-04-19,19.4,19.4,19.25,19.25,7.730917,1400,0.0,0.0
2002-04-22,19.25,19.25,19.25,19.25,7.730917,0,0.0,0.0
2002-04-23,19.25,19.25,19.25,19.25,7.730917,0,0.0,0.0
2002-04-24,19.15,19.15,18.799999,18.799999,7.550195,800,0.0,0.0
2002-04-25,18.799999,18.799999,18.799999,18.799999,7.550195,0,0.0,0.0
2002-04-26,18.799999,18.799999,18.799999,18.799999,7.550195,0,0.0,0.0
2002-04-29,18.799999,18.799999,18.799999,18.799999,7.550195,0,0.0,0.0
2002-04-30,18.700001,18.75,18.6,18.75,7.530114,900,0.0,0.0
2002-05-01,18.85,19.139999,18.85,19.1,7.670675,1500,0.0,0.0
2002-05-02,19.15,19.299999,19.15,19.15,7.690757,1000,0.0,0.0
2002-05-03,19.1,19.1,19.1,19.1,7.670675,200,0.0,0.0
2002-05-06,19.1,19.1,19.1,19.1,7.670675,0,0.0,0.0
2002-05-07,19.120001,19.120001,19.120001,19.120001,7.678708,200,0.0,0.0
2002-05-08,19.200001,19.200001,19.1,19.1,7.670675,600,0.0,0.0
2002-05-09,19.1,19.1,19.0,19.0,7.630517,300,0.0,0.0
2002-05-10,18.950001,18.950001,18.0,18.0,7.228909,1900,0.0,0.0
2002-05-13,18.030001,18.129999,18.0,18.0,7.228909,800,0.0,0.0
2002-05-14,18.1,18.1,18.0,18.0,7.228909,800,0.0,0.0
2002-05-15,18.0,18.0,18.0,18.0,7.228909,0,0.0,0.0
2002-05-16,18.0,18.0,18.0,18.0,7.228909,0,0.0,0.0
2002-05-17,18.1,18.1,18.1,18.1,7.26907,200,0.0,0.0
2002-05-20,18.15,18.299999,18.15,18.299999,7.369749,500,0.05,0.0
2002-05-21,18.200001,18.200001,18.200001,18.200001,7.329477,200,0.0,0.0
2002-05-22,18.200001,18.200001,18.200001,18.200001,7.329477,0,0.0,0.0
2002-05-23,18.1,18.1,17.860001,17.860001,7.192554,600,0.0,0.0
2002-05-24,17.870001,17.950001,17.75,17.75,7.148253,900,0.0,0.0
2002-05-28,17.65,17.65,17.5,17.5,7.047571,400,0.0,0.0
2002-05-29,17.5,17.5,17.5,17.5,7.047571,0,0.0,0.0
2002-05-30,17.6,18.0,17.6,18.0,7.248936,1200,0.0,0.0
2002-05-31,18.1,18.25,18.1,18.25,7.349614,1900,0.0,0.0
2002-06-03,18.299999,18.299999,17.440001,17.440001,7.023412,1500,0.0,0.0
2002-06-04,17.5,17.77,17.5,17.77,7.15631,900,0.0,0.0
2002-06-05,17.709999,17.709999,17.5,17.5,7.047571,1000,0.0,0.0
2002-06-06,17.4,17.4,17.040001,17.040001,6.862322,1000,0.0,0.0
2002-06-07,17.1,17.1,17.1,17.1,6.886486,300,0.0,0.0
2002-06-10,17.200001,17.200001,17.1,17.1,6.886486,600,0.0,0.0
2002-06-11,17.0,17.0,16.700001,16.700001,6.725401,1600,0.0,0.0
2002-06-12,17.5,18.5,17.5,18.5,7.450293,6700,0.0,0.0
2002-06-13,18.59,19.25,18.59,18.950001,7.631517,4300,0.0,0.0
2002-06-14,18.9,18.9,18.65,18.85,7.591246,1500,0.0,0.0
2002-06-17,18.9,18.9,18.9,18.9,7.611377,200,0.0,0.0
2002-06-18,18.9,18.9,18.9,18.9,7.611377,0,0.0,0.0
2002-06-19,18.9,18.9,18.9,18.9,7.611377,0,0.0,0.0
2002-06-20,19.0,19.1,19.0,19.1,7.691926,400,0.0,0.0
2002-06-21,19.0,19.0,18.700001,18.9,7.611377,1600,0.0,0.0
2002-06-24,18.950001,19.299999,18.950001,19.299999,7.772468,800,0.0,0.0
2002-06-25,19.25,19.25,19.0,19.0,7.651647,10700,0.0,0.0
2002-06-26,18.950001,18.950001,18.85,18.85,7.591246,300,0.0,0.0
2002-06-27,18.85,18.85,18.85,18.85,7.591246,0,0.0,0.0
2002-06-28,18.9,19.549999,18.9,19.549999,7.87315,4900,0.0,0.0
2002-07-01,19.5,19.5,18.950001,18.950001,7.631517,1400,0.0,0.0
2002-07-02,18.85,18.85,18.15,18.15,7.30934,1800,0.0,0.0
2002-07-03,18.049999,18.049999,17.940001,18.0,7.248936,1500,0.0,0.0
2002-07-05,18.1,18.65,18.1,18.65,7.510699,2300,0.0,0.0
2002-07-08,18.549999,18.549999,18.549999,18.549999,7.470431,200,0.0,0.0
2002-07-09,18.4,18.4,18.1,18.1,7.289211,700,0.0,0.0
2002-07-10,18.0,18.0,16.9,16.940001,6.822051,6100,0.0,0.0
2002-07-11,16.85,16.85,16.200001,16.200001,6.524045,2600,0.0,0.0
2002-07-12,16.15,16.15,15.75,15.75,6.342815,500,0.0,0.0
2002-07-15,15.75,15.75,15.75,15.75,6.342815,0,0.0,0.0
2002-07-16,15.75,15.75,15.75,15.75,6.342815,0,0.0,0.0
2002-07-17,15.75,15.75,15.75,15.75,6.342815,0,0.0,0.0
2002-07-18,15.75,15.75,15.75,15.75,6.342815,0,0.0,0.0
2002-07-19,15.75,15.75,15.75,15.75,6.342815,0,0.0,0.0
2002-07-22,15.75,15.75,15.75,15.75,6.342815,0,0.0,0.0
2002-07-23,15.75,15.75,15.75,15.75,6.342815,0,0.0,0.0
2002-07-24,15.75,15.75,15.75,15.75,6.342815,0,0.0,0.0
2002-07-25,15.75,15.75,15.75,15.75,6.342815,0,0.0,0.0
2002-07-26,15.75,15.75,15.75,15.75,6.342815,0,0.0,0.0
2002-07-29,15.0,15.0,13.75,13.75,5.537382,3800,0.0,0.0
2002-07-30,13.75,13.8,13.75,13.8,5.557516,300,0.0,0.0
2002-07-31,13.8,13.8,13.8,13.8,5.557516,0,0.0,0.0
2002-08-01,13.8,13.8,13.8,13.8,5.557516,0,0.0,0.0
2002-08-02,13.0,13.0,13.0,13.0,5.235342,100,0.0,0.0
2002-08-05,13.0,13.0,13.0,13.0,5.235342,0,0.0,0.0
2002-08-06,12.84,12.84,12.84,12.84,5.192073,200,0.053,0.0
2002-08-07,12.84,12.84,12.84,12.84,5.192073,0,0.0,0.0
2002-08-08,11.9,11.91,11.9,11.91,4.816012,10200,0.0,0.0
2002-08-09,11.91,12.0,11.91,12.0,4.852405,6100,0.0,0.0
2002-08-12,12.0,12.32,12.0,12.32,4.981802,10800,0.0,0.0
2002-08-13,12.4,13.15,12.4,13.05,5.276991,5400,0.0,0.0
2002-08-14,13.0,13.2,12.9,13.2,5.337645,2100,0.0,0.0
2002-08-15,13.2,13.2,13.15,13.15,5.317427,300,0.0,0.0
2002-08-16,13.09,13.09,13.0,13.0,5.256773,300,0.0,0.0
2002-08-19,13.1,13.45,13.1,13.45,5.438737,1700,0.0,0.0
2002-08-20,13.55,14.0,13.55,14.0,5.661139,3000,0.0,0.0
2002-08-21,14.05,14.05,13.72,13.72,5.547919,1800,0.0,0.0
2002-08-22,13.7,13.7,13.57,13.6,5.499393,800,0.0,0.0
2002-08-23,13.55,13.55,13.41,13.41,5.422563,500,0.0,0.0
2002-08-26,13.4,13.4,13.4,13.4,5.418519,100,0.0,0.0
2002-08-27,13.4,13.4,13.4,13.4,5.418519,0,0.0,0.0
2002-08-28,13.3,13.3,12.7,12.7,5.135464,3300,0.0,0.0
2002-08-29,12.6,12.6,12.3,12.36,4.997977,2400,0.0,0.0
2002-08-30,12.55,12.93,12.55,12.93,5.228468,1300,0.0,0.0
2002-09-03,12.8,12.8,12.62,12.62,5.103114,800,0.0,0.0
2002-09-04,12.5,12.65,12.5,12.63,5.107159,3200,0.0,0.0
2002-09-05,12.65,13.6,12.65,13.6,5.499393,5300,0.0,0.0
2002-09-06,13.35,13.59,13.3,13.44,5.434694,3200,0.0,0.0
2002-09-09,13.4,14.06,13.34,14.06,5.685402,2000,0.0,0.0
2002-09-10,13.94,13.94,13.5,13.5,5.458958,2100,0.0,0.0
2002-09-11,13.6,13.7,13.6,13.7,5.539828,1100,0.0,0.0
2002-09-12,13.65,13.65,13.14,13.14,5.313385,1900,0.0,0.0
2002-09-13,13.3,13.3,13.3,13.3,5.378084,200,0.0,0.0
2002-09-16,13.6,13.6,13.6,13.6,5.499393,500,0.0,0.0
2002-09-17,13.5,13.5,13.19,13.19,5.333603,800,0.0,0.0
2002-09-18,13.0,13.0,12.8,12.8,5.175896,400,0.0,0.0
2002-09-19,12.91,12.91,12.75,12.75,5.155679,400,0.0,0.0
2002-09-20,12.36,12.86,12.36,12.86,5.200162,1900,0.0,0.0
2002-09-23,12.93,12.95,12.69,12.69,5.131419,1400,0.0,0.0
2002-09-24,12.72,12.72,12.45,12.45,5.034371,500,0.0,0.0
2002-09-25,12.45,12.45,12.45,12.45,5.034371,0,0.0,0.0
2002-09-26,12.7,12.7,12.7,12.7,5.135464,200,0.0,0.0
2002-09-27,12.52,12.52,12.52,12.52,5.06268,200,0.0,0.0
2002-09-30,12.35,12.35,12.16,12.2,4.93328,1200,0.0,0.0
2002-10-01,12.26,12.26,12.26,12.26,4.957543,100,0.0,0.0
2002-10-02,12.26,12.26,12.26,12.26,4.957543,0,0.0,0.0
2002-10-03,12.01,12.01,11.7,11.7,4.731094,600,0.0,0.0
2002-10-04,11.3,11.3,11.12,11.12,4.496563,500,0.0,0.0
2002-10-07,10.55,10.55,10.55,10.55,4.266073,100,0.0,0.0
2002-10-08,10.55,10.55,10.55,10.55,4.266073,0,0.0,0.0
2002-10-09,10.2,10.2,10.03,10.06,4.067933,2100,0.0,0.0
2002-10-10,9.9,10.05,9.9,10.05,4.06389,700,0.0,0.0
2002-10-11,10.2,10.25,10.2,10.2,4.124543,800,0.0,0.0
2002-10-14,10.2,10.2,10.2,10.2,4.124543,0,0.0,0.0
2002-10-15,10.3,10.65,10.3,10.57,4.274161,1400,0.0,0.0
2002-10-16,10.4,10.4,10.4,10.4,4.205419,500,0.0,0.0
2002-10-17,10.7,11.05,10.7,11.03,4.460167,3700,0.0,0.0
2002-10-18,11.03,11.03,11.03,11.03,4.460167,0,0.0,0.0
2002-10-21,11.2,11.5,11.2,11.5,4.650221,500,0.0,0.0
2002-10-22,11.4,11.4,11.1,11.1,4.488474,800,0.0,0.0
2002-10-23,11.2,11.75,11.2,11.75,4.751313,900,0.0,0.0
2002-10-24,12.0,12.0,11.85,11.85,4.791751,500,0.0,0.0
2002-10-25,11.9,13.7,11.9,13.7,5.539828,1900,0.0,0.0
2002-10-28,13.4,13.4,12.26,12.26,4.957543,4400,0.0,0.0
2002-10-29,12.4,13.19,12.4,13.19,5.333603,2300,0.0,0.0
2002-10-30,12.9,12.9,12.4,12.51,5.058634,2700,0.0,0.0
2002-10-31,12.59,12.75,12.59,12.75,5.155679,1100,0.0,0.0
2002-11-01,12.75,12.79,12.75,12.79,5.171854,1200,0.0,0.0
2002-11-04,12.9,12.98,12.9,12.98,5.248684,400,0.0,0.0
2002-11-05,12.8,12.8,12.45,12.45,5.034371,900,0.0,0.0
2002-11-06,12.7,13.11,12.7,12.99,5.275186,1700,0.053,0.0
2002-11-07,12.51,12.51,12.1,12.1,4.913761,900,0.0,0.0
2002-11-08,12.0,12.0,12.0,12.0,4.87315,200,0.0,0.0
2002-11-11,11.8,11.8,11.0,11.0,4.467055,1900,0.0,0.0
2002-11-12,10.78,11.22,10.78,11.22,4.556394,2000,0.0,0.0
2002-11-13,11.37,11.37,11.37,11.37,4.617309,100,0.0,0.0
2002-11-14,11.55,12.5,11.55,12.5,5.076198,900,0.0,0.0
2002-11-15,12.4,12.4,12.4,12.4,5.035589,100,0.0,0.0
2002-11-18,12.51,12.51,12.51,12.51,5.080259,200,0.0,0.0
2002-11-19,12.51,12.51,12.51,12.51,5.080259,0,0.0,0.0
2002-11-20,12.52,13.07,12.52,13.07,5.307672,1100,0.0,0.0
2002-11-21,13.3,13.3,13.2,13.2,5.360466,900,0.0,0.0
2002-11-22,13.35,13.6,13.35,13.6,5.522903,1300,0.0,0.0
2002-11-25,13.4,13.4,13.11,13.11,5.323919,1200,0.0,0.0
2002-11-26,13.18,13.21,13.18,13.21,5.364525,300,0.0,0.0
2002-11-27,13.65,13.85,13.2,13.2,5.360466,2000,0.0,0.0
2002-11-29,13.33,13.33,13.33,13.33,5.413257,100,0.0,0.0
2002-12-02,13.33,13.33,13.33,13.33,5.413257,0,0.0,0.0
2002-12-03,13.15,13.15,12.75,12.75,5.177723,400,0.0,0.0
2002-12-04,13.0,13.27,13.0,13.26,5.38483,600,0.0,0.0
2002-12-05,13.1,13.1,12.55,12.55,5.096505,1000,0.0,0.0
2002-12-06,12.7,12.8,12.7,12.8,5.198026,300,0.0,0.0
2002-12-09,12.5,12.51,12.5,12.51,5.080259,500,0.0,0.0
2002-12-10,12.6,13.2,12.6,13.2,5.360466,2300,0.0,0.0
2002-12-11,13.1,13.24,13.1,13.24,5.376708,700,0.0,0.0
2002-12-12,13.25,13.3,13.25,13.3,5.401075,500,0.0,0.0
2002-12-13,13.3,13.3,13.1,13.1,5.319856,1300,0.0,0.0
2002-12-16,13.34,13.37,13.34,13.37,5.429502,400,0.0,0.0
2002-12-17,13.37,13.37,13.37,13.37,5.429502,1000,0.0,0.0
2002-12-18,13.29,13.51,13.29,13.51,5.486356,500,0.0,0.0
2002-12-19,13.44,13.44,13.0,13.0,5.279247,1600,0.0,0.0
2002-12-20,13.49,13.7,13.49,13.7,5.563512,800,0.0,0.0
2002-12-23,13.5,13.5,13.0,13.0,5.279247,3100,0.0,0.0
2002-12-24,13.3,13.4,13.3,13.4,5.441683,600,0.0,0.0
2002-12-26,13.4,13.4,13.4,13.4,5.441683,200,0.0,0.0
2002-12-27,13.4,13.4,13.4,13.4,5.441683,0,0.0,0.0
2002-12-30,13.0,13.29,13.0,13.29,5.397016,2700,0.0,0.0
2002-12-31,13.35,14.12,13.25,14.0,5.68534,5200,0.0,0.0
2003-01-02,13.79,13.79,13.33,13.33,5.413257,1300,0.0,0.0
2003-01-03,13.23,13.26,13.1,13.26,5.38483,1400,0.0,0.0
2003-01-06,13.3,13.3,13.15,13.3,5.401075,600,0.0,0.0
2003-01-07,13.09,13.1,12.9,13.1,5.319856,1400,0.0,0.0
2003-01-08,13.08,13.08,13.08,13.08,5.311735,200,0.0,0.0
2003-01-09,13.1,13.1,13.1,13.1,5.319856,100,0.0,0.0
2003-01-10,13.11,13.11,11.94,12.1,4.913761,2200,0.0,0.0
2003-01-13,12.26,12.26,12.22,12.22,4.962493,300,0.0,0.0
2003-01-14,12.22,12.22,12.22,12.22,4.962493,0,0.0,0.0
2003-01-15,12.25,12.3,12.25,12.3,4.994977,800,0.0,0.0
2003-01-16,12.29,12.29,12.29,12.29,4.990921,100,0.0,0.0
2003-01-17,12.29,12.29,12.29,12.29,4.990921,0,0.0,0.0
2003-01-21,12.29,12.29,12.29,12.29,4.990921,0,0.0,0.0
2003-01-22,12.29,12.29,12.29,12.29,4.990921,0,0.0,0.0
2003-01-23,12.2,12.2,12.2,12.2,4.95437,200,0.0,0.0
2003-01-24,12.15,12.15,12.15,12.15,4.934064,200,0.0,0.0
2003-01-27,12.05,12.15,12.05,12.15,4.934064,600,0.0,0.0
2003-01-28,12.09,12.09,12.09,12.09,4.909698,400,0.0,0.0
2003-01-29,12.15,12.8,12.15,12.8,5.198026,2400,0.0,0.0
2003-01-30,12.7,12.7,12.56,12.56,5.100564,900,0.0,0.0
2003-01-31,12.51,12.51,12.2,12.28,4.98686,2000,0.0,0.0
2003-02-03,12.25,12.25,12.25,12.25,4.974674,200,0.0,0.0
2003-02-04,12.1,12.1,11.9,11.9,4.83254,1800,0.0,0.0
2003-02-05,11.97,12.07,11.97,12.07,4.901578,1900,0.0,0.0
2003-02-06,11.76,11.76,11.76,11.76,4.775688,300,0.0,0.0
2003-02-07,11.75,11.75,11.5,11.5,4.670103,800,0.0,0.0
2003-02-10,11.43,11.43,11.43,11.43,4.641675,300,0.0,0.0
2003-02-11,11.5,11.59,11.5,11.59,4.706652,600,0.0,0.0
2003-02-12,11.45,11.45,11.41,11.41,4.654842,500,0.053,0.0
2003-02-13,11.2,11.2,11.2,11.2,4.56917,200,0.0,0.0
2003-02-14,11.2,11.2,11.2,11.2,4.56917,0,0.0,0.0
2003-02-18,11.35,11.4,11.35,11.4,4.650761,400,0.0,0.0
2003-02-19,11.3,11.3,11.3,11.3,4.609965,200,0.0,0.0
2003-02-20,11.2,11.2,11.2,11.2,4.56917,200,0.0,0.0
2003-02-21,11.2,11.2,11.2,11.2,4.56917,0,0.0,0.0
2003-02-24,11.15,11.15,11.15,11.15,4.548768,100,0.0,0.0
2003-02-25,11.0,11.0,10.75,10.9,4.44678,600,0.0,0.0
2003-02-26,10.9,10.9,10.9,10.9,4.44678,0,0.0,0.0
2003-02-27,11.0,11.0,11.0,11.0,4.487577,200,0.0,0.0
2003-02-28,11.0,11.0,11.0,11.0,4.487577,0,0.0,0.0
2003-03-03,11.0,11.0,11.0,11.0,4.487577,0,0.0,0.0
2003-03-04,11.0,11.0,11.0,11.0,4.487577,0,0.0,0.0
2003-03-05,10.95,10.95,10.8,10.8,4.405985,400,0.0,0.0
2003-03-06,10.66,10.66,10.66,10.66,4.34887,200,0.0,0.0
2003-03-07,10.46,10.5,9.8,10.15,4.14081,4600,0.0,0.0
2003-03-10,10.2,10.3,9.95,9.95,4.059217,1700,0.0,0.0
2003-03-11,9.82,9.82,9.82,9.82,4.006181,200,0.0,0.0
2003-03-12,9.75,9.75,9.75,9.75,3.977623,100,0.0,0.0
2003-03-13,9.77,9.85,9.77,9.85,4.018418,700,0.0,0.0
2003-03-14,9.85,9.85,9.85,9.85,4.018418,0,0.0,0.0
2003-03-17,9.85,9.85,9.85,9.85,4.018418,0,0.0,0.0
2003-03-18,9.85,10.0,9.85,10.0,4.079614,2400,0.0,0.0
2003-03-19,10.0,10.0,10.0,10.0,4.079614,0,0.0,0.0
2003-03-20,10.07,10.2,10.07,10.2,4.161208,600,0.0,0.0
2003-03-21,10.3,10.4,10.3,10.4,4.242799,400,0.0,0.0
2003-03-24,10.3,10.8,10.3,10.6,4.324392,1700,0.0,0.0
2003-03-25,10.8,10.8,10.8,10.8,4.405985,200,0.0,0.0
2003-03-26,10.9,11.0,10.9,11.0,4.487577,700,0.0,0.0
2003-03-27,10.9,10.9,10.9,10.9,4.44678,500,0.0,0.0
2003-03-28,10.8,10.8,10.5,10.5,4.283594,1900,0.0,0.0
2003-03-31,10.3,10.75,10.2,10.75,4.385583,1500,0.0,0.0
2003-04-01,10.65,10.65,10.6,10.6,4.324392,200,0.0,0.0
2003-04-02,10.8,10.83,10.8,10.83,4.418225,700,0.0,0.0
2003-04-03,10.83,10.83,10.83,10.83,4.418225,0,0.0,0.0
2003-04-04,10.95,10.95,10.85,10.85,4.426381,800,0.0,0.0
2003-04-07,11.0,11.4,11.0,11.4,4.650761,1800,0.0,0.0
2003-04-08,11.3,11.3,11.1,11.1,4.528372,1000,0.0,0.0
2003-04-09,11.0,11.0,10.99,10.99,4.483497,500,0.0,0.0
2003-04-10,10.95,11.5,10.95,11.5,4.691556,2900,0.0,0.0
2003-04-11,11.4,11.4,10.8,11.0,4.487577,3100,0.0,0.0
2003-04-14,11.05,11.2,11.05,11.2,4.56917,300,0.0,0.0
2003-04-15,11.2,11.2,11.2,11.2,4.56917,0,0.0,0.0
2003-04-16,11.3,11.3,11.2,11.2,4.56917,500,0.0,0.0
2003-04-17,11.4,11.4,11.4,11.4,4.650761,200,0.0,0.0
2003-04-21,11.5,11.5,11.5,11.5,4.691556,200,0.0,0.0
2003-04-22,11.7,12.0,11.4,12.0,4.895536,4300,0.0,0.0
2003-04-23,12.1,12.1,11.8,11.8,4.813944,800,0.0,0.0
2003-04-24,11.9,12.5,11.9,12.5,5.099521,1200,0.0,0.0
2003-04-25,12.4,12.52,12.4,12.52,5.107677,600,0.0,0.0
2003-04-28,12.2,12.7,12.2,12.7,5.181112,3200,0.0,0.0
2003-04-29,12.8,13.8,12.8,13.8,5.629868,2600,0.0,0.0
2003-04-30,13.7,13.9,13.45,13.9,5.670664,2500,0.0,0.0
2003-05-01,13.87,13.87,13.0,13.1,5.344295,5100,0.0,0.0
2003-05-02,13.2,13.65,13.2,13.6,5.548275,1100,0.0,0.0
2003-05-05,13.6,13.6,13.45,13.45,5.48708,300,0.0,0.0
2003-05-06,13.5,13.88,13.5,13.88,5.662506,900,0.0,0.0
2003-05-07,13.75,13.78,13.69,13.78,5.643258,400,0.053,0.0
2003-05-08,13.7,13.84,13.7,13.84,5.66783,500,0.0,0.0
2003-05-09,13.84,13.84,13.84,13.84,5.66783,0,0.0,0.0
2003-05-12,13.9,14.4,13.9,14.4,5.897163,4800,0.0,0.0
2003-05-13,14.15,14.3,14.15,14.3,5.856211,700,0.0,0.0
2003-05-14,14.2,14.2,14.0,14.0,5.733351,900,0.0,0.0
2003-05-15,14.1,14.1,14.1,14.1,5.774306,200,0.0,0.0
2003-05-16,14.0,14.0,13.8,13.8,5.651448,400,0.0,0.0
2003-05-19,13.7,13.7,13.2,13.2,5.405733,900,0.0,0.0
2003-05-20,13.2,13.2,13.2,13.2,5.405733,0,0.0,0.0
2003-05-21,13.1,13.1,13.1,13.1,5.364781,200,0.0,0.0
2003-05-22,13.2,13.2,13.2,13.2,5.405733,300,0.0,0.0
2003-05-23,13.3,13.4,13.3,13.4,5.487638,1500,0.0,0.0
2003-05-27,13.55,13.65,13.55,13.65,5.590017,300,0.0,0.0
2003-05-28,13.9,14.1,13.9,14.1,5.774306,400,0.0,0.0
2003-05-29,14.25,14.85,14.25,14.85,6.081449,3600,0.0,0.0
2003-05-30,15.2,15.5,15.2,15.5,6.347641,400,0.0,0.0
2003-06-02,15.73,16.0,15.73,16.0,6.552404,3000,0.0,0.0
2003-06-03,15.8,15.8,15.2,15.2,6.224784,1300,0.0,0.0
2003-06-04,15.2,15.2,15.2,15.2,6.224784,0,0.0,0.0
2003-06-05,15.5,16.559999,15.5,16.559999,6.781736,2200,0.0,0.0
2003-06-06,16.559999,16.85,16.559999,16.85,6.900499,2400,0.0,0.0
2003-06-09,16.860001,16.860001,15.6,15.6,6.388595,5100,0.0,0.0
2003-06-10,16.0,16.0,16.0,16.0,6.552404,200,0.0,0.0
2003-06-11,16.200001,16.549999,16.200001,16.5,6.757165,8400,0.0,0.0
2003-06-12,16.370001,16.370001,16.0,16.0,6.552404,500,0.0,0.0
2003-06-13,15.75,15.75,15.5,15.5,6.347641,700,0.0,0.0
2003-06-16,15.7,16.4,15.7,16.4,6.716212,2300,0.0,0.0
2003-06-17,16.4,16.4,16.4,16.4,6.716212,0,0.0,0.0
2003-06-18,16.299999,16.299999,15.85,15.85,6.490973,700,0.0,0.0
2003-06-19,16.0,16.51,16.0,16.35,6.695737,1800,0.0,0.0
2003-06-20,16.299999,16.299999,16.09,16.120001,6.601549,500,0.0,0.0
2003-06-23,16.0,16.0,15.5,15.5,6.347641,1600,0.0,0.0
2003-06-24,15.5,15.5,15.5,15.5,6.347641,0,0.0,0.0
2003-06-25,15.7,16.0,15.7,15.88,6.503263,1700,0.0,0.0
2003-06-26,16.0,16.5,16.0,16.5,6.757165,700,0.0,0.0
2003-06-27,16.75,16.9,16.75,16.9,6.920976,600,0.0,0.0
2003-06-30,17.0,17.299999,17.0,17.299999,7.084786,4600,0.0,0.0
2003-07-01,17.110001,17.110001,16.799999,16.799999,6.880022,600,0.0,0.0
2003-07-02,16.889999,17.0,16.889999,17.0,6.961927,2600,0.0,0.0
2003-07-03,17.0,17.0,17.0,17.0,6.961927,0,0.0,0.0
2003-07-07,17.01,17.4,17.0,17.4,7.125739,2500,0.0,0.0
2003-07-08,17.5,17.65,17.5,17.65,7.228122,3000,0.0,0.0
2003-07-09,17.5,17.5,16.799999,17.200001,7.043837,3600,0.0,0.0
2003-07-10,16.6,16.6,16.200001,16.200001,6.634308,600,0.0,0.0
2003-07-11,16.1,16.16,16.1,16.16,6.617926,2100,0.0,0.0
2003-07-14,16.139999,16.309999,16.139999,16.309999,6.679357,2700,0.0,0.0
2003-07-15,16.09,16.09,16.0,16.0,6.552404,2300,0.0,0.0
2003-07-16,15.75,15.75,15.75,15.75,6.450022,100,0.0,0.0
2003-07-17,15.75,15.75,15.75,15.75,6.450022,0,0.0,0.0
2003-07-18,15.51,15.51,15.51,15.51,6.351737,300,0.0,0.0
2003-07-21,15.2,15.4,15.2,15.4,6.306689,300,0.0,0.0
2003-07-22,15.3,15.3,15.3,15.3,6.265737,200,0.0,0.0
2003-07-23,15.3,15.3,15.3,15.3,6.265737,0,0.0,0.0
2003-07-24,15.49,15.85,15.0,15.29,6.261642,2200,0.0,0.0
2003-07-25,15.29,15.29,15.29,15.29,6.261642,0,0.0,0.0
2003-07-28,15.45,15.65,15.45,15.65,6.409069,300,0.0,0.0
2003-07-29,15.65,15.65,15.65,15.65,6.409069,0,0.0,0.0
2003-07-30,15.4,15.4,15.28,15.28,6.257545,700,0.0,0.0
2003-07-31,16.0,16.700001,16.0,16.5,6.757165,6400,0.0,0.0
2003-08-01,16.4,16.5,16.360001,16.5,6.757165,2900,0.0,0.0
2003-08-04,16.299999,16.299999,16.200001,16.200001,6.634308,2100,0.0,0.0
2003-08-05,16.0,16.0,15.71,15.71,6.433641,1900,0.0,0.0
2003-08-06,15.65,15.65,15.65,15.65,6.430766,100,0.053,0.0
2003-08-07,15.95,15.95,15.95,15.95,6.554039,700,0.0,0.0
2003-08-08,15.95,15.95,15.95,15.95,6.554039,0,0.0,0.0
2003-08-11,15.75,15.75,15.75,15.75,6.471857,200,0.0,0.0
2003-08-12,15.75,15.75,15.75,15.75,6.471857,0,0.0,0.0
2003-08-13,16.0,16.0,16.0,16.0,6.574583,300,0.0,0.0
2003-08-14,16.0,16.0,16.0,16.0,6.574583,0,0.0,0.0
2003-08-15,16.0,16.0,16.0,16.0,6.574583,0,0.0,0.0
2003-08-18,16.110001,16.110001,16.110001,16.110001,6.619786,200,0.0,0.0
2003-08-19,16.1,16.1,16.1,16.1,6.615674,3000,0.0,0.0
2003-08-20,16.309999,16.309999,16.309999,16.309999,6.701965,300,0.0,0.0
2003-08-21,16.5,16.75,16.5,16.5,6.780041,500,0.0,0.0
2003-08-22,16.9,17.0,16.9,17.0,6.985496,1000,0.0,0.0
2003-08-25,17.0,17.0,17.0,17.0,6.985496,0,0.0,0.0
2003-08-26,16.6,16.799999,16.5,16.799999,6.903312,600,0.0,0.0
2003-08-27,16.799999,16.799999,16.799999,16.799999,6.903312,2300,0.0,0.0
2003-08-28,16.799999,16.799999,16.799999,16.799999,6.903312,0,0.0,0.0
2003-08-29,16.99,17.25,16.99,17.25,7.088224,1000,0.0,0.0
2003-09-02,17.5,17.5,17.5,17.5,7.190952,1000,0.0,0.0
2003-09-03,17.74,18.5,17.74,18.5,7.601862,7700,0.0,0.0
2003-09-04,18.75,19.5,18.75,19.5,8.012776,4300,0.0,0.0
2003-09-05,19.25,19.25,19.25,19.25,7.910046,2000,0.0,0.0
2003-09-08,19.5,21.0,19.5,20.02,8.226448,9800,0.0,0.0
2003-09-09,19.809999,19.809999,19.700001,19.700001,8.094956,7400,0.0,0.0
2003-09-10,19.450001,19.450001,18.5,18.950001,7.786774,33700,0.0,0.0
2003-09-11,18.99,19.450001,18.889999,19.35,7.951136,3900,0.0,0.0
2003-09-12,19.0,19.0,19.0,19.0,7.807318,200,0.0,0.0
2003-09-15,19.4,19.610001,19.4,19.610001,8.057971,1300,0.0,0.0
2003-09-16,19.299999,19.299999,19.299999,19.299999,7.930592,500,0.0,0.0
2003-09-17,19.67,19.67,19.67,19.67,8.082632,1000,0.0,0.0
2003-09-18,19.67,19.67,19.67,19.67,8.082632,0,0.0,0.0
2003-09-19,19.67,19.67,19.67,19.67,8.082632,0,0.0,0.0
2003-09-22,19.4,19.4,19.4,19.4,7.971681,200,0.0,0.0
2003-09-23,19.6,19.82,19.6,19.82,8.144264,2300,0.0,0.0
2003-09-24,19.82,19.82,19.82,19.82,8.144264,0,0.0,0.0
2003-09-25,19.5,19.5,19.200001,19.200001,7.889499,800,0.0,0.0
2003-09-26,18.950001,18.950001,18.77,18.77,7.712805,900,0.0,0.0
2003-09-29,18.5,18.5,18.35,18.42,7.56899,500,0.0,0.0
2003-09-30,18.49,18.5,18.49,18.5,7.601862,400,0.0,0.0
2003-10-01,18.709999,20.0,18.709999,20.0,8.218232,4400,0.0,0.0
2003-10-02,19.99,20.200001,19.99,20.200001,8.300415,1100,0.0,0.0
2003-10-03,20.25,20.82,20.25,20.700001,8.50587,900,0.0,0.0
2003-10-06,20.65,20.65,20.65,20.65,8.485326,500,0.0,0.0
2003-10-07,20.4,20.4,20.389999,20.389999,8.378486,5100,0.0,0.0
2003-10-08,20.389999,20.389999,20.389999,20.389999,8.378486,0,0.0,0.0
2003-10-09,20.59,20.59,20.59,20.59,8.46067,200,0.0,0.0
2003-10-10,20.59,20.59,20.59,20.59,8.46067,0,0.0,0.0
2003-10-13,20.59,20.59,20.59,20.59,8.46067,0,0.0,0.0
2003-10-14,20.950001,21.0,20.950001,21.0,8.629141,1200,0.0,0.0
2003-10-15,21.0,21.299999,21.0,21.26,8.735981,4100,0.0,0.0
2003-10-16,21.5,21.5,21.5,21.5,8.834593,2000,0.0,0.0
2003-10-17,21.25,21.450001,21.25,21.450001,8.814053,600,0.0,0.0
2003-10-20,21.25,21.25,21.049999,21.049999,8.649686,1600,0.0,0.0
2003-10-21,21.0,21.0,21.0,21.0,8.629141,1000,0.0,0.0
2003-10-22,21.190001,21.200001,21.190001,21.200001,8.711325,300,0.0,0.0
2003-10-23,21.4,21.74,21.4,21.74,8.933213,300,0.0,0.0
2003-10-24,21.4,21.4,21.25,21.25,8.731868,400,0.0,0.0
2003-10-27,21.5,21.6,21.5,21.6,8.875689,300,0.0,0.0
2003-10-28,21.75,21.75,21.75,21.75,8.937328,2000,0.0,0.0
2003-10-29,21.9,22.75,21.9,22.75,9.348233,8700,0.0,0.0
2003-10-30,22.5,22.5,20.99,20.99,8.625031,5100,0.0,0.0
2003-10-31,21.15,21.5,20.99,20.99,8.625031,1900,0.0,0.0
2003-11-03,21.0,21.0,21.0,21.0,8.629141,200,0.0,0.0
2003-11-04,21.299999,22.120001,21.299999,22.120001,9.089364,4400,0.0,0.0
2003-11-05,22.15,22.75,22.15,22.200001,9.122233,3200,0.0,0.0
2003-11-06,22.549999,22.75,22.549999,22.75,9.348233,1400,0.0,0.0
2003-11-07,23.0,23.5,23.0,23.5,9.681104,4000,0.058,0.0
2003-11-10,22.1,22.200001,21.950001,22.049999,9.083755,1600,0.0,0.0
2003-11-11,22.049999,22.049999,22.049999,22.049999,9.083755,0,0.0,0.0
2003-11-12,21.889999,21.889999,21.889999,21.889999,9.017838,100,0.0,0.0
2003-11-13,22.129999,22.129999,22.129999,22.129999,9.116712,1200,0.0,0.0
2003-11-14,21.99,21.99,21.99,21.99,9.059038,100,0.0,0.0
2003-11-17,21.5,21.5,20.940001,21.299999,8.774784,1400,0.0,0.0
2003-11-18,21.32,21.32,21.32,21.32,8.783026,200,0.0,0.0
2003-11-19,21.01,21.01,20.9,20.9,8.610002,700,0.0,0.0
2003-11-20,21.209999,21.209999,21.209999,21.209999,8.737704,100,0.0,0.0
2003-11-21,21.5,21.700001,21.5,21.700001,8.939571,200,0.0,0.0
2003-11-24,21.700001,21.700001,21.700001,21.700001,8.939571,0,0.0,0.0
2003-11-25,21.9,21.9,21.9,21.9,9.021964,100,0.0,0.0
2003-11-26,22.0,22.0,22.0,22.0,9.063161,100,0.0,0.0
2003-11-28,21.950001,21.950001,21.950001,21.950001,9.042562,100,0.0,0.0
2003-12-01,22.5,23.0,22.5,23.0,9.475118,900,0.0,0.0
2003-12-02,23.4,24.299999,23.4,24.299999,10.010669,2500,0.0,0.0
2003-12-03,24.01,24.01,23.6,23.6,9.722299,2600,0.0,0.0
2003-12-04,23.35,23.35,20.5,20.799999,8.568803,5500,0.0,0.0
2003-12-05,20.799999,20.799999,20.700001,20.700001,8.527612,500,0.0,0.0
2003-12-08,20.700001,20.700001,20.700001,20.700001,8.527612,0,0.0,0.0
2003-12-09,20.35,20.35,20.35,20.35,8.383423,100,0.0,0.0
2003-12-10,20.0,20.0,20.0,20.0,8.239235,200,0.0,0.0
2003-12-11,19.85,20.549999,19.85,20.5,8.445218,18100,0.0,0.0
2003-12-12,21.549999,22.0,21.5,21.65,8.918966,8100,0.0,0.0
2003-12-15,21.809999,21.809999,21.0,21.0,8.651197,1000,0.0,0.0
2003-12-16,20.5,20.5,20.0,20.0,8.239235,900,0.0,0.0
2003-12-17,20.139999,20.139999,20.139999,20.139999,8.296906,1200,0.0,0.0
2003-12-18,20.139999,20.139999,20.139999,20.139999,8.296906,0,0.0,0.0
2003-12-19,20.309999,20.67,20.309999,20.67,8.515251,800,0.0,0.0
2003-12-22,20.34,20.34,20.25,20.27,8.350467,8000,0.0,0.0
2003-12-23,20.4,20.58,20.4,20.58,8.478174,2100,0.0,0.0
2003-12-24,20.51,20.51,20.51,20.51,8.449333,200,0.0,0.0
2003-12-26,20.51,20.51,20.51,20.51,8.449333,0,0.0,0.0
2003-12-29,20.5,20.5,20.0,20.0,8.239235,700,0.0,0.0
2003-12-30,19.99,20.200001,19.99,20.200001,8.321631,1200,0.0,0.0
2003-12-31,20.0,20.0,20.0,20.0,8.239235,800,0.0,0.0
2004-01-02,20.0,20.309999,20.0,20.0,8.239235,5400,0.0,0.0
2004-01-05,20.049999,20.049999,19.870001,19.870001,8.185682,200,0.0,0.0
2004-01-06,19.799999,20.0,19.59,19.84,8.173322,2100,0.0,0.0
2004-01-07,19.74,20.549999,19.74,20.5,8.445218,3600,0.0,0.0
2004-01-08,20.200001,20.73,20.0,20.73,8.539968,2400,0.0,0.0
2004-01-09,20.99,21.25,20.99,21.25,8.754187,800,0.0,0.0
2004-01-12,21.0,21.0,20.98,20.98,8.642956,300,0.0,0.0
2004-01-13,20.799999,21.190001,20.530001,21.190001,8.729472,2700,0.0,0.0
2004-01-14,21.110001,21.99,21.0,21.99,9.059038,7900,0.0,0.0
2004-01-15,21.879999,22.0,21.879999,22.0,9.063161,1800,0.0,0.0
2004-01-16,22.0,22.299999,22.0,22.299999,9.186747,400,0.0,0.0
2004-01-20,22.1,22.1,21.5,21.66,8.923091,900,0.0,0.0
2004-01-21,22.0,22.200001,22.0,22.200001,9.145548,400,0.0,0.0
2004-01-22,22.0,22.0,21.4,21.549999,8.877773,1500,0.0,0.0
2004-01-23,21.799999,22.02,21.799999,22.02,9.071397,1600,0.0,0.0
2004-01-26,22.25,22.25,22.25,22.25,9.166149,100,0.0,0.0
2004-01-27,22.25,22.25,22.25,22.25,9.166149,0,0.0,0.0
2004-01-28,21.799999,21.799999,21.0,21.0,8.651197,1400,0.0,0.0
2004-01-29,21.0,21.0,21.0,21.0,8.651197,0,0.0,0.0
2004-01-30,21.1,21.139999,20.799999,21.139999,8.70887,2900,0.0,0.0
2004-02-02,21.299999,21.299999,21.299999,21.299999,8.774784,100,0.0,0.0
2004-02-03,21.200001,21.200001,21.200001,21.200001,8.733589,100,0.0,0.0
2004-02-04,21.0,21.0,20.709999,20.709999,8.531729,800,0.0,0.0
2004-02-05,20.9,21.299999,20.9,21.299999,8.774784,600,0.0,0.0
2004-02-06,21.49,22.1,21.4,22.1,9.104358,2000,0.0,0.0
2004-02-09,22.200001,22.5,22.200001,22.299999,9.186747,2100,0.0,0.0
2004-02-10,22.01,22.5,21.969999,22.5,9.269139,1100,0.0,0.0
2004-02-11,22.209999,22.209999,21.799999,22.1,9.127885,2400,0.058,0.0
2004-02-12,22.299999,22.6,22.299999,22.4,9.251794,1000,0.0,0.0
2004-02-13,22.200001,22.200001,21.290001,21.290001,8.793336,2500,0.0,0.0
2004-02-17,21.290001,21.290001,21.290001,21.290001,8.793336,0,0.0,0.0
2004-02-18,21.389999,22.059999,21.389999,22.059999,9.111363,1300,0.0,0.0
2004-02-19,21.799999,21.860001,21.299999,21.299999,8.797462,1800,0.0,0.0
2004-02-20,21.049999,21.049999,20.790001,20.790001,8.586821,700,0.0,0.0
2004-02-23,20.9,20.9,20.68,20.68,8.541389,300,0.0,0.0
2004-02-24,20.5,20.5,20.299999,20.299999,8.384435,400,0.0,0.0
2004-02-25,20.5,20.5,20.5,20.5,8.467043,200,0.0,0.0
2004-02-26,20.700001,21.200001,20.700001,21.200001,8.756163,900,0.0,0.0
2004-02-27,21.299999,21.299999,21.299999,21.299999,8.797462,100,0.0,0.0
2004-03-01,21.6,22.0,21.5,22.0,9.086583,2400,0.0,0.0
2004-03-02,22.200001,22.200001,21.690001,21.690001,8.958542,300,0.0,0.0
2004-03-03,21.549999,21.549999,21.0,21.0,8.673555,1000,0.0,0.0
2004-03-04,21.200001,22.0,21.200001,22.0,9.086583,2500,0.0,0.0
2004-03-05,22.200001,23.799999,22.200001,23.49,9.701991,5600,0.0,0.0
2004-03-08,23.26,23.26,22.75,22.75,9.396351,1400,0.0,0.0
2004-03-09,22.65,22.65,22.15,22.299999,9.21049,900,0.0,0.0
2004-03-10,22.0,22.0,21.450001,21.450001,8.859421,2300,0.0,0.0
2004-03-11,21.65,22.65,21.65,22.610001,9.338527,1600,0.0,0.0
2004-03-12,22.75,22.75,22.75,22.75,9.396351,100,0.0,0.0
2004-03-15,22.5,22.5,22.5,22.5,9.293094,100,0.0,0.0
2004-03-16,22.200001,22.200001,21.1,21.1,8.714857,1700,0.0,0.0
2004-03-17,21.5,21.719999,21.5,21.5,8.880068,800,0.0,0.0
2004-03-18,21.200001,21.5,21.0,21.5,8.880068,1600,0.0,0.0
2004-03-19,21.200001,21.200001,20.809999,20.809999,8.595077,800,0.0,0.0
2004-03-22,20.809999,20.809999,20.809999,20.809999,8.595077,0,0.0,0.0
2004-03-23,20.809999,20.809999,20.809999,20.809999,8.595077,0,0.0,0.0
2004-03-24,20.6,20.6,20.200001,20.200001,8.343137,600,0.0,0.0
2004-03-25,20.25,20.879999,20.25,20.879999,8.623995,1200,0.0,0.0
2004-03-26,20.879999,20.879999,20.879999,20.879999,8.623995,0,0.0,0.0
2004-03-29,21.1,21.5,21.1,21.5,8.880068,400,0.0,0.0
2004-03-30,21.75,21.9,21.75,21.9,9.04528,1900,0.0,0.0
2004-03-31,21.950001,21.950001,21.6,21.6,8.92137,600,0.0,0.0
2004-04-01,21.549999,21.549999,21.299999,21.299999,8.797462,1000,0.0,0.0
2004-04-02,21.4,21.4,21.4,21.4,8.838763,100,0.0,0.0
2004-04-05,21.1,21.1,21.09,21.09,8.710729,400,0.0,0.0
2004-04-06,21.09,21.09,21.09,21.09,8.710729,0,0.0,0.0
2004-04-07,21.299999,21.5,21.139999,21.5,8.880068,400,0.0,0.0
2004-04-08,21.299999,21.299999,21.0,21.0,8.673555,300,0.0,0.0
2004-04-12,20.75,20.75,20.75,20.75,8.570301,100,0.0,0.0
2004-04-13,20.299999,20.299999,20.0,20.0,8.26053,700,0.0,0.0
2004-04-14,19.950001,19.950001,19.4,19.4,8.012712,1000,0.0,0.0
2004-04-15,20.0,20.0,20.0,20.0,8.26053,300,0.0,0.0
2004-04-16,19.799999,19.799999,19.799999,19.799999,8.177925,100,0.0,0.0
2004-04-19,19.9,20.1,19.9,20.1,8.301835,500,0.0,0.0
2004-04-20,20.1,20.1,20.1,20.1,8.301835,0,0.0,0.0
2004-04-21,20.1,20.1,20.1,20.1,8.301835,0,0.0,0.0
2004-04-22,20.1,20.1,20.1,20.1,8.301835,0,0.0,0.0
2004-04-23,20.1,20.1,20.1,20.1,8.301835,0,0.0,0.0
2004-04-26,20.1,20.1,20.1,20.1,8.301835,0,0.0,0.0
2004-04-27,19.9,19.9,19.5,19.5,8.054017,400,0.0,0.0
2004-04-28,19.200001,19.200001,19.200001,19.200001,7.930108,100,0.0,0.0
2004-04-29,18.799999,18.799999,17.85,17.85,7.37252,900,0.0,0.0
2004-04-30,17.9,18.15,17.9,18.15,7.496432,200,0.0,0.0
2004-05-03,18.15,18.15,18.15,18.15,7.496432,0,0.0,0.0
2004-05-04,17.889999,17.889999,17.889999,17.889999,7.389041,100,0.0,0.0
2004-05-05,17.889999,17.889999,17.889999,17.889999,7.389041,0,0.0,0.0
2004-05-06,17.299999,17.549999,17.25,17.549999,7.248615,700,0.0,0.0
2004-05-07,17.700001,17.75,17.299999,17.299999,7.145358,300,0.0,0.0
2004-05-10,17.0,17.16,17.0,17.16,7.087534,500,0.0,0.0
2004-05-11,17.5,17.5,17.5,17.5,7.227963,100,0.0,0.0
2004-05-12,17.25,17.25,17.25,17.25,7.148397,300,0.058,0.0
2004-05-13,17.4,17.4,17.4,17.4,7.210559,400,0.0,0.0
2004-05-14,17.42,17.75,17.42,17.75,7.355596,300,0.0,0.0
2004-05-17,17.75,17.75,17.75,17.75,7.355596,0,0.0,0.0
2004-05-18,17.75,17.75,17.75,17.75,7.355596,0,0.0,0.0
2004-05-19,17.75,17.75,17.75,17.75,7.355596,0,0.0,0.0
2004-05-20,17.75,17.75,17.75,17.75,7.355596,0,0.0,0.0
2004-05-21,17.75,17.75,17.75,17.75,7.355596,0,0.0,0.0
2004-05-24,17.75,17.85,17.75,17.85,7.397038,1400,0.0,0.0
2004-05-25,17.85,17.85,17.85,17.85,7.397038,0,0.0,0.0
2004-05-26,18.0,18.0,18.0,18.0,7.459198,100,0.0,0.0
2004-05-27,18.5,18.51,18.18,18.200001,7.542078,2400,0.0,0.0
2004-05-28,18.049999,18.049999,18.049999,18.049999,7.479916,100,0.0,0.0
2004-06-01,18.049999,18.049999,18.049999,18.049999,7.479916,0,0.0,0.0
2004-06-02,17.4,17.51,17.200001,17.51,7.256144,2900,0.0,0.0
2004-06-03,17.0,17.120001,17.0,17.120001,7.094524,1700,0.0,0.0
2004-06-04,16.82,16.82,16.809999,16.809999,6.966061,300,0.0,0.0
2004-06-07,16.950001,16.950001,16.950001,16.950001,7.024079,100,0.0,0.0
2004-06-08,16.950001,16.950001,16.950001,16.950001,7.024079,0,0.0,0.0
2004-06-09,16.6,16.6,16.6,16.6,6.879035,100,0.0,0.0
2004-06-10,17.0,17.0,17.0,17.0,7.044799,200,0.0,0.0
2004-06-14,17.0,17.0,17.0,17.0,7.044799,0,0.0,0.0
2004-06-15,17.0,17.0,17.0,17.0,7.044799,0,0.0,0.0
2004-06-16,17.0,17.0,17.0,17.0,7.044799,0,0.0,0.0
2004-06-17,17.26,17.65,17.26,17.65,7.314159,400,0.0,0.0
2004-06-18,17.65,17.65,17.65,17.65,7.314159,0,0.0,0.0
2004-06-21,17.65,17.65,17.65,17.65,7.314159,0,0.0,0.0
2004-06-22,17.639999,17.639999,17.0,17.0,7.044799,200,0.0,0.0
2004-06-23,17.5,17.5,17.5,17.5,7.251998,200,0.0,0.0
2004-06-24,17.75,17.75,17.75,17.75,7.355596,100,0.0,0.0
2004-06-25,17.75,17.75,17.75,17.75,7.355596,0,0.0,0.0
2004-06-28,18.049999,18.049999,18.049999,18.049999,7.479916,100,0.0,0.0
2004-06-29,18.049999,18.049999,18.049999,18.049999,7.479916,0,0.0,0.0
2004-06-30,17.780001,17.780001,17.780001,17.780001,7.36803,100,0.0,0.0
2004-07-01,17.15,17.15,17.15,17.15,7.106956,100,0.0,0.0
2004-07-02,17.15,17.15,17.15,17.15,7.106956,0,0.0,0.0
2004-07-06,17.15,17.15,17.15,17.15,7.106956,0,0.0,0.0
2004-07-07,17.15,17.15,17.15,17.15,7.106956,0,0.0,0.0
2004-07-08,17.15,17.15,17.15,17.15,7.106956,0,0.0,0.0
2004-07-09,17.15,17.15,17.15,17.15,7.106956,0,0.0,0.0
2004-07-12,17.15,17.15,17.15,17.15,7.106956,0,0.0,0.0
2004-07-13,17.15,17.15,17.15,17.15,7.106956,0,0.0,0.0
2004-07-14,17.1,17.1,17.1,17.1,7.086238,100,0.0,0.0
2004-07-15,17.1,17.1,17.1,17.1,7.086238,0,0.0,0.0
2004-07-16,16.799999,16.799999,16.5,16.5,6.837597,2000,0.0,0.0
2004-07-19,16.5,16.5,16.5,16.5,6.837597,0,0.0,0.0
2004-07-20,16.65,16.65,16.65,16.65,6.899755,200,0.0,0.0
2004-07-21,16.65,16.65,16.65,16.65,6.899755,0,0.0,0.0
2004-07-22,15.75,16.25,15.75,16.25,6.733996,1500,0.0,0.0
2004-07-23,16.25,16.25,16.25,16.25,6.733996,0,0.0,0.0
2004-07-26,16.25,16.25,16.25,16.25,6.733996,0,0.0,0.0
2004-07-27,16.5,16.5,16.5,16.5,6.837597,200,0.0,0.0
2004-07-28,17.0,17.0,17.0,17.0,7.044799,100,0.0,0.0
2004-07-29,17.549999,18.389999,17.549999,18.1,7.500639,3800,0.0,0.0
2004-07-30,18.4,18.52,18.4,18.52,7.674685,1300,0.0,0.0
2004-08-02,18.200001,18.219999,18.0,18.219999,7.550366,2400,0.0,0.0
2004-08-03,17.75,17.790001,17.629999,17.639999,7.310013,2700,0.0,0.0
2004-08-04,17.0,17.09,17.0,17.08,7.077949,1400,0.0,0.0
2004-08-05,16.68,16.68,16.68,16.68,6.912189,100,0.0,0.0
2004-08-06,16.1,16.1,16.1,16.1,6.671838,100,0.0,0.0
2004-08-09,16.25,16.52,16.25,16.52,6.845886,1200,0.0,0.0
2004-08-10,16.65,16.65,16.65,16.65,6.899755,100,0.0,0.0
2004-08-11,16.59,16.59,16.59,16.59,6.898929,0,0.058,0.0
2004-08-12,16.59,16.59,16.59,16.59,6.898929,0,0.0,0.0
2004-08-13,16.59,16.59,16.59,16.59,6.898929,0,0.0,0.0
2004-08-16,16.59,16.59,16.59,16.59,6.898929,0,0.0,0.0
2004-08-17,16.700001,16.700001,16.700001,16.700001,6.944668,100,0.0,0.0
2004-08-18,16.799999,16.9,16.799999,16.83,6.998728,1200,0.0,0.0
2004-08-19,17.0,17.0,17.0,17.0,7.069422,200,0.0,0.0
2004-08-20,17.15,17.15,17.15,17.15,7.1318,200,0.0,0.0
2004-08-23,17.299999,17.450001,17.299999,17.450001,7.256554,200,0.0,0.0
2004-08-24,17.450001,17.450001,17.450001,17.450001,7.256554,0,0.0,0.0
2004-08-25,16.950001,17.049999,16.950001,17.049999,7.090215,500,0.0,0.0
2004-08-26,17.049999,17.049999,17.049999,17.049999,7.090215,0,0.0,0.0
2004-08-27,17.049999,17.049999,17.049999,17.049999,7.090215,0,0.0,0.0
2004-08-30,17.049999,17.049999,17.049999,17.049999,7.090215,0,0.0,0.0
2004-08-31,16.75,16.75,16.75,16.75,6.965459,100,0.0,0.0
2004-09-01,16.5,16.5,16.5,16.5,6.861498,100,0.0,0.0
2004-09-02,16.5,17.0,16.5,17.0,7.069422,500,0.0,0.0
2004-09-03,17.5,17.5,17.5,17.5,7.277344,200,0.0,0.0
2004-09-07,17.5,17.5,17.5,17.5,7.277344,0,0.0,0.0
2004-09-08,17.5,17.5,17.0,17.0,7.069422,900,0.0,0.0
2004-09-09,17.1,17.1,17.1,17.1,7.111009,100,0.0,0.0
2004-09-10,17.1,17.1,17.1,17.1,7.111009,0,0.0,0.0
2004-09-13,17.35,17.6,17.35,17.6,7.318934,400,0.0,0.0
2004-09-14,17.6,17.6,17.6,17.6,7.318934,0,0.0,0.0
2004-09-15,17.6,17.6,17.6,17.6,7.318934,0,0.0,0.0
2004-09-16,17.780001,17.780001,17.780001,17.780001,7.393788,100,0.0,0.0
2004-09-17,17.780001,17.780001,17.780001,17.780001,7.393788,0,0.0,0.0
2004-09-20,17.58,17.58,17.58,17.58,7.310618,100,0.0,0.0
2004-09-21,17.52,17.52,17.27,17.27,7.181705,200,0.0,0.0
2004-09-22,17.27,17.27,17.27,17.27,7.181705,0,0.0,0.0
2004-09-23,17.049999,17.049999,16.6,17.0,7.069422,1600,0.0,0.0
2004-09-24,17.0,17.0,17.0,17.0,7.069422,0,0.0,0.0
2004-09-27,17.0,17.0,17.0,17.0,7.069422,0,0.0,0.0
2004-09-28,17.0,17.0,17.0,17.0,7.069422,0,0.0,0.0
2004-09-29,17.1,17.1,17.1,17.1,7.111009,100,0.0,0.0
2004-09-30,17.35,17.6,17.35,17.6,7.318934,200,0.0,0.0
2004-10-01,17.6,17.6,17.6,17.6,7.318934,0,0.0,0.0
2004-10-04,17.700001,17.700001,17.700001,17.700001,7.360516,100,0.0,0.0
2004-10-05,17.700001,17.700001,17.700001,17.700001,7.360516,200,0.0,0.0
2004-10-06,17.700001,17.700001,17.700001,17.700001,7.360516,0,0.0,0.0
2004-10-07,17.700001,17.700001,17.700001,17.700001,7.360516,0,0.0,0.0
2004-10-08,18.25,18.25,18.25,18.25,7.589232,200,0.0,0.0
2004-10-11,17.700001,17.700001,17.700001,17.700001,7.360516,100,0.0,0.0
2004-10-12,17.700001,17.700001,17.700001,17.700001,7.360516,0,0.0,0.0
2004-10-13,17.700001,17.700001,17.700001,17.700001,7.360516,0,0.0,0.0
2004-10-14,17.700001,17.700001,17.700001,17.700001,7.360516,0,0.0,0.0
2004-10-15,17.950001,17.950001,17.299999,17.49,7.273189,1100,0.0,0.0
2004-10-18,17.49,17.49,17.49,17.49,7.273189,0,0.0,0.0
2004-10-19,17.49,17.49,17.49,17.49,7.273189,0,0.0,0.0
2004-10-20,17.49,17.49,17.49,17.49,7.273189,0,0.0,0.0
2004-10-21,17.5,17.9,17.5,17.9,7.443687,500,0.0,0.0
2004-10-22,17.0,17.389999,17.0,17.139999,7.127642,700,0.0,0.0
2004-10-25,17.139999,17.139999,17.139999,17.139999,7.127642,0,0.0,0.0
2004-10-26,17.139999,17.139999,17.139999,17.139999,7.127642,0,0.0,0.0
2004-10-27,17.299999,18.0,17.299999,18.0,7.485271,700,0.0,0.0
2004-10-28,18.0,18.0,18.0,18.0,7.485271,0,0.0,0.0
2004-10-29,17.0,17.0,17.0,17.0,7.069422,200,0.0,0.0
2004-11-01,17.25,18.0,17.25,18.0,7.485271,1300,0.0,0.0
2004-11-02,18.0,18.0,18.0,18.0,7.485271,0,0.0,0.0
2004-11-03,18.0,18.0,18.0,18.0,7.485271,300,0.0,0.0
2004-11-04,18.0,18.0,18.0,18.0,7.485271,0,0.0,0.0
2004-11-05,18.0,18.0,18.0,18.0,7.485271,0,0.0,0.0
2004-11-08,18.0,18.0,18.0,18.0,7.485271,0,0.0,0.0
2004-11-09,17.940001,17.940001,17.940001,17.940001,7.484438,0,0.058,0.0
2004-11-10,19.700001,19.700001,19.700001,19.700001,8.218699,100,0.0,0.0
2004-11-11,19.700001,19.700001,19.700001,19.700001,8.218699,0,0.0,0.0
2004-11-12,20.35,20.35,20.35,20.35,8.489873,300,0.0,0.0
2004-11-15,20.35,20.35,20.35,20.35,8.489873,100,0.0,0.0
2004-11-16,20.35,20.35,20.35,20.35,8.489873,0,0.0,0.0
2004-11-17,20.35,20.35,20.35,20.35,8.489873,0,0.0,0.0
2004-11-18,20.35,20.35,20.35,20.35,8.489873,0,0.0,0.0
2004-11-19,20.35,20.35,20.35,20.35,8.489873,0,0.0,0.0
2004-11-22,20.25,20.25,20.25,20.25,8.448153,600,0.0,0.0
2004-11-23,20.25,20.25,20.25,20.25,8.448153,0,0.0,0.0
2004-11-24,20.190001,20.190001,20.190001,20.190001,8.423123,200,0.0,0.0
2004-11-26,20.190001,20.190001,20.190001,20.190001,8.423123,0,0.0,0.0
2004-11-29,20.190001,20.190001,20.190001,20.190001,8.423123,0,0.0,0.0
2004-11-30,19.799999,19.799999,19.799999,19.799999,8.260416,100,0.0,0.0
2004-12-01,19.799999,19.799999,19.799999,19.799999,8.260416,0,0.0,0.0
2004-12-02,20.18,20.18,20.18,20.18,8.418951,300,0.0,0.0
2004-12-03,19.6,19.700001,19.6,19.700001,8.218699,900,0.0,0.0
2004-12-06,18.75,18.75,18.75,18.75,7.822361,600,0.0,0.0
2004-12-07,18.26,18.26,18.0,18.0,7.509468,400,0.0,0.0
2004-12-08,18.0,18.0,18.0,18.0,7.509468,0,0.0,0.0
2004-12-09,17.299999,17.6,17.299999,17.6,7.342595,10200,0.0,0.0
2004-12-10,17.6,17.6,17.6,17.6,7.342595,300,0.0,0.0
2004-12-13,17.6,17.6,17.299999,17.5,7.300874,1500,0.0,0.0
2004-12-14,18.41,18.41,18.41,18.41,7.680517,100,0.0,0.0
2004-12-15,18.41,18.41,18.41,18.41,7.680517,0,0.0,0.0
2004-12-16,17.91,18.049999,17.91,18.049999,7.53033,4300,0.0,0.0
2004-12-17,17.700001,17.700001,17.700001,17.700001,7.384313,100,0.0,0.0
2004-12-20,17.25,17.25,17.25,17.25,7.196576,100,0.0,0.0
2004-12-21,17.25,17.25,17.25,17.25,7.196576,0,0.0,0.0
2004-12-22,17.5,17.5,17.5,17.5,7.300874,100,0.0,0.0
2004-12-23,17.5,17.5,17.5,17.5,7.300874,0,0.0,0.0
2004-12-27,17.5,17.5,17.5,17.5,7.300874,0,0.0,0.0
2004-12-28,17.4,17.4,17.4,17.4,7.259153,100,0.0,0.0
2004-12-29,17.42,17.42,17.42,17.42,7.267498,100,0.0,0.0
2004-12-30,17.42,17.42,17.42,17.42,7.267498,0,0.0,0.0
2004-12-31,17.42,17.42,17.42,17.42,7.267498,0,0.0,0.0
2005-01-03,18.0,18.0,17.85,17.85,7.446887,200,0.0,0.0
2005-01-04,17.85,17.85,17.85,17.85,7.446887,0,0.0,0.0
2005-01-05,17.4,17.4,16.9,16.9,7.050555,700,0.0,0.0
2005-01-06,17.110001,17.6,17.110001,17.6,7.342595,400,0.0,0.0
2005-01-07,17.620001,17.620001,17.620001,17.620001,7.350935,300,0.0,0.0
2005-01-10,17.620001,17.620001,17.620001,17.620001,7.350935,0,0.0,0.0
2005-01-11,17.620001,17.620001,17.620001,17.620001,7.350935,0,0.0,0.0
2005-01-12,17.620001,17.620001,17.620001,17.620001,7.350935,0,0.0,0.0
2005-01-13,17.309999,17.41,17.24,17.24,7.192404,500,0.0,0.0
2005-01-14,17.51,17.540001,17.51,17.540001,7.317562,200,0.0,0.0
2005-01-18,17.540001,17.540001,17.540001,17.540001,7.317562,0,0.0,0.0
2005-01-19,17.540001,17.540001,17.540001,17.540001,7.317562,0,0.0,0.0
2005-01-20,17.540001,17.540001,17.540001,17.540001,7.317562,0,0.0,0.0
2005-01-21,17.0,17.049999,17.0,17.049999,7.113134,1900,0.0,0.0
2005-01-24,17.049999,17.049999,17.049999,17.049999,7.113134,0,0.0,0.0
2005-01-25,17.049999,17.049999,17.049999,17.049999,7.113134,0,0.0,0.0
2005-01-26,17.049999,17.049999,17.049999,17.049999,7.113134,0,0.0,0.0
2005-01-27,17.049999,17.049999,17.049999,17.049999,7.113134,0,0.0,0.0
2005-01-28,17.049999,17.049999,17.049999,17.049999,7.113134,0,0.0,0.0
2005-01-31,17.5,17.5,17.5,17.5,7.300874,300,0.0,0.0
2005-02-01,17.5,17.5,17.5,17.5,7.300874,0,0.0,0.0
2005-02-02,17.5,17.5,17.5,17.5,7.300874,0,0.0,0.0
2005-02-03,17.5,17.5,17.5,17.5,7.300874,0,0.0,0.0
2005-02-04,17.5,17.5,17.5,17.5,7.300874,0,0.0,0.0
2005-02-07,17.5,17.5,17.5,17.5,7.300874,0,0.0,0.0
2005-02-08,17.389999,17.48,17.389999,17.48,7.292527,1600,0.0,0.0
2005-02-09,17.299999,17.690001,16.889999,16.98,7.083933,12200,0.0,0.0
2005-02-10,16.42,16.99,16.42,16.799999,7.008838,3900,0.0,0.0
2005-02-11,16.809999,17.25,16.809999,17.09,7.129825,3300,0.0,0.0
2005-02-14,17.209999,17.209999,16.51,16.690001,6.962948,3200,0.0,0.0
2005-02-15,17.0,17.0,16.85,16.879999,7.042214,600,0.0,0.0
2005-02-16,17.110001,17.110001,17.110001,17.110001,7.13817,300,0.0,0.0
2005-02-17,17.110001,17.110001,17.110001,17.110001,7.13817,0,0.0,0.0
2005-02-18,17.110001,17.110001,17.110001,17.110001,7.13817,0,0.0,0.0
2005-02-22,16.6,16.6,15.82,16.32,6.808589,10500,0.0,0.0
2005-02-23,16.459999,16.459999,15.81,16.059999,6.700116,8200,0.0,0.0
2005-02-24,16.059999,16.059999,16.059999,16.059999,6.700116,0,0.0,0.0
2005-02-25,15.67,16.32,15.59,16.02,6.683428,13100,0.0,0.0
2005-02-28,16.040001,16.27,16.040001,16.27,6.787726,200,0.0,0.0
2005-03-01,16.27,16.27,16.27,16.27,6.787726,0,0.0,0.0
2005-03-02,16.370001,16.370001,16.370001,16.370001,6.829447,600,0.0,0.0
2005-03-03,16.389999,16.76,16.389999,16.700001,6.967121,2000,0.0,0.0
2005-03-04,16.709999,16.790001,16.41,16.700001,6.967121,3300,0.0,0.0
2005-03-07,16.33,16.5,16.33,16.440001,6.85865,2100,0.0,0.0
2005-03-08,15.99,16.129999,15.99,16.08,6.708458,2700,0.0,0.0
2005-03-09,15.89,16.49,15.51,15.51,6.494084,7900,0.058,0.0
2005-03-10,16.01,16.559999,16.01,16.280001,6.816485,5800,0.0,0.0
2005-03-11,16.049999,16.4,16.0,16.379999,6.858356,5200,0.0,0.0
2005-03-14,16.35,16.41,16.27,16.27,6.812301,2400,0.0,0.0
2005-03-15,16.27,16.27,16.27,16.27,6.812301,0,0.0,0.0
2005-03-16,16.0,16.0,16.0,16.0,6.699249,600,0.0,0.0
2005-03-17,16.040001,16.25,16.040001,16.25,6.803925,600,0.0,0.0
2005-03-18,16.25,16.25,16.25,16.25,6.803925,0,0.0,0.0
2005-03-21,16.25,16.25,16.25,16.25,6.803925,0,0.0,0.0
2005-03-22,16.25,16.25,16.25,16.25,6.803925,0,0.0,0.0
2005-03-23,16.07,16.209999,15.71,15.71,6.577823,1300,0.0,0.0
2005-03-24,15.71,15.71,15.71,15.71,6.577823,0,0.0,0.0
2005-03-28,15.71,15.71,15.71,15.71,6.577823,0,0.0,0.0
2005-03-29,15.2,15.59,15.1,15.38,6.439654,3100,0.0,0.0
2005-03-30,15.38,15.38,15.38,15.38,6.439654,0,0.0,0.0
2005-03-31,15.26,15.41,15.26,15.38,6.439654,2300,0.0,0.0
2005-04-01,15.08,15.2,14.86,14.89,6.234489,3300,0.0,0.0
2005-04-04,14.89,14.89,14.89,14.89,6.234489,0,0.0,0.0
2005-04-05,15.14,15.8,15.14,15.79,6.61132,2800,0.0,0.0
2005-04-06,15.79,15.79,15.79,15.79,6.61132,0,0.0,0.0
2005-04-07,16.450001,16.799999,16.450001,16.799999,7.034211,5100,0.0,0.0
2005-04-08,16.799999,16.799999,16.799999,16.799999,7.034211,0,0.0,0.0
2005-04-11,16.799999,16.799999,16.799999,16.799999,7.034211,0,0.0,0.0
2005-04-12,16.0,16.0,15.26,15.91,6.661563,4400,0.0,0.0
2005-04-13,15.62,15.69,15.14,15.44,6.464773,5200,0.0,0.0
2005-04-14,15.61,15.65,14.97,15.03,6.293106,4900,0.0,0.0
2005-04-15,15.09,15.31,14.74,15.04,6.297294,2900,0.0,0.0
2005-04-18,15.12,15.15,15.02,15.02,6.28892,1700,0.0,0.0
2005-04-19,14.7,14.7,14.7,14.7,6.154933,500,0.0,0.0
2005-04-20,14.75,14.81,14.75,14.77,6.184246,1400,0.0,0.0
2005-04-21,15.12,15.12,15.02,15.02,6.28892,800,0.0,0.0
2005-04-22,14.84,15.15,14.84,15.15,6.343351,2000,0.0,0.0
2005-04-25,15.15,15.15,15.15,15.15,6.343351,0,0.0,0.0
2005-04-26,14.49,14.91,14.49,14.9,6.238676,2200,0.0,0.0
2005-04-27,14.9,14.9,14.9,14.9,6.238676,0,0.0,0.0
2005-04-28,14.6,14.6,14.6,14.6,6.113064,200,0.0,0.0
2005-04-29,14.6,14.6,14.6,14.6,6.113064,0,0.0,0.0
2005-05-02,14.6,14.6,14.6,14.6,6.113064,0,0.0,0.0
2005-05-03,13.65,13.65,13.65,13.65,5.715295,200,0.0,0.0
2005-05-04,13.65,13.65,13.65,13.65,5.715295,0,0.0,0.0
2005-05-05,13.8,13.8,13.8,13.8,5.778101,200,0.0,0.0
2005-05-06,13.8,13.8,13.8,13.8,5.778101,0,0.0,0.0
2005-05-09,13.64,14.3,13.64,14.3,5.987453,1700,0.0,0.0
2005-05-10,14.0,14.0,14.0,14.0,5.861837,500,0.0,0.0
2005-05-11,14.11,14.11,13.37,13.37,5.598059,600,0.0,0.0
2005-05-12,14.03,14.03,14.02,14.02,5.870216,700,0.0,0.0
2005-05-13,14.02,14.02,14.02,14.02,5.870216,0,0.0,0.0
2005-05-16,14.02,14.02,14.02,14.02,5.870216,0,0.0,0.0
2005-05-17,13.95,13.95,13.9,13.91,5.824159,300,0.0,0.0
2005-05-18,13.91,13.91,13.91,13.91,5.824159,0,0.0,0.0
2005-05-19,13.91,13.91,13.91,13.91,5.824159,0,0.0,0.0
2005-05-20,13.89,14.53,13.89,14.53,6.083755,1100,0.0,0.0
2005-05-23,14.25,14.25,14.25,14.25,5.966519,100,0.0,0.0
2005-05-24,14.25,14.25,14.25,14.25,5.966519,0,0.0,0.0
2005-05-25,14.25,14.25,14.25,14.25,5.966519,0,0.0,0.0
2005-05-26,14.25,14.25,14.25,14.25,5.990901,0,0.058,0.0
2005-05-27,13.75,14.23,13.75,14.23,5.982492,200,0.0,0.0
2005-05-31,14.15,14.15,14.15,14.15,5.94886,100,0.0,0.0
2005-06-01,13.96,13.96,13.96,13.96,5.868981,100,0.0,0.0
2005-06-02,14.01,14.01,14.01,14.01,5.890003,100,0.0,0.0
2005-06-03,14.01,14.01,14.01,14.01,5.890003,0,0.0,0.0
2005-06-06,14.2,14.2,14.16,14.16,5.953065,400,0.0,0.0
2005-06-07,14.4,14.4,14.4,14.4,6.053965,200,0.0,0.0
2005-06-08,14.0,14.0,13.75,13.75,5.780694,800,0.0,0.0
2005-06-09,13.87,13.87,13.87,13.87,5.831144,100,0.0,0.0
2005-06-10,14.25,14.25,14.25,14.25,5.990901,200,0.0,0.0
2005-06-13,14.25,14.25,14.25,14.25,5.990901,0,0.0,0.0
2005-06-14,14.58,14.74,14.58,14.74,6.196905,500,0.0,0.0
2005-06-15,14.6,14.6,14.6,14.6,6.138046,100,0.0,0.0
2005-06-16,14.6,14.6,14.6,14.6,6.138046,0,0.0,0.0
2005-06-17,14.6,14.6,14.6,14.6,6.138046,0,0.0,0.0
2005-06-20,14.6,14.6,14.6,14.6,6.138046,0,0.0,0.0
2005-06-21,14.6,14.6,14.6,14.6,6.138046,0,0.0,0.0
2005-06-22,14.6,14.6,14.6,14.6,6.138046,0,0.0,0.0
2005-06-23,14.6,14.6,14.6,14.6,6.138046,0,0.0,0.0
2005-06-24,14.81,14.81,14.31,14.79,6.217925,700,0.0,0.0
2005-06-27,14.34,14.91,14.34,14.8,6.222129,2800,0.0,0.0
2005-06-28,14.8,14.8,14.8,14.8,6.222129,0,0.0,0.0
2005-06-29,14.8,14.8,14.8,14.8,6.222129,0,0.0,0.0
2005-06-30,14.79,14.79,14.79,14.79,6.217925,100,0.0,0.0
2005-07-01,14.79,14.79,14.79,14.79,6.217925,0,0.0,0.0
2005-07-05,14.79,14.79,14.79,14.79,6.217925,0,0.0,0.0
2005-07-06,14.79,14.79,14.79,14.79,6.217925,0,0.0,0.0
2005-07-07,13.43,13.43,12.85,13.0,5.465384,1000,0.0,0.0
2005-07-08,13.25,13.25,12.75,13.0,5.465384,1100,0.0,0.0
2005-07-11,13.27,13.29,13.27,13.29,5.587304,800,0.0,0.0
2005-07-12,13.49,13.49,13.49,13.49,5.671386,100,0.0,0.0
2005-07-13,13.35,13.49,13.02,13.32,5.599917,3900,0.0,0.0
2005-07-14,13.32,13.32,13.32,13.32,5.599917,0,0.0,0.0
2005-07-15,13.32,13.32,13.32,13.32,5.599917,0,0.0,0.0
2005-07-18,13.32,13.32,13.32,13.32,5.599917,0,0.0,0.0
2005-07-19,13.55,13.55,13.55,13.55,5.69661,400,0.0,0.0
2005-07-20,13.85,13.85,13.66,13.71,5.76388,1500,0.0,0.0
2005-07-21,13.71,13.71,13.71,13.71,5.76388,0,0.0,0.0
2005-07-22,13.87,13.87,13.25,13.25,5.570487,800,0.0,0.0
2005-07-25,13.25,13.25,13.25,13.25,5.570487,0,0.0,0.0
2005-07-26,13.25,13.25,13.25,13.25,5.570487,0,0.0,0.0
2005-07-27,13.25,13.25,13.25,13.25,5.570487,0,0.0,0.0
2005-07-28,13.25,13.25,13.25,13.25,5.570487,0,0.0,0.0
2005-07-29,13.25,13.25,13.25,13.25,5.570487,0,0.0,0.0
2005-08-01,13.25,13.25,13.25,13.25,5.570487,0,0.0,0.0
2005-08-02,12.9,12.9,12.85,12.85,5.402323,600,0.0,0.0
2005-08-03,12.89,13.2,12.89,13.2,5.549467,900,0.0,0.0
2005-08-04,12.7,12.77,12.7,12.77,5.368687,300,0.0,0.0
2005-08-05,12.77,12.77,12.77,12.77,5.368687,0,0.0,0.0
2005-08-08,12.77,12.77,12.77,12.77,5.368687,0,0.0,0.0
2005-08-09,12.56,12.58,12.56,12.58,5.288809,200,0.0,0.0
2005-08-10,12.58,12.58,12.58,12.58,5.288809,0,0.0,0.0
2005-08-11,12.58,12.58,12.58,12.58,5.288809,0,0.0,0.0
2005-08-12,12.65,12.65,12.65,12.65,5.318242,200,0.0,0.0
2005-08-15,12.65,12.65,12.65,12.65,5.318242,0,0.0,0.0
2005-08-16,12.65,12.65,12.65,12.65,5.318242,0,0.0,0.0
2005-08-17,12.65,12.65,12.65,12.65,5.318242,0,0.0,0.0
2005-08-18,12.65,12.65,12.65,12.65,5.318242,0,0.0,0.0
2005-08-19,12.65,12.65,12.65,12.65,5.318242,0,0.0,0.0
2005-08-22,12.65,12.65,12.65,12.65,5.318242,0,0.0,0.0
2005-08-23,12.65,12.65,12.65,12.65,5.318242,0,0.0,0.0
2005-08-24,12.48,12.48,12.48,12.48,5.246769,1000,0.0,0.0
2005-08-25,12.48,12.48,12.48,12.48,5.271265,0,0.058,0.0
2005-08-26,12.52,12.52,12.38,12.38,5.229029,400,0.0,0.0
2005-08-29,12.38,12.38,12.38,12.38,5.229029,0,0.0,0.0
2005-08-30,12.38,12.38,12.38,12.38,5.229029,0,0.0,0.0
2005-08-31,12.38,12.38,12.38,12.38,5.229029,0,0.0,0.0
2005-09-01,12.38,12.38,12.38,12.38,5.229029,0,0.0,0.0
2005-09-02,12.38,12.38,12.38,12.38,5.229029,0,0.0,0.0
2005-09-06,12.38,12.38,12.38,12.38,5.229029,0,0.0,0.0
2005-09-07,12.38,12.38,12.38,12.38,5.229029,0,0.0,0.0
2005-09-08,12.38,12.38,12.38,12.38,5.229029,0,0.0,0.0
2005-09-09,12.17,12.25,12.1,12.25,5.174119,300,0.0,0.0
2005-09-12,12.25,12.25,12.25,12.25,5.174119,0,0.0,0.0
2005-09-13,12.25,12.25,12.25,12.25,5.174119,0,0.0,0.0
2005-09-14,12.5,12.5,12.45,12.45,5.258594,200,0.0,0.0
2005-09-15,12.45,12.45,12.45,12.45,5.258594,0,0.0,0.0
2005-09-16,12.45,12.45,12.45,12.45,5.258594,0,0.0,0.0
2005-09-19,12.45,12.45,12.45,12.45,5.258594,0,0.0,0.0
2005-09-20,12.45,12.45,12.45,12.45,5.258594,0,0.0,0.0
2005-09-21,12.13,12.14,12.13,12.14,5.127655,500,0.0,0.0
2005-09-22,12.14,12.14,12.14,12.14,5.127655,0,0.0,0.0
2005-09-23,12.14,12.14,12.14,12.14,5.127655,0,0.0,0.0
2005-09-26,12.14,12.14,12.14,12.14,5.127655,0,0.0,0.0
2005-09-27,12.14,12.14,12.14,12.14,5.127655,0,0.0,0.0
2005-09-28,12.14,12.14,12.14,12.14,5.127655,0,0.0,0.0
2005-09-29,12.14,12.14,12.14,12.14,5.127655,0,0.0,0.0
2005-09-30,12.14,12.14,12.14,12.14,5.127655,0,0.0,0.0
2005-10-03,12.14,12.14,12.14,12.14,5.127655,0,0.0,0.0
2005-10-04,12.14,12.14,12.14,12.14,5.127655,0,0.0,0.0
2005-10-05,12.3,12.3,12.3,12.3,5.195239,1300,0.0,0.0
2005-10-06,11.99,11.99,11.95,11.95,5.047406,1600,0.0,0.0
2005-10-07,11.95,11.95,11.95,11.95,5.047406,0,0.0,0.0
2005-10-10,11.95,11.95,11.95,11.95,5.047406,0,0.0,0.0
2005-10-11,11.95,11.95,11.95,11.95,5.047406,0,0.0,0.0
2005-10-12,11.95,11.95,11.95,11.95,5.047406,0,0.0,0.0
2005-10-13,11.95,11.95,11.95,11.95,5.047406,0,0.0,0.0
2005-10-14,11.95,11.95,11.95,11.95,5.047406,0,0.0,0.0
2005-10-17,11.95,11.95,11.95,11.95,5.047406,0,0.0,0.0
2005-10-18,11.95,11.95,11.95,11.95,5.047406,0,0.0,0.0
2005-10-19,11.95,11.95,11.95,11.95,5.047406,0,0.0,0.0
2005-10-20,11.95,11.95,11.95,11.95,5.047406,0,0.0,0.0
2005-10-21,11.95,11.95,11.95,11.95,5.047406,0,0.0,0.0
2005-10-24,11.95,11.95,11.95,11.95,5.047406,0,0.0,0.0
2005-10-25,11.95,11.95,11.95,11.95,5.047406,0,0.0,0.0
2005-10-26,11.95,11.95,11.95,11.95,5.047406,0,0.0,0.0
2005-10-27,11.95,11.95,11.95,11.95,5.047406,0,0.0,0.0
2005-10-28,11.95,11.95,11.95,11.95,5.047406,0,0.0,0.0
2005-10-31,11.95,11.95,11.95,11.95,5.047406,0,0.0,0.0
2005-11-01,11.95,11.95,11.95,11.95,5.047406,0,0.0,0.0
2005-11-02,11.92,11.92,11.92,11.92,5.034735,300,0.0,0.0
2005-11-03,11.92,11.92,11.92,11.92,5.034735,0,0.0,0.0
2005-11-04,11.92,11.92,11.92,11.92,5.034735,0,0.0,0.0
2005-11-07,11.92,11.92,11.92,11.92,5.034735,0,0.0,0.0
2005-11-08,11.92,11.92,11.92,11.92,5.034735,0,0.0,0.0
2005-11-09,11.92,11.92,11.92,11.92,5.034735,0,0.0,0.0
2005-11-10,11.92,11.92,11.92,11.92,5.034735,0,0.0,0.0
2005-11-11,12.73,12.73,12.72,12.72,5.372637,700,0.0,0.0
2005-11-14,12.72,12.72,12.72,12.72,5.372637,0,0.0,0.0
2005-11-15,12.63,12.74,12.63,12.74,5.381084,900,0.0,0.0
2005-11-16,12.74,12.74,12.74,12.74,5.381084,0,0.0,0.0
2005-11-17,12.74,12.74,12.74,12.74,5.381084,0,0.0,0.0
2005-11-18,12.74,12.74,12.74,12.74,5.381084,0,0.0,0.0
2005-11-21,12.93,12.93,12.93,12.93,5.461337,800,0.0,0.0
2005-11-22,12.93,12.93,12.93,12.93,5.461337,0,0.0,0.0
2005-11-23,12.93,12.93,12.93,12.93,5.488076,0,0.063,0.0
2005-11-25,13.2,13.2,13.1,13.1,5.560233,800,0.0,0.0
2005-11-28,13.1,13.1,13.1,13.1,5.560233,0,0.0,0.0
2005-11-29,13.0,13.0,13.0,13.0,5.517787,100,0.0,0.0
2005-11-30,13.0,13.0,13.0,13.0,5.517787,0,0.0,0.0
2005-12-01,13.0,13.0,13.0,13.0,5.517787,0,0.0,0.0
2005-12-02,13.0,13.0,13.0,13.0,5.517787,0,0.0,0.0
2005-12-05,13.0,13.0,13.0,13.0,5.517787,0,0.0,0.0
2005-12-06,13.59,13.59,13.58,13.59,5.768208,400,0.0,0.0
2005-12-07,13.59,13.59,13.59,13.59,5.768208,0,0.0,0.0
2005-12-08,13.59,13.59,13.59,13.59,5.768208,0,0.0,0.0
2005-12-09,13.59,13.59,13.59,13.59,5.768208,0,0.0,0.0
2005-12-12,13.59,13.59,13.59,13.59,5.768208,0,0.0,0.0
2005-12-13,13.59,13.59,13.59,13.59,5.768208,0,0.0,0.0
2005-12-14,13.77,13.77,13.77,13.77,5.844611,100,0.0,0.0
2005-12-15,13.19,13.19,13.19,13.19,5.598433,400,0.0,0.0
2005-12-16,13.19,13.19,13.19,13.19,5.598433,0,0.0,0.0
2005-12-19,12.7,12.87,12.7,12.87,5.46261,300,0.0,0.0
2005-12-20,12.87,12.87,12.87,12.87,5.46261,0,0.0,0.0
2005-12-21,12.87,12.87,12.87,12.87,5.46261,0,0.0,0.0
2005-12-22,12.87,12.87,12.87,12.87,5.46261,0,0.0,0.0
2005-12-23,12.99,13.0,12.99,13.0,5.517787,1000,0.0,0.0
2005-12-27,12.79,12.79,12.75,12.76,5.415922,800,0.0,0.0
2005-12-28,12.76,12.76,12.76,12.76,5.415922,0,0.0,0.0
2005-12-29,12.76,12.76,12.76,12.76,5.415922,0,0.0,0.0
2005-12-30,12.76,12.76,12.76,12.76,5.415922,0,0.0,0.0
2006-01-03,13.02,13.02,12.93,12.93,5.488076,3000,0.0,0.0
2006-01-04,12.94,13.0,12.94,12.98,5.509298,11000,0.0,0.0
2006-01-05,13.37,13.42,13.37,13.42,5.696054,400,0.0,0.0
2006-01-06,13.42,13.42,13.42,13.42,5.696054,0,0.0,0.0
2006-01-09,13.42,13.42,13.42,13.42,5.696054,0,0.0,0.0
2006-01-10,13.88,13.88,13.88,13.88,5.8913,100,0.0,0.0
2006-01-11,13.65,13.65,13.62,13.62,5.780944,1100,0.0,0.0
2006-01-12,13.62,13.62,13.62,13.62,5.780944,0,0.0,0.0
2006-01-13,13.62,13.62,13.62,13.62,5.780944,0,0.0,0.0
2006-01-17,13.15,13.15,13.15,13.15,5.581454,100,0.0,0.0
2006-01-18,13.28,13.28,13.28,13.28,5.636632,100,0.0,0.0
2006-01-19,13.49,13.49,13.4,13.4,5.687564,400,0.0,0.0
2006-01-20,13.4,13.4,13.4,13.4,5.687564,0,0.0,0.0
2006-01-23,13.6,13.6,13.35,13.59,5.768208,400,0.0,0.0
2006-01-24,13.88,14.27,13.7,14.27,6.056834,2600,0.0,0.0
2006-01-25,14.0,14.0,14.0,14.0,5.942235,200,0.0,0.0
2006-01-26,14.0,14.0,14.0,14.0,5.942235,0,0.0,0.0
2006-01-27,14.0,14.0,14.0,14.0,5.942235,0,0.0,0.0
2006-01-30,14.0,14.0,14.0,14.0,5.942235,0,0.0,0.0
2006-01-31,14.0,14.0,14.0,14.0,5.942235,0,0.0,0.0
2006-02-01,14.85,14.99,14.84,14.99,6.362433,1600,0.0,0.0
2006-02-02,14.49,15.0,14.49,15.0,6.36668,3000,0.0,0.0
2006-02-03,14.78,14.78,14.78,14.78,6.273299,100,0.0,0.0
2006-02-06,14.78,14.78,14.78,14.78,6.273299,0,0.0,0.0
2006-02-07,14.29,14.29,14.29,14.29,6.065323,300,0.0,0.0
2006-02-08,14.02,14.02,14.02,14.02,5.95072,100,0.0,0.0
2006-02-09,14.02,14.02,14.02,14.02,5.95072,0,0.0,0.0
2006-02-10,14.02,14.02,14.02,14.02,5.95072,0,0.0,0.0
2006-02-13,14.02,14.02,14.02,14.02,5.95072,0,0.0,0.0
2006-02-14,14.09,14.09,14.09,14.09,5.980433,300,0.0,0.0
2006-02-15,14.09,14.09,14.09,14.09,5.980433,0,0.0,0.0
2006-02-16,14.59,14.59,14.59,14.59,6.192655,500,0.0,0.0
2006-02-17,14.59,14.59,14.59,14.59,6.192655,0,0.0,0.0
2006-02-21,13.89,13.89,13.87,13.87,5.887053,300,0.0,0.0
2006-02-22,13.87,13.87,13.87,13.87,5.887053,0,0.0,0.0
2006-02-23,13.87,13.87,13.87,13.87,5.887053,0,0.0,0.0
2006-02-24,14.04,14.1,13.8,14.1,5.984678,800,0.0,0.0
2006-02-27,14.38,14.41,14.38,14.4,6.11201,2300,0.0,0.0
2006-02-28,14.13,14.21,14.13,14.21,6.031365,500,0.0,0.0
2006-03-01,14.21,14.21,14.21,14.21,6.031365,0,0.0,0.0
2006-03-02,14.19,14.19,14.0,14.14,6.028383,700,0.063,0.0
2006-03-03,14.14,14.14,14.14,14.14,6.028383,0,0.0,0.0
2006-03-06,14.14,14.14,14.14,14.14,6.028383,0,0.0,0.0
2006-03-07,14.14,14.14,14.14,14.14,6.028383,0,0.0,0.0
2006-03-08,14.14,14.14,14.14,14.14,6.028383,0,0.0,0.0
2006-03-09,14.14,14.14,14.14,14.14,6.028383,0,0.0,0.0
2006-03-10,14.14,14.14,14.14,14.14,6.028383,0,0.0,0.0
2006-03-13,14.14,14.38,14.14,14.35,6.117911,1100,0.0,0.0
2006-03-14,14.35,14.35,14.35,14.35,6.117911,0,0.0,0.0
2006-03-15,14.82,14.82,14.82,14.82,6.31829,200,0.0,0.0
2006-03-16,14.82,14.82,14.82,14.82,6.31829,0,0.0,0.0
2006-03-17,14.82,14.82,14.82,14.82,6.31829,0,0.0,0.0
2006-03-20,14.6,14.63,14.6,14.63,6.237287,1100,0.0,0.0
2006-03-21,14.69,14.69,14.66,14.66,6.250076,200,0.0,0.0
2006-03-22,14.86,14.86,14.54,14.59,6.220236,6200,0.0,0.0
2006-03-23,14.59,14.59,14.59,14.59,6.220236,0,0.0,0.0
2006-03-24,14.6,14.6,14.58,14.6,6.224495,500,0.0,0.0
2006-03-27,14.6,14.6,14.6,14.6,6.224495,0,0.0,0.0
2006-03-28,14.6,14.6,14.6,14.6,6.224495,0,0.0,0.0
2006-03-29,14.59,14.59,14.59,14.59,6.220236,700,0.0,0.0
2006-03-30,14.5,14.5,14.5,14.5,6.181862,100,0.0,0.0
2006-03-31,14.5,14.5,14.5,14.5,6.181862,0,0.0,0.0
2006-04-03,14.24,14.24,14.24,14.24,6.071015,100,0.0,0.0
2006-04-04,14.39,14.39,14.37,14.38,6.130701,600,0.0,0.0
2006-04-05,14.38,14.38,14.38,14.38,6.130701,400,0.0,0.0
2006-04-06,14.38,14.38,14.38,14.38,6.130701,0,0.0,0.0
2006-04-07,14.51,14.51,14.51,14.51,6.186125,200,0.0,0.0
2006-04-10,14.51,14.51,14.51,14.51,6.186125,0,0.0,0.0
2006-04-11,14.51,14.51,14.51,14.51,6.186125,0,0.0,0.0
2006-04-12,14.51,14.51,14.51,14.51,6.186125,0,0.0,0.0
2006-04-13,14.51,14.51,14.51,14.51,6.186125,0,0.0,0.0
2006-04-17,14.44,14.46,14.43,14.43,6.152019,500,0.0,0.0
2006-04-18,14.5,14.5,14.5,14.5,6.181862,100,0.0,0.0
2006-04-19,14.5,14.5,14.5,14.5,6.181862,0,0.0,0.0
2006-04-20,14.5,14.5,14.5,14.5,6.181862,0,0.0,0.0
2006-04-21,15.7,15.7,15.7,15.7,6.693467,1000,0.0,0.0
2006-04-24,15.2,15.2,15.2,15.2,6.480297,1000,0.0,0.0
2006-04-25,15.2,15.2,15.2,15.2,6.480297,0,0.0,0.0
2006-04-26,15.23,15.3,15.23,15.3,6.522932,1000,0.0,0.0
2006-04-27,15.3,15.3,15.3,15.3,6.522932,0,0.0,0.0
2006-04-28,15.3,15.3,15.3,15.3,6.522932,0,0.0,0.0
2006-05-01,14.49,14.49,14.49,14.49,6.1776,100,0.0,0.0
2006-05-02,16.0,16.0,15.0,15.0,6.395029,2500,0.0,0.0
2006-05-03,14.9,15.0,14.9,15.0,6.395029,800,0.0,0.0
2006-05-04,15.0,15.0,15.0,15.0,6.395029,0,0.0,0.0
2006-05-05,15.0,15.0,15.0,15.0,6.395029,0,0.0,0.0
2006-05-08,15.0,15.0,15.0,15.0,6.395029,0,0.0,0.0
2006-05-09,15.0,15.0,15.0,15.0,6.395029,0,0.0,0.0
2006-05-10,15.0,15.0,15.0,15.0,6.395029,0,0.0,0.0
2006-05-11,15.0,15.0,15.0,15.0,6.395029,0,0.0,0.0
2006-05-12,14.75,14.75,14.39,14.39,6.134965,500,0.0,0.0
2006-05-15,14.39,14.39,14.39,14.39,6.134965,0,0.0,0.0
2006-05-16,14.39,14.39,14.39,14.39,6.134965,0,0.0,0.0
2006-05-17,14.41,14.62,14.0,14.62,6.233021,4100,0.0,0.0
2006-05-18,14.57,14.57,14.52,14.52,6.19039,200,0.0,0.0
2006-05-19,14.36,14.36,14.33,14.33,6.109385,200,0.0,0.0
2006-05-22,14.24,14.45,14.23,14.44,6.156282,900,0.0,0.0
2006-05-23,14.41,14.41,14.41,14.41,6.143493,200,0.0,0.0
2006-05-24,14.16,14.16,14.16,14.16,6.036909,100,0.0,0.0
2006-05-25,14.64,15.0,14.64,15.0,6.423607,300,0.063,0.0
2006-05-26,14.98,14.98,14.79,14.79,6.33368,400,0.0,0.0
2006-05-30,14.49,14.49,14.45,14.45,6.188078,300,0.0,0.0
2006-05-31,14.21,14.21,14.0,14.0,5.995368,300,0.0,0.0
2006-06-01,14.28,14.28,14.28,14.28,6.115277,400,0.0,0.0
2006-06-02,14.46,15.57,14.46,15.57,6.667705,500,0.0,0.0
2006-06-05,16.0,16.0,15.79,15.79,6.761917,600,0.0,0.0
2006-06-06,15.6,16.299999,15.6,16.209999,6.941779,7500,0.0,0.0
2006-06-07,16.200001,16.200001,15.0,15.0,6.423607,1700,0.0,0.0
2006-06-08,15.11,15.85,15.11,15.85,6.787617,2300,0.0,0.0
2006-06-09,16.040001,16.27,15.81,15.81,6.770484,700,0.0,0.0
2006-06-12,15.56,15.56,15.14,15.36,6.577776,700,0.0,0.0
2006-06-13,15.46,15.5,15.3,15.3,6.552082,900,0.0,0.0
2006-06-14,15.37,15.57,15.37,15.53,6.650577,900,0.0,0.0
2006-06-15,15.73,15.85,15.73,15.85,6.787617,800,0.0,0.0
2006-06-16,15.78,15.92,15.78,15.85,6.787617,600,0.0,0.0
2006-06-19,15.85,15.85,15.85,15.85,6.787617,0,0.0,0.0
2006-06-20,15.85,15.85,15.85,15.85,6.787617,0,0.0,0.0
2006-06-21,15.85,15.85,15.85,15.85,6.787617,0,0.0,0.0
2006-06-22,15.85,15.85,15.85,15.85,6.787617,200,0.0,0.0
2006-06-23,15.85,15.85,15.85,15.85,6.787617,0,0.0,0.0
2006-06-26,15.96,15.96,15.96,15.96,6.834721,200,0.0,0.0
2006-06-27,15.8,15.8,15.8,15.8,6.766202,200,0.0,0.0
2006-06-28,15.8,15.8,15.8,15.8,6.766202,0,0.0,0.0
2006-06-29,15.8,15.9,15.8,15.9,6.809024,300,0.0,0.0
2006-06-30,15.81,15.81,15.81,15.81,6.770484,100,0.0,0.0
2006-07-03,15.91,15.91,15.91,15.91,6.813309,100,0.0,0.0
2006-07-05,15.8,15.8,15.76,15.76,6.749073,200,0.0,0.0
2006-07-06,15.86,16.280001,15.86,16.18,6.928934,1100,0.0,0.0
2006-07-07,16.08,16.25,16.049999,16.25,6.958911,600,0.0,0.0
2006-07-10,16.32,16.790001,16.32,16.690001,7.147336,300,0.0,0.0
2006-07-11,16.0,16.35,16.0,16.35,7.001731,800,0.0,0.0
2006-07-12,16.0,16.0,15.8,15.8,6.766202,400,0.0,0.0
2006-07-13,15.8,15.8,15.8,15.8,6.766202,0,0.0,0.0
2006-07-14,15.55,15.55,15.55,15.55,6.65914,300,0.0,0.0
2006-07-17,15.03,15.03,15.0,15.0,6.423607,300,0.0,0.0
2006-07-18,15.0,15.0,15.0,15.0,6.423607,0,0.0,0.0
2006-07-19,15.27,15.36,15.27,15.36,6.577776,200,0.0,0.0
2006-07-20,15.45,15.55,15.0,15.01,6.427893,4000,0.0,0.0
2006-07-21,14.97,14.97,14.97,14.97,6.410763,300,0.0,0.0
2006-07-24,14.97,14.97,14.97,14.97,6.410763,0,0.0,0.0
2006-07-25,14.97,14.97,14.97,14.97,6.410763,0,0.0,0.0
2006-07-26,14.97,14.97,14.97,14.97,6.410763,0,0.0,0.0
2006-07-27,14.97,14.97,14.97,14.97,6.410763,0,0.0,0.0
2006-07-28,15.25,15.25,15.25,15.25,6.53067,200,0.0,0.0
2006-07-31,15.25,15.25,15.25,15.25,6.53067,0,0.0,0.0
2006-08-01,15.25,15.25,15.25,15.25,6.53067,0,0.0,0.0
2006-08-02,15.25,15.25,15.25,15.25,6.53067,0,0.0,0.0
2006-08-03,15.25,15.25,15.25,15.25,6.53067,0,0.0,0.0
2006-08-04,15.25,15.25,15.25,15.25,6.53067,0,0.0,0.0
2006-08-07,15.25,15.25,15.25,15.25,6.53067,0,0.0,0.0
2006-08-08,15.0,15.22,14.99,15.06,6.449303,12400,0.0,0.0
2006-08-09,15.06,15.06,15.06,15.06,6.449303,0,0.0,0.0
2006-08-10,15.0,15.0,14.79,14.87,6.36794,1300,0.0,0.0
2006-08-11,14.87,14.87,14.87,14.87,6.36794,0,0.0,0.0
2006-08-14,14.87,14.87,14.87,14.87,6.36794,0,0.0,0.0
2006-08-15,15.0,15.11,15.0,15.11,6.470716,900,0.0,0.0
2006-08-16,15.02,15.02,15.02,15.02,6.432175,300,0.0,0.0
2006-08-17,15.06,15.17,15.03,15.17,6.496411,1600,0.0,0.0
2006-08-18,14.76,14.76,14.67,14.71,6.299419,600,0.0,0.0
2006-08-21,14.27,15.03,14.27,15.03,6.436458,600,0.0,0.0
2006-08-22,15.04,15.04,15.04,15.04,6.44074,100,0.0,0.0
2006-08-23,14.98,14.98,14.98,14.98,6.415043,100,0.0,0.0
2006-08-24,14.53,14.53,14.0,14.0,6.020692,500,0.063,0.0
2006-08-25,13.84,13.92,13.74,13.74,5.908877,1100,0.0,0.0
2006-08-28,13.92,13.98,13.92,13.98,6.012088,200,0.0,0.0
2006-08-29,14.34,14.34,14.34,14.34,6.166905,200,0.0,0.0
2006-08-30,14.37,14.37,14.37,14.37,6.179808,100,0.0,0.0
2006-08-31,14.37,14.37,14.02,14.02,6.029292,600,0.0,0.0
2006-09-01,13.58,13.58,13.5,13.51,5.809967,600,0.0,0.0
2006-09-05,13.53,13.64,13.53,13.64,5.86587,400,0.0,0.0
2006-09-06,13.96,15.1,13.96,15.07,6.480844,1300,0.0,0.0
2006-09-07,15.2,15.6,15.2,15.58,6.700168,600,0.0,0.0
2006-09-08,15.58,15.58,15.58,15.58,6.700168,0,0.0,0.0
2006-09-11,15.53,15.91,15.53,15.91,6.842083,400,0.0,0.0
2006-09-12,15.99,16.700001,15.98,16.5,7.095811,4500,0.0,0.0
2006-09-13,16.629999,17.01,16.629999,17.0,7.31084,8500,0.0,0.0
2006-09-14,16.25,16.25,15.55,15.55,6.687267,1900,0.0,0.0
2006-09-15,16.0,16.0,16.0,16.0,6.880788,200,0.0,0.0
2006-09-18,15.99,15.99,15.7,15.7,6.751769,300,0.0,0.0
2006-09-19,15.7,15.7,15.7,15.7,6.751769,0,0.0,0.0
2006-09-20,15.75,16.08,15.75,16.08,6.91519,800,0.0,0.0
2006-09-21,15.98,15.98,15.98,15.98,6.872186,100,0.0,0.0
2006-09-22,16.0,16.25,16.0,16.25,6.988297,3100,0.0,0.0
2006-09-25,15.68,15.68,15.68,15.68,6.743172,100,0.0,0.0
2006-09-26,16.290001,16.290001,16.15,16.15,6.945296,1500,0.0,0.0
2006-09-27,16.4,16.5,16.26,16.26,6.992602,2100,0.0,0.0
2006-09-28,16.23,16.25,16.23,16.25,6.988297,200,0.0,0.0
2006-09-29,16.25,16.25,15.97,15.97,6.867887,1100,0.0,0.0
2006-10-02,16.09,16.09,16.049999,16.059999,6.90659,500,0.0,0.0
2006-10-03,16.200001,16.85,16.200001,16.85,7.246331,5700,0.0,0.0
2006-10-04,16.620001,16.809999,16.620001,16.809999,7.229129,500,0.0,0.0
2006-10-05,16.5,16.5,15.34,15.79,6.790479,1900,0.0,0.0
2006-10-06,15.01,15.16,14.74,15.12,6.502344,3900,0.0,0.0
2006-10-09,15.12,15.13,15.12,15.13,6.506645,400,0.0,0.0
2006-10-10,15.47,15.47,15.47,15.47,6.652861,100,0.0,0.0
2006-10-11,15.47,15.47,15.47,15.47,6.652861,0,0.0,0.0
2006-10-12,15.47,15.47,15.47,15.47,6.652861,0,0.0,0.0
2006-10-13,15.65,15.65,15.65,15.65,6.730268,100,0.0,0.0
2006-10-16,15.65,15.65,15.65,15.65,6.730268,0,0.0,0.0
2006-10-17,15.65,15.65,15.65,15.65,6.730268,0,0.0,0.0
2006-10-18,15.08,15.08,15.08,15.08,6.485143,100,0.0,0.0
2006-10-19,15.08,15.08,15.08,15.08,6.485143,0,0.0,0.0
2006-10-20,15.08,15.08,15.08,15.08,6.485143,0,0.0,0.0
2006-10-23,15.5,15.5,15.5,15.5,6.665761,300,0.0,0.0
2006-10-24,15.39,15.39,15.39,15.39,6.618459,100,0.0,0.0
2006-10-25,15.45,15.45,15.45,15.45,6.644262,200,0.0,0.0
2006-10-26,15.45,15.45,15.45,15.45,6.644262,0,0.0,0.0
2006-10-27,16.0,16.0,15.82,15.82,6.803381,600,0.0,0.0
2006-10-30,15.82,15.82,15.82,15.82,6.803381,0,0.0,0.0
2006-10-31,15.76,15.76,15.76,15.76,6.777576,100,0.0,0.0
2006-11-01,15.5,15.71,15.38,15.38,6.614158,700,0.0,0.0
2006-11-02,15.45,15.45,15.45,15.45,6.644262,200,0.0,0.0
2006-11-03,14.88,14.88,14.21,14.21,6.111,600,0.0,0.0
2006-11-06,14.1,14.42,14.1,14.42,6.201313,700,0.0,0.0
2006-11-07,14.41,14.45,14.31,14.31,6.154004,600,0.0,0.0
2006-11-08,14.25,14.34,14.15,14.34,6.166905,1200,0.0,0.0
2006-11-09,14.15,14.15,13.89,13.89,5.973385,1500,0.0,0.0
2006-11-10,14.05,14.05,14.02,14.02,6.029292,900,0.0,0.0
2006-11-13,14.41,14.56,14.06,14.06,6.046493,300,0.0,0.0
2006-11-14,13.94,14.17,13.9,14.17,6.093799,1000,0.0,0.0
2006-11-15,14.4,14.5,14.4,14.46,6.218511,700,0.0,0.0
2006-11-16,14.16,14.16,14.16,14.16,6.089499,100,0.0,0.0
2006-11-17,14.13,14.13,14.02,14.02,6.029292,200,0.0,0.0
2006-11-20,14.02,14.07,14.02,14.07,6.050792,200,0.0,0.0
2006-11-21,13.99,13.99,13.99,13.99,6.01639,100,0.0,0.0
2006-11-22,14.03,14.03,14.03,14.03,6.060886,100,0.063,0.0
2006-11-24,14.13,14.13,14.13,14.13,6.104083,100,0.0,0.0
2006-11-27,14.13,14.13,14.13,14.13,6.104083,0,0.0,0.0
2006-11-28,13.98,13.98,13.95,13.95,6.026326,1200,0.0,0.0
2006-11-29,14.15,14.15,14.15,14.15,6.112724,100,0.0,0.0
2006-11-30,13.98,13.98,13.98,13.98,6.039285,200,0.0,0.0
2006-12-01,13.92,13.92,13.75,13.82,5.970165,400,0.0,0.0
2006-12-04,13.86,14.07,13.86,14.07,6.078161,300,0.0,0.0
2006-12-05,14.44,15.74,14.44,15.74,6.799596,1800,0.0,0.0
2006-12-06,15.77,15.84,15.73,15.73,6.795277,700,0.0,0.0
2006-12-07,15.91,15.91,15.53,15.75,6.803916,1500,0.0,0.0
2006-12-08,15.38,15.38,15.38,15.38,6.644079,100,0.0,0.0
2006-12-11,15.3,15.57,15.3,15.57,6.726156,700,0.0,0.0
2006-12-12,15.57,15.57,15.57,15.57,6.726156,0,0.0,0.0
2006-12-13,15.75,15.75,15.66,15.66,6.765035,400,0.0,0.0
2006-12-14,15.46,15.79,15.46,15.79,6.821192,500,0.0,0.0
2006-12-15,15.79,15.79,15.79,15.79,6.821192,0,0.0,0.0
2006-12-18,15.5,15.5,15.5,15.5,6.695915,200,0.0,0.0
2006-12-19,15.5,15.5,15.5,15.5,6.695915,0,0.0,0.0
2006-12-20,15.4,15.55,15.25,15.25,6.587919,900,0.0,0.0
2006-12-21,15.17,15.64,15.17,15.4,6.652718,2000,0.0,0.0
2006-12-22,15.25,15.25,14.98,15.02,6.488559,500,0.0,0.0
2006-12-26,15.01,15.3,15.0,15.3,6.609518,6200,0.0,0.0
2006-12-27,15.6,15.6,15.6,15.6,6.739115,200,0.0,0.0
2006-12-28,15.54,15.54,15.54,15.54,6.713198,100,0.0,0.0
2006-12-29,15.4,15.45,14.85,14.86,6.419441,900,0.0,0.0
2007-01-03,15.24,15.24,15.24,15.24,6.5836,100,0.0,0.0
2007-01-04,15.12,15.12,14.4,14.9,6.436719,5100,0.0,0.0
2007-01-05,14.7,14.7,14.5,14.52,6.272564,400,0.0,0.0
2007-01-08,14.45,14.8,14.1,14.77,6.380562,2300,0.0,0.0
2007-01-09,14.51,14.75,14.51,14.75,6.371921,500,0.0,0.0
2007-01-10,14.67,14.67,14.63,14.63,6.320081,300,0.0,0.0
2007-01-11,15.0,15.0,14.91,14.91,6.44104,400,0.0,0.0
2007-01-12,14.91,14.91,14.81,14.81,6.39784,600,0.0,0.0
2007-01-16,14.88,14.88,14.5,14.57,6.294162,500,0.0,0.0
2007-01-17,14.42,14.42,14.42,14.42,6.229366,100,0.0,0.0
2007-01-18,14.47,14.47,14.47,14.47,6.250962,100,0.0,0.0
2007-01-19,14.47,14.47,14.47,14.47,6.250962,0,0.0,0.0
2007-01-22,14.37,14.58,14.37,14.58,6.298485,400,0.0,0.0
2007-01-23,14.4,14.84,14.4,14.7,6.350321,1200,0.0,0.0
2007-01-24,14.77,15.08,14.77,15.08,6.51448,800,0.0,0.0
2007-01-25,15.3,15.45,15.02,15.02,6.488559,1700,0.0,0.0
2007-01-26,14.8,15.01,14.8,15.01,6.484241,200,0.0,0.0
2007-01-29,15.2,15.59,15.2,15.28,6.600876,2700,0.0,0.0
2007-01-30,15.39,15.49,15.1,15.27,6.596557,2600,0.0,0.0
2007-01-31,15.12,15.12,15.12,15.12,6.531759,100,0.0,0.0
2007-02-01,15.3,15.59,15.22,15.59,6.734796,1900,0.0,0.0
2007-02-02,15.45,15.75,15.45,15.65,6.760714,800,0.0,0.0
2007-02-05,15.43,15.44,15.3,15.34,6.626798,1000,0.0,0.0
2007-02-06,15.4,15.55,15.4,15.55,6.717517,800,0.0,0.0
2007-02-07,15.7,15.75,15.7,15.75,6.803916,800,0.0,0.0
2007-02-08,15.71,15.71,15.5,15.5,6.695915,600,0.0,0.0
2007-02-09,15.63,15.72,15.51,15.51,6.700235,500,0.0,0.0
2007-02-12,15.5,15.51,15.33,15.37,6.639755,1100,0.0,0.0
2007-02-13,15.36,15.41,15.11,15.41,6.657035,3000,0.0,0.0
2007-02-14,15.35,15.35,15.27,15.3,6.609518,500,0.0,0.0
2007-02-15,15.3,15.3,15.3,15.3,6.609518,0,0.0,0.0
2007-02-16,15.15,15.3,15.15,15.3,6.609518,500,0.0,0.0
2007-02-20,15.4,16.0,15.39,15.93,6.881674,2900,0.0,0.0
2007-02-21,16.02,16.02,15.03,15.03,6.492876,3700,0.0,0.0
2007-02-22,15.03,15.03,15.03,15.03,6.492876,0,0.0,0.0
2007-02-23,15.03,15.03,15.03,15.03,6.492876,0,0.0,0.0
2007-02-26,14.83,14.83,14.83,14.83,6.406482,200,0.0,0.0
2007-02-27,14.7,14.7,14.7,14.7,6.350321,200,0.0,0.0
2007-02-28,14.51,14.52,14.51,14.51,6.26824,500,0.0,0.0
2007-03-01,14.47,14.57,14.37,14.52,6.299918,600,0.063,0.0
2007-03-02,14.4,14.4,14.14,14.14,6.135041,1400,0.0,0.0
2007-03-05,13.97,13.97,13.97,13.97,6.061282,100,0.0,0.0
2007-03-06,14.01,14.25,14.01,14.25,6.182769,600,0.0,0.0
2007-03-07,14.0,14.11,14.0,14.05,6.095994,1400,0.0,0.0
2007-03-08,14.2,14.2,14.2,14.2,6.161075,1200,0.0,0.0
2007-03-09,14.2,14.5,14.2,14.34,6.221817,5600,0.0,0.0
2007-03-12,14.3,14.54,14.3,14.54,6.308593,2100,0.0,0.0
2007-03-13,14.47,14.47,14.1,14.1,6.117687,2700,0.0,0.0
2007-03-14,14.28,14.28,14.04,14.15,6.139379,700,0.0,0.0
2007-03-15,14.44,14.5,14.3,14.4,6.247849,800,0.0,0.0
2007-03-16,14.42,14.42,14.2,14.2,6.161075,600,0.0,0.0
2007-03-19,14.4,14.4,14.14,14.14,6.135041,400,0.0,0.0
2007-03-20,14.3,14.3,14.3,14.3,6.204462,200,0.0,0.0
2007-03-21,14.4,14.7,14.26,14.7,6.378012,3200,0.0,0.0
2007-03-22,14.47,14.72,14.47,14.72,6.386688,1200,0.0,0.0
2007-03-23,14.62,14.62,14.62,14.62,6.343303,100,0.0,0.0
2007-03-26,14.82,14.82,14.6,14.7,6.378012,1300,0.0,0.0
2007-03-27,14.63,14.63,14.44,14.44,6.265205,700,0.0,0.0
2007-03-28,14.3,14.3,14.09,14.09,6.113347,1200,0.0,0.0
2007-03-29,14.29,14.6,14.2,14.2,6.161075,3700,0.0,0.0
2007-03-30,14.26,14.31,14.0,14.0,6.074298,2500,0.0,0.0
2007-04-02,14.09,14.11,14.0,14.1,6.117687,800,0.0,0.0
2007-04-03,14.0,14.0,13.97,13.97,6.061282,300,0.0,0.0
2007-04-04,13.96,13.96,13.96,13.96,6.056944,100,0.0,0.0
2007-04-05,13.73,13.73,13.73,13.73,5.957148,100,0.0,0.0
2007-04-09,13.53,13.53,13.53,13.53,5.870374,200,0.0,0.0
2007-04-10,13.66,13.66,13.46,13.46,5.840003,400,0.0,0.0
2007-04-11,13.46,13.46,13.46,13.46,5.840003,0,0.0,0.0
2007-04-12,13.26,13.26,13.26,13.26,5.753228,200,0.0,0.0
2007-04-13,13.26,13.26,13.26,13.26,5.753228,0,0.0,0.0
2007-04-16,13.15,13.15,13.12,13.12,5.692485,300,0.0,0.0
2007-04-17,13.15,13.15,13.15,13.15,5.705501,400,0.0,0.0
2007-04-18,13.19,13.19,13.19,13.19,5.722857,100,0.0,0.0
2007-04-19,13.24,13.24,13.24,13.24,5.744551,100,0.0,0.0
2007-04-20,13.24,13.24,13.24,13.24,5.744551,100,0.0,0.0
2007-04-23,13.24,13.24,13.24,13.24,5.744551,0,0.0,0.0
2007-04-24,13.24,13.24,13.24,13.24,5.744551,0,0.0,0.0
2007-04-25,13.24,13.24,13.24,13.24,5.744551,0,0.0,0.0
2007-04-26,13.01,13.08,13.01,13.08,5.67513,400,0.0,0.0
2007-04-27,13.01,13.07,12.88,12.93,5.61005,800,0.0,0.0
2007-04-30,12.67,12.67,12.67,12.67,5.497241,100,0.0,0.0
2007-05-01,12.75,12.85,12.75,12.85,5.575337,1000,0.0,0.0
2007-05-02,12.99,12.99,12.92,12.98,5.631741,300,0.0,0.0
2007-05-03,13.27,13.27,13.1,13.1,5.683811,300,0.0,0.0
2007-05-04,13.04,13.04,12.64,12.64,5.484224,2300,0.0,0.0
2007-05-07,12.65,12.65,12.0,12.3,5.336704,7100,0.0,0.0
2007-05-08,12.06,12.06,12.04,12.06,5.232574,1100,0.0,0.0
2007-05-09,12.18,12.3,11.99,12.3,5.336704,2600,0.0,0.0
2007-05-10,12.35,12.6,12.34,12.6,5.466869,1600,0.0,0.0
2007-05-11,12.6,12.6,12.6,12.6,5.466869,0,0.0,0.0
2007-05-14,12.5,12.5,12.3,12.3,5.336704,500,0.0,0.0
2007-05-15,12.06,12.09,12.06,12.09,5.24559,200,0.0,0.0
2007-05-16,12.0,12.09,11.95,12.09,5.24559,700,0.0,0.0
2007-05-17,12.2,12.2,12.2,12.2,5.293318,100,0.0,0.0
2007-05-18,12.09,12.3,12.09,12.3,5.336704,400,0.0,0.0
2007-05-21,12.3,12.5,12.3,12.5,5.423481,700,0.0,0.0
2007-05-22,12.32,12.35,12.1,12.35,5.358399,1200,0.0,0.0
2007-05-23,12.16,12.21,12.13,12.21,5.297654,400,0.0,0.0
2007-05-24,12.14,12.14,12.14,12.14,5.294603,100,0.063,0.0
2007-05-25,12.14,12.14,12.14,12.14,5.294603,0,0.0,0.0
2007-05-29,12.24,12.34,12.24,12.34,5.381829,300,0.0,0.0
2007-05-30,12.24,12.24,12.24,12.24,5.338214,100,0.0,0.0
2007-05-31,12.03,12.03,12.03,12.03,5.246626,100,0.0,0.0
2007-06-01,12.33,12.33,12.33,12.33,5.377467,200,0.0,0.0
2007-06-04,12.33,12.33,12.33,12.33,5.377467,0,0.0,0.0
2007-06-05,12.21,12.21,12.21,12.21,5.32513,100,0.0,0.0
2007-06-06,12.08,12.08,12.08,12.08,5.268435,100,0.0,0.0
2007-06-07,11.8,11.8,11.8,11.8,5.146319,200,0.0,0.0
2007-06-08,11.8,11.8,11.8,11.8,5.146319,0,0.0,0.0
2007-06-11,11.99,11.99,11.83,11.83,5.159402,300,0.0,0.0
2007-06-12,11.97,11.98,11.92,11.96,5.2161,600,0.0,0.0
2007-06-13,11.99,12.2,11.99,12.2,5.32077,300,0.0,0.0
2007-06-14,12.24,12.24,12.21,12.21,5.32513,200,0.0,0.0
2007-06-15,12.22,12.22,12.17,12.17,5.307687,200,0.0,0.0
2007-06-18,12.02,12.02,12.02,12.02,5.242269,400,0.0,0.0
2007-06-19,12.02,12.02,12.02,12.02,5.242269,0,0.0,0.0
2007-06-20,11.96,11.96,11.66,11.68,5.093982,800,0.0,0.0
2007-06-21,11.58,11.86,11.47,11.86,5.172486,800,0.0,0.0
2007-06-22,12.07,12.07,11.83,11.87,5.176849,900,0.0,0.0
2007-06-25,11.7,11.81,11.67,11.81,5.150683,900,0.0,0.0
2007-06-26,11.74,11.74,11.69,11.69,5.098343,300,0.0,0.0
2007-06-27,11.88,11.88,11.88,11.88,5.18121,100,0.0,0.0
2007-06-28,11.72,11.72,11.72,11.72,5.111429,100,0.0,0.0
2007-06-29,11.96,11.98,11.8,11.8,5.146319,700,0.0,0.0
2007-07-02,11.8,11.8,11.8,11.8,5.146319,0,0.0,0.0
2007-07-03,11.67,11.67,11.65,11.65,5.080901,200,0.0,0.0
2007-07-05,11.84,11.84,11.78,11.78,5.137596,200,0.0,0.0
2007-07-06,11.86,11.86,11.86,11.86,5.172486,200,0.0,0.0
2007-07-09,12.21,12.5,12.21,12.5,5.451612,800,0.0,0.0
2007-07-10,12.36,12.36,12.36,12.36,5.390552,100,0.0,0.0
2007-07-11,12.3,12.31,12.3,12.31,5.368745,200,0.0,0.0
2007-07-12,12.46,12.61,12.46,12.61,5.499582,400,0.0,0.0
2007-07-13,12.51,12.51,12.51,12.51,5.455971,1800,0.0,0.0
2007-07-16,12.39,12.39,12.39,12.39,5.403636,100,0.0,0.0
2007-07-17,12.54,12.54,12.28,12.28,5.35566,400,0.0,0.0
2007-07-18,12.28,12.28,12.28,12.28,5.35566,0,0.0,0.0
2007-07-19,12.28,12.28,12.28,12.28,5.35566,0,0.0,0.0
2007-07-20,12.0,12.01,11.93,11.93,5.203016,400,0.0,0.0
2007-07-23,12.16,12.16,11.9,11.9,5.189931,5500,0.0,0.0
2007-07-24,11.79,11.79,11.75,11.75,5.124513,200,0.0,0.0
2007-07-25,11.65,12.0,11.65,12.0,5.233543,1200,0.0,0.0
2007-07-26,11.8,11.8,11.5,11.5,5.015481,1000,0.0,0.0
2007-07-27,11.31,11.58,11.31,11.58,5.050371,700,0.0,0.0
2007-07-30,11.22,11.23,11.04,11.23,4.897724,700,0.0,0.0
2007-07-31,11.33,11.33,11.15,11.18,4.875919,1300,0.0,0.0
2007-08-01,10.95,11.01,10.75,10.75,4.688383,1200,0.0,0.0
2007-08-02,10.91,10.91,10.69,10.79,4.70583,900,0.0,0.0
2007-08-03,10.51,10.51,10.25,10.25,4.47032,900,0.0,0.0
2007-08-06,10.23,10.44,10.23,10.44,4.553184,300,0.0,0.0
2007-08-07,10.59,11.15,10.42,11.15,4.862834,1300,0.0,0.0
2007-08-08,11.3,13.2,11.3,13.04,5.687119,1900,0.0,0.0
2007-08-09,13.06,13.37,12.97,13.37,5.831041,1200,0.0,0.0
2007-08-10,13.46,13.46,12.35,12.51,5.455971,1700,0.0,0.0
2007-08-13,12.0,12.0,11.15,11.15,4.862834,1700,0.0,0.0
2007-08-14,10.58,10.61,10.51,10.57,4.60988,800,0.0,0.0
2007-08-15,10.61,11.0,10.61,11.0,4.797416,2100,0.0,0.0
2007-08-16,10.8,11.07,10.6,10.84,4.727635,3200,0.0,0.0
2007-08-17,11.1,11.5,11.1,11.2,4.884643,2600,0.0,0.0
2007-08-20,11.12,11.12,10.98,10.98,4.788694,500,0.0,0.0
2007-08-21,10.91,11.17,10.91,11.17,4.871559,1300,0.0,0.0
2007-08-22,11.2,11.27,11.16,11.16,4.867196,700,0.0,0.0
2007-08-23,11.12,11.12,10.92,10.95,4.802722,500,0.063,0.0
2007-08-24,11.07,11.07,11.07,11.07,4.855355,100,0.0,0.0
2007-08-27,11.1,11.1,11.06,11.06,4.850968,300,0.0,0.0
2007-08-28,11.04,11.04,10.91,10.92,4.789562,600,0.0,0.0
2007-08-29,11.07,11.07,10.92,10.94,4.798338,800,0.0,0.0
2007-08-30,10.86,11.01,10.86,11.01,4.829037,200,0.0,0.0
2007-08-31,10.66,10.76,10.66,10.76,4.719388,700,0.0,0.0
2007-09-04,10.95,10.95,10.94,10.94,4.798338,200,0.0,0.0
2007-09-05,10.94,10.94,10.61,10.67,4.679912,600,0.0,0.0
2007-09-06,10.5,10.9,10.5,10.79,4.732545,5700,0.0,0.0
2007-09-07,10.5,10.5,10.12,10.44,4.579033,900,0.0,0.0
2007-09-10,10.5,10.55,10.26,10.34,4.535174,2000,0.0,0.0
2007-09-11,10.5,10.76,10.5,10.76,4.719388,700,0.0,0.0
2007-09-12,10.41,10.49,10.41,10.49,4.600963,800,0.0,0.0
2007-09-13,10.49,10.52,10.43,10.46,4.587805,6600,0.0,0.0
2007-09-14,10.02,10.45,10.02,10.45,4.58342,300,0.0,0.0
2007-09-17,10.09,10.13,10.07,10.07,4.41675,600,0.0,0.0
2007-09-18,10.16,11.06,10.13,11.06,4.850968,1900,0.0,0.0
2007-09-19,11.06,11.06,11.06,11.06,4.850968,0,0.0,0.0
2007-09-20,10.92,10.92,10.92,10.92,4.789562,100,0.0,0.0
2007-09-21,10.8,10.86,10.8,10.86,4.763247,200,0.0,0.0
2007-09-24,10.55,10.6,10.3,10.3,4.51763,600,0.0,0.0
2007-09-25,10.09,10.09,9.85,9.85,4.320256,400,0.0,0.0
2007-09-26,9.7,9.7,9.43,9.43,4.136043,1500,0.0,0.0
2007-09-27,9.45,9.51,9.26,9.26,4.061482,400,0.0,0.0
2007-09-28,9.1,9.1,8.98,8.98,3.938669,200,0.0,0.0
2007-10-01,8.99,9.05,8.99,9.05,3.969373,200,0.0,0.0
2007-10-02,8.8,9.08,8.8,9.0,3.947443,1100,0.0,0.0
2007-10-03,9.01,9.01,8.93,8.99,3.943056,1600,0.0,0.0
2007-10-04,8.75,8.9,8.75,8.9,3.903581,600,0.0,0.0
2007-10-05,9.08,9.08,8.77,9.03,3.960601,1100,0.0,0.0
2007-10-08,8.74,8.74,8.74,8.74,3.833405,100,0.0,0.0
2007-10-09,8.85,9.35,8.79,8.85,3.881652,1600,0.0,0.0
2007-10-10,8.85,8.85,8.85,8.85,3.881652,0,0.0,0.0
2007-10-11,8.84,8.94,8.84,8.94,3.921127,300,0.0,0.0
2007-10-12,9.02,9.02,8.98,8.98,3.938669,300,0.0,0.0
2007-10-15,8.98,8.98,8.98,8.98,3.938669,0,0.0,0.0
2007-10-16,8.67,8.75,8.67,8.75,3.83779,400,0.0,0.0
2007-10-17,8.83,8.83,8.41,8.41,3.688667,700,0.0,0.0
2007-10-18,8.32,8.34,8.32,8.34,3.657963,200,0.0,0.0
2007-10-19,8.48,8.48,8.38,8.38,3.675508,200,0.0,0.0
2007-10-22,8.34,8.73,8.34,8.73,3.829019,700,0.0,0.0
2007-10-23,8.69,8.69,8.6,8.6,3.772001,300,0.0,0.0
2007-10-24,8.59,8.65,8.59,8.65,3.793932,400,0.0,0.0
2007-10-25,8.74,8.74,8.74,8.74,3.833405,100,0.0,0.0
2007-10-26,8.72,8.81,8.72,8.81,3.864108,400,0.0,0.0
2007-10-29,8.72,8.77,8.72,8.74,3.833405,300,0.0,0.0
2007-10-30,8.7,8.7,8.7,8.7,3.815861,100,0.0,0.0
2007-10-31,8.6,8.6,8.5,8.56,3.754457,500,0.0,0.0
2007-11-01,8.32,8.33,8.32,8.33,3.653577,200,0.0,0.0
2007-11-02,8.29,8.29,8.04,8.2,3.596558,1700,0.0,0.0
2007-11-05,7.97,8.01,7.96,7.96,3.491293,800,0.0,0.0
2007-11-06,7.96,7.96,7.94,7.94,3.482522,200,0.0,0.0
2007-11-07,8.03,8.07,8.03,8.06,3.535153,500,0.0,0.0
2007-11-08,8.02,8.39,8.02,8.39,3.679893,400,0.0,0.0
2007-11-09,8.22,8.5,8.13,8.5,3.728139,1800,0.0,0.0
2007-11-12,8.67,10.09,8.67,9.84,4.315871,2200,0.0,0.0
2007-11-13,9.63,10.07,9.63,10.07,4.41675,300,0.0,0.0
2007-11-14,10.17,10.17,10.04,10.04,4.403592,300,0.0,0.0
2007-11-15,10.1,10.4,10.04,10.18,4.464995,2800,0.0,0.0
2007-11-16,10.06,10.08,9.96,9.96,4.368503,400,0.0,0.0
2007-11-19,9.8,9.8,9.15,9.41,4.127269,3100,0.0,0.0
2007-11-20,9.05,9.05,9.03,9.05,3.969373,600,0.0,0.0
2007-11-21,9.0,9.0,8.63,8.75,3.83779,1000,0.0,0.0
2007-11-23,8.7,9.02,8.68,9.02,3.984906,1300,0.063,0.0
2007-11-26,8.9,8.95,8.5,8.5,3.755176,1500,0.0,0.0
2007-11-27,8.55,8.57,8.5,8.51,3.759596,1100,0.0,0.0
2007-11-28,8.7,8.75,8.7,8.75,3.865623,200,0.0,0.0
2007-11-29,8.59,8.59,8.59,8.59,3.794939,100,0.0,0.0
2007-11-30,8.55,8.56,8.55,8.56,3.781685,200,0.0,0.0
2007-12-03,8.49,8.49,8.14,8.14,3.596135,300,0.0,0.0
2007-12-04,8.13,8.23,8.13,8.21,3.627059,800,0.0,0.0
2007-12-05,8.35,8.35,8.3,8.32,3.675656,400,0.0,0.0
2007-12-06,8.32,8.32,8.07,8.11,3.582882,800,0.0,0.0
2007-12-07,8.35,8.35,8.29,8.31,3.671238,400,0.0,0.0
2007-12-10,8.41,8.5,8.41,8.44,3.72867,400,0.0,0.0
2007-12-11,8.78,8.8,8.22,8.32,3.675656,2500,0.0,0.0
2007-12-12,8.64,8.64,8.39,8.49,3.75076,1000,0.0,0.0
2007-12-13,8.17,8.32,8.17,8.29,3.662403,1100,0.0,0.0
2007-12-14,8.3,8.35,8.22,8.26,3.649149,1600,0.0,0.0
2007-12-17,8.39,8.44,8.36,8.42,3.719834,900,0.0,0.0
2007-12-18,8.5,8.83,8.5,8.83,3.900967,800,0.0,0.0
2007-12-19,9.07,9.17,9.07,9.14,4.037921,600,0.0,0.0
2007-12-20,9.32,9.41,9.1,9.24,4.082099,2300,0.0,0.0
2007-12-21,9.78,10.24,9.77,10.16,4.488543,3400,0.0,0.0
2007-12-24,10.52,10.52,10.38,10.38,4.585735,400,0.0,0.0
2007-12-26,10.07,10.07,9.39,9.39,4.148366,2700,0.0,0.0
2007-12-27,9.84,9.84,9.35,9.35,4.130695,900,0.0,0.0
2007-12-28,9.52,9.66,9.43,9.43,4.166038,1200,0.0,0.0
2007-12-31,9.21,9.22,8.99,8.99,3.971651,300,0.0,0.0
2008-01-02,8.84,8.89,8.53,8.53,3.76843,400,0.0,0.0
2008-01-03,8.21,8.21,8.21,8.21,3.627059,100,0.0,0.0
2008-01-04,7.73,7.73,7.73,7.73,3.415003,100,0.0,0.0
2008-01-07,7.94,8.16,7.94,8.1,3.578463,500,0.0,0.0
2008-01-08,8.17,8.48,8.08,8.16,3.604969,1000,0.0,0.0
2008-01-09,8.11,8.11,7.53,7.53,3.326645,900,0.0,0.0
2008-01-10,7.4,8.44,7.39,8.44,3.72867,1700,0.0,0.0
2008-01-11,8.33,8.44,8.06,8.16,3.604969,2100,0.0,0.0
2008-01-14,8.41,8.55,8.34,8.54,3.772849,1100,0.0,0.0
2008-01-15,8.39,8.39,8.23,8.29,3.662403,1800,0.0,0.0
2008-01-16,8.37,9.09,8.37,9.0,3.976069,1700,0.0,0.0
2008-01-17,8.83,8.83,8.41,8.42,3.719834,1800,0.0,0.0
2008-01-18,8.54,8.66,8.44,8.46,3.737505,1800,0.0,0.0
2008-01-22,8.34,9.42,8.34,9.32,4.11744,2800,0.0,0.0
2008-01-23,9.02,10.44,9.02,10.44,4.612241,9200,0.0,0.0
2008-01-24,10.39,10.39,9.87,9.87,4.360422,2600,0.0,0.0
2008-01-25,10.19,10.19,9.53,9.67,4.272067,1800,0.0,0.0
2008-01-28,9.65,9.81,9.61,9.79,4.325079,1900,0.0,0.0
2008-01-29,9.77,9.94,9.6,9.92,4.382514,1500,0.0,0.0
2008-01-30,9.93,10.04,9.75,9.75,4.307409,1900,0.0,0.0
2008-01-31,9.54,9.94,9.54,9.94,4.391349,600,0.0,0.0
2008-02-01,10.21,10.26,9.73,9.75,4.307409,2300,0.0,0.0
2008-02-04,9.88,10.15,9.88,9.93,4.386931,1900,0.0,0.0
2008-02-05,9.64,9.82,9.59,9.59,4.236724,1300,0.0,0.0
2008-02-06,9.66,9.66,9.3,9.3,4.108606,1100,0.0,0.0
2008-02-07,9.34,9.45,9.24,9.24,4.082099,1100,0.0,0.0
2008-02-08,9.13,9.61,9.12,9.12,4.029085,1400,0.0,0.0
2008-02-11,9.09,9.78,9.09,9.78,4.320662,800,0.0,0.0
2008-02-12,9.86,9.99,9.83,9.85,4.351588,800,0.0,0.0
2008-02-13,9.85,10.07,9.85,10.07,4.448781,900,0.0,0.0
2008-02-14,10.03,10.03,9.42,9.42,4.161619,800,0.0,0.0
2008-02-15,9.24,9.35,9.24,9.35,4.130695,200,0.0,0.0
2008-02-19,9.22,9.24,9.0,9.0,3.976069,600,0.0,0.0
2008-02-20,8.96,9.88,8.96,9.83,4.342752,2300,0.0,0.0
2008-02-21,9.78,9.82,9.63,9.63,4.254396,1000,0.0,0.0
2008-02-22,10.0,10.27,9.92,10.12,4.47087,1600,0.0,0.0
2008-02-25,9.92,10.17,9.79,10.17,4.492958,1200,0.0,0.0
2008-02-26,10.44,10.44,10.22,10.22,4.515048,600,0.0,0.0
2008-02-27,10.13,10.25,9.98,10.06,4.444365,1400,0.0,0.0
2008-02-28,9.89,10.15,9.89,10.05,4.467925,1900,0.063,0.0
2008-02-29,9.79,10.2,9.75,9.75,4.334554,3100,0.0,0.0
2008-03-03,9.96,9.96,9.47,9.47,4.210075,1200,0.0,0.0
2008-03-04,9.59,9.65,9.5,9.65,4.290099,400,0.0,0.0
2008-03-05,9.62,9.62,9.52,9.52,4.232304,400,0.0,0.0
2008-03-06,9.59,9.64,9.21,9.21,4.094487,600,0.0,0.0
2008-03-07,9.32,9.32,9.3,9.32,4.143388,900,0.0,0.0
2008-03-10,9.55,9.65,9.32,9.5,4.22341,1400,0.0,0.0
2008-03-11,10.0,10.05,9.85,9.85,4.379011,1000,0.0,0.0
2008-03-12,10.14,10.21,9.32,9.4,4.178954,3100,0.0,0.0
2008-03-13,9.13,9.9,9.1,9.66,4.294544,1700,0.0,0.0
2008-03-14,9.69,9.69,9.3,9.37,4.165619,300,0.0,0.0
2008-03-17,9.29,9.67,9.29,9.64,4.285652,1700,0.0,0.0
2008-03-18,9.67,10.03,9.67,9.99,4.441248,3500,0.0,0.0
2008-03-19,10.19,10.19,9.97,10.02,4.454588,1100,0.0,0.0
2008-03-20,9.92,10.2,9.92,10.0,4.445696,2400,0.0,0.0
2008-03-24,10.06,11.0,10.06,11.0,4.890266,1000,0.0,0.0
2008-03-25,11.06,11.11,10.5,10.91,4.850255,1900,0.0,0.0
2008-03-26,10.63,11.02,10.63,11.02,4.899158,700,0.0,0.0
2008-03-27,10.71,10.76,10.46,10.46,4.650198,1200,0.0,0.0
2008-03-28,10.34,10.73,10.34,10.73,4.770233,800,0.0,0.0
2008-03-31,10.64,10.82,10.64,10.66,4.739113,800,0.0,0.0
2008-04-01,10.71,11.0,10.71,10.98,4.881374,400,0.0,0.0
2008-04-02,10.83,11.12,10.83,11.1,4.934723,1100,0.0,0.0
2008-04-03,10.91,10.92,10.53,10.67,4.743556,2200,0.0,0.0
2008-04-04,10.51,10.51,9.99,9.99,4.441248,1300,0.0,0.0
2008-04-07,9.93,10.0,9.75,9.87,4.387901,2100,0.0,0.0
2008-04-08,9.81,9.91,9.71,9.86,4.383457,1000,0.0,0.0
2008-04-09,9.68,9.7,9.5,9.52,4.232304,800,0.0,0.0
2008-04-10,9.53,9.78,8.75,9.4,4.178954,2000,0.0,0.0
2008-04-11,9.29,9.35,9.29,9.35,4.156728,200,0.0,0.0
2008-04-14,9.34,9.34,9.26,9.26,4.116716,200,0.0,0.0
2008-04-15,9.17,9.17,9.17,9.17,4.076705,100,0.0,0.0
2008-04-16,9.19,9.19,9.19,9.19,4.085596,100,0.0,0.0
2008-04-17,8.98,9.06,8.98,9.06,4.027802,200,0.0,0.0
2008-04-18,9.16,9.16,9.11,9.11,4.050031,400,0.0,0.0
2008-04-21,9.13,9.18,9.13,9.18,4.081148,400,0.0,0.0
2008-04-22,9.17,9.17,9.0,9.0,4.001127,700,0.0,0.0
2008-04-23,9.01,9.2,9.01,9.2,4.090041,800,0.0,0.0
2008-04-24,9.15,9.15,9.06,9.15,4.067812,500,0.0,0.0
2008-04-25,9.23,9.26,9.04,9.25,4.112268,1000,0.0,0.0
2008-04-28,9.24,9.35,9.24,9.35,4.156728,300,0.0,0.0
2008-04-29,9.31,9.31,9.24,9.24,4.107822,200,0.0,0.0
2008-04-30,9.18,9.35,9.15,9.15,4.067812,800,0.0,0.0
2008-05-01,9.45,10.12,9.45,9.5,4.22341,1400,0.0,0.0
2008-05-02,9.49,9.65,9.4,9.62,4.276761,800,0.0,0.0
2008-05-05,9.75,9.75,9.58,9.58,4.258978,200,0.0,0.0
2008-05-06,10.0,10.03,9.64,9.89,4.396794,2200,0.0,0.0
2008-05-07,9.62,9.62,9.19,9.19,4.085596,1000,0.0,0.0
2008-05-08,9.15,9.15,8.98,8.98,3.992235,600,0.0,0.0
2008-05-09,8.86,8.98,8.86,8.94,3.974453,700,0.0,0.0
2008-05-12,9.0,9.44,9.0,9.44,4.196736,700,0.0,0.0
2008-05-13,9.51,9.71,9.51,9.71,4.316772,300,0.0,0.0
2008-05-14,9.73,9.75,9.65,9.65,4.290099,600,0.0,0.0
2008-05-15,9.85,10.0,9.85,9.97,4.432359,600,0.0,0.0
2008-05-16,9.78,9.86,9.74,9.86,4.383457,700,0.0,0.0
2008-05-19,9.95,9.95,9.7,9.7,4.312326,1000,0.0,0.0
2008-05-20,9.52,9.52,9.25,9.3,4.134499,1100,0.0,0.0
2008-05-21,9.5,10.0,9.5,10.0,4.445696,1900,0.0,0.0
2008-05-22,10.0,10.0,10.0,10.0,4.445696,0,0.0,0.0
2008-05-23,9.8,10.05,9.8,10.05,4.467925,600,0.0,0.0
2008-05-27,10.08,10.23,10.0,10.23,4.576638,1200,0.063,0.0
2008-05-28,10.37,10.37,10.37,10.37,4.63927,200,0.0,0.0
2008-05-29,10.38,10.66,10.38,10.56,4.724271,700,0.0,0.0
2008-05-30,10.39,10.55,10.39,10.55,4.719798,500,0.0,0.0
2008-06-02,10.4,10.4,9.92,9.96,4.455846,700,0.0,0.0
2008-06-03,9.9,9.9,9.9,9.9,4.429004,100,0.0,0.0
2008-06-04,9.83,9.89,9.83,9.86,4.411109,400,0.0,0.0
2008-06-05,9.61,9.61,9.51,9.57,4.281371,1200,0.0,0.0
2008-06-06,9.32,9.43,9.21,9.26,4.142685,1000,0.0,0.0
2008-06-09,9.23,9.37,9.21,9.28,4.151632,1200,0.0,0.0
2008-06-10,9.28,9.28,9.2,9.2,4.115841,500,0.0,0.0
2008-06-11,9.0,9.0,8.61,8.85,3.959262,3400,0.0,0.0
2008-06-12,8.96,9.16,8.96,9.15,4.093472,700,0.0,0.0
2008-06-13,8.97,8.97,8.97,8.97,4.012946,100,0.0,0.0
2008-06-16,8.93,9.11,8.93,9.11,4.075579,400,0.0,0.0
2008-06-17,9.15,9.28,9.15,9.28,4.151632,300,0.0,0.0
2008-06-18,9.38,9.44,9.38,9.43,4.218738,400,0.0,0.0
2008-06-19,9.43,9.43,9.43,9.43,4.218738,0,0.0,0.0
2008-06-20,9.61,9.85,9.61,9.85,4.406635,500,0.0,0.0
2008-06-23,9.94,9.94,9.65,9.8,4.384266,700,0.0,0.0
2008-06-24,9.63,9.88,9.63,9.88,4.420058,600,0.0,0.0
2008-06-25,10.12,10.18,10.0,10.07,4.505058,1000,0.0,0.0
2008-06-26,9.81,10.04,9.81,10.04,4.491635,200,0.0,0.0
2008-06-27,10.1,10.21,10.1,10.21,4.567689,200,0.0,0.0
2008-06-30,10.15,10.15,10.03,10.03,4.487162,300,0.0,0.0
2008-07-01,10.04,10.29,10.04,10.26,4.590058,900,0.0,0.0
2008-07-02,10.14,10.14,10.11,10.11,4.522951,200,0.0,0.0
2008-07-03,10.08,10.35,10.08,10.34,4.625849,1000,0.0,0.0
2008-07-07,10.56,10.56,10.56,10.56,4.724271,100,0.0,0.0
2008-07-08,10.29,10.29,9.82,10.23,4.576638,1800,0.0,0.0
2008-07-09,10.2,10.25,10.01,10.23,4.576638,1300,0.0,0.0
2008-07-10,10.31,10.5,10.31,10.36,4.634795,600,0.0,0.0
2008-07-11,10.33,10.33,10.31,10.31,4.612428,200,0.0,0.0
2008-07-14,10.37,10.37,10.37,10.37,4.63927,100,0.0,0.0
2008-07-15,10.25,10.75,10.25,10.25,4.585585,1100,0.0,0.0
2008-07-16,10.61,11.02,10.61,11.02,4.930061,500,0.0,0.0
2008-07-17,11.02,11.02,11.02,11.02,4.930061,0,0.0,0.0
2008-07-18,10.75,12.25,10.75,12.15,5.435596,1600,0.0,0.0
2008-07-21,11.89,12.22,10.76,10.76,4.813745,3300,0.0,0.0
2008-07-22,10.76,10.97,10.76,10.81,4.836117,500,0.0,0.0
2008-07-23,11.02,11.35,10.9,11.04,4.939012,2100,0.0,0.0
2008-07-24,11.19,11.4,11.19,11.4,5.100064,600,0.0,0.0
2008-07-25,11.38,11.74,11.38,11.71,5.238751,1600,0.0,0.0
2008-07-28,11.56,11.56,11.0,11.0,4.921114,400,0.0,0.0
2008-07-29,11.24,11.24,11.24,11.24,5.028485,100,0.0,0.0
2008-07-30,11.37,11.42,11.13,11.32,5.064274,900,0.0,0.0
2008-07-31,11.39,11.61,11.39,11.6,5.18954,400,0.0,0.0
2008-08-01,11.4,11.75,11.25,11.45,5.122433,1000,0.0,0.0
2008-08-04,11.15,11.15,11.0,11.0,4.921114,400,0.0,0.0
2008-08-05,10.3,10.71,10.18,10.71,4.791377,1100,0.0,0.0
2008-08-06,10.4,10.4,10.16,10.16,4.545322,200,0.0,0.0
2008-08-07,10.37,10.37,10.37,10.37,4.63927,100,0.0,0.0
2008-08-08,10.68,10.68,10.68,10.68,4.777955,100,0.0,0.0
2008-08-11,10.74,10.94,10.74,10.94,4.894272,400,0.0,0.0
2008-08-12,11.24,11.24,11.24,11.24,5.028485,200,0.0,0.0
2008-08-13,11.13,11.13,11.13,11.13,4.979274,100,0.0,0.0
2008-08-14,11.22,11.22,11.0,11.0,4.921114,2300,0.0,0.0
2008-08-15,11.17,11.17,10.85,10.85,4.854009,800,0.0,0.0
2008-08-18,11.15,11.16,11.15,11.16,4.992695,200,0.0,0.0
2008-08-19,11.0,11.03,10.87,10.88,4.86743,500,0.0,0.0
2008-08-20,10.93,11.11,10.93,11.02,4.930061,300,0.0,0.0
2008-08-21,10.92,10.92,10.92,10.92,4.913415,100,0.063,0.0
2008-08-22,10.92,10.92,10.92,10.92,4.913415,0,0.0,0.0
2008-08-25,10.92,10.92,10.92,10.92,4.913415,0,0.0,0.0
2008-08-26,11.22,11.22,11.22,11.22,5.048398,100,0.0,0.0
2008-08-27,11.22,11.22,11.22,11.22,5.048398,0,0.0,0.0
2008-08-28,11.22,11.22,11.22,11.22,5.048398,0,0.0,0.0
2008-08-29,11.22,11.22,11.22,11.22,5.048398,0,0.0,0.0
2008-09-02,11.15,11.15,11.0,11.0,4.949409,1900,0.0,0.0
2008-09-03,11.06,11.58,11.06,11.58,5.21038,400,0.0,0.0
2008-09-04,11.59,11.59,11.3,11.59,5.214878,700,0.0,0.0
2008-09-05,11.3,11.3,11.08,11.08,4.985405,400,0.0,0.0
2008-09-08,11.31,11.91,11.31,11.91,5.358863,700,0.0,0.0
2008-09-09,12.2,12.54,12.0,12.0,5.399355,900,0.0,0.0
2008-09-10,11.85,12.25,11.75,11.75,5.28687,1200,0.0,0.0
2008-09-11,11.66,11.66,11.37,11.66,5.246377,1100,0.0,0.0
2008-09-12,11.66,11.66,11.66,11.66,5.246377,0,0.0,0.0
2008-09-15,11.81,11.81,11.81,11.81,5.313868,100,0.0,0.0
2008-09-16,11.53,11.99,11.25,11.94,5.372361,1400,0.0,0.0
2008-09-17,12.32,12.32,12.0,12.05,5.421855,700,0.0,0.0
2008-09-18,12.03,12.68,11.95,12.68,5.70532,600,0.0,0.0
2008-09-19,13.06,13.46,12.0,12.0,5.399355,700,0.0,0.0
2008-09-22,11.83,11.83,11.82,11.82,5.318365,200,0.0,0.0
2008-09-23,11.43,11.83,11.43,11.79,5.304869,900,0.0,0.0
2008-09-24,11.0,11.62,11.0,11.54,5.192381,1000,0.0,0.0
2008-09-25,11.55,11.71,11.55,11.71,5.268871,1100,0.0,0.0
2008-09-26,11.6,11.78,10.9,11.78,5.300367,2100,0.0,0.0
2008-09-29,11.71,11.72,11.0,11.72,5.27337,900,0.0,0.0
2008-09-30,11.48,11.48,11.24,11.45,5.151885,3300,0.0,0.0
2008-10-01,11.46,11.68,9.87,11.68,5.255374,6400,0.0,0.0
2008-10-02,11.68,11.68,11.68,11.68,5.255374,0,0.0,0.0
2008-10-03,11.68,11.7,11.5,11.5,5.174384,1500,0.0,0.0
2008-10-06,11.16,11.16,10.83,10.83,4.872918,2300,0.0,0.0
2008-10-07,10.78,10.95,10.74,10.8,4.859423,500,0.0,0.0
2008-10-08,10.77,10.77,10.41,10.74,4.832423,700,0.0,0.0
2008-10-09,10.53,10.53,10.23,10.23,4.602952,800,0.0,0.0
2008-10-10,10.0,10.25,10.0,10.25,4.611951,200,0.0,0.0
2008-10-13,10.99,10.99,10.98,10.98,4.940411,400,0.0,0.0
2008-10-14,10.77,10.77,10.57,10.57,4.755934,1500,0.0,0.0
2008-10-15,10.57,10.57,10.57,10.57,4.755934,0,0.0,0.0
2008-10-16,9.39,9.93,9.01,9.87,4.44097,4300,0.0,0.0
2008-10-17,10.28,10.28,9.87,9.94,4.472467,5100,0.0,0.0
2008-10-20,9.87,9.99,9.5,9.55,4.296988,900,0.0,0.0
2008-10-21,9.75,9.8,9.55,9.55,4.296988,1400,0.0,0.0
2008-10-22,9.5,9.6,9.1,9.1,4.094512,1600,0.0,0.0
2008-10-23,9.2,9.2,8.75,8.75,3.93703,400,0.0,0.0
2008-10-24,8.75,8.75,8.75,8.75,3.93703,0,0.0,0.0
2008-10-27,8.75,8.75,8.75,8.75,3.93703,0,0.0,0.0
2008-10-28,8.75,9.5,8.73,9.5,4.27449,5000,0.0,0.0
2008-10-29,9.53,9.56,9.29,9.5,4.27449,4100,0.0,0.0
2008-10-30,9.56,9.56,9.33,9.44,4.247491,1300,0.0,0.0
2008-10-31,9.58,10.11,9.58,9.98,4.490465,1400,0.0,0.0
2008-11-03,9.87,10.03,9.67,9.67,4.350982,1400,0.0,0.0
2008-11-04,9.52,9.76,9.42,9.42,4.238495,800,0.0,0.0
2008-11-05,9.49,9.49,9.0,9.0,4.049517,2300,0.0,0.0
2008-11-06,8.61,9.0,8.61,9.0,4.049517,500,0.0,0.0
2008-11-07,8.86,8.86,8.5,8.5,3.824545,200,0.0,0.0
2008-11-10,9.02,9.02,9.02,9.02,4.058516,100,0.0,0.0
2008-11-11,9.02,9.02,9.02,9.02,4.058516,0,0.0,0.0
2008-11-12,9.02,9.02,9.02,9.02,4.058516,0,0.0,0.0
2008-11-13,8.54,8.78,8.5,8.78,3.950528,2500,0.0,0.0
2008-11-14,8.3,8.3,8.18,8.18,3.680562,2200,0.0,0.0
2008-11-17,8.0,8.45,7.99,8.29,3.730056,900,0.0,0.0
2008-11-18,8.06,8.1,7.56,8.1,3.644567,10100,0.0,0.0
2008-11-19,8.1,8.1,8.1,8.1,3.644567,0,0.0,0.0
2008-11-20,8.05,8.05,8.05,8.05,3.622068,300,0.0,0.0
2008-11-21,8.0,8.25,7.75,8.25,3.712057,2500,0.0,0.0
2008-11-24,8.41,8.45,8.39,8.45,3.802046,500,0.0,0.0
2008-11-25,8.45,8.45,8.45,8.45,3.802046,0,0.0,0.0
2008-11-26,8.75,8.75,8.75,8.75,3.93703,100,0.0,0.0
2008-11-28,8.5,8.5,8.5,8.5,3.824545,200,0.0,0.0
2008-12-01,8.23,8.23,7.97,7.97,3.586073,1300,0.0,0.0
2008-12-02,8.23,8.23,8.23,8.23,3.703059,100,0.0,0.0
2008-12-03,8.31,8.68,8.31,8.68,3.905534,3000,0.0,0.0
2008-12-04,9.05,9.1,8.15,8.15,3.667063,1600,0.0,0.0
2008-12-05,8.1,8.2,8.1,8.2,3.68956,300,0.0,0.0
2008-12-08,8.42,8.8,8.42,8.75,3.93703,900,0.0,0.0
2008-12-09,8.55,8.55,8.3,8.33,3.748055,900,0.0,0.0
2008-12-10,8.33,8.33,8.33,8.33,3.748055,0,0.0,0.0
2008-12-11,8.33,8.33,8.33,8.33,3.748055,0,0.0,0.0
2008-12-12,8.29,8.51,8.29,8.51,3.829044,500,0.0,0.0
2008-12-15,8.94,8.94,8.06,8.06,3.626568,1400,0.0,0.0
2008-12-16,8.12,8.55,8.12,8.55,3.847043,500,0.0,0.0
2008-12-17,8.69,8.78,8.69,8.78,3.950528,500,0.0,0.0
2008-12-18,9.24,9.24,9.22,9.22,4.148508,600,0.0,0.0
2008-12-19,9.0,9.15,8.65,8.65,3.892036,700,0.0,0.0
2008-12-22,9.0,9.0,9.0,9.0,4.049517,200,0.0,0.0
2008-12-23,9.4,9.4,8.91,9.24,4.157505,800,0.0,0.0
2008-12-24,9.32,9.5,9.1,9.42,4.238495,2100,0.0,0.0
2008-12-26,9.42,9.42,9.42,9.42,4.238495,0,0.0,0.0
2008-12-29,9.35,9.35,8.89,8.89,4.000023,600,0.0,0.0
2008-12-30,9.09,9.25,9.0,9.25,4.162004,400,0.0,0.0
2008-12-31,9.43,9.62,9.41,9.62,4.328485,400,0.0,0.0
2009-01-02,9.62,9.62,9.62,9.62,4.328485,0,0.0,0.0
2009-01-05,9.0,9.13,9.0,9.13,4.108011,200,0.0,0.0
2009-01-06,9.23,9.4,9.23,9.4,4.229496,300,0.0,0.0
2009-01-07,8.96,8.96,8.46,8.46,3.806546,1100,0.0,0.0
2009-01-08,8.4,8.4,8.04,8.39,3.77505,1700,0.0,0.0
2009-01-09,8.49,8.49,8.49,8.49,3.820045,100,0.0,0.0
2009-01-12,8.49,8.49,8.49,8.49,3.820045,0,0.0,0.0
2009-01-13,8.49,8.5,8.25,8.25,3.712057,2200,0.0,0.0
2009-01-14,8.09,8.11,8.03,8.03,3.613069,900,0.0,0.0
2009-01-15,8.25,8.27,8.25,8.25,3.712057,400,0.0,0.0
2009-01-16,8.16,8.16,8.1,8.1,3.644567,1000,0.0,0.0
2009-01-20,8.15,8.15,8.14,8.14,3.662564,200,0.0,0.0
2009-01-21,8.19,8.25,8.19,8.25,3.712057,300,0.0,0.0
2009-01-22,8.1,8.29,8.1,8.29,3.730056,400,0.0,0.0
2009-01-23,8.29,8.29,8.29,8.29,3.730056,0,0.0,0.0
2009-01-26,8.26,8.64,8.26,8.64,3.887536,1700,0.0,0.0
2009-01-27,8.78,8.78,8.76,8.76,3.941529,300,0.0,0.0
2009-01-28,8.76,8.76,8.76,8.76,3.941529,0,0.0,0.0
2009-01-29,8.55,8.55,8.09,8.1,3.644567,2000,0.0,0.0
2009-01-30,8.07,8.07,7.06,7.98,3.590572,10900,0.0,0.0
2009-02-02,8.13,8.13,8.13,8.13,3.658064,100,0.0,0.0
2009-02-03,8.07,8.07,8.07,8.07,3.631067,500,0.0,0.0
2009-02-04,7.96,8.08,7.63,8.08,3.635568,1400,0.0,0.0
2009-02-05,8.25,8.35,8.25,8.35,3.757054,300,0.0,0.0
2009-02-06,8.6,8.6,8.3,8.3,3.734555,2700,0.0,0.0
2009-02-09,8.3,8.3,8.3,8.3,3.734555,0,0.0,0.0
2009-02-10,8.13,8.13,8.04,8.04,3.61757,200,0.0,0.0
2009-02-11,8.15,8.15,8.15,8.15,3.667063,100,0.0,0.0
2009-02-12,8.35,8.35,8.35,8.35,3.757054,100,0.0,0.0
2009-02-13,8.42,8.42,8.2,8.2,3.68956,700,0.0,0.0
2009-02-17,8.14,8.6,8.09,8.1,3.644567,8400,0.0,0.0
2009-02-18,8.16,8.23,8.16,8.21,3.69406,300,0.0,0.0
2009-02-19,8.54,9.08,8.54,8.65,3.892036,3100,0.0,0.0
2009-02-20,8.94,9.17,8.94,9.0,4.049517,2600,0.0,0.0
2009-02-23,9.1,9.16,8.19,9.05,4.072015,4500,0.0,0.0
2009-02-24,9.25,9.5,9.25,9.45,4.251994,1600,0.0,0.0
2009-02-25,9.3,9.4,9.0,9.2,4.139506,900,0.0,0.0
2009-02-26,8.83,8.83,8.83,8.83,3.973028,500,0.0,0.0
2009-02-27,9.2,9.2,8.83,8.83,3.973028,1100,0.0,0.0
2009-03-02,8.46,8.46,8.0,8.1,3.644567,700,0.0,0.0
2009-03-03,8.33,8.37,7.88,7.88,3.545576,1000,0.0,0.0
2009-03-04,7.88,7.88,7.88,7.88,3.545576,0,0.0,0.0
2009-03-05,7.88,7.88,7.88,7.88,3.545576,0,0.0,0.0
2009-03-06,7.88,7.88,7.88,7.88,3.545576,0,0.0,0.0
2009-03-09,7.88,7.88,7.88,7.88,3.545576,0,0.0,0.0
2009-03-10,8.0,8.2,8.0,8.15,3.667063,800,0.0,0.0
2009-03-11,8.25,8.25,7.96,8.15,3.667063,900,0.0,0.0
2009-03-12,8.01,8.43,8.0,8.4,3.779549,1300,0.0,0.0
2009-03-13,8.42,8.42,8.42,8.42,3.788549,100,0.0,0.0
2009-03-16,8.5,8.55,8.25,8.25,3.712057,1300,0.0,0.0
2009-03-17,8.3,8.36,8.3,8.3,3.734555,400,0.0,0.0
2009-03-18,8.42,9.05,8.42,8.96,4.031519,3200,0.0,0.0
2009-03-19,9.0,9.13,8.97,9.03,4.063016,1100,0.0,0.0
2009-03-20,9.22,9.23,8.89,8.89,4.000023,1000,0.0,0.0
2009-03-23,8.94,9.5,8.94,9.5,4.27449,1700,0.0,0.0
2009-03-24,9.75,10.94,9.75,10.94,4.922415,500,0.0,0.0
2009-03-25,10.86,10.86,9.86,10.46,4.706439,3700,0.0,0.0
2009-03-26,10.54,10.55,10.54,10.55,4.746935,500,0.0,0.0
2009-03-27,10.63,10.63,10.49,10.49,4.719938,500,0.0,0.0
2009-03-30,10.42,10.52,10.42,10.51,4.728938,400,0.0,0.0
2009-03-31,10.51,10.51,10.51,10.51,4.728938,0,0.0,0.0
2009-04-01,10.51,10.51,10.51,10.51,4.728938,0,0.0,0.0
2009-04-02,10.68,10.68,10.57,10.57,4.755934,300,0.0,0.0
2009-04-03,10.57,10.57,10.57,10.57,4.755934,0,0.0,0.0
2009-04-06,10.57,10.57,10.57,10.57,4.755934,0,0.0,0.0
2009-04-07,10.57,10.57,10.57,10.57,4.755934,0,0.0,0.0
2009-04-08,10.0,10.0,10.0,10.0,4.499463,100,0.0,0.0
2009-04-09,10.5,10.5,10.5,10.5,4.724438,100,0.0,0.0
2009-04-13,10.75,10.75,10.75,10.75,4.836925,100,0.0,0.0
2009-04-14,10.75,10.75,10.75,10.75,4.836925,0,0.0,0.0
2009-04-15,10.54,10.61,10.4,10.4,4.679442,1300,0.0,0.0
2009-04-16,10.4,10.56,10.15,10.56,4.751433,400,0.0,0.0
2009-04-17,10.95,10.95,10.95,10.95,4.926912,100,0.0,0.0
2009-04-20,10.74,11.04,10.5,10.88,4.895416,900,0.0,0.0
2009-04-21,10.83,11.25,10.83,11.25,5.061898,1000,0.0,0.0
2009-04-22,11.09,11.12,11.0,11.0,4.949409,400,0.0,0.0
2009-04-23,10.75,11.0,10.75,11.0,4.949409,400,0.0,0.0
2009-04-24,11.16,11.16,11.04,11.13,5.007905,400,0.0,0.0
2009-04-27,11.13,11.13,11.13,11.13,5.007905,0,0.0,0.0
2009-04-28,11.0,11.0,10.44,10.48,4.715438,33100,0.0,0.0
2009-04-29,10.55,10.9,10.43,10.79,4.854923,4300,0.0,0.0
2009-04-30,10.8,11.15,10.8,10.9,4.904417,1000,0.0,0.0
2009-05-01,10.75,10.82,10.71,10.71,4.818926,500,0.0,0.0
2009-05-04,10.76,10.85,10.67,10.85,4.881918,1100,0.0,0.0
2009-05-05,11.01,11.25,11.01,11.25,5.061898,800,0.0,0.0
2009-05-06,11.12,11.25,11.0,11.25,5.061898,900,0.0,0.0
2009-05-07,10.74,10.74,10.0,10.0,4.499463,800,0.0,0.0
2009-05-08,9.91,10.5,9.5,10.5,4.724438,800,0.0,0.0
2009-05-11,10.08,10.25,10.05,10.25,4.611951,300,0.0,0.0
2009-05-12,10.5,10.5,10.29,10.29,4.629947,300,0.0,0.0
2009-05-13,10.0,10.0,9.75,9.75,4.386978,200,0.0,0.0
2009-05-14,9.5,9.5,9.5,9.5,4.27449,100,0.0,0.0
2009-05-15,9.5,9.57,9.5,9.57,4.305989,3200,0.0,0.0
2009-05-18,9.57,9.57,9.57,9.57,4.305989,0,0.0,0.0
2009-05-19,9.71,9.71,9.68,9.68,4.355481,200,0.0,0.0
2009-05-20,9.41,9.47,9.13,9.39,4.224997,1400,0.0,0.0
2009-05-21,9.25,9.4,9.25,9.4,4.229496,400,0.0,0.0
2009-05-22,9.4,9.4,9.4,9.4,4.229496,0,0.0,0.0
2009-05-26,9.61,10.25,9.61,10.25,4.611951,700,0.0,0.0
2009-05-27,10.19,10.19,10.0,10.01,4.503964,600,0.0,0.0
2009-05-28,9.85,9.96,9.75,9.96,4.481467,300,0.0,0.0
2009-05-29,10.25,10.5,10.25,10.3,4.634449,400,0.0,0.0
2009-06-01,10.65,10.85,10.5,10.85,4.881918,400,0.0,0.0
2009-06-02,10.85,10.85,10.85,10.85,4.881918,0,0.0,0.0
2009-06-03,10.85,10.85,10.85,10.85,4.881918,0,0.0,0.0
2009-06-04,10.96,10.96,10.76,10.76,4.841424,300,0.0,0.0
2009-06-05,10.5,10.51,10.5,10.51,4.728938,300,0.0,0.0
2009-06-08,10.51,10.51,10.51,10.51,4.728938,0,0.0,0.0
2009-06-09,10.62,10.62,10.12,10.42,4.688443,7400,0.0,0.0
2009-06-10,10.06,10.17,10.06,10.17,4.575954,200,0.0,0.0
2009-06-11,10.35,10.5,10.3,10.3,4.634449,600,0.0,0.0
2009-06-12,10.0,10.0,9.67,9.8,4.409475,1000,0.0,0.0
2009-06-15,9.9,10.0,9.8,9.8,4.409475,300,0.0,0.0
2009-06-16,9.69,9.69,9.13,9.13,4.108011,700,0.0,0.0
2009-06-17,9.25,9.58,9.25,9.58,4.310486,200,0.0,0.0
2009-06-18,9.56,9.56,9.56,9.56,4.301487,200,0.0,0.0
2009-06-19,9.35,9.35,9.35,9.35,4.207,100,0.0,0.0
2009-06-22,9.13,9.2,9.13,9.2,4.139506,200,0.0,0.0
2009-06-23,9.0,9.0,9.0,9.0,4.049517,300,0.0,0.0
2009-06-24,9.0,9.0,9.0,9.0,4.049517,0,0.0,0.0
2009-06-25,9.2,9.2,9.2,9.2,4.139506,200,0.0,0.0
2009-06-26,9.2,9.2,9.2,9.2,4.139506,0,0.0,0.0
2009-06-29,9.49,9.5,9.21,9.33,4.198,400,0.0,0.0
2009-06-30,9.21,9.21,9.21,9.21,4.144007,200,0.0,0.0
2009-07-01,9.5,9.9,9.4,9.4,4.229496,1100,0.0,0.0
2009-07-02,9.19,9.38,9.19,9.2,4.139506,600,0.0,0.0
2009-07-06,9.32,9.32,9.19,9.23,4.153006,900,0.0,0.0
2009-07-07,9.23,9.23,9.23,9.23,4.153006,0,0.0,0.0
2009-07-08,9.27,9.27,9.27,9.27,4.171003,100,0.0,0.0
2009-07-09,9.05,9.05,9.0,9.0,4.049517,200,0.0,0.0
2009-07-10,9.03,9.25,9.03,9.25,4.162004,300,0.0,0.0
2009-07-13,9.5,9.51,9.23,9.51,4.278989,600,0.0,0.0
2009-07-14,9.59,9.59,9.57,9.57,4.305989,200,0.0,0.0
2009-07-15,9.85,10.0,9.85,10.0,4.499463,300,0.0,0.0
2009-07-16,10.0,10.0,10.0,10.0,4.499463,0,0.0,0.0
2009-07-17,10.0,10.0,10.0,10.0,4.499463,0,0.0,0.0
2009-07-20,9.86,9.86,9.86,9.86,4.43647,200,0.0,0.0
2009-07-21,9.75,10.02,9.75,10.02,4.508463,200,0.0,0.0
2009-07-22,10.25,10.77,10.25,10.53,4.737936,700,0.0,0.0
2009-07-23,10.75,11.0,10.75,10.91,4.908915,300,0.0,0.0
2009-07-24,10.75,10.75,10.75,10.75,4.836925,100,0.0,0.0
2009-07-27,10.9,11.0,10.9,10.91,4.908915,400,0.0,0.0
2009-07-28,11.03,11.03,11.03,11.03,4.962909,100,0.0,0.0
2009-07-29,11.03,11.03,11.03,11.03,4.962909,0,0.0,0.0
2009-07-30,11.03,11.03,11.03,11.03,4.962909,0,0.0,0.0
2009-07-31,10.75,10.75,10.75,10.75,4.836925,100,0.0,0.0
2009-08-03,10.69,10.96,10.69,10.96,4.931414,300,0.0,0.0
2009-08-04,11.13,11.13,11.13,11.13,5.007905,100,0.0,0.0
2009-08-05,10.94,10.96,10.94,10.96,4.931414,200,0.0,0.0
2009-08-06,10.96,10.96,10.96,10.96,4.931414,100,0.0,0.0
2009-08-07,10.96,10.96,10.96,10.96,4.931414,0,0.0,0.0
2009-08-10,11.21,12.5,11.21,12.5,5.62433,1700,0.0,0.0
2009-08-11,12.23,12.23,11.56,11.56,5.20138,500,0.0,0.0
2009-08-12,11.6,12.02,11.37,11.92,5.36336,1700,0.0,0.0
2009-08-13,11.61,11.68,11.61,11.68,5.255374,200,0.0,0.0
2009-08-14,11.41,11.41,10.9,10.95,4.926912,800,0.0,0.0
2009-08-17,10.95,10.95,10.95,10.95,4.926912,0,0.0,0.0
2009-08-18,10.75,11.25,10.75,11.25,5.061898,300,0.0,0.0
2009-08-19,11.0,11.0,11.0,11.0,4.949409,100,0.0,0.0
2009-08-20,11.0,11.0,11.0,11.0,4.949409,100,0.0,0.0
2009-08-21,11.2,11.83,11.2,11.83,5.322867,500,0.0,0.0
2009-08-24,12.14,12.25,12.14,12.2,5.489346,300,0.0,0.0
2009-08-25,12.21,12.32,12.21,12.32,5.543341,200,0.0,0.0
2009-08-26,12.41,12.47,12.41,12.47,5.61083,600,0.0,0.0
2009-08-27,12.0,12.0,12.0,12.0,5.399355,100,0.0,0.0
2009-08-28,11.88,11.9,11.25,11.9,5.354361,3000,0.0,0.0
2009-08-31,11.9,11.9,11.9,11.9,5.354361,0,0.0,0.0
2009-09-01,11.53,11.75,11.38,11.38,5.120391,400,0.0,0.0
2009-09-02,11.38,11.38,11.38,11.38,5.120391,0,0.0,0.0
2009-09-03,11.01,11.01,11.01,11.01,4.953909,100,0.0,0.0
2009-09-04,11.25,11.25,11.25,11.25,5.061898,100,0.0,0.0
2009-09-08,11.48,11.48,11.48,11.48,5.165384,100,0.0,0.0
2009-09-09,11.55,11.55,11.55,11.55,5.196881,200,0.0,0.0
2009-09-10,11.4,11.42,11.11,11.42,5.138388,400,0.0,0.0
2009-09-11,11.59,11.63,11.25,11.35,5.106893,900,0.0,0.0
2009-09-14,11.35,11.35,11.35,11.35,5.106893,0,0.0,0.0
2009-09-15,11.12,11.12,11.12,11.12,5.003403,100,0.0,0.0
2009-09-16,11.0,11.0,11.0,11.0,4.949409,200,0.0,0.0
2009-09-17,11.0,11.0,11.0,11.0,4.949409,0,0.0,0.0
2009-09-18,11.25,11.25,11.25,11.25,5.061898,100,0.0,0.0
2009-09-21,11.25,11.25,11.25,11.25,5.061898,0,0.0,0.0
2009-09-22,11.25,11.25,11.25,11.25,5.061898,0,0.0,0.0
2009-09-23,11.65,11.68,11.65,11.68,5.255374,200,0.0,0.0
2009-09-24,11.48,11.84,11.48,11.75,5.28687,1300,0.0,0.0
2009-09-25,11.75,11.75,11.75,11.75,5.28687,0,0.0,0.0
2009-09-28,11.75,11.75,11.75,11.75,5.28687,0,0.0,0.0
2009-09-29,11.75,11.75,11.75,11.75,5.28687,0,0.0,0.0
2009-09-30,11.75,11.75,11.75,11.75,5.28687,0,0.0,0.0
2009-10-01,11.7,11.7,11.7,11.7,5.264373,100,0.0,0.0
2009-10-02,11.7,11.7,11.7,11.7,5.264373,0,0.0,0.0
2009-10-05,11.7,11.7,11.7,11.7,5.264373,0,0.0,0.0
2009-10-06,11.85,11.86,11.85,11.86,5.336362,400,0.0,0.0
2009-10-07,11.86,11.86,11.86,11.86,5.336362,0,0.0,0.0
2009-10-08,12.0,12.0,11.93,11.93,5.36786,500,0.0,0.0
2009-10-09,12.05,12.05,12.05,12.05,5.421855,100,0.0,0.0
2009-10-12,12.51,12.87,12.51,12.8,5.759315,600,0.0,0.0
2009-10-13,12.8,12.8,12.8,12.8,5.759315,0,0.0,0.0
2009-10-14,12.88,12.88,12.88,12.88,5.795307,100,0.0,0.0
2009-10-15,12.8,12.8,12.8,12.8,5.759315,100,0.0,0.0
2009-10-16,12.8,12.8,12.8,12.8,5.759315,300,0.0,0.0
2009-10-19,12.86,12.94,12.86,12.91,5.808806,800,0.0,0.0
2009-10-20,13.04,13.15,13.0,13.15,5.916791,800,0.0,0.0
2009-10-21,13.17,13.18,13.08,13.18,5.930292,3200,0.0,0.0
2009-10-22,13.15,13.27,13.15,13.27,5.970788,200,0.0,0.0
2009-10-23,13.0,13.0,13.0,13.0,5.849303,100,0.0,0.0
2009-10-26,12.71,12.71,12.71,12.71,5.718819,300,0.0,0.0
2009-10-27,12.5,12.5,12.5,12.5,5.62433,200,0.0,0.0
2009-10-28,12.21,12.21,12.0,12.05,5.421855,300,0.0,0.0
2009-10-29,12.05,12.05,12.05,12.05,5.421855,0,0.0,0.0
2009-10-30,11.92,11.92,11.9,11.9,5.354361,400,0.0,0.0
2009-11-02,11.85,11.85,11.47,11.75,5.28687,700,0.0,0.0
2009-11-03,11.93,11.93,11.93,11.93,5.36786,100,0.0,0.0
2009-11-04,11.75,11.75,11.57,11.57,5.20588,200,0.0,0.0
2009-11-05,11.75,12.41,11.75,12.4,5.579336,700,0.0,0.0
2009-11-06,12.44,12.5,12.31,12.31,5.53884,400,0.0,0.0
2009-11-09,12.31,12.31,12.31,12.31,5.53884,100,0.0,0.0
2009-11-10,12.09,12.09,12.09,12.09,5.439852,100,0.0,0.0
2009-11-11,12.1,12.12,12.1,12.12,5.45335,200,0.0,0.0
2009-11-12,11.9,11.9,11.68,11.68,5.255374,300,0.0,0.0
2009-11-13,11.68,11.68,11.68,11.68,5.255374,0,0.0,0.0
2009-11-16,11.9,11.9,11.9,11.9,5.354361,100,0.0,0.0
2009-11-17,11.97,11.97,11.5,11.92,5.36336,1900,0.0,0.0
2009-11-18,12.12,12.12,12.12,12.12,5.45335,100,0.0,0.0
2009-11-19,11.9,11.9,11.75,11.75,5.28687,200,0.0,0.0
2009-11-20,11.97,12.0,11.97,12.0,5.399355,200,0.0,0.0
2009-11-23,12.2,12.42,12.2,12.28,5.534566,400,0.02,0.0
2009-11-24,12.06,12.06,12.0,12.0,5.40837,400,0.0,0.0
2009-11-25,12.18,12.18,12.18,12.18,5.489498,100,0.0,0.0
2009-11-27,12.0,12.0,12.0,12.0,5.40837,100,0.0,0.0
2009-11-30,11.83,11.83,11.66,11.83,5.331752,300,0.0,0.0
2009-12-01,12.0,12.0,12.0,12.0,5.40837,100,0.0,0.0
2009-12-02,12.17,12.5,12.17,12.47,5.620198,700,0.0,0.0
2009-12-03,12.64,12.92,12.41,12.41,5.593156,1100,0.0,0.0
2009-12-04,12.58,12.92,12.58,12.75,5.746394,500,0.0,0.0
2009-12-07,12.59,12.59,12.48,12.48,5.624707,3400,0.0,0.0
2009-12-08,12.69,12.75,12.69,12.75,5.746394,200,0.0,0.0
2009-12-09,12.54,12.54,12.25,12.25,5.521046,400,0.0,0.0
2009-12-10,12.47,12.47,12.0,12.0,5.40837,1100,0.0,0.0
2009-12-11,12.18,12.4,12.18,12.4,5.588649,300,0.0,0.0
2009-12-14,12.5,12.77,12.44,12.77,5.755407,3600,0.0,0.0
2009-12-15,12.99,13.22,12.99,13.22,5.958223,300,0.0,0.0
2009-12-16,13.22,13.22,13.22,13.22,5.958223,0,0.0,0.0
2009-12-17,13.08,13.15,13.08,13.15,5.92667,300,0.0,0.0
2009-12-18,13.3,13.47,13.3,13.47,6.070896,300,0.0,0.0
2009-12-21,13.5,13.8,13.48,13.8,6.219625,600,0.0,0.0
2009-12-22,13.74,13.74,13.74,13.74,6.192585,100,0.0,0.0
2009-12-23,13.74,13.74,13.74,13.74,6.192585,0,0.0,0.0
2009-12-24,13.74,13.74,13.74,13.74,6.192585,0,0.0,0.0
2009-12-28,13.74,13.74,13.74,13.74,6.192585,0,0.0,0.0
2009-12-29,13.57,13.57,13.57,13.57,6.115965,100,0.0,0.0
2009-12-30,13.57,13.57,13.57,13.57,6.115965,0,0.0,0.0
2009-12-31,13.75,13.75,13.75,13.75,6.19709,100,0.0,0.0
2010-01-04,13.63,13.63,13.63,13.63,6.143009,100,0.0,0.0
2010-01-05,13.67,13.67,13.65,13.67,6.161037,1100,0.0,0.0
2010-01-06,13.67,13.67,13.67,13.67,6.161037,0,0.0,0.0
2010-01-07,13.67,13.67,13.65,13.65,6.15202,200,0.0,0.0
2010-01-08,13.74,13.74,13.69,13.69,6.170051,200,0.0,0.0
2010-01-11,13.69,13.69,13.69,13.69,6.170051,0,0.0,0.0
2010-01-12,13.25,13.25,13.0,13.0,5.859068,200,0.0,0.0
2010-01-13,13.2,13.2,13.2,13.2,5.949208,100,0.0,0.0
2010-01-14,13.4,13.4,13.4,13.4,6.039347,200,0.0,0.0
2010-01-15,13.06,13.06,12.9,12.9,5.813997,300,0.0,0.0
2010-01-19,13.0,13.05,13.0,13.05,5.881604,200,0.0,0.0
2010-01-20,12.79,12.79,12.68,12.72,5.732872,600,0.0,0.0
2010-01-21,12.75,12.75,12.5,12.5,5.633719,300,0.0,0.0
2010-01-22,12.41,12.55,12.31,12.31,5.548088,500,0.0,0.0
2010-01-25,12.08,12.2,12.0,12.2,5.49851,300,0.0,0.0
2010-01-26,12.0,12.0,12.0,12.0,5.40837,100,0.0,0.0
2010-01-27,12.0,12.1,12.0,12.08,5.444426,600,0.0,0.0
2010-01-28,12.06,12.06,12.06,12.06,5.435412,100,0.0,0.0
2010-01-29,12.3,12.5,12.3,12.44,5.606677,300,0.0,0.0
2010-02-01,12.44,12.44,12.44,12.44,5.606677,0,0.0,0.0
2010-02-02,12.44,12.44,12.44,12.44,5.606677,0,0.0,0.0
2010-02-03,12.44,12.44,12.44,12.44,5.606677,0,0.0,0.0
2010-02-04,12.2,12.2,12.2,12.2,5.49851,100,0.0,0.0
2010-02-05,12.3,12.3,12.3,12.3,5.54358,100,0.0,0.0
2010-02-08,12.2,12.2,12.2,12.2,5.49851,100,0.0,0.0
2010-02-09,11.97,12.42,11.97,12.42,5.597665,300,0.0,0.0
2010-02-10,12.19,12.34,12.19,12.33,5.5571,300,0.0,0.0
2010-02-11,12.19,12.57,12.19,12.57,5.665267,300,0.0,0.0
2010-02-12,12.57,12.57,12.57,12.57,5.665267,0,0.0,0.0
2010-02-16,12.35,12.85,12.35,12.85,5.791465,1300,0.0,0.0
2010-02-17,12.84,13.04,12.74,12.9,5.813997,1100,0.0,0.0
2010-02-18,12.98,13.35,12.98,13.35,6.016813,500,0.0,0.0
2010-02-19,13.35,13.35,13.35,13.35,6.016813,0,0.0,0.0
2010-02-22,13.48,13.75,13.48,13.75,6.19709,200,0.0,0.0
2010-02-23,13.85,13.85,13.85,13.85,6.242161,100,0.0,0.0
2010-02-24,13.85,13.85,13.85,13.85,6.242161,0,0.0,0.0
2010-02-25,13.6,13.6,13.54,13.54,6.102444,200,0.0,0.0
2010-02-26,13.29,13.29,13.29,13.29,5.98977,200,0.0,0.0
2010-03-01,13.29,13.29,13.29,13.29,5.98977,0,0.0,0.0
2010-03-02,15.9,16.4,15.6,15.75,7.098488,4300,0.0,0.0
2010-03-03,16.040001,16.040001,15.75,15.75,7.098488,200,0.0,0.0
2010-03-04,16.0,16.0,16.0,16.0,7.21116,100,0.0,0.0
2010-03-05,16.0,16.0,16.0,16.0,7.21116,100,0.0,0.0
2010-03-08,16.0,16.0,16.0,16.0,7.21116,0,0.0,0.0
2010-03-09,15.95,15.95,15.95,15.95,7.188627,100,0.0,0.0
2010-03-10,15.63,15.97,15.63,15.97,7.19764,200,0.0,0.0
2010-03-11,16.190001,16.190001,16.0,16.0,7.21116,700,0.0,0.0
2010-03-12,16.0,16.0,16.0,16.0,7.21116,0,0.0,0.0
2010-03-15,16.209999,16.209999,16.15,16.15,7.278767,200,0.0,0.0
2010-03-16,15.95,16.219999,15.95,16.219999,7.310315,200,0.0,0.0
2010-03-17,16.299999,16.299999,16.299999,16.299999,7.34637,100,0.0,0.0
2010-03-18,16.299999,16.299999,16.299999,16.299999,7.34637,0,0.0,0.0
2010-03-19,16.299999,16.299999,16.299999,16.299999,7.34637,0,0.0,0.0
2010-03-22,16.1,16.24,16.1,16.24,7.31933,400,0.0,0.0
2010-03-23,16.200001,16.5,16.200001,16.5,7.436509,1900,0.0,0.0
2010-03-24,16.49,16.6,16.33,16.6,7.481579,800,0.0,0.0
2010-03-25,16.799999,16.799999,16.65,16.65,7.504112,300,0.0,0.0
2010-03-26,16.6,16.6,16.4,16.4,7.391439,200,0.0,0.0
2010-03-29,16.450001,16.450001,16.299999,16.299999,7.34637,300,0.0,0.0
2010-03-30,16.4,16.5,16.34,16.459999,7.418483,2000,0.0,0.0
2010-03-31,16.4,16.530001,16.4,16.43,7.404963,400,0.0,0.0
2010-04-01,16.5,16.5,16.299999,16.5,7.436509,400,0.0,0.0
2010-04-05,16.6,16.700001,16.6,16.67,7.513129,500,0.0,0.0
2010-04-06,16.48,16.91,16.48,16.91,7.621295,400,0.0,0.0
2010-04-07,16.6,16.9,16.6,16.75,7.549183,900,0.0,0.0
2010-04-08,16.6,16.809999,16.6,16.700001,7.526653,600,0.0,0.0
2010-04-09,16.84,16.84,16.799999,16.799999,7.571716,400,0.0,0.0
2010-04-12,16.799999,16.799999,16.799999,16.799999,7.571716,0,0.0,0.0
2010-04-13,17.0,17.1,17.0,17.1,7.706931,600,0.0,0.0
2010-04-14,16.9,17.809999,16.9,17.809999,8.026924,600,0.0,0.0
2010-04-15,17.700001,18.1,17.66,18.0,8.112555,800,0.0,0.0
2010-04-16,17.700001,17.700001,17.290001,17.379999,7.833125,1000,0.0,0.0
2010-04-19,17.700001,17.700001,17.700001,17.700001,7.977349,100,0.0,0.0
2010-04-20,17.629999,17.629999,17.25,17.299999,7.797066,400,0.0,0.0
2010-04-21,17.200001,17.66,17.200001,17.66,7.95932,400,0.0,0.0
2010-04-22,17.719999,17.719999,17.65,17.65,7.95481,200,0.0,0.0
2010-04-23,17.799999,17.799999,17.76,17.76,8.004386,200,0.0,0.0
2010-04-26,17.73,17.77,17.73,17.77,8.008897,200,0.0,0.0
2010-04-27,17.709999,17.709999,17.15,17.15,7.729462,400,0.0,0.0
2010-04-28,17.17,17.190001,17.15,17.15,7.729462,400,0.0,0.0
2010-04-29,17.0,17.07,17.0,17.07,7.693405,200,0.0,0.0
2010-04-30,16.9,16.9,16.450001,16.450001,7.413975,400,0.0,0.0
2010-05-03,16.450001,16.450001,16.450001,16.450001,7.413975,0,0.0,0.0
2010-05-04,16.59,16.59,16.58,16.58,7.472566,200,0.0,0.0
2010-05-05,16.309999,16.309999,16.309999,16.309999,7.350878,100,0.0,0.0
2010-05-06,16.030001,16.6,15.82,16.200001,7.301301,1400,0.0,0.0
2010-05-07,15.75,16.309999,15.55,15.55,7.008347,900,0.0,0.0
2010-05-10,15.83,16.75,15.83,16.58,7.472566,800,0.0,0.0
2010-05-11,16.58,16.58,16.58,16.58,7.472566,0,0.0,0.0
2010-05-12,17.120001,17.389999,17.120001,17.389999,7.837632,200,0.0,0.0
2010-05-13,17.219999,17.4,16.93,16.93,7.630309,1000,0.0,0.0
2010-05-14,16.34,16.34,16.34,16.34,7.364398,100,0.0,0.0
2010-05-17,16.719999,16.99,16.719999,16.99,7.657354,200,0.0,0.0
2010-05-18,16.860001,16.860001,16.700001,16.700001,7.526653,200,0.0,0.0
2010-05-19,16.700001,16.700001,16.700001,16.700001,7.526653,0,0.0,0.0
2010-05-20,16.370001,16.370001,16.370001,16.370001,7.377919,100,0.0,0.0
2010-05-21,16.040001,16.370001,16.040001,16.18,7.292287,300,0.0,0.0
2010-05-24,16.18,16.18,16.18,16.18,7.292287,0,0.0,0.0
2010-05-25,15.78,16.0,15.78,16.0,7.21116,400,0.0,0.0
2010-05-26,16.24,16.24,16.209999,16.209999,7.305809,400,0.0,0.0
2010-05-27,16.209999,16.209999,16.209999,16.209999,7.305809,0,0.0,0.0
2010-05-28,16.209999,16.209999,16.209999,16.209999,7.305809,0,0.0,0.0
2010-06-01,15.79,15.79,15.45,15.45,6.963275,300,0.0,0.0
2010-06-02,15.45,15.45,15.45,15.45,6.963275,0,0.0,0.0
2010-06-03,15.45,15.45,15.45,15.45,6.963275,0,0.0,0.0
2010-06-04,15.1,15.1,15.1,15.1,6.805536,100,0.0,0.0
2010-06-07,14.8,14.8,14.45,14.5,6.535113,1300,0.0,0.0
2010-06-08,14.09,14.16,14.09,14.16,6.381878,200,0.0,0.0
2010-06-09,14.1,14.45,14.1,14.45,6.51258,200,0.0,0.0
2010-06-10,14.45,14.45,14.45,14.45,6.51258,0,0.0,0.0
2010-06-11,14.45,14.45,14.45,14.45,6.51258,100,0.0,0.0
2010-06-14,14.45,14.45,14.45,14.45,6.51258,0,0.0,0.0
2010-06-15,14.3,14.3,14.3,14.3,6.444975,100,0.0,0.0
2010-06-16,14.3,14.3,14.3,14.3,6.444975,0,0.0,0.0
2010-06-17,14.3,14.3,14.3,14.3,6.444975,0,0.0,0.0
2010-06-18,14.3,14.3,14.3,14.3,6.444975,0,0.0,0.0
2010-06-21,14.09,14.09,13.77,13.77,6.206107,900,0.0,0.0
2010-06-22,13.48,13.48,13.09,13.09,5.899631,300,0.0,0.0
2010-06-23,13.05,13.24,13.05,13.24,5.967236,500,0.0,0.0
2010-06-24,13.0,13.0,13.0,13.0,5.859068,1000,0.0,0.0
2010-06-25,13.0,13.0,13.0,13.0,5.859068,0,0.0,0.0
2010-06-28,13.0,13.0,13.0,13.0,5.859068,0,0.0,0.0
2010-06-29,12.69,12.69,12.69,12.69,5.719352,100,0.0,0.0
2010-06-30,12.4,12.4,12.31,12.31,5.548088,300,0.0,0.0
2010-07-01,12.0,12.0,12.0,12.0,5.40837,100,0.0,0.0
2010-07-02,11.8,11.85,11.15,11.15,5.025276,2300,0.0,0.0
2010-07-06,11.54,11.55,11.0,11.0,4.957672,400,0.0,0.0
2010-07-07,11.1,11.28,11.1,11.28,5.083869,200,0.0,0.0
2010-07-08,11.56,11.69,11.36,11.51,5.18753,400,0.0,0.0
2010-07-09,11.51,11.51,11.51,11.51,5.18753,0,0.0,0.0
2010-07-12,11.51,11.51,11.51,11.51,5.18753,0,0.0,0.0
2010-07-13,12.1,12.1,12.1,12.1,5.45344,100,0.0,0.0
2010-07-14,12.1,12.1,12.1,12.1,5.45344,0,0.0,0.0
2010-07-15,11.91,11.97,11.91,11.97,5.394848,200,0.0,0.0
2010-07-16,11.82,11.82,11.51,11.51,5.18753,200,0.0,0.0
2010-07-19,11.54,11.59,11.54,11.59,5.223584,500,0.0,0.0
2010-07-20,11.59,11.59,11.59,11.59,5.223584,0,0.0,0.0
2010-07-21,11.59,11.59,11.59,11.59,5.223584,0,0.0,0.0
2010-07-22,12.0,12.31,12.0,12.31,5.548088,200,0.0,0.0
2010-07-23,12.31,12.31,12.31,12.31,5.548088,0,0.0,0.0
2010-07-26,12.35,12.5,12.35,12.38,5.579635,300,0.0,0.0
2010-07-27,12.49,12.49,12.45,12.45,5.611183,400,0.0,0.0
2010-07-28,12.27,12.27,12.27,12.27,5.53006,100,0.0,0.0
2010-07-29,12.0,12.0,12.0,12.0,5.40837,100,0.0,0.0
2010-07-30,12.04,12.7,12.04,12.7,5.723856,400,0.0,0.0
2010-08-02,12.28,12.28,12.28,12.28,5.534566,200,0.0,0.0
2010-08-03,12.28,12.28,12.28,12.28,5.534566,100,0.0,0.0
2010-08-04,12.4,12.5,12.4,12.5,5.633719,200,0.0,0.0
2010-08-05,12.45,12.45,12.45,12.45,5.611183,200,0.0,0.0
2010-08-06,12.21,12.27,11.94,12.27,5.53006,600,0.0,0.0
2010-08-09,12.27,12.27,12.27,12.27,5.53006,0,0.0,0.0
2010-08-10,12.27,12.27,12.27,12.27,5.53006,0,0.0,0.0
2010-08-11,11.79,11.79,11.47,11.47,5.169501,400,0.0,0.0
2010-08-12,11.47,11.47,11.47,11.47,5.169501,0,0.0,0.0
2010-08-13,11.1,11.1,11.0,11.0,4.957672,300,0.0,0.0
2010-08-16,11.0,11.0,11.0,11.0,4.957672,0,0.0,0.0
2010-08-17,11.35,11.5,11.35,11.5,5.183022,200,0.0,0.0
2010-08-18,11.4,11.4,11.4,11.4,5.137953,100,0.0,0.0
2010-08-19,11.0,11.0,10.76,10.84,4.885561,500,0.0,0.0
2010-08-20,10.51,10.51,10.51,10.51,4.736832,100,0.0,0.0
2010-08-23,10.26,10.26,10.26,10.26,4.624156,100,0.0,0.0
2010-08-24,10.26,10.26,10.26,10.26,4.624156,0,0.0,0.0
2010-08-25,10.26,10.26,10.26,10.26,4.624156,0,0.0,0.0
2010-08-26,10.26,10.26,10.26,10.26,4.624156,0,0.0,0.0
2010-08-27,10.0,10.52,10.0,10.52,4.741338,500,0.0,0.0
2010-08-30,10.4,10.4,10.1,10.1,4.552047,400,0.0,0.0
2010-08-31,9.93,9.93,9.75,9.75,4.394302,200,0.0,0.0
2010-09-01,9.94,10.07,9.94,10.07,4.538525,300,0.0,0.0
2010-09-02,10.1,10.25,10.1,10.25,4.61965,200,0.0,0.0
2010-09-03,10.23,10.23,10.22,10.22,4.606127,200,0.0,0.0
2010-09-07,10.3,10.3,10.0,10.0,4.506975,300,0.0,0.0
2010-09-08,10.18,10.26,10.15,10.15,4.574579,400,0.0,0.0
2010-09-09,10.18,10.2,9.9,9.93,4.475427,1300,0.0,0.0
2010-09-10,9.93,9.93,9.93,9.93,4.475427,0,0.0,0.0
2010-09-13,10.06,10.06,10.06,10.06,4.534018,100,0.0,0.0
2010-09-14,10.06,10.06,10.06,10.06,4.534018,0,0.0,0.0
2010-09-15,10.5,10.75,10.5,10.75,4.845,1100,0.0,0.0
2010-09-16,10.6,10.6,10.44,10.44,4.705284,300,0.0,0.0
2010-09-17,10.44,10.44,10.44,10.44,4.705284,0,0.0,0.0
2010-09-20,10.59,10.59,10.44,10.59,4.772888,300,0.0,0.0
2010-09-21,10.44,10.59,10.27,10.59,4.772888,500,0.0,0.0
2010-09-22,10.44,10.48,10.17,10.17,4.583594,400,0.0,0.0
2010-09-23,10.32,10.47,10.1,10.1,4.552047,600,0.0,0.0
2010-09-24,10.25,10.9,10.25,10.9,4.912605,600,0.0,0.0
2010-09-27,10.75,10.75,10.75,10.75,4.845,100,0.0,0.0
2010-09-28,10.6,10.9,10.6,10.9,4.912605,300,0.0,0.0
2010-09-29,11.07,11.3,11.07,11.18,5.038798,4700,0.0,0.0
2010-09-30,11.3,11.3,10.9,11.05,4.98021,1600,0.0,0.0
2010-10-01,10.9,10.9,10.9,10.9,4.912605,100,0.0,0.0
2010-10-04,11.05,11.05,10.75,10.75,4.845,400,0.0,0.0
2010-10-05,10.81,11.4,10.81,11.4,5.137953,500,0.0,0.0
2010-10-06,11.4,11.4,11.4,11.4,5.137953,0,0.0,0.0
2010-10-07,11.55,11.73,11.55,11.72,5.282174,600,0.0,0.0
2010-10-08,11.87,11.87,11.87,11.87,5.349779,100,0.0,0.0
2010-10-11,12.02,12.02,11.72,11.72,5.282174,300,0.0,0.0
2010-10-12,11.72,11.72,11.72,11.72,5.282174,0,0.0,0.0
2010-10-13,11.87,11.87,11.87,11.87,5.349779,100,0.0,0.0
2010-10-14,11.87,11.87,11.87,11.87,5.349779,0,0.0,0.0
2010-10-15,11.75,11.75,11.6,11.6,5.228093,200,0.0,0.0
2010-10-18,11.6,11.6,11.6,11.6,5.228093,0,0.0,0.0
2010-10-19,11.6,11.6,11.6,11.6,5.228093,0,0.0,0.0
2010-10-20,11.45,11.45,10.94,10.94,4.930633,500,0.0,0.0
2010-10-21,10.79,10.79,10.54,10.66,4.804436,800,0.0,0.0
2010-10-22,10.81,11.0,10.81,11.0,4.957672,300,0.0,0.0
2010-10-25,11.0,11.0,11.0,11.0,4.957672,0,0.0,0.0
2010-10-26,11.0,11.0,11.0,11.0,4.957672,0,0.0,0.0
2010-10-27,10.85,10.85,10.85,10.85,4.890068,100,0.0,0.0
2010-10-28,10.7,10.7,10.7,10.7,4.822462,100,0.0,0.0
2010-10-29,10.7,10.7,10.7,10.7,4.822462,0,0.0,0.0
2010-11-01,10.85,10.85,10.67,10.67,4.808943,400,0.0,0.0
2010-11-02,10.82,10.82,10.82,10.82,4.876548,100,0.0,0.0
2010-11-03,10.82,10.82,10.82,10.82,4.876548,0,0.0,0.0
2010-11-04,10.67,10.9,10.6,10.9,4.912605,400,0.0,0.0
2010-11-05,10.75,10.75,10.75,10.75,4.845,100,0.0,0.0
2010-11-08,10.6,10.68,10.5,10.68,4.813449,1900,0.0,0.0
2010-11-09,10.68,10.68,10.68,10.68,4.813449,0,0.0,0.0
2010-11-10,10.74,10.83,10.74,10.83,4.881054,200,0.0,0.0
2010-11-11,10.83,10.83,10.83,10.83,4.881054,0,0.0,0.0
2010-11-12,10.68,10.68,10.68,10.68,4.813449,100,0.0,0.0
2010-11-15,10.68,10.68,10.68,10.68,4.813449,0,0.0,0.0
2010-11-16,10.53,10.53,10.5,10.5,4.732326,200,0.0,0.0
2010-11-17,10.55,10.9,10.55,10.9,4.957458,600,0.095,0.0
2010-11-18,11.05,11.35,11.05,11.35,5.162124,500,0.0,0.0
2010-11-19,11.5,12.24,11.5,12.24,5.566906,1500,0.0,0.0
2010-11-22,12.45,12.45,12.02,12.02,5.466847,800,0.0,0.0
2010-11-23,11.87,11.87,11.75,11.75,5.344048,200,0.0,0.0
2010-11-24,11.87,12.01,11.87,12.01,5.462299,300,0.0,0.0
2010-11-26,12.01,12.01,12.01,12.01,5.462299,0,0.0,0.0
2010-11-29,11.86,12.16,11.86,12.16,5.53052,200,0.0,0.0
2010-11-30,12.01,12.01,12.01,12.01,5.462299,200,0.0,0.0
2010-12-01,12.16,12.16,12.16,12.16,5.53052,100,0.0,0.0
2010-12-02,11.92,12.22,11.92,12.22,5.55781,300,0.0,0.0
2010-12-03,12.07,12.16,12.0,12.16,5.53052,400,0.0,0.0
2010-12-06,12.46,12.5,12.46,12.5,5.685157,200,0.0,0.0
2010-12-07,12.57,12.57,12.2,12.4,5.639674,400,0.0,0.0
2010-12-08,12.71,12.71,12.71,12.71,5.780668,100,0.0,0.0
2010-12-09,12.71,12.71,12.71,12.71,5.780668,0,0.0,0.0
2010-12-10,13.01,13.01,13.01,13.01,5.91711,100,0.0,0.0
2010-12-13,13.31,13.31,12.82,12.82,5.830696,400,0.0,0.0
2010-12-14,12.82,12.82,12.82,12.82,5.830696,0,0.0,0.0
2010-12-15,13.12,13.12,13.12,13.12,5.967137,100,0.0,0.0
2010-12-16,12.92,13.22,12.92,13.22,6.012624,300,0.0,0.0
2010-12-17,13.42,13.62,13.42,13.62,6.194547,200,0.0,0.0
2010-12-20,13.7,13.7,13.7,13.7,6.230931,200,0.0,0.0
2010-12-21,13.7,13.7,13.7,13.7,6.230931,0,0.0,0.0
2010-12-22,13.7,13.7,13.7,13.7,6.230931,0,0.0,0.0
2010-12-23,13.7,13.7,13.7,13.7,6.230931,0,0.0,0.0
2010-12-27,13.9,13.9,13.9,13.9,6.321894,100,0.0,0.0
2010-12-28,13.9,13.9,13.9,13.9,6.321894,0,0.0,0.0
2010-12-29,13.69,13.69,13.69,13.69,6.226384,100,0.0,0.0
2010-12-30,13.89,13.89,13.89,13.89,6.317346,100,0.0,0.0
2010-12-31,13.69,13.69,12.93,12.94,5.885273,1500,0.0,0.0
2011-01-03,13.14,13.7,13.14,13.7,6.230931,500,0.0,0.0
2011-01-04,13.5,13.5,12.99,12.99,5.908016,400,0.0,0.0
2011-01-05,13.05,13.21,13.05,13.13,5.971687,400,0.0,0.0
2011-01-06,13.13,13.13,13.13,13.13,5.971687,0,0.0,0.0
2011-01-07,12.93,12.93,12.93,12.93,5.880725,100,0.0,0.0
2011-01-10,12.73,12.9,12.73,12.9,5.867081,200,0.0,0.0
2011-01-11,12.7,12.78,12.7,12.78,5.812503,200,0.0,0.0
2011-01-12,12.98,13.18,12.98,12.98,5.903468,300,0.0,0.0
2011-01-13,13.18,13.18,13.18,13.18,5.994428,100,0.0,0.0
2011-01-14,13.18,13.18,13.18,13.18,5.994428,0,0.0,0.0
2011-01-18,12.99,12.99,12.99,12.99,5.908016,100,0.0,0.0
2011-01-19,12.99,12.99,12.99,12.99,5.908016,0,0.0,0.0
2011-01-20,12.99,12.99,12.99,12.99,5.908016,0,0.0,0.0
2011-01-21,12.79,12.79,12.79,12.79,5.81705,100,0.0,0.0
2011-01-24,12.99,13.0,12.99,13.0,5.912563,400,0.0,0.0
2011-01-25,12.79,12.79,12.59,12.59,5.726089,200,0.0,0.0
2011-01-26,12.75,12.75,12.75,12.75,5.798858,100,0.0,0.0
2011-01-27,12.75,12.75,12.75,12.75,5.798858,0,0.0,0.0
2011-01-28,12.55,12.55,12.1,12.1,5.503231,400,0.0,0.0
2011-01-31,12.25,12.25,12.04,12.25,5.571454,600,0.0,0.0
2011-02-01,12.25,12.25,12.25,12.25,5.571454,0,0.0,0.0
2011-02-02,12.4,12.4,12.4,12.4,5.639674,1000,0.0,0.0
2011-02-03,12.4,12.4,12.4,12.4,5.639674,0,0.0,0.0
2011-02-04,12.4,12.4,12.4,12.4,5.639674,0,0.0,0.0
2011-02-07,12.45,12.47,12.45,12.47,5.671514,1200,0.0,0.0
2011-02-08,12.17,12.2,12.1,12.2,5.548715,400,0.0,0.0
2011-02-09,12.2,12.2,12.2,12.2,5.548715,0,0.0,0.0
2011-02-10,12.2,12.2,12.2,12.2,5.548715,0,0.0,0.0
2011-02-11,12.2,12.2,12.2,12.2,5.548715,0,0.0,0.0
2011-02-14,12.4,12.45,12.4,12.41,5.644224,4500,0.0,0.0
2011-02-15,12.1,12.1,12.1,12.1,5.503231,100,0.0,0.0
2011-02-16,12.1,12.1,12.1,12.1,5.503231,0,0.0,0.0
2011-02-17,11.97,12.4,11.97,12.4,5.639674,300,0.0,0.0
2011-02-18,12.4,12.9,12.4,12.9,5.867081,300,0.0,0.0
2011-02-22,12.8,12.9,12.8,12.9,5.867081,400,0.0,0.0
2011-02-23,12.9,12.9,12.9,12.9,5.867081,0,0.0,0.0
2011-02-24,12.9,12.9,12.9,12.9,5.867081,0,0.0,0.0
2011-02-25,12.87,13.25,12.87,13.25,6.026265,300,0.0,0.0
2011-02-28,13.29,13.5,12.88,13.12,5.967137,800,0.0,0.0
2011-03-01,13.22,13.22,12.6,12.6,5.730638,400,0.0,0.0
2011-03-02,12.3,12.3,12.3,12.3,5.594197,100,0.0,0.0
2011-03-03,12.33,12.45,12.33,12.37,5.626031,500,0.0,0.0
2011-03-04,12.36,12.36,12.36,12.36,5.621484,100,0.0,0.0
2011-03-07,12.36,12.36,12.36,12.36,5.621484,0,0.0,0.0
2011-03-08,12.24,12.8,12.24,12.8,5.821601,300,0.0,0.0
2011-03-09,12.8,12.8,12.8,12.8,5.821601,0,0.0,0.0
2011-03-10,12.72,12.72,12.39,12.39,5.635126,300,0.0,0.0
2011-03-11,12.0,12.0,12.0,12.0,5.457751,100,0.0,0.0
2011-03-14,11.97,11.98,11.94,11.98,5.448652,500,0.0,0.0
2011-03-15,11.88,11.88,11.76,11.76,5.348597,200,0.0,0.0
2011-03-16,11.46,11.46,11.46,11.46,5.212154,100,0.0,0.0
2011-03-17,11.5,11.6,11.36,11.36,5.16667,1000,0.0,0.0
2011-03-18,11.54,11.73,11.54,11.65,5.298568,600,0.0,0.0
2011-03-21,11.87,12.7,11.87,12.7,5.77612,500,0.0,0.0
2011-03-22,12.6,12.6,12.51,12.51,5.689705,300,0.0,0.0
2011-03-23,12.19,12.51,12.19,12.51,5.689705,200,0.0,0.0
2011-03-24,12.85,12.85,12.85,12.85,5.84434,100,0.0,0.0
2011-03-25,13.0,13.0,13.0,13.0,5.912563,100,0.0,0.0
2011-03-28,13.0,13.0,13.0,13.0,5.912563,0,0.0,0.0
2011-03-29,13.08,13.08,13.08,13.08,5.948948,100,0.0,0.0
2011-03-30,13.08,13.08,13.08,13.08,5.948948,0,0.0,0.0
2011-03-31,13.08,13.08,13.08,13.08,5.948948,0,0.0,0.0
2011-04-01,13.25,13.31,13.25,13.31,6.053554,300,0.0,0.0
2011-04-04,13.31,13.31,13.31,13.31,6.053554,0,0.0,0.0
2011-04-05,13.58,13.58,13.58,13.58,6.176355,100,0.0,0.0
2011-04-06,13.5,13.6,13.5,13.6,6.18545,200,0.0,0.0
2011-04-07,13.3,13.3,13.3,13.3,6.049006,1000,0.0,0.0
2011-04-08,13.15,13.15,12.5,12.5,5.685157,800,0.0,0.0
2011-04-11,12.45,12.75,12.25,12.25,5.571454,1300,0.0,0.0
2011-04-12,12.46,12.5,12.2,12.2,5.548715,400,0.0,0.0
2011-04-13,12.2,12.2,12.0,12.0,5.457751,200,0.0,0.0
2011-04-14,12.0,12.0,12.0,12.0,5.457751,0,0.0,0.0
2011-04-15,12.0,12.33,12.0,12.3,5.594197,600,0.0,0.0
2011-04-18,12.3,12.3,12.19,12.19,5.544167,200,0.0,0.0
2011-04-19,12.0,12.0,12.0,12.0,5.457751,100,0.0,0.0
2011-04-20,12.3,12.42,12.3,12.42,5.648771,200,0.0,0.0
2011-04-21,12.42,12.42,12.42,12.42,5.648771,0,0.0,0.0
2011-04-25,12.42,12.42,12.42,12.42,5.648771,0,0.0,0.0
2011-04-26,12.7,13.16,12.7,13.0,5.912563,900,0.0,0.0
2011-04-27,13.0,13.0,13.0,13.0,5.912563,0,0.0,0.0
2011-04-28,13.0,13.0,13.0,13.0,5.912563,0,0.0,0.0
2011-04-29,13.0,13.0,13.0,13.0,5.912563,0,0.0,0.0
2011-05-02,12.75,12.75,12.48,12.48,5.67606,500,0.0,0.0
2011-05-03,12.5,12.5,12.01,12.01,5.462299,400,0.0,0.0
2011-05-04,12.1,12.1,12.1,12.1,5.503231,200,0.0,0.0
2011-05-05,11.78,12.21,11.78,11.98,5.448652,800,0.0,0.0
2011-05-06,12.25,12.33,12.03,12.03,5.471395,300,0.0,0.0
2011-05-09,12.03,12.03,12.03,12.03,5.471395,0,0.0,0.0
2011-05-10,12.03,12.03,12.03,12.03,5.471395,0,0.0,0.0
2011-05-11,12.03,12.03,12.03,12.03,5.471395,0,0.0,0.0
2011-05-12,12.03,12.03,12.03,12.03,5.471395,0,0.0,0.0
2011-05-13,11.75,11.75,11.58,11.75,5.344048,300,0.0,0.0
2011-05-16,11.75,11.75,11.75,11.75,5.344048,0,0.0,0.0
2011-05-17,11.5,11.5,11.21,11.21,5.09845,200,0.0,0.0
2011-05-18,11.21,11.21,11.21,11.21,5.09845,0,0.0,0.0
2011-05-19,11.21,11.21,11.21,11.21,5.09845,0,0.0,0.0
2011-05-20,11.0,11.04,11.0,11.04,5.021132,200,0.0,0.0
2011-05-23,10.74,10.75,10.74,10.75,4.889235,400,0.0,0.0
2011-05-24,10.75,10.75,10.75,10.75,4.889235,0,0.0,0.0
2011-05-25,10.75,10.75,10.75,10.75,4.889235,0,0.0,0.0
2011-05-26,11.0,11.28,11.0,11.28,5.130287,200,0.0,0.0
2011-05-27,11.11,11.11,11.0,11.0,5.002937,300,0.0,0.0
2011-05-31,11.3,11.3,10.98,10.98,4.993842,300,0.0,0.0
2011-06-01,11.25,11.46,10.75,10.75,4.889235,5500,0.0,0.0
2011-06-02,10.75,10.75,10.75,10.75,4.889235,0,0.0,0.0
2011-06-03,10.75,10.75,10.75,10.75,4.889235,0,0.0,0.0
2011-06-06,10.75,10.75,10.75,10.75,4.889235,0,0.0,0.0
2011-06-07,10.75,10.75,10.75,10.75,4.889235,0,0.0,0.0
2011-06-08,10.75,10.75,10.75,10.75,4.889235,0,0.0,0.0
2011-06-09,10.75,10.75,10.75,10.75,4.889235,0,0.0,0.0
2011-06-10,10.75,10.75,10.75,10.75,4.889235,0,0.0,0.0
2011-06-13,10.55,10.59,10.38,10.39,4.725503,4500,0.0,0.0
2011-06-14,10.39,10.39,10.39,10.39,4.725503,0,0.0,0.0
2011-06-15,10.75,10.75,10.75,10.75,4.889235,100,0.0,0.0
2011-06-16,10.5,10.5,10.5,10.5,4.77553,1100,0.0,0.0
2011-06-17,10.8,10.8,10.8,10.8,4.911976,100,0.0,0.0
2011-06-20,10.8,10.8,10.8,10.8,4.911976,0,0.0,0.0
2011-06-21,11.1,11.1,10.81,10.97,4.989293,300,0.0,0.0
2011-06-22,10.97,10.97,10.97,10.97,4.989293,0,0.0,0.0
2011-06-23,10.67,10.98,10.67,10.98,4.993842,200,0.0,0.0
2011-06-24,11.28,11.5,11.1,11.1,5.048421,600,0.0,0.0
2011-06-27,10.79,10.79,10.56,10.61,4.825561,500,0.0,0.0
2011-06-28,11.05,11.27,11.05,11.26,5.121187,300,0.0,0.0
2011-06-29,11.26,11.26,11.26,11.26,5.121187,0,0.0,0.0
2011-06-30,11.26,11.26,11.26,11.26,5.121187,0,0.0,0.0
2011-07-01,11.56,11.56,11.56,11.56,5.257633,100,0.0,0.0
2011-07-05,11.56,11.56,11.56,11.56,5.257633,0,0.0,0.0
2011-07-06,11.56,11.56,11.56,11.56,5.257633,0,0.0,0.0
2011-07-07,11.7,12.17,11.7,12.17,5.535069,400,0.0,0.0
2011-07-08,11.88,11.88,11.88,11.88,5.403172,100,0.0,0.0
2011-07-11,11.58,11.58,11.58,11.58,5.26673,100,0.0,0.0
2011-07-12,11.58,11.58,11.58,11.58,5.26673,0,0.0,0.0
2011-07-13,11.58,11.58,11.58,11.58,5.26673,0,0.0,0.0
2011-07-14,11.58,11.58,11.58,11.58,5.26673,0,0.0,0.0
2011-07-15,11.58,11.58,11.58,11.58,5.26673,0,0.0,0.0
2011-07-18,11.53,11.58,11.53,11.58,5.26673,500,0.0,0.0
2011-07-19,11.58,11.58,11.58,11.58,5.26673,0,0.0,0.0
2011-07-20,11.58,11.58,11.58,11.58,5.26673,0,0.0,0.0
2011-07-21,11.88,11.88,11.88,11.88,5.403172,100,0.0,0.0
2011-07-22,11.88,11.88,11.88,11.88,5.403172,0,0.0,0.0
2011-07-25,11.88,11.88,11.88,11.88,5.403172,0,0.0,0.0
2011-07-26,11.94,11.94,11.64,11.64,5.294018,300,0.0,0.0
2011-07-27,11.35,11.35,11.34,11.34,5.157574,500,0.0,0.0
2011-07-28,11.34,11.34,11.34,11.34,5.157574,0,0.0,0.0
2011-07-29,11.04,11.04,11.04,11.04,5.021132,100,0.0,0.0
2011-08-01,11.04,11.04,11.04,11.04,5.021132,0,0.0,0.0
2011-08-02,11.04,11.04,11.04,11.04,5.021132,0,0.0,0.0
2011-08-03,10.5,10.68,10.5,10.68,4.857397,500,0.0,0.0
2011-08-04,10.83,11.85,10.83,11.57,5.262182,1200,0.0,0.0
2011-08-05,11.89,11.89,11.89,11.89,5.407722,100,0.0,0.0
2011-08-08,11.57,11.7,11.0,11.25,5.116642,1000,0.0,0.0
2011-08-09,10.95,11.7,10.58,11.7,5.321309,1100,0.0,0.0
2011-08-10,11.4,11.4,10.35,10.35,4.707311,800,0.0,0.0
2011-08-11,10.65,10.75,10.65,10.75,4.889235,200,0.0,0.0
2011-08-12,10.75,10.75,10.75,10.75,4.889235,0,0.0,0.0
2011-08-15,10.75,10.75,10.75,10.75,4.889235,0,0.0,0.0
2011-08-16,10.5,10.57,10.5,10.57,4.807368,200,0.0,0.0
2011-08-17,10.57,10.57,10.57,10.57,4.807368,0,0.0,0.0
2011-08-18,10.27,10.27,9.84,9.9,4.502644,400,0.0,0.0
2011-08-19,10.0,10.83,10.0,10.83,4.925618,400,0.0,0.0
2011-08-22,10.75,10.76,10.54,10.76,4.893783,700,0.0,0.0
2011-08-23,10.85,11.5,10.85,11.5,5.230343,400,0.0,0.0
2011-08-24,11.85,11.85,11.73,11.81,5.371336,800,0.0,0.0
2011-08-25,11.62,11.62,11.2,11.32,5.148477,600,0.0,0.0
2011-08-26,11.32,11.32,11.32,11.32,5.148477,0,0.0,0.0
2011-08-29,11.32,11.32,11.32,11.32,5.148477,0,0.0,0.0
2011-08-30,11.38,11.6,11.38,11.6,5.275826,300,0.0,0.0
2011-08-31,11.6,11.6,11.6,11.6,5.275826,0,0.0,0.0
2011-09-01,11.8,11.8,11.4,11.4,5.184862,200,0.0,0.0
2011-09-02,11.1,11.1,10.45,10.45,4.752791,600,0.0,0.0
2011-09-06,10.15,10.31,10.1,10.31,4.689118,400,0.0,0.0
2011-09-07,10.3,10.9,10.3,10.9,4.957458,500,0.0,0.0
2011-09-08,11.2,11.25,10.5,10.5,4.77553,500,0.0,0.0
2011-09-09,10.2,10.2,10.1,10.1,4.593607,500,0.0,0.0
2011-09-12,9.78,9.83,9.78,9.83,4.470806,200,0.0,0.0
2011-09-13,9.82,10.1,9.82,10.1,4.593607,400,0.0,0.0
2011-09-14,9.9,10.4,9.73,10.4,4.730051,1000,0.0,0.0
2011-09-15,10.4,10.4,10.4,10.4,4.730051,0,0.0,0.0
2011-09-16,10.4,10.4,10.4,10.4,4.730051,0,0.0,0.0
2011-09-19,10.35,10.35,10.3,10.33,4.698214,400,0.0,0.0
2011-09-20,10.32,10.32,10.3,10.3,4.68457,400,0.0,0.0
2011-09-21,10.0,10.0,9.65,9.65,4.388942,300,0.0,0.0
2011-09-22,9.66,9.66,9.66,9.66,4.393489,200,0.0,0.0
2011-09-23,9.66,9.66,9.66,9.66,4.393489,0,0.0,0.0
2011-09-26,9.95,10.14,9.95,10.14,4.611799,1700,0.0,0.0
2011-09-27,10.44,10.85,10.44,10.64,4.839206,600,0.0,0.0
2011-09-28,10.34,10.34,9.9,10.06,4.575416,700,0.0,0.0
2011-09-29,10.0,10.0,9.77,9.77,4.443517,400,0.0,0.0
2011-09-30,10.07,10.25,10.07,10.25,4.661829,200,0.0,0.0
2011-10-03,9.99,9.99,9.85,9.85,4.479905,200,0.0,0.0
2011-10-04,10.15,11.23,10.15,11.23,5.107544,500,0.0,0.0
2011-10-05,11.16,11.16,10.7,10.7,4.866493,600,0.0,0.0
2011-10-06,10.7,10.7,10.7,10.7,4.866493,0,0.0,0.0
2011-10-07,10.4,10.4,10.08,10.08,4.58451,300,0.0,0.0
2011-10-10,10.2,10.2,10.2,10.2,4.639087,100,0.0,0.0
2011-10-11,10.5,10.64,10.5,10.64,4.839206,200,0.0,0.0
2011-10-12,10.94,11.33,10.94,11.33,5.153025,200,0.0,0.0
2011-10-13,11.03,11.03,10.97,10.97,4.989293,200,0.0,0.0
2011-10-14,11.27,11.27,11.27,11.27,5.125739,100,0.0,0.0
2011-10-17,11.3,11.3,10.75,10.75,4.889235,600,0.0,0.0
2011-10-18,11.05,11.05,11.05,11.05,5.025679,100,0.0,0.0
2011-10-19,10.75,10.75,10.75,10.75,4.889235,100,0.0,0.0
2011-10-20,11.05,11.05,11.05,11.05,5.025679,100,0.0,0.0
2011-10-21,11.34,11.35,11.31,11.35,5.162124,400,0.0,0.0
2011-10-24,11.35,11.35,11.35,11.35,5.162124,0,0.0,0.0
2011-10-25,11.05,11.05,11.05,11.05,5.025679,100,0.0,0.0
2011-10-26,11.05,11.05,11.05,11.05,5.025679,0,0.0,0.0
2011-10-27,11.34,11.98,11.34,11.98,5.448652,1100,0.0,0.0
2011-10-28,12.0,12.0,12.0,12.0,5.457751,1000,0.0,0.0
2011-10-31,12.0,12.0,12.0,12.0,5.457751,100,0.0,0.0
2011-11-01,11.7,11.7,10.51,11.09,5.043872,1300,0.0,0.0
2011-11-02,11.21,11.48,11.21,11.37,5.171217,800,0.0,0.0
2011-11-03,11.64,11.94,11.64,11.94,5.430462,300,0.0,0.0
2011-11-04,11.94,11.94,11.94,11.94,5.430462,0,0.0,0.0
2011-11-07,11.94,11.94,11.94,11.94,5.430462,0,0.0,0.0
2011-11-08,11.83,11.83,11.83,11.83,5.380434,100,0.0,0.0
2011-11-09,11.53,11.53,11.23,11.23,5.107544,200,0.0,0.0
2011-11-10,11.21,11.21,11.21,11.21,5.09845,100,0.0,0.0
2011-11-11,11.21,11.21,11.21,11.21,5.09845,0,0.0,0.0
2011-11-14,11.21,11.21,11.21,11.21,5.09845,0,0.0,0.0
2011-11-15,11.51,11.51,11.51,11.51,5.234893,100,0.0,0.0
2011-11-16,11.51,11.51,11.51,11.51,5.286797,0,0.113,0.0
2011-11-17,11.09,11.09,11.0,11.0,5.05254,200,0.0,0.0
2011-11-18,11.0,11.0,11.0,11.0,5.05254,0,0.0,0.0
2011-11-21,10.73,10.73,10.73,10.73,4.928524,300,0.0,0.0
2011-11-22,10.73,10.73,10.73,10.73,4.928524,0,0.0,0.0
2011-11-23,10.73,10.73,10.73,10.73,4.928524,0,0.0,0.0
2011-11-25,10.73,10.73,10.73,10.73,4.928524,0,0.0,0.0
2011-11-28,10.98,11.25,10.85,10.98,5.043354,600,0.0,0.0
2011-11-29,10.68,10.68,10.68,10.68,4.905559,100,0.0,0.0
2011-11-30,10.98,12.0,10.98,12.0,5.511863,1500,0.0,0.0
2011-12-01,12.0,12.25,12.0,12.14,5.576169,4400,0.0,0.0
2011-12-02,11.97,11.97,11.53,11.53,5.295982,200,0.0,0.0
2011-12-05,11.53,11.53,11.53,11.53,5.295982,0,0.0,0.0
2011-12-06,11.5,11.5,11.5,11.5,5.282202,1000,0.0,0.0
2011-12-07,11.83,12.25,11.83,12.25,5.626693,2000,0.0,0.0
2011-12-08,11.95,11.95,11.77,11.77,5.40622,200,0.0,0.0
2011-12-09,12.02,12.25,12.02,12.25,5.626693,1600,0.0,0.0
2011-12-12,12.25,12.25,12.25,12.25,5.626693,0,0.0,0.0
2011-12-13,11.73,11.73,11.55,11.55,5.30517,200,0.0,0.0
2011-12-14,11.55,11.55,11.55,11.55,5.30517,0,0.0,0.0
2011-12-15,11.82,11.9,11.82,11.9,5.46593,200,0.0,0.0
2011-12-16,11.6,11.6,11.6,11.6,5.328136,100,0.0,0.0
2011-12-19,11.22,11.22,11.06,11.06,5.080101,200,0.0,0.0
2011-12-20,11.06,11.06,11.06,11.06,5.080101,0,0.0,0.0
2011-12-21,11.06,11.06,11.06,11.06,5.080101,0,0.0,0.0
2011-12-22,11.06,11.06,11.06,11.06,5.080101,0,0.0,0.0
2011-12-23,11.06,11.06,11.06,11.06,5.080101,0,0.0,0.0
2011-12-27,11.06,11.06,11.06,11.06,5.080101,0,0.0,0.0
2011-12-28,11.06,11.06,11.06,11.06,5.080101,0,0.0,0.0
2011-12-29,11.06,11.06,11.06,11.06,5.080101,0,0.0,0.0
2011-12-30,11.06,11.06,11.06,11.06,5.080101,0,0.0,0.0
2012-01-03,11.06,11.06,11.06,11.06,5.080101,0,0.0,0.0
2012-01-04,11.06,11.06,11.06,11.06,5.080101,0,0.0,0.0
2012-01-05,11.06,11.06,11.06,11.06,5.080101,0,0.0,0.0
2012-01-06,11.5,11.5,11.46,11.46,5.26383,200,0.0,0.0
2012-01-09,11.77,11.9,11.77,11.9,5.46593,200,0.0,0.0
2012-01-10,11.9,11.9,11.9,11.9,5.46593,0,0.0,0.0
2012-01-11,12.2,12.25,12.2,12.25,5.626693,1400,0.0,0.0
2012-01-12,12.34,12.57,12.34,12.5,5.741525,5800,0.0,0.0
2012-01-13,12.2,12.2,12.2,12.2,5.603728,100,0.0,0.0
2012-01-17,12.2,12.2,12.2,12.2,5.603728,0,0.0,0.0
2012-01-18,12.2,12.2,12.2,12.2,5.603728,0,0.0,0.0
2012-01-19,12.2,12.2,12.2,12.2,5.603728,0,0.0,0.0
2012-01-20,12.2,12.2,12.2,12.2,5.603728,0,0.0,0.0
2012-01-23,12.2,12.2,12.2,12.2,5.603728,0,0.0,0.0
2012-01-24,12.2,12.2,12.2,12.2,5.603728,0,0.0,0.0
2012-01-25,12.2,12.2,12.2,12.2,5.603728,0,0.0,0.0
2012-01-26,12.2,12.2,12.2,12.2,5.603728,0,0.0,0.0
2012-01-27,12.37,12.46,12.37,12.46,5.72315,1400,0.0,0.0
2012-01-30,12.46,12.46,12.46,12.46,5.72315,0,0.0,0.0
2012-01-31,12.46,12.46,12.46,12.46,5.72315,0,0.0,0.0
2012-02-01,12.49,12.7,12.49,12.7,5.833386,9500,0.0,0.0
2012-02-02,12.75,12.75,12.1,12.4,5.695591,4000,0.0,0.0
2012-02-03,12.6,12.75,12.6,12.62,5.796642,2600,0.0,0.0
2012-02-06,12.62,12.62,12.62,12.62,5.796642,0,0.0,0.0
2012-02-07,12.5,12.5,12.5,12.5,5.741525,100,0.0,0.0
2012-02-08,12.5,12.5,12.5,12.5,5.741525,100,0.0,0.0
2012-02-09,12.55,12.55,12.45,12.45,5.718557,400,0.0,0.0
2012-02-10,12.26,12.26,12.13,12.13,5.571577,800,0.0,0.0
2012-02-13,12.4,12.4,12.4,12.4,5.695591,100,0.0,0.0
2012-02-14,12.25,12.25,12.14,12.14,5.576169,200,0.0,0.0
2012-02-15,12.18,12.18,12.18,12.18,5.594542,200,0.0,0.0
2012-02-16,12.18,12.35,12.18,12.35,5.672626,200,0.0,0.0
2012-02-17,12.5,12.83,12.5,12.83,5.893102,300,0.0,0.0
2012-02-21,12.58,12.9,12.58,12.9,5.925253,1400,0.0,0.0
2012-02-22,12.89,12.9,12.74,12.74,5.851763,1300,0.0,0.0
2012-02-23,12.74,12.79,12.73,12.73,5.847168,400,0.0,0.0
2012-02-24,12.5,12.5,12.5,12.5,5.741525,100,0.0,0.0
2012-02-27,12.5,12.5,12.5,12.5,5.741525,100,0.0,0.0
2012-02-28,12.33,12.33,12.13,12.18,5.594542,500,0.0,0.0
2012-02-29,11.9,11.9,11.1,11.1,5.098475,600,0.0,0.0
2012-03-01,11.2,11.27,11.16,11.27,5.176557,300,0.0,0.0
2012-03-02,11.27,11.27,11.27,11.27,5.176557,0,0.0,0.0
2012-03-05,11.13,11.5,11.13,11.25,5.167373,1300,0.0,0.0
2012-03-06,11.25,11.25,11.25,11.25,5.167373,0,0.0,0.0
2012-03-07,11.25,11.25,11.25,11.25,5.167373,0,0.0,0.0
2012-03-08,11.22,11.22,10.4,11.18,5.135219,2200,0.0,0.0
2012-03-09,11.18,11.18,11.18,11.18,5.135219,0,0.0,0.0
2012-03-12,11.3,12.04,11.3,12.04,5.530238,400,0.0,0.0
2012-03-13,12.18,12.18,12.14,12.14,5.576169,700,0.0,0.0
2012-03-14,12.3,12.3,12.3,12.3,5.649661,100,0.0,0.0
2012-03-15,12.12,12.12,12.0,12.1,5.557796,300,0.0,0.0
2012-03-16,12.2,12.2,11.8,12.1,5.557796,600,0.0,0.0
2012-03-19,12.4,12.4,12.4,12.4,5.695591,100,0.0,0.0
2012-03-20,12.4,12.4,12.4,12.4,5.695591,0,0.0,0.0
2012-03-21,12.4,12.4,12.4,12.4,5.695591,0,0.0,0.0
2012-03-22,12.2,12.2,11.8,11.8,5.419998,900,0.0,0.0
2012-03-23,11.79,12.29,11.79,12.29,5.645068,800,0.0,0.0
2012-03-26,12.5,12.52,12.5,12.52,5.750711,200,0.0,0.0
2012-03-27,12.3,12.3,12.22,12.22,5.612914,200,0.0,0.0
2012-03-28,12.0,12.0,11.8,11.8,5.419998,300,0.0,0.0
2012-03-29,11.5,11.5,11.5,11.5,5.282202,200,0.0,0.0
2012-03-30,11.3,11.3,11.3,11.3,5.190339,100,0.0,0.0
2012-04-02,11.45,11.9,11.45,11.9,5.46593,700,0.0,0.0
2012-04-03,11.9,11.9,11.9,11.9,5.46593,0,0.0,0.0
2012-04-04,11.66,11.66,11.35,11.35,5.213305,400,0.0,0.0
2012-04-05,11.4,11.79,11.4,11.79,5.415408,300,0.0,0.0
2012-04-09,11.96,12.0,11.96,12.0,5.511863,300,0.0,0.0
2012-04-10,11.75,11.75,11.75,11.75,5.397032,100,0.0,0.0
2012-04-11,11.73,11.81,11.73,11.81,5.424592,400,0.0,0.0
2012-04-12,12.0,12.0,12.0,12.0,5.511863,100,0.0,0.0
2012-04-13,12.0,12.0,12.0,12.0,5.511863,0,0.0,0.0
2012-04-16,12.25,12.25,12.25,12.25,5.626693,200,0.0,0.0
2012-04-17,12.4,12.86,12.4,12.85,5.902286,900,0.0,0.0
2012-04-18,12.6,12.6,12.12,12.12,5.566981,600,0.0,0.0
2012-04-19,12.2,12.2,12.2,12.2,5.603728,100,0.0,0.0
2012-04-20,12.19,12.4,12.19,12.4,5.695591,400,0.0,0.0
2012-04-23,12.2,12.2,12.0,12.0,5.511863,200,0.0,0.0
2012-04-24,12.25,12.25,12.25,12.25,5.626693,100,0.0,0.0
2012-04-25,12.22,12.4,12.22,12.4,5.695591,400,0.0,0.0
2012-04-26,12.2,12.2,12.2,12.2,5.603728,100,0.0,0.0
2012-04-27,12.4,12.9,12.4,12.9,5.925253,700,0.0,0.0
2012-04-30,12.83,12.83,12.3,12.3,5.649661,500,0.0,0.0
2012-05-01,12.3,12.4,11.8,11.8,5.419998,1500,0.0,0.0
2012-05-02,11.9,12.0,11.9,12.0,5.511863,200,0.0,0.0
2012-05-03,12.1,12.1,11.8,12.0,5.511863,800,0.0,0.0
2012-05-04,12.08,12.09,12.08,12.09,5.553202,200,0.0,0.0
2012-05-07,12.09,12.09,12.09,12.09,5.553202,0,0.0,0.0
2012-05-08,11.89,11.89,11.89,11.89,5.461339,100,0.0,0.0
2012-05-09,11.91,12.0,11.91,12.0,5.511863,200,0.0,0.0
2012-05-10,11.8,11.8,11.8,11.8,5.419998,100,0.0,0.0
2012-05-11,11.8,11.8,11.8,11.8,5.419998,0,0.0,0.0
2012-05-14,11.8,11.92,11.8,11.92,5.475117,300,0.0,0.0
2012-05-15,11.8,11.8,11.8,11.8,5.419998,100,0.0,0.0
2012-05-16,12.1,12.44,12.1,12.3,5.649661,600,0.0,0.0
2012-05-17,12.3,12.3,12.3,12.3,5.649661,0,0.0,0.0
2012-05-18,12.1,12.1,11.99,12.02,5.52105,400,0.0,0.0
2012-05-21,12.1,12.3,12.1,12.3,5.649661,200,0.0,0.0
2012-05-22,12.2,12.2,11.85,11.91,5.470524,1000,0.0,0.0
2012-05-23,11.91,11.91,11.91,11.91,5.470524,0,0.0,0.0
2012-05-24,11.91,11.91,11.91,11.91,5.470524,0,0.0,0.0
2012-05-25,11.91,11.91,11.91,11.91,5.470524,0,0.0,0.0
2012-05-29,12.05,12.05,11.85,12.05,5.552545,300,0.038,0.0
2012-05-30,11.9,12.1,11.9,12.1,5.575585,200,0.0,0.0
2012-05-31,12.15,12.4,12.15,12.2,5.621665,1100,0.0,0.0
2012-06-01,12.04,12.04,11.69,11.69,5.38666,300,0.0,0.0
2012-06-04,11.55,11.7,11.5,11.7,5.391268,300,0.0,0.0
2012-06-05,11.65,11.65,11.55,11.55,5.32215,300,0.0,0.0
2012-06-06,11.4,11.4,11.2,11.2,5.160872,200,0.0,0.0
2012-06-07,11.25,11.25,11.25,11.25,5.183912,100,0.0,0.0
2012-06-08,11.05,11.05,11.0,11.0,5.068714,200,0.0,0.0
2012-06-11,10.75,10.75,10.5,10.53,4.852141,400,0.0,0.0
2012-06-12,10.65,10.89,10.65,10.85,4.999595,500,0.0,0.0
2012-06-13,11.0,11.0,10.5,10.5,4.838316,500,0.0,0.0
2012-06-14,10.55,11.0,10.55,10.8,4.976557,1200,0.0,0.0
2012-06-15,11.0,11.2,11.0,11.2,5.160872,400,0.0,0.0
2012-06-18,11.2,11.2,11.2,11.2,5.160872,0,0.0,0.0
2012-06-19,11.5,11.81,11.5,11.81,5.441955,900,0.0,0.0
2012-06-20,11.61,11.61,11.1,11.19,5.156263,700,0.0,0.0
2012-06-21,11.19,11.19,11.19,11.19,5.156263,0,0.0,0.0
2012-06-22,11.13,11.15,11.13,11.15,5.137831,400,0.0,0.0
2012-06-25,11.15,11.15,11.15,11.15,5.137831,0,0.0,0.0
2012-06-26,11.25,11.25,11.25,11.25,5.183912,100,0.0,0.0
2012-06-27,11.35,11.5,11.35,11.5,5.29911,300,0.0,0.0
2012-06-28,11.3,11.3,10.7,10.7,4.930474,600,0.0,0.0
2012-06-29,10.9,11.4,10.9,11.2,5.160872,500,0.0,0.0
2012-07-02,11.4,11.6,11.4,11.6,5.345191,300,0.0,0.0
2012-07-03,11.75,11.8,11.75,11.8,5.437346,200,0.0,0.0
2012-07-05,11.95,11.95,11.95,11.95,5.506465,100,0.0,0.0
2012-07-06,11.95,12.06,11.95,12.06,5.557154,500,0.0,0.0
2012-07-09,12.26,12.4,12.26,12.4,5.713821,300,0.0,0.0
2012-07-10,12.32,12.32,12.0,12.0,5.529506,400,0.0,0.0
2012-07-11,12.0,12.0,12.0,12.0,5.529506,0,0.0,0.0
2012-07-12,12.0,12.0,12.0,12.0,5.529506,0,0.0,0.0
2012-07-13,12.0,12.0,12.0,12.0,5.529506,0,0.0,0.0
2012-07-16,12.0,12.0,12.0,12.0,5.529506,0,0.0,0.0
2012-07-17,12.0,12.0,12.0,12.0,5.529506,0,0.0,0.0
2012-07-18,12.0,12.0,12.0,12.0,5.529506,0,0.0,0.0
2012-07-19,11.81,11.81,11.81,11.81,5.441955,300,0.0,0.0
2012-07-20,11.63,11.83,11.63,11.83,5.451171,200,0.0,0.0
2012-07-23,11.63,11.63,11.5,11.5,5.29911,200,0.0,0.0
2012-07-24,11.3,11.3,11.0,11.0,5.068714,400,0.0,0.0
2012-07-25,11.05,11.1,11.05,11.07,5.100968,400,0.0,0.0
2012-07-26,11.32,11.32,11.32,11.32,5.216167,100,0.0,0.0
2012-07-27,11.2,11.6,11.2,11.6,5.345191,400,0.0,0.0
2012-07-30,11.6,11.6,11.6,11.6,5.345191,0,0.0,0.0
2012-07-31,11.4,11.4,11.4,11.4,5.25303,100,0.0,0.0
2012-08-01,11.42,11.42,11.0,11.0,5.068714,500,0.0,0.0
2012-08-02,11.2,11.25,11.12,11.25,5.183912,400,0.0,0.0
2012-08-03,11.4,11.8,11.4,11.8,5.437346,400,0.0,0.0
2012-08-06,11.7,11.7,11.6,11.6,5.345191,200,0.0,0.0
2012-08-07,11.8,11.8,11.8,11.8,5.437346,100,0.0,0.0
2012-08-08,11.7,12.01,11.7,12.01,5.534112,500,0.0,0.0
2012-08-09,12.01,12.01,12.01,12.01,5.534112,0,0.0,0.0
2012-08-10,11.81,11.81,11.81,11.81,5.441955,100,0.0,0.0
2012-08-13,11.61,11.61,11.61,11.61,5.349796,100,0.0,0.0
2012-08-14,11.75,11.75,11.75,11.75,5.414307,100,0.0,0.0
2012-08-15,11.75,11.75,11.75,11.75,5.414307,0,0.0,0.0
2012-08-16,12.0,12.0,12.0,12.0,5.529506,100,0.0,0.0
2012-08-17,12.25,12.25,12.25,12.25,5.644703,100,0.0,0.0
2012-08-20,12.25,12.25,12.25,12.25,5.644703,0,0.0,0.0
2012-08-21,12.5,12.5,12.38,12.38,5.704605,200,0.0,0.0
2012-08-22,12.5,12.5,12.36,12.36,5.69539,300,0.0,0.0
2012-08-23,12.4,12.4,12.4,12.4,5.731441,100,0.038,0.0
2012-08-24,12.65,12.65,12.65,12.65,5.846996,100,0.0,0.0
2012-08-27,12.65,12.65,12.65,12.65,5.846996,0,0.0,0.0
2012-08-28,12.85,12.85,12.85,12.85,5.939438,500,0.0,0.0
2012-08-29,12.9,12.95,12.9,12.95,5.98566,1000,0.0,0.0
2012-08-30,12.95,12.95,12.95,12.95,5.98566,0,0.0,0.0
2012-08-31,13.02,13.02,13.02,13.02,6.018015,2000,0.0,0.0
2012-09-04,12.75,13.02,12.75,13.02,6.018015,200,0.0,0.0
2012-09-05,13.05,13.1,12.78,12.78,5.907084,2100,0.0,0.0
2012-09-06,13.05,13.25,13.05,13.25,6.124324,1100,0.0,0.0
2012-09-07,13.25,13.25,13.25,13.25,6.124324,0,0.0,0.0
2012-09-10,13.29,13.29,13.29,13.29,6.142811,100,0.0,0.0
2012-09-11,13.29,13.4,13.29,13.4,6.193654,2900,0.0,0.0
2012-09-12,13.4,13.4,13.4,13.4,6.193654,0,0.0,0.0
2012-09-13,13.48,14.02,13.48,14.0,6.470984,2400,0.0,0.0
2012-09-14,14.05,14.05,13.78,13.89,6.420142,1700,0.0,0.0
2012-09-17,13.6,13.6,13.6,13.6,6.286098,100,0.0,0.0
2012-09-18,13.33,13.33,13.33,13.33,6.1613,100,0.0,0.0
2012-09-19,13.6,13.6,13.6,13.6,6.286098,100,0.0,0.0
2012-09-20,13.6,13.6,13.6,13.6,6.286098,0,0.0,0.0
2012-09-21,13.6,13.6,13.6,13.6,6.286098,0,0.0,0.0
2012-09-24,13.87,13.87,13.87,13.87,6.410897,100,0.0,0.0
2012-09-25,13.97,13.97,13.97,13.97,6.457117,1000,0.0,0.0
2012-09-26,13.8,13.8,13.7,13.7,6.332321,300,0.0,0.0
2012-09-27,13.97,14.0,13.97,14.0,6.470984,700,0.0,0.0
2012-09-28,13.7,14.0,13.7,13.9,6.424762,800,0.0,0.0
2012-10-01,14.04,14.04,14.04,14.04,6.489475,1000,0.0,0.0
2012-10-02,14.04,14.04,14.04,14.04,6.489475,0,0.0,0.0
2012-10-03,13.77,13.77,13.77,13.77,6.364676,100,0.0,0.0
2012-10-04,13.77,13.77,13.77,13.77,6.364676,0,0.0,0.0
2012-10-05,13.77,13.77,13.77,13.77,6.364676,0,0.0,0.0
2012-10-08,13.77,13.77,13.77,13.77,6.364676,0,0.0,0.0
2012-10-09,13.77,13.77,13.77,13.77,6.364676,0,0.0,0.0
2012-10-10,14.04,14.26,14.04,14.26,6.59116,1200,0.0,0.0
2012-10-11,14.25,15.79,14.25,15.25,7.048752,8400,0.0,0.0
2012-10-12,14.98,14.98,14.98,14.98,6.923954,100,0.0,0.0
2012-10-15,14.95,14.97,14.94,14.94,6.905466,600,0.0,0.0
2012-10-16,15.22,15.25,15.22,15.23,7.039504,500,0.0,0.0
2012-10-17,15.25,15.34,15.25,15.34,7.090349,300,0.0,0.0
2012-10-18,15.52,15.52,15.52,15.52,7.173548,100,0.0,0.0
2012-10-19,15.26,15.26,14.71,14.88,6.877732,500,0.0,0.0
2012-10-22,14.63,14.7,14.13,14.55,6.725201,1700,0.0,0.0
2012-10-23,14.94,14.95,14.94,14.95,6.910087,300,0.0,0.0
2012-10-24,14.95,14.95,14.95,14.95,6.910087,0,0.0,0.0
2012-10-25,15.2,15.2,15.2,15.2,7.025641,100,0.0,0.0
2012-10-26,14.95,14.95,14.95,14.95,6.910087,100,0.0,0.0
2012-10-31,14.7,14.93,14.7,14.93,6.900842,200,0.0,0.0
2012-11-01,14.93,14.93,14.93,14.93,6.900842,0,0.0,0.0
2012-11-02,14.68,15.09,14.45,15.0,6.933197,1200,0.0,0.0
2012-11-05,15.19,15.61,15.19,15.61,7.215148,500,0.0,0.0
2012-11-06,15.61,15.61,15.61,15.61,7.215148,0,0.0,0.0
2012-11-07,15.19,15.42,14.69,15.42,7.127326,3400,0.0,0.0
2012-11-08,15.17,15.17,15.17,15.17,7.011773,100,0.0,0.0
2012-11-09,15.17,15.17,15.17,15.17,7.011773,0,0.0,0.0
2012-11-12,15.17,15.17,15.17,15.17,7.011773,0,0.0,0.0
2012-11-13,15.3,15.3,14.67,14.67,6.780665,400,0.0,0.0
2012-11-14,15.02,15.02,14.95,14.95,6.910087,200,0.0,0.0
2012-11-15,14.9,15.55,14.9,15.42,7.127326,2900,0.0,0.0
2012-11-16,15.26,15.27,14.63,15.27,7.057995,3300,0.0,0.0
2012-11-19,15.61,16.0,15.61,15.99,7.390787,3000,0.0,0.0
2012-11-20,16.049999,16.379999,16.049999,16.379999,7.571053,4000,0.0,0.0
2012-11-21,15.5,16.32,15.5,16.32,8.026997,900,0.987,0.0
2012-11-23,16.32,16.32,16.32,16.32,8.026997,0,0.0,0.0
2012-11-26,16.190001,16.190001,16.190001,16.190001,7.963058,200,0.0,0.0
2012-11-27,16.200001,16.879999,16.200001,16.879999,8.302434,4500,0.0,0.0
2012-11-28,17.01,17.25,17.01,17.25,8.484417,1300,0.0,0.0
2012-11-29,17.25,17.25,17.25,17.25,8.484417,0,0.0,0.0
2012-11-30,16.870001,16.870001,16.870001,16.870001,8.297511,100,0.0,0.0
2012-12-03,16.870001,16.870001,16.870001,16.870001,8.297511,0,0.0,0.0
2012-12-04,16.870001,16.870001,16.870001,16.870001,8.297511,0,0.0,0.0
2012-12-05,16.870001,16.870001,16.870001,16.870001,8.297511,0,0.0,0.0
2012-12-06,16.540001,16.719999,16.540001,16.719999,8.223737,600,0.0,0.0
2012-12-07,16.870001,16.870001,16.870001,16.870001,8.297511,100,0.0,0.0
2012-12-10,17.07,17.07,16.92,16.92,8.322104,600,0.0,0.0
2012-12-11,17.200001,17.200001,17.200001,17.200001,8.459826,100,0.0,0.0
2012-12-12,17.049999,17.049999,16.0,16.0,7.869603,1500,0.0,0.0
2012-12-13,15.67,15.67,15.67,15.67,7.707293,100,0.0,0.0
2012-12-14,15.67,15.67,15.67,15.67,7.707293,0,0.0,0.0
2012-12-17,15.67,15.67,15.67,15.67,7.707293,0,0.0,0.0
2012-12-18,15.67,15.67,15.67,15.67,7.707293,0,0.0,0.0
2012-12-19,15.67,15.67,15.67,15.67,7.707293,0,0.0,0.0
2012-12-20,15.67,15.67,15.67,15.67,7.707293,0,0.0,0.0
2012-12-21,15.67,15.67,15.67,15.67,7.707293,0,0.0,0.0
2012-12-24,15.67,15.67,15.67,15.67,7.707293,100,0.0,0.0
2012-12-26,15.67,15.67,15.67,15.67,7.707293,0,0.0,0.0
2012-12-27,15.67,15.67,15.67,15.67,7.707293,0,0.0,0.0
2012-12-28,15.67,15.67,15.67,15.67,7.707293,0,0.0,0.0
2012-12-31,16.0,16.450001,16.0,16.450001,8.090939,300,0.0,0.0
2013-01-02,16.639999,16.790001,16.639999,16.790001,8.258166,200,0.0,0.0
2013-01-03,16.969999,16.969999,16.969999,16.969999,8.346703,100,0.0,0.0
2013-01-04,16.639999,16.639999,16.309999,16.309999,8.022078,200,0.0,0.0
2013-01-07,16.639999,16.639999,16.639999,16.639999,8.184388,100,0.0,0.0
2013-01-08,16.639999,16.639999,16.639999,16.639999,8.184388,0,0.0,0.0
2013-01-09,16.639999,16.639999,16.639999,16.639999,8.184388,0,0.0,0.0
2013-01-10,16.309999,16.309999,16.309999,16.309999,8.022078,100,0.0,0.0
2013-01-11,16.639999,17.17,16.639999,17.17,8.445068,300,0.0,0.0
2013-01-14,17.17,17.17,17.17,17.17,8.445068,0,0.0,0.0
2013-01-15,17.16,17.16,17.16,17.16,8.440154,100,0.0,0.0
2013-01-16,17.49,17.49,17.49,17.49,8.602462,100,0.0,0.0
2013-01-17,17.82,17.82,17.75,17.75,8.730347,200,0.0,0.0
2013-01-18,17.49,17.49,17.49,17.49,8.602462,100,0.0,0.0
2013-01-22,17.49,17.49,17.49,17.49,8.602462,0,0.0,0.0
2013-01-23,17.49,17.49,17.49,17.49,8.602462,0,0.0,0.0
2013-01-24,17.82,18.0,17.82,18.0,8.853303,1100,0.0,0.0
2013-01-25,18.33,18.33,17.950001,17.950001,8.828713,300,0.0,0.0
2013-01-28,17.950001,17.950001,17.950001,17.950001,8.828713,0,0.0,0.0
2013-01-29,17.950001,17.950001,17.950001,17.950001,8.828713,0,0.0,0.0
2013-01-30,17.950001,17.950001,17.950001,17.950001,8.828713,0,0.0,0.0
2013-01-31,17.76,17.76,17.76,17.76,8.735261,100,0.0,0.0
2013-02-01,17.76,17.76,17.76,17.76,8.735261,0,0.0,0.0
2013-02-04,17.620001,17.620001,17.620001,17.620001,8.666402,100,0.0,0.0
2013-02-05,17.950001,17.950001,17.950001,17.950001,8.828713,100,0.0,0.0
2013-02-06,17.950001,17.950001,17.950001,17.950001,8.828713,0,0.0,0.0
2013-02-07,18.0,18.0,18.0,18.0,8.853303,100,0.0,0.0
2013-02-08,18.0,18.0,18.0,18.0,8.853303,0,0.0,0.0
2013-02-11,18.0,18.0,18.0,18.0,8.853303,0,0.0,0.0
2013-02-12,18.0,18.0,18.0,18.0,8.853303,0,0.0,0.0
2013-02-13,17.620001,17.620001,17.620001,17.620001,8.666402,100,0.0,0.0
2013-02-14,17.620001,17.620001,17.620001,17.620001,8.666402,0,0.0,0.0
2013-02-15,17.620001,17.620001,17.620001,17.620001,8.666402,0,0.0,0.0
2013-02-19,17.620001,17.620001,17.620001,17.620001,8.666402,0,0.0,0.0
2013-02-20,17.290001,17.290001,17.290001,17.290001,8.504093,100,0.0,0.0
2013-02-21,16.959999,16.959999,16.58,16.68,8.204063,800,0.0,0.0
2013-02-22,16.91,16.91,16.91,16.91,8.317189,100,0.0,0.0
2013-02-25,16.58,16.58,16.58,16.58,8.154877,100,0.0,0.0
2013-02-26,16.91,18.58,16.91,18.549999,9.123823,2400,0.0,0.0
2013-02-27,18.309999,18.360001,18.18,18.18,8.941839,700,0.0,0.0
2013-02-28,18.280001,18.280001,18.280001,18.280001,9.009358,200,0.037,0.0
2013-03-01,18.34,18.450001,18.34,18.450001,9.093144,200,0.0,0.0
2013-03-04,18.67,18.799999,18.34,18.34,9.038932,1700,0.0,0.0
2013-03-05,18.6,18.67,18.6,18.67,9.201573,1900,0.0,0.0
2013-03-06,18.700001,18.700001,18.700001,18.700001,9.216359,1000,0.0,0.0
2013-03-07,18.34,18.700001,18.34,18.700001,9.216359,3400,0.0,0.0
2013-03-08,18.5,18.5,18.5,18.5,9.117787,100,0.0,0.0
2013-03-11,18.17,18.700001,18.17,18.700001,9.216359,400,0.0,0.0
2013-03-12,18.700001,18.700001,18.700001,18.700001,9.216359,0,0.0,0.0
2013-03-13,18.83,19.16,18.83,19.16,9.443069,200,0.0,0.0
2013-03-14,19.16,19.16,19.16,19.16,9.443069,0,0.0,0.0
2013-03-15,19.35,19.35,19.35,19.35,9.536712,600,0.0,0.0
2013-03-18,19.440001,19.440001,19.299999,19.299999,9.512072,700,0.0,0.0
2013-03-19,18.969999,18.969999,18.969999,18.969999,9.349428,100,0.0,0.0
2013-03-20,19.309999,19.969999,19.309999,19.969999,9.84228,300,0.0,0.0
2013-03-21,20.299999,20.299999,20.299999,20.299999,10.004922,100,0.0,0.0
2013-03-22,20.51,20.51,20.51,20.51,10.108422,100,0.0,0.0
2013-03-25,20.629999,20.629999,20.629999,20.629999,10.167563,100,0.0,0.0
2013-03-26,20.620001,20.620001,20.5,20.5,10.103492,300,0.0,0.0
2013-03-27,20.5,20.5,20.5,20.5,10.103492,0,0.0,0.0
2013-03-28,20.83,20.83,20.83,20.83,10.266133,100,0.0,0.0
2013-04-01,20.5,20.5,20.17,20.5,10.103492,300,0.0,0.0
2013-04-02,20.5,20.5,20.5,20.5,10.103492,0,0.0,0.0
2013-04-03,20.17,20.17,20.17,20.17,9.940852,100,0.0,0.0
2013-04-04,20.5,20.5,20.5,20.5,10.103492,100,0.0,0.0
2013-04-05,20.83,21.16,20.83,21.16,10.428777,200,0.0,0.0
2013-04-08,21.49,22.15,21.49,22.15,10.916702,300,0.0,0.0
2013-04-09,22.15,22.15,22.15,22.15,10.916702,0,0.0,0.0
2013-04-10,22.48,23.200001,22.48,23.190001,11.42927,1000,0.0,0.0
2013-04-11,23.219999,23.23,23.0,23.0,11.33563,2600,0.0,0.0
2013-04-12,22.67,22.67,22.67,22.67,11.172985,100,0.0,0.0
2013-04-15,22.34,22.67,22.02,22.02,10.85263,400,0.0,0.0
2013-04-16,22.67,22.700001,22.67,22.700001,11.187773,200,0.0,0.0
2013-04-17,22.370001,22.370001,22.040001,22.370001,11.025135,400,0.0,0.0
2013-04-18,22.34,22.34,22.34,22.34,11.010343,100,0.0,0.0
2013-04-19,22.700001,22.700001,22.700001,22.700001,11.187773,100,0.0,0.0
2013-04-22,22.700001,22.700001,22.700001,22.700001,11.187773,0,0.0,0.0
2013-04-23,22.700001,22.700001,22.700001,22.700001,11.187773,0,0.0,0.0
2013-04-24,23.030001,23.5,23.030001,23.5,11.582052,2200,0.0,0.0
2013-04-25,23.690001,24.0,23.690001,24.0,11.828479,500,0.0,0.0
2013-04-26,23.98,24.0,23.74,23.780001,11.720053,900,0.0,0.0
2013-04-29,23.780001,23.780001,23.780001,23.780001,11.720053,0,0.0,0.0
2013-04-30,23.370001,23.700001,23.370001,23.700001,11.680623,400,0.0,0.0
2013-05-01,23.370001,23.370001,23.370001,23.370001,11.517983,100,0.0,0.0
2013-05-02,23.700001,23.700001,23.370001,23.370001,11.517983,400,0.0,0.0
2013-05-03,23.700001,24.360001,23.700001,23.889999,11.774267,1600,0.0,0.0
2013-05-06,23.719999,23.719999,23.389999,23.719999,11.690484,300,0.0,0.0
2013-05-07,24.049999,24.5,24.049999,24.370001,12.010837,2900,0.0,0.0
2013-05-08,24.059999,24.059999,23.74,23.74,11.700337,200,0.0,0.0
2013-05-09,24.07,24.07,23.74,23.74,11.700337,200,0.0,0.0
2013-05-10,23.74,23.74,23.74,23.74,11.700337,0,0.0,0.0
2013-05-13,24.07,24.07,24.07,24.07,11.862981,100,0.0,0.0
2013-05-14,23.74,24.4,23.74,24.4,12.025618,300,0.0,0.0
2013-05-15,24.059999,24.389999,24.059999,24.059999,11.858049,300,0.0,0.0
2013-05-16,23.73,23.73,23.73,23.73,11.695409,100,0.0,0.0
2013-05-17,23.73,23.73,23.73,23.73,11.695409,0,0.0,0.0
2013-05-20,23.73,23.73,23.73,23.73,11.695409,0,0.0,0.0
2013-05-21,23.73,23.73,23.73,23.73,11.695409,0,0.0,0.0
2013-05-22,23.4,23.4,23.07,23.07,11.370127,300,0.0,0.0
2013-05-23,23.360001,23.360001,23.280001,23.280001,11.49206,400,0.037,0.0
2013-05-24,23.610001,23.610001,23.610001,23.610001,11.654957,100,0.0,0.0
2013-05-28,23.940001,24.6,23.940001,24.6,12.143671,300,0.0,0.0
2013-05-29,24.93,25.0,24.280001,24.610001,12.148602,2000,0.0,0.0
2013-05-30,24.610001,24.610001,24.610001,24.610001,12.148602,0,0.0,0.0
2013-05-31,24.73,24.73,24.549999,24.549999,12.118986,300,0.0,0.0
2013-06-03,25.0,25.049999,25.0,25.049999,12.36581,700,0.0,0.0
2013-06-04,25.379999,25.5,25.379999,25.5,12.587948,2100,0.0,0.0
2013-06-05,25.0,25.0,25.0,25.0,12.341128,9500,0.0,0.0
2013-06-06,24.99,25.0,24.969999,25.0,12.341128,21500,0.0,0.0
2013-06-07,25.0,25.01,24.969999,25.0,12.341128,30900,0.0,0.0
2013-06-10,25.0,25.0,25.0,25.0,12.341128,0,0.0,0.0
2013-06-11,25.57,25.57,25.0,25.0,12.341128,15800,0.0,0.0
2013-06-12,24.66,24.68,24.42,24.68,12.183164,7400,0.0,0.0
2013-06-13,24.66,25.0,24.66,25.0,12.341128,1800,0.0,0.0
2013-06-14,24.450001,24.450001,24.110001,24.110001,11.901783,300,0.0,0.0
2013-06-17,24.440001,24.440001,24.440001,24.440001,12.064684,100,0.0,0.0
2013-06-18,24.440001,24.440001,24.440001,24.440001,12.064684,0,0.0,0.0
2013-06-19,24.440001,24.440001,24.440001,24.440001,12.064684,0,0.0,0.0
2013-06-20,24.110001,24.110001,23.139999,23.139999,11.422947,500,0.0,0.0
2013-06-21,22.809999,23.200001,22.809999,23.200001,11.452566,400,0.0,0.0
2013-06-24,22.870001,22.870001,21.110001,21.450001,10.588688,1100,0.0,0.0
2013-06-25,21.790001,22.389999,21.790001,22.389999,11.052714,600,0.0,0.0
2013-06-26,22.059999,22.25,22.059999,22.25,10.983602,200,0.0,0.0
2013-06-27,22.389999,23.1,22.389999,23.1,11.403201,1000,0.0,0.0
2013-06-28,23.1,23.1,23.1,23.1,11.403201,0,0.0,0.0
2013-07-01,23.43,23.43,23.43,23.43,11.5661,200,0.0,0.0
2013-07-02,23.1,23.1,23.1,23.1,11.403201,100,0.0,0.0
2013-07-03,22.77,22.77,22.77,22.77,11.240297,100,0.0,0.0
2013-07-05,23.33,23.33,23.33,23.33,11.516739,100,0.0,0.0
2013-07-08,23.26,23.26,23.26,23.26,11.482189,300,0.0,0.0
2013-07-09,23.66,25.32,23.66,25.32,12.499097,600,0.0,0.0
2013-07-10,25.299999,26.139999,25.120001,26.0,12.834769,2700,0.0,0.0
2013-07-11,26.01,26.469999,26.01,26.389999,13.027296,2100,0.0,0.0
2013-07-12,26.360001,26.48,26.120001,26.24,12.95325,1500,0.0,0.0
2013-07-15,27.0,27.0,27.0,27.0,13.328419,300,0.0,0.0
2013-07-16,26.799999,26.799999,26.799999,26.799999,13.229688,100,0.0,0.0
2013-07-17,26.6,26.6,26.200001,26.6,13.130961,400,0.0,0.0
2013-07-18,26.6,26.6,26.6,26.6,13.130961,100,0.0,0.0
2013-07-19,27.0,27.0,27.0,27.0,13.328419,100,0.0,0.0
2013-07-22,26.6,26.9,26.5,26.9,13.279054,300,0.0,0.0
2013-07-23,26.5,26.74,25.950001,25.950001,12.810092,700,0.0,0.0
2013-07-24,26.35,26.4,25.75,26.4,13.032228,500,0.0,0.0
2013-07-25,26.4,26.4,26.4,26.4,13.032228,0,0.0,0.0
2013-07-26,26.32,26.32,26.32,26.32,12.992738,100,0.0,0.0
2013-07-29,26.120001,26.129999,26.120001,26.129999,12.898945,300,0.0,0.0
2013-07-30,26.129999,26.129999,26.129999,26.129999,12.898945,0,0.0,0.0
2013-07-31,26.0,26.0,25.73,25.9,12.785402,300,0.0,0.0
2013-08-01,26.74,27.4,26.74,27.219999,13.437022,2200,0.0,0.0
2013-08-02,27.129999,27.51,26.959999,27.51,13.580174,400,0.0,0.0
2013-08-05,27.200001,27.200001,27.200001,27.200001,13.427145,100,0.0,0.0
2013-08-06,26.98,27.049999,26.92,26.92,13.288922,400,0.0,0.0
2013-08-07,26.92,26.92,26.92,26.92,13.288922,0,0.0,0.0
2013-08-08,26.92,26.92,26.92,26.92,13.288922,0,0.0,0.0
2013-08-09,26.450001,26.700001,26.26,26.59,13.126021,400,0.0,0.0
2013-08-12,26.59,26.59,26.59,26.59,13.126021,0,0.0,0.0
2013-08-13,26.66,26.66,26.66,26.66,13.160575,100,0.0,0.0
2013-08-14,26.66,26.66,26.66,26.66,13.160575,0,0.0,0.0
2013-08-15,26.049999,26.049999,25.52,25.74,12.706424,500,0.0,0.0
2013-08-16,26.0,26.0,25.690001,25.690001,12.681742,200,0.0,0.0
2013-08-19,25.690001,25.690001,25.690001,25.690001,12.681742,0,0.0,0.0
2013-08-20,25.690001,25.690001,25.690001,25.690001,12.681742,0,0.0,0.0
2013-08-21,25.08,25.280001,24.85,25.280001,12.479349,600,0.0,0.0
2013-08-22,25.620001,25.620001,25.620001,25.620001,12.684821,100,0.075,0.0
2013-08-23,25.18,25.18,25.18,25.18,12.46697,200,0.0,0.0
2013-08-26,25.18,25.18,25.18,25.18,12.46697,0,0.0,0.0
2013-08-27,24.75,24.75,24.32,24.32,12.04117,400,0.0,0.0
2013-08-28,24.719999,24.74,24.719999,24.74,12.249115,300,0.0,0.0
2013-08-29,24.74,24.74,24.74,24.74,12.249115,0,0.0,0.0
2013-08-30,24.309999,24.309999,24.129999,24.129999,11.9471,200,0.0,0.0
2013-09-03,23.83,23.83,23.83,23.83,11.798565,100,0.0,0.0
2013-09-04,23.709999,23.709999,23.549999,23.549999,11.659931,500,0.0,0.0
2013-09-05,23.15,23.15,23.02,23.02,11.397523,400,0.0,0.0
2013-09-06,23.02,23.02,23.02,23.02,11.397523,0,0.0,0.0
2013-09-09,22.92,22.92,22.92,22.92,11.348007,100,0.0,0.0
2013-09-10,23.1,23.1,23.07,23.1,11.437133,5900,0.0,0.0
2013-09-11,22.700001,22.700001,22.360001,22.440001,11.110358,400,0.0,0.0
2013-09-12,22.299999,22.299999,21.93,21.93,10.857848,200,0.0,0.0
2013-09-13,22.299999,22.68,22.299999,22.68,11.229187,8900,0.0,0.0
2013-09-16,22.9,22.9,22.9,22.9,11.338108,100,0.0,0.0
2013-09-17,23.219999,23.299999,23.219999,23.290001,11.531207,400,0.0,0.0
2013-09-18,23.690001,23.700001,23.690001,23.700001,11.7342,200,0.0,0.0
2013-09-19,23.99,24.059999,23.99,24.059999,11.912444,300,0.0,0.0
2013-09-20,23.75,25.75,23.75,25.75,12.749183,1600,0.0,0.0
2013-09-23,25.35,25.5,25.07,25.07,12.412507,400,0.0,0.0
2013-09-24,24.9,25.280001,24.9,24.950001,12.353098,600,0.0,0.0
2013-09-25,25.27,25.27,25.27,25.27,12.511531,100,0.0,0.0
2013-09-26,25.27,25.27,25.27,25.27,12.511531,0,0.0,0.0
2013-09-27,25.27,25.27,25.27,25.27,12.511531,0,0.0,0.0
2013-09-30,24.379999,24.469999,24.379999,24.469999,12.115438,200,0.0,0.0
2013-10-01,24.799999,24.82,24.799999,24.82,12.288731,400,0.0,0.0
2013-10-02,24.82,24.82,24.82,24.82,12.288731,0,0.0,0.0
2013-10-03,24.4,24.4,24.4,24.4,12.08078,100,0.0,0.0
2013-10-04,24.82,25.0,24.82,25.0,12.377849,200,0.0,0.0
2013-10-07,25.139999,25.139999,25.139999,25.139999,12.447165,100,0.0,0.0
2013-10-08,25.139999,25.139999,25.139999,25.139999,12.447165,0,0.0,0.0
2013-10-09,24.299999,24.299999,24.049999,24.049999,11.907495,200,0.0,0.0
2013-10-10,24.5,24.83,24.5,24.83,12.293679,200,0.0,0.0
2013-10-11,24.4,24.49,24.4,24.49,12.12534,300,0.0,0.0
2013-10-14,24.67,24.67,24.67,24.67,12.214461,100,0.0,0.0
2013-10-15,24.139999,24.49,24.139999,24.49,12.12534,200,0.0,0.0
2013-10-16,24.0,24.58,24.0,24.58,12.169903,500,0.0,0.0
2013-10-17,24.58,24.58,24.58,24.58,12.169903,0,0.0,0.0
2013-10-18,24.58,24.610001,24.58,24.6,12.179806,600,0.0,0.0
2013-10-21,24.360001,25.15,24.290001,25.15,12.452112,600,0.0,0.0
2013-10-22,25.24,25.32,25.02,25.02,12.387755,500,0.0,0.0
2013-10-23,25.450001,25.59,25.450001,25.5,12.625404,300,0.0,0.0
2013-10-24,25.93,25.93,25.93,25.93,12.838307,100,0.0,0.0
2013-10-25,25.809999,25.809999,25.809999,25.809999,12.778892,300,0.0,0.0
2013-10-28,25.809999,25.809999,25.809999,25.809999,12.778892,0,0.0,0.0
2013-10-29,26.15,26.15,26.139999,26.139999,12.942276,200,0.0,0.0
2013-10-30,25.68,25.68,25.360001,25.360001,12.556088,200,0.0,0.0
2013-10-31,26.23,28.719999,26.23,28.0,13.863191,3200,0.0,0.0
2013-11-01,28.25,28.25,28.25,28.25,13.986973,100,0.0,0.0
2013-11-04,28.25,28.25,28.25,28.25,13.986973,0,0.0,0.0
2013-11-05,28.299999,28.360001,28.280001,28.360001,14.041427,600,0.0,0.0
2013-11-06,27.870001,27.870001,27.75,27.75,13.739415,200,0.0,0.0
2013-11-07,27.27,27.27,27.27,27.27,13.501756,100,0.0,0.0
2013-11-08,27.27,27.27,27.27,27.27,13.501756,0,0.0,0.0
2013-11-11,27.27,27.27,27.27,27.27,13.501756,0,0.0,0.0
2013-11-12,27.27,27.27,27.27,27.27,13.501756,0,0.0,0.0
2013-11-13,27.75,27.75,27.75,27.75,13.739415,100,0.0,0.0
2013-11-14,27.75,27.75,27.75,27.75,13.739415,0,0.0,0.0
2013-11-15,27.75,27.75,27.75,27.75,13.739415,0,0.0,0.0
2013-11-18,27.809999,27.809999,27.809999,27.809999,13.76912,100,0.0,0.0
2013-11-19,27.98,27.98,27.799999,27.799999,13.764161,300,0.0,0.0
2013-11-20,27.65,27.65,27.65,27.65,13.689902,200,0.0,0.0
2013-11-21,28.200001,28.719999,28.200001,28.719999,14.258348,200,0.075,0.0
2013-11-22,28.82,28.82,28.82,28.82,14.30799,100,0.0,0.0
2013-11-25,28.799999,28.799999,28.799999,28.799999,14.298065,100,0.0,0.0
2013-11-26,29.0,29.02,29.0,29.02,14.407284,300,0.0,0.0
2013-11-27,29.530001,29.530001,29.25,29.25,14.521471,300,0.0,0.0
2013-11-29,29.01,29.01,29.01,29.01,14.402325,100,0.0,0.0
2013-12-02,28.5,28.5,28.5,28.5,14.149128,100,0.0,0.0
2013-12-03,28.0,28.0,28.0,28.0,13.900895,100,0.0,0.0
2013-12-04,28.41,28.41,28.4,28.4,14.099482,200,0.0,0.0
2013-12-05,28.4,28.4,28.4,28.4,14.099482,0,0.0,0.0
2013-12-06,28.9,28.9,28.75,28.75,14.273238,300,0.0,0.0
2013-12-09,29.25,29.4,29.25,29.4,14.59594,300,0.0,0.0
2013-12-10,29.4,29.4,29.4,29.4,14.59594,0,0.0,0.0
2013-12-11,28.940001,28.940001,28.940001,28.940001,14.367574,100,0.0,0.0
2013-12-12,29.02,29.02,29.02,29.02,14.407284,200,0.0,0.0
2013-12-13,29.02,29.02,29.02,29.02,14.407284,0,0.0,0.0
2013-12-16,29.450001,29.450001,29.450001,29.450001,14.62076,100,0.0,0.0
2013-12-17,29.450001,29.450001,29.450001,29.450001,14.62076,0,0.0,0.0
2013-12-18,29.969999,29.969999,29.969999,29.969999,14.878929,100,0.0,0.0
2013-12-19,29.969999,29.969999,29.969999,29.969999,14.878929,0,0.0,0.0
2013-12-20,30.5,31.58,30.5,31.5,15.638511,900,0.0,0.0
2013-12-23,31.5,31.5,31.5,31.5,15.638511,0,0.0,0.0
2013-12-24,31.5,31.5,31.5,31.5,15.638511,0,0.0,0.0
2013-12-26,31.5,31.5,31.5,31.5,15.638511,0,0.0,0.0
2013-12-27,31.5,31.5,31.5,31.5,15.638511,0,0.0,0.0
2013-12-30,31.5,31.5,31.5,31.5,15.638511,0,0.0,0.0
2013-12-31,31.5,31.5,31.5,31.5,15.638511,0,0.0,0.0
2014-01-02,31.5,31.5,31.5,31.5,15.638511,0,0.0,0.0
2014-01-03,31.5,31.5,31.5,31.5,15.638511,0,0.0,0.0
2014-01-06,31.41,31.41,30.51,30.6,15.191695,1300,0.0,0.0
2014-01-07,31.049999,31.049999,31.049999,31.049999,15.415106,100,0.0,0.0
2014-01-08,30.190001,30.35,30.190001,30.35,15.067578,1300,0.0,0.0
2014-01-09,29.51,29.51,29.129999,29.129999,14.4619,200,0.0,0.0
2014-01-10,29.6,29.6,29.6,29.6,14.695233,400,0.0,0.0
2014-01-13,29.6,29.6,29.6,29.6,14.695233,0,0.0,0.0
2014-01-14,29.6,29.6,29.6,29.6,14.695233,0,0.0,0.0
2014-01-15,29.6,29.6,29.6,29.6,14.695233,0,0.0,0.0
2014-01-16,29.6,29.6,29.6,29.6,14.695233,0,0.0,0.0
2014-01-17,29.6,29.6,29.6,29.6,14.695233,0,0.0,0.0
2014-01-21,28.790001,28.790001,28.790001,28.790001,14.293099,100,0.0,0.0
2014-01-22,28.790001,28.790001,28.790001,28.790001,14.293099,0,0.0,0.0
2014-01-23,28.59,28.59,28.559999,28.559999,14.178912,400,0.0,0.0
2014-01-24,28.559999,28.559999,28.559999,28.559999,14.178912,0,0.0,0.0
2014-01-27,27.99,27.99,27.99,27.99,13.89593,100,0.0,0.0
2014-01-28,27.76,28.049999,27.76,28.049999,13.925723,300,0.0,0.0
2014-01-29,28.049999,28.049999,28.049999,28.049999,13.925723,0,0.0,0.0
2014-01-30,28.049999,28.049999,28.049999,28.049999,13.925723,0,0.0,0.0
2014-01-31,27.0,28.059999,26.42,28.059999,13.930683,2400,0.0,0.0
2014-02-03,27.280001,27.280001,26.4,26.4,13.106564,600,0.0,0.0
2014-02-04,26.4,26.4,26.4,26.4,13.106564,0,0.0,0.0
2014-02-05,25.67,25.709999,25.67,25.709999,12.764004,200,0.0,0.0
2014-02-06,26.32,26.32,26.32,26.32,13.066843,200,0.0,0.0
2014-02-07,26.32,26.32,26.32,26.32,13.066843,0,0.0,0.0
2014-02-10,26.32,26.32,26.32,26.32,13.066843,0,0.0,0.0
2014-02-11,26.32,26.32,26.32,26.32,13.066843,0,0.0,0.0
2014-02-12,26.32,26.32,26.32,26.32,13.066843,0,0.0,0.0
2014-02-13,26.32,26.32,26.32,26.32,13.066843,0,0.0,0.0
2014-02-14,26.32,26.32,26.32,26.32,13.066843,0,0.0,0.0
2014-02-18,26.32,26.32,26.32,26.32,13.066843,0,0.0,0.0
2014-02-19,26.32,26.32,26.32,26.32,13.066843,0,0.0,0.0
2014-02-20,26.32,26.32,26.32,26.32,13.066843,0,0.0,0.0
2014-02-21,26.32,26.32,26.32,26.32,13.066843,0,0.0,0.0
2014-02-24,26.870001,26.870001,26.870001,26.870001,13.339893,100,0.0,0.0
2014-02-25,27.610001,31.25,27.610001,29.889999,14.83921,2300,0.0,0.0
2014-02-26,29.84,29.84,29.84,29.84,14.814383,100,0.0,0.0
2014-02-27,29.84,29.84,29.84,29.84,14.851716,0,0.075,0.0
2014-02-28,29.68,29.68,29.68,29.68,14.77208,100,0.0,0.0
2014-03-03,28.860001,28.860001,28.860001,28.860001,14.363959,100,0.0,0.0
2014-03-04,29.209999,29.51,29.209999,29.51,14.687475,200,0.0,0.0
2014-03-05,29.879999,29.98,29.879999,29.98,14.921391,4200,0.0,0.0
2014-03-06,29.98,29.98,29.98,29.98,14.921391,0,0.0,0.0
2014-03-07,29.98,29.98,29.98,29.98,14.921391,0,0.0,0.0
2014-03-10,30.209999,30.209999,30.209999,30.209999,15.035865,300,0.0,0.0
2014-03-11,30.209999,30.209999,30.209999,30.209999,15.035865,0,0.0,0.0
2014-03-12,30.209999,30.209999,30.209999,30.209999,15.035865,0,0.0,0.0
2014-03-13,30.209999,30.209999,30.209999,30.209999,15.035865,0,0.0,0.0
2014-03-14,31.040001,31.040001,31.040001,31.040001,15.448969,100,0.0,0.0
2014-03-17,30.33,30.33,30.33,30.33,15.095588,100,0.0,0.0
2014-03-18,30.33,30.33,30.33,30.33,15.095588,0,0.0,0.0
2014-03-19,30.33,30.33,30.33,30.33,15.095588,0,0.0,0.0
2014-03-20,30.33,30.33,30.33,30.33,15.095588,0,0.0,0.0
2014-03-21,29.879999,30.0,29.879999,30.0,14.931346,1400,0.0,0.0
2014-03-24,29.67,29.870001,29.67,29.870001,14.866645,400,0.0,0.0
2014-03-25,29.870001,29.870001,29.870001,29.870001,14.866645,0,0.0,0.0
2014-03-26,29.870001,29.870001,29.870001,29.870001,14.866645,0,0.0,0.0
2014-03-27,29.17,29.26,29.17,29.23,14.548113,400,0.0,0.0
2014-03-28,29.23,29.23,29.23,29.23,14.548113,0,0.0,0.0
2014-03-31,29.6,29.6,29.6,29.6,14.732264,100,0.0,0.0
2014-04-01,29.6,29.6,29.6,29.6,14.732264,0,0.0,0.0
2014-04-02,30.0,30.0,30.0,30.0,14.931346,100,0.0,0.0
2014-04-03,30.0,30.0,30.0,30.0,14.931346,0,0.0,0.0
2014-04-04,29.18,29.18,29.18,29.18,14.523222,200,0.0,0.0
2014-04-07,28.370001,28.370001,27.83,27.83,13.851315,200,0.0,0.0
2014-04-08,27.059999,28.24,27.059999,28.24,14.055373,1500,0.0,0.0
2014-04-09,27.459999,27.459999,26.379999,26.379999,13.129629,300,0.0,0.0
2014-04-10,25.65,25.65,25.65,25.65,12.766298,100,0.0,0.0
2014-04-11,24.940001,24.940001,23.870001,23.870001,11.880379,8600,0.0,0.0
2014-04-14,24.17,24.75,24.17,24.75,12.318364,300,0.0,0.0
2014-04-15,24.75,24.75,24.75,24.75,12.318364,0,0.0,0.0
2014-04-16,25.58,25.58,25.58,25.58,12.731457,100,0.0,0.0
2014-04-17,25.58,25.58,25.58,25.58,12.731457,0,0.0,0.0
2014-04-21,25.58,25.58,25.58,25.58,12.731457,0,0.0,0.0
2014-04-22,25.58,25.58,25.58,25.58,12.731457,0,0.0,0.0
2014-04-23,25.58,25.58,25.58,25.58,12.731457,0,0.0,0.0
2014-04-24,25.58,25.58,25.58,25.58,12.731457,0,0.0,0.0
2014-04-25,25.58,25.58,25.58,25.58,12.731457,0,0.0,0.0
2014-04-28,25.58,25.58,25.58,25.58,12.731457,0,0.0,0.0
2014-04-29,25.58,25.58,25.58,25.58,12.731457,0,0.0,0.0
2014-04-30,25.58,25.58,25.58,25.58,12.731457,0,0.0,0.0
2014-05-01,25.58,25.58,25.58,25.58,12.731457,0,0.0,0.0
2014-05-02,25.940001,27.1,25.940001,27.1,13.487986,1000,0.0,0.0
2014-05-05,26.43,26.6,26.43,26.6,13.239129,300,0.0,0.0
2014-05-06,26.190001,26.190001,26.190001,26.190001,13.035065,100,0.0,0.0
2014-05-07,26.190001,26.190001,26.190001,26.190001,13.035065,0,0.0,0.0
2014-05-08,25.309999,25.309999,25.309999,25.309999,12.597082,100,0.0,0.0
2014-05-09,25.42,25.42,25.42,25.42,12.651828,100,0.0,0.0
2014-05-12,26.26,26.26,26.26,26.26,13.069901,300,0.0,0.0
2014-05-13,25.379999,25.379999,25.379999,25.379999,12.631918,100,0.0,0.0
2014-05-14,25.32,25.32,25.32,25.32,12.602056,200,0.0,0.0
2014-05-15,24.52,24.52,24.0,24.0,11.945073,200,0.0,0.0
2014-05-16,24.0,24.0,24.0,24.0,11.945073,0,0.0,0.0
2014-05-19,24.0,24.0,24.0,24.0,11.945073,0,0.0,0.0
2014-05-20,24.09,24.139999,23.959999,24.139999,12.014758,600,0.0,0.0
2014-05-21,24.139999,24.139999,24.139999,24.139999,12.014758,0,0.0,0.0
2014-05-22,24.139999,24.139999,24.139999,24.139999,12.014758,0,0.0,0.0
2014-05-23,24.26,24.26,24.26,24.26,12.112112,100,0.075,0.0
2014-05-27,24.139999,24.139999,24.139999,24.139999,12.052202,0,0.0,0.0
2014-05-28,24.26,24.26,24.26,24.26,12.112112,0,0.0,0.0
2014-05-29,25.07,25.07,25.07,25.07,12.516521,100,0.0,0.0
2014-05-30,25.07,25.07,25.07,25.07,12.516521,0,0.0,0.0
2014-06-02,25.07,25.07,25.07,25.07,12.516521,0,0.0,0.0
2014-06-03,25.07,25.07,25.07,25.07,12.516521,0,0.0,0.0
2014-06-04,25.07,25.07,25.07,25.07,12.516521,0,0.0,0.0
2014-06-05,25.389999,25.389999,25.35,25.35,12.656308,200,0.0,0.0
2014-06-06,25.35,25.35,25.35,25.35,12.656308,0,0.0,0.0
2014-06-09,25.209999,25.34,25.209999,25.34,12.651318,300,0.0,0.0
2014-06-10,25.07,25.07,25.040001,25.040001,12.50154,500,0.0,0.0
2014-06-11,25.040001,25.040001,25.040001,25.040001,12.50154,0,0.0,0.0
2014-06-12,24.9,24.9,24.49,24.52,12.241924,900,0.0,0.0
2014-06-13,24.459999,24.57,24.459999,24.49,12.226939,600,0.0,0.0
2014-06-16,24.26,24.26,24.120001,24.120001,12.042215,600,0.0,0.0
2014-06-17,24.07,24.719999,24.07,24.719999,12.341776,500,0.0,0.0
2014-06-18,24.43,24.43,24.43,24.43,12.19699,400,0.0,0.0
2014-06-19,24.34,24.35,24.34,24.35,12.157047,700,0.0,0.0
2014-06-20,24.43,24.85,24.43,24.85,12.406681,4200,0.0,0.0
2014-06-23,24.85,24.85,24.85,24.85,12.406681,0,0.0,0.0
2014-06-24,24.01,24.01,24.01,24.01,11.987295,300,0.0,0.0
2014-06-25,24.01,24.01,24.01,24.01,11.987295,0,0.0,0.0
2014-06-26,24.389999,24.5,24.370001,24.5,12.231938,500,0.0,0.0
2014-06-27,24.76,24.76,24.76,24.76,12.361745,100,0.0,0.0
2014-06-30,24.76,24.76,24.76,24.76,12.361745,0,0.0,0.0
2014-07-01,25.59,25.870001,25.59,25.809999,12.88597,400,0.0,0.0
2014-07-02,25.809999,25.809999,25.809999,25.809999,12.88597,0,0.0,0.0
2014-07-03,26.540001,26.540001,26.5,26.5,13.230462,700,0.0,0.0
2014-07-07,26.049999,26.049999,26.049999,26.049999,13.005791,200,0.0,0.0
2014-07-08,26.049999,26.049999,26.049999,26.049999,13.005791,0,0.0,0.0
2014-07-09,25.17,25.17,24.85,24.85,12.406681,600,0.0,0.0
2014-07-10,24.85,24.85,24.85,24.85,12.406681,0,0.0,0.0
2014-07-11,24.01,24.01,24.01,24.01,11.987295,200,0.0,0.0
2014-07-14,24.01,24.01,24.01,24.01,11.987295,0,0.0,0.0
2014-07-15,24.01,24.01,24.01,24.01,11.987295,0,0.0,0.0
2014-07-16,24.01,24.01,24.01,24.01,11.987295,0,0.0,0.0
2014-07-17,24.01,24.01,24.01,24.01,11.987295,0,0.0,0.0
2014-07-18,24.01,24.01,24.01,24.01,11.987295,0,0.0,0.0
2014-07-21,23.200001,23.41,23.200001,23.41,11.687739,300,0.0,0.0
2014-07-22,23.41,23.41,23.41,23.41,11.687739,0,0.0,0.0
2014-07-23,23.41,23.41,23.41,23.41,11.687739,0,0.0,0.0
2014-07-24,23.41,23.41,23.41,23.41,11.687739,0,0.0,0.0
2014-07-25,23.41,23.41,23.41,23.41,11.687739,0,0.0,0.0
2014-07-28,23.41,23.41,23.41,23.41,11.687739,0,0.0,0.0
2014-07-29,23.41,23.41,23.41,23.41,11.687739,0,0.0,0.0
2014-07-30,23.41,23.41,23.41,23.41,11.687739,0,0.0,0.0
2014-07-31,22.620001,22.639999,20.82,22.26,11.113585,2200,0.0,0.0
2014-08-01,22.68,22.82,22.68,22.82,11.393172,200,0.0,0.0
2014-08-04,22.82,22.82,22.82,22.82,11.393172,0,0.0,0.0
2014-08-05,23.040001,23.059999,22.879999,22.879999,11.423128,2200,0.0,0.0
2014-08-06,22.879999,22.879999,22.879999,22.879999,11.423128,0,0.0,0.0
2014-08-07,22.879999,22.879999,22.879999,22.879999,11.423128,0,0.0,0.0
2014-08-08,22.879999,22.879999,22.879999,22.879999,11.423128,0,0.0,0.0
2014-08-11,23.25,23.25,23.17,23.25,11.607861,1600,0.0,0.0
2014-08-12,23.33,23.33,23.299999,23.299999,11.63282,1400,0.0,0.0
2014-08-13,23.5,23.5,23.299999,23.299999,11.63282,2200,0.0,0.0
2014-08-14,23.790001,23.790001,23.790001,23.790001,11.877465,400,0.0,0.0
2014-08-15,23.790001,23.790001,23.790001,23.790001,11.877465,0,0.0,0.0
2014-08-18,24.02,24.77,24.02,24.77,12.366737,500,0.0,0.0
2014-08-19,25.35,25.540001,25.200001,25.200001,12.581419,700,0.0,0.0
2014-08-20,24.379999,24.379999,24.049999,24.08,12.022247,1300,0.0,0.0
2014-08-21,24.08,24.08,24.08,24.08,12.556742,0,1.025,0.0
2014-08-22,24.08,24.08,24.08,24.08,12.556742,0,0.0,0.0
2014-08-25,23.49,23.49,23.49,23.49,12.249082,100,0.0,0.0
2014-08-26,23.49,23.49,23.49,23.49,12.249082,0,0.0,0.0
2014-08-27,23.49,23.49,23.49,23.49,12.249082,0,0.0,0.0
2014-08-28,23.49,23.49,23.49,23.49,12.249082,0,0.0,0.0
2014-08-29,23.49,23.49,23.49,23.49,12.249082,0,0.0,0.0
2014-09-02,23.49,23.49,23.49,23.49,12.249082,0,0.0,0.0
2014-09-03,23.49,23.49,23.49,23.49,12.249082,0,0.0,0.0
2014-09-04,23.49,23.49,23.49,23.49,12.249082,0,0.0,0.0
2014-09-05,23.49,23.49,23.49,23.49,12.249082,0,0.0,0.0
2014-09-08,23.49,23.49,23.49,23.49,12.249082,0,0.0,0.0
2014-09-09,23.49,23.49,23.49,23.49,12.249082,0,0.0,0.0
2014-09-10,23.49,23.49,23.49,23.49,12.249082,0,0.0,0.0
2014-09-11,23.290001,23.290001,23.280001,23.280001,12.139575,200,0.0,0.0
2014-09-12,23.280001,23.280001,23.280001,23.280001,12.139575,0,0.0,0.0
2014-09-15,23.280001,23.280001,23.280001,23.280001,12.139575,0,0.0,0.0
2014-09-16,23.280001,23.280001,23.280001,23.280001,12.139575,0,0.0,0.0
2014-09-17,23.280001,23.280001,23.280001,23.280001,12.139575,0,0.0,0.0
2014-09-18,23.549999,23.549999,23.549999,23.549999,12.280369,100,0.0,0.0
2014-09-19,23.549999,23.549999,23.549999,23.549999,12.280369,0,0.0,0.0
2014-09-22,23.549999,23.549999,23.549999,23.549999,12.280369,0,0.0,0.0
2014-09-23,23.549999,23.549999,23.549999,23.549999,12.280369,0,0.0,0.0
2014-09-24,23.549999,23.549999,23.549999,23.549999,12.280369,0,0.0,0.0
2014-09-25,23.549999,23.549999,23.549999,23.549999,12.280369,0,0.0,0.0
2014-09-26,23.549999,23.549999,23.549999,23.549999,12.280369,0,0.0,0.0
2014-09-29,22.5,22.5,22.5,22.5,11.732834,200,0.0,0.0
2014-09-30,22.5,22.5,22.5,22.5,11.732834,0,0.0,0.0
2014-10-01,21.4,21.4,21.4,21.4,11.159228,200,0.0,0.0
2014-10-02,21.01,21.15,21.01,21.02,10.961077,300,0.0,0.0
2014-10-03,21.6,21.6,21.6,21.6,11.263522,100,0.0,0.0
2014-10-06,21.68,21.68,21.48,21.48,11.20095,200,0.0,0.0
2014-10-07,20.549999,20.76,20.549999,20.549999,10.715991,400,0.0,0.0
2014-10-08,20.549999,20.549999,20.549999,20.549999,10.715991,0,0.0,0.0
2014-10-09,20.549999,20.549999,20.549999,20.549999,10.715991,0,0.0,0.0
2014-10-10,20.549999,20.549999,20.549999,20.549999,10.715991,0,0.0,0.0
2014-10-13,20.549999,20.549999,20.549999,20.549999,10.715991,0,0.0,0.0
2014-10-14,20.549999,20.549999,20.549999,20.549999,10.715991,0,0.0,0.0
2014-10-15,20.549999,20.549999,20.549999,20.549999,10.715991,0,0.0,0.0
2014-10-16,20.75,20.969999,20.75,20.969999,10.935001,200,0.0,0.0
2014-10-17,20.969999,20.969999,20.969999,20.969999,10.935001,0,0.0,0.0
2014-10-20,20.969999,20.969999,20.969999,20.969999,10.935001,0,0.0,0.0
2014-10-21,21.360001,21.68,21.33,21.66,11.29481,1000,0.0,0.0
2014-10-22,21.66,21.66,21.66,21.66,11.29481,0,0.0,0.0
2014-10-23,21.66,21.66,21.66,21.66,11.29481,0,0.0,0.0
2014-10-24,21.629999,21.65,21.6,21.629999,11.279165,900,0.0,0.0
2014-10-27,21.629999,21.629999,21.629999,21.629999,11.279165,0,0.0,0.0
2014-10-28,21.639999,22.360001,21.639999,22.360001,11.659833,600,0.0,0.0
2014-10-29,22.18,22.34,22.0,22.34,11.6494,700,0.0,0.0
2014-10-30,21.26,22.1,19.610001,22.1,11.524256,3400,0.0,0.0
2014-10-31,22.1,22.1,22.1,22.1,11.524256,0,0.0,0.0
2014-11-03,22.1,22.1,22.1,22.1,11.524256,0,0.0,0.0
2014-11-04,22.1,22.1,22.1,22.1,11.524256,0,0.0,0.0
2014-11-05,22.1,22.1,22.1,22.1,11.524256,0,0.0,0.0
2014-11-06,22.1,22.1,22.1,22.1,11.524256,100,0.0,0.0
2014-11-07,22.25,22.25,22.1,22.1,11.524256,400,0.0,0.0
2014-11-10,21.75,21.75,21.68,21.68,11.305241,300,0.0,0.0
2014-11-11,21.68,21.68,21.68,21.68,11.305241,0,0.0,0.0
2014-11-12,21.68,21.68,21.68,21.68,11.305241,0,0.0,0.0
2014-11-13,21.68,21.68,21.68,21.68,11.305241,0,0.0,0.0
2014-11-14,21.68,21.68,21.68,21.68,11.305241,0,0.0,0.0
2014-11-17,22.09,22.09,22.09,22.09,11.519033,200,0.0,0.0
2014-11-18,21.58,21.58,20.85,20.85,10.872429,400,0.0,0.0
2014-11-19,20.85,20.85,20.85,20.85,10.872429,0,0.0,0.0
2014-11-20,21.23,21.25,21.23,21.24,11.115779,500,0.075,0.0
2014-11-21,21.24,21.24,21.24,21.24,11.115779,0,0.0,0.0
2014-11-24,21.02,21.02,21.02,21.02,11.000646,100,0.0,0.0
2014-11-25,21.02,21.02,21.02,21.02,11.000646,0,0.0,0.0
2014-11-26,21.27,21.27,21.27,21.27,11.131483,200,0.0,0.0
2014-11-28,21.27,21.27,21.27,21.27,11.131483,0,0.0,0.0
2014-12-01,20.860001,20.860001,20.860001,20.860001,10.916911,100,0.0,0.0
2014-12-02,20.860001,20.860001,20.860001,20.860001,10.916911,0,0.0,0.0
2014-12-03,21.02,21.02,21.02,21.02,11.000646,100,0.0,0.0
2014-12-04,21.02,21.02,21.02,21.02,11.000646,0,0.0,0.0
2014-12-05,21.110001,21.110001,21.110001,21.110001,11.047747,0,0.0,0.0
2014-12-08,21.059999,21.23,21.0,21.01,10.995415,5300,0.0,0.0
2014-12-09,21.049999,21.74,21.049999,21.74,11.377451,200,0.0,0.0
2014-12-10,21.74,21.74,21.74,21.74,11.377451,0,0.0,0.0
2014-12-11,21.74,21.74,21.33,21.4,11.199516,600,0.0,0.0
2014-12-12,21.23,21.23,21.23,21.23,11.110547,100,0.0,0.0
2014-12-15,21.23,21.23,21.23,21.23,11.110547,0,0.0,0.0
2014-12-16,20.870001,20.870001,20.870001,20.870001,10.922147,0,0.0,0.0
2014-12-17,21.0,21.5,20.969999,21.5,11.251853,1400,0.0,0.0
2014-12-18,21.5,21.5,21.5,21.5,11.251853,0,0.0,0.0
2014-12-19,22.530001,23.15,22.530001,23.15,12.115368,1600,0.0,0.0
2014-12-22,22.469999,23.25,22.42,23.25,12.167701,800,0.0,0.0
2014-12-23,22.73,22.73,22.49,22.49,11.76996,300,0.0,0.0
2014-12-24,22.209999,22.209999,22.209999,22.209999,11.623425,100,0.0,0.0
2014-12-26,22.209999,22.209999,22.209999,22.209999,11.623425,0,0.0,0.0
2014-12-29,22.52,22.52,22.52,22.52,11.785661,0,0.0,0.0
2014-12-30,22.17,22.17,22.17,22.17,11.602493,0,0.0,0.0
2014-12-31,21.92,21.92,21.92,21.92,11.471659,200,0.0,0.0
2015-01-02,22.23,22.23,22.23,22.23,11.633888,200,0.0,0.0
2015-01-05,22.23,22.23,22.23,22.23,11.633888,0,0.0,0.0
2015-01-06,22.360001,22.360001,22.360001,22.360001,11.701923,0,0.0,0.0
2015-01-07,22.34,22.34,21.950001,21.950001,11.48736,300,0.0,0.0
2015-01-08,23.02,23.77,22.59,23.639999,12.371803,3800,0.0,0.0
2015-01-09,23.74,23.74,23.74,23.74,12.424138,100,0.0,0.0
2015-01-12,23.74,23.74,23.74,23.74,12.424138,0,0.0,0.0
2015-01-13,23.709999,23.709999,23.709999,23.709999,12.408436,100,0.0,0.0
2015-01-14,23.65,23.74,23.65,23.74,12.424138,200,0.0,0.0
2015-01-15,23.74,23.74,23.74,23.74,12.424138,0,0.0,0.0
2015-01-16,23.02,23.02,23.02,23.02,12.047328,0,0.0,0.0
2015-01-20,23.719999,23.719999,23.719999,23.719999,12.413671,0,0.0,0.0
2015-01-21,22.02,22.02,22.02,22.02,11.523992,0,0.0,0.0
2015-01-22,23.049999,23.049999,23.049999,23.049999,12.063033,0,0.0,0.0
2015-01-23,24.01,24.01,24.01,24.01,12.565434,100,0.0,0.0
2015-01-26,24.27,24.27,24.200001,24.200001,12.664875,1700,0.0,0.0
2015-01-27,24.200001,24.200001,24.200001,24.200001,12.664875,0,0.0,0.0
2015-01-28,24.59,24.59,24.59,24.59,12.868979,0,0.0,0.0
2015-01-29,23.879999,23.879999,23.879999,23.879999,12.497405,0,0.0,0.0
2015-01-30,25.23,25.23,25.23,25.23,13.203918,0,0.0,0.0
2015-02-02,24.32,24.32,24.32,24.32,12.727678,0,0.0,0.0
2015-02-03,24.83,24.83,24.83,24.83,12.994579,200,0.0,0.0
2015-02-04,24.709999,24.709999,24.67,24.709999,12.931777,1000,0.0,0.0
2015-02-05,25.219999,25.23,25.219999,25.23,13.203918,300,0.0,0.0
2015-02-06,25.23,25.23,25.23,25.23,13.203918,0,0.0,0.0
2015-02-09,25.530001,25.530001,25.530001,25.530001,13.360917,0,0.0,0.0
2015-02-10,25.389999,25.389999,25.389999,25.389999,13.28765,0,0.0,0.0
2015-02-11,25.780001,25.780001,25.780001,25.780001,13.49175,100,0.0,0.0
2015-02-12,25.84,25.870001,25.84,25.870001,13.538858,300,0.0,0.0
2015-02-13,25.799999,25.799999,25.799999,25.799999,13.502223,100,0.0,0.0
2015-02-17,25.66,25.66,25.66,25.66,13.428954,100,0.0,0.0
2015-02-18,25.0,25.0,25.0,25.0,13.083548,100,0.0,0.0
2015-02-19,25.0,25.0,25.0,25.0,13.083548,0,0.0,0.0
2015-02-20,25.15,25.15,25.15,25.15,13.162048,0,0.0,0.0
2015-02-23,25.26,25.26,25.26,25.26,13.219618,0,0.0,0.0
2015-02-24,24.67,24.67,22.6,23.76,12.434605,1500,0.0,0.0
2015-02-25,23.76,23.76,23.76,23.76,12.434605,0,0.0,0.0
2015-02-26,23.139999,23.139999,23.139999,23.139999,12.148475,0,0.075,0.0
2015-02-27,23.07,23.07,23.07,23.07,12.111726,0,0.0,0.0
2015-03-02,23.68,23.68,23.68,23.68,12.431982,100,0.0,0.0
2015-03-03,23.68,23.68,23.68,23.68,12.431982,0,0.0,0.0
2015-03-04,23.43,23.43,23.43,23.43,12.300728,0,0.0,0.0
2015-03-05,23.290001,23.290001,23.290001,23.290001,12.227231,0,0.0,0.0
2015-03-06,23.620001,23.620001,23.620001,23.620001,12.400478,0,0.0,0.0
2015-03-09,23.290001,23.290001,23.290001,23.290001,12.227231,0,0.0,0.0
2015-03-10,23.51,23.51,23.51,23.51,12.342726,0,0.0,0.0
2015-03-11,23.6,23.6,23.6,23.6,12.38998,0,0.0,0.0
2015-03-12,23.76,23.76,23.76,23.76,12.47398,0,0.0,0.0
2015-03-13,24.379999,24.379999,24.379999,24.379999,12.799473,0,0.0,0.0
2015-03-16,24.1,24.52,24.1,24.52,12.872981,200,0.0,0.0
2015-03-17,24.52,24.52,24.52,24.52,12.872981,0,0.0,0.0
2015-03-18,24.549999,24.549999,24.549999,24.549999,12.88873,0,0.0,0.0
2015-03-19,22.309999,22.309999,22.309999,22.309999,11.712729,0,0.0,0.0
2015-03-20,23.200001,23.200001,23.200001,23.200001,12.17998,800,0.0,0.0
2015-03-23,24.33,25.0,24.33,25.0,13.124977,500,0.0,0.0
2015-03-24,25.0,25.0,25.0,25.0,13.124977,0,0.0,0.0
2015-03-25,22.120001,22.120001,22.120001,22.120001,11.612981,0,0.0,0.0
2015-03-26,24.01,24.01,24.01,24.01,12.605225,100,0.0,0.0
2015-03-27,24.4,24.4,24.4,24.4,12.809978,100,0.0,0.0
2015-03-30,24.4,24.4,24.4,24.4,12.809978,0,0.0,0.0
2015-03-31,24.4,24.4,24.4,24.4,12.809978,0,0.0,0.0
2015-04-01,24.15,24.15,24.15,24.15,12.678725,100,0.0,0.0
2015-04-02,24.15,24.15,24.15,24.15,12.678725,0,0.0,0.0
2015-04-06,24.15,24.15,24.15,24.15,12.678725,0,0.0,0.0
2015-04-07,24.15,24.15,24.15,24.15,12.678725,0,0.0,0.0
2015-04-08,23.209999,23.209999,23.209999,23.209999,12.185233,100,0.0,0.0
2015-04-09,23.209999,23.209999,23.209999,23.209999,12.185233,0,0.0,0.0
2015-04-10,23.209999,23.209999,23.209999,23.209999,12.185233,0,0.0,0.0
2015-04-13,22.610001,22.610001,22.610001,22.610001,11.87023,100,0.0,0.0
2015-04-14,22.610001,22.610001,22.610001,22.610001,11.87023,0,0.0,0.0
2015-04-15,22.610001,22.610001,22.610001,22.610001,11.87023,0,0.0,0.0
2015-04-16,22.610001,22.610001,22.610001,22.610001,11.87023,0,0.0,0.0
2015-04-17,22.209999,22.209999,22.209999,22.209999,11.660232,200,0.0,0.0
2015-04-20,22.209999,22.209999,22.209999,22.209999,11.660232,0,0.0,0.0
2015-04-21,22.209999,22.209999,22.209999,22.209999,11.660232,0,0.0,0.0
2015-04-22,22.209999,22.209999,22.209999,22.209999,11.660232,0,0.0,0.0
2015-04-23,22.209999,22.209999,22.209999,22.209999,11.660232,0,0.0,0.0
2015-04-24,22.209999,22.209999,22.209999,22.209999,11.660232,0,0.0,0.0
2015-04-27,22.879999,22.879999,22.48,22.48,11.801977,300,0.0,0.0
2015-04-28,22.48,22.48,22.48,22.48,11.801977,0,0.0,0.0
2015-04-29,22.48,22.48,22.48,22.48,11.801977,0,0.0,0.0
2015-04-30,21.5,21.5,21.5,21.5,11.287482,100,0.0,0.0
2015-05-01,21.5,21.5,21.5,21.5,11.287482,0,0.0,0.0
2015-05-04,21.5,21.5,21.5,21.5,11.287482,0,0.0,0.0
2015-05-05,21.5,21.5,21.5,21.5,11.287482,0,0.0,0.0
2015-05-06,20.48,20.48,20.48,20.48,10.751983,100,0.0,0.0
2015-05-07,20.48,20.48,20.48,20.48,10.751983,0,0.0,0.0
2015-05-08,20.48,20.48,20.48,20.48,10.751983,0,0.0,0.0
2015-05-11,20.959999,20.98,20.959999,20.98,11.01448,600,0.0,0.0
2015-05-12,20.98,20.98,20.98,20.98,11.01448,0,0.0,0.0
2015-05-13,20.98,20.98,20.98,20.98,11.01448,0,0.0,0.0
2015-05-14,20.98,20.98,20.98,20.98,11.01448,0,0.0,0.0
2015-05-15,20.98,20.98,20.98,20.98,11.01448,0,0.0,0.0
2015-05-18,20.98,20.98,20.98,20.98,11.01448,0,0.0,0.0
2015-05-19,20.98,20.98,20.98,20.98,11.01448,0,0.0,0.0
2015-05-20,21.219999,21.219999,21.0,21.18,11.119479,1500,0.0,0.0
2015-05-21,21.299999,21.299999,21.299999,21.299999,11.182478,100,0.0,0.0
2015-05-22,21.35,21.35,21.02,21.02,11.074476,400,0.075,0.0
2015-05-26,21.02,21.02,21.02,21.02,11.074476,0,0.0,0.0
2015-05-27,21.02,21.02,21.02,21.02,11.074476,0,0.0,0.0
2015-05-28,21.129999,21.299999,21.129999,21.299999,11.22199,300,0.0,0.0
2015-05-29,21.299999,21.299999,21.299999,21.299999,11.22199,0,0.0,0.0
2015-06-01,21.299999,21.299999,21.299999,21.299999,11.22199,0,0.0,0.0
2015-06-02,21.299999,21.299999,21.299999,21.299999,11.22199,0,0.0,0.0
2015-06-03,21.299999,21.299999,21.299999,21.299999,11.22199,0,0.0,0.0
2015-06-04,21.299999,21.299999,21.299999,21.299999,11.22199,0,0.0,0.0
2015-06-05,21.299999,21.299999,21.299999,21.299999,11.22199,0,0.0,0.0
2015-06-08,21.299999,21.299999,21.299999,21.299999,11.22199,0,0.0,0.0
2015-06-09,21.040001,21.040001,21.040001,21.040001,11.085016,100,0.0,0.0
2015-06-10,21.25,21.790001,21.25,21.790001,11.480153,500,0.0,0.0
2015-06-11,22.049999,22.049999,22.049999,22.049999,11.617135,100,0.0,0.0
2015-06-12,22.26,22.26,22.26,22.26,11.727771,100,0.0,0.0
2015-06-15,22.01,22.01,22.01,22.01,11.596059,100,0.0,0.0
2015-06-16,22.01,22.01,22.01,22.01,11.596059,0,0.0,0.0
2015-06-17,22.01,22.01,22.01,22.01,11.596059,0,0.0,0.0
2015-06-18,22.299999,22.299999,22.299999,22.299999,11.748848,100,0.0,0.0
2015-06-19,22.299999,22.299999,22.299999,22.299999,11.748848,0,0.0,0.0
2015-06-22,22.299999,22.299999,22.299999,22.299999,11.748848,0,0.0,0.0
2015-06-23,22.299999,22.299999,22.299999,22.299999,11.748848,0,0.0,0.0
2015-06-24,22.25,22.25,22.25,22.25,11.722507,200,0.0,0.0
2015-06-25,22.25,22.25,22.25,22.25,11.722507,0,0.0,0.0
2015-06-26,22.25,22.25,22.25,22.25,11.722507,0,0.0,0.0
2015-06-29,22.040001,22.040001,21.620001,21.620001,11.390593,1600,0.0,0.0
2015-06-30,21.620001,21.620001,21.620001,21.620001,11.390593,0,0.0,0.0
2015-07-01,21.5,21.68,21.5,21.68,11.422201,200,0.0,0.0
2015-07-02,21.709999,21.780001,21.620001,21.620001,11.390593,700,0.0,0.0
2015-07-06,21.620001,21.620001,21.620001,21.620001,11.390593,0,0.0,0.0
2015-07-07,21.620001,21.620001,21.620001,21.620001,11.390593,0,0.0,0.0
2015-07-08,22.049999,22.200001,22.049999,22.200001,11.696164,200,0.0,0.0
2015-07-09,22.4,22.4,22.4,22.4,11.80153,200,0.0,0.0
2015-07-10,22.4,22.4,22.4,22.4,11.80153,0,0.0,0.0
2015-07-13,22.75,22.75,22.700001,22.73,11.975396,800,0.0,0.0
2015-07-14,22.73,22.73,22.73,22.73,11.975396,0,0.0,0.0
2015-07-15,23.030001,23.030001,23.030001,23.030001,12.133453,500,0.0,0.0
2015-07-16,23.030001,23.030001,23.030001,23.030001,12.133453,0,0.0,0.0
2015-07-17,23.030001,23.030001,23.030001,23.030001,12.133453,0,0.0,0.0
2015-07-20,23.030001,23.030001,23.030001,23.030001,12.133453,0,0.0,0.0
2015-07-21,23.030001,23.030001,23.030001,23.030001,12.133453,0,0.0,0.0
2015-07-22,23.030001,23.030001,23.030001,23.030001,12.133453,0,0.0,0.0
2015-07-23,23.030001,23.030001,23.030001,23.030001,12.133453,0,0.0,0.0
2015-07-24,23.030001,23.030001,23.030001,23.030001,12.133453,0,0.0,0.0
2015-07-27,22.5,22.5,22.309999,22.309999,11.754115,200,0.0,0.0
2015-07-28,22.4,22.4,22.309999,22.309999,11.754115,200,0.0,0.0
2015-07-29,22.75,22.75,22.75,22.75,11.98593,100,0.0,0.0
2015-07-30,22.75,22.75,22.75,22.75,11.98593,0,0.0,0.0
2015-07-31,22.75,22.75,22.75,22.75,11.98593,0,0.0,0.0
2015-08-03,22.01,22.01,21.98,21.98,11.580255,300,0.0,0.0
2015-08-04,21.98,21.98,21.98,21.98,11.580255,0,0.0,0.0
2015-08-05,21.98,21.98,21.98,21.98,11.580255,0,0.0,0.0
2015-08-06,21.98,21.98,21.98,21.98,11.580255,0,0.0,0.0
2015-08-07,21.98,21.98,21.98,21.98,11.580255,0,0.0,0.0
2015-08-10,21.98,21.98,21.98,21.98,11.580255,0,0.0,0.0
2015-08-11,21.98,21.98,21.98,21.98,11.580255,0,0.0,0.0
2015-08-12,21.98,21.98,21.98,21.98,11.580255,0,0.0,0.0
2015-08-13,21.98,21.98,21.98,21.98,11.580255,0,0.0,0.0
2015-08-14,23.049999,23.23,23.049999,23.23,12.238827,200,0.0,0.0
2015-08-17,22.969999,22.969999,22.969999,22.969999,12.10184,100,0.0,0.0
2015-08-18,23.65,23.65,23.65,23.65,12.460099,200,0.0,0.0
2015-08-19,23.65,23.65,23.65,23.65,12.460099,0,0.0,0.0
2015-08-20,23.65,23.65,23.65,23.65,12.460099,0,0.0,0.0
2015-08-21,23.65,23.65,23.65,23.65,12.460099,0,0.0,0.0
2015-08-24,23.65,23.65,23.65,23.65,12.510354,0,0.095,0.0
2015-08-25,23.65,23.65,23.65,23.65,12.510354,0,0.0,0.0
2015-08-26,23.65,23.65,23.65,23.65,12.510354,0,0.0,0.0
2015-08-27,23.65,23.65,23.65,23.65,12.510354,0,0.0,0.0
2015-08-28,23.65,23.65,23.65,23.65,12.510354,0,0.0,0.0
2015-08-31,23.299999,23.299999,23.16,23.16,12.251161,300,0.0,0.0
2015-09-01,23.16,23.16,23.16,23.16,12.251161,0,0.0,0.0
2015-09-02,23.16,23.16,23.16,23.16,12.251161,0,0.0,0.0
2015-09-03,23.16,23.16,23.16,23.16,12.251161,0,0.0,0.0
2015-09-04,23.16,23.16,23.16,23.16,12.251161,0,0.0,0.0
2015-09-08,23.15,23.77,23.15,23.77,12.573836,1900,0.0,0.0
2015-09-09,23.629999,23.629999,23.370001,23.389999,12.372817,2800,0.0,0.0
2015-09-10,23.379999,23.379999,23.379999,23.379999,12.36753,100,0.0,0.0
2015-09-11,23.379999,23.379999,23.379999,23.379999,12.36753,0,0.0,0.0
2015-09-14,23.629999,23.629999,23.629999,23.629999,12.499771,100,0.0,0.0
2015-09-15,23.559999,23.559999,23.559999,23.559999,12.46275,300,0.0,0.0
2015-09-16,23.49,23.610001,22.9,23.610001,12.489196,2300,0.0,0.0
2015-09-17,23.77,23.860001,23.77,23.799999,12.589704,2000,0.0,0.0
2015-09-18,23.799999,23.799999,23.799999,23.799999,12.589704,0,0.0,0.0
2015-09-21,23.799999,23.799999,23.799999,23.799999,12.589704,0,0.0,0.0
2015-09-22,23.799999,23.799999,23.799999,23.799999,12.589704,0,0.0,0.0
2015-09-23,23.799999,23.799999,23.799999,23.799999,12.589704,0,0.0,0.0
2015-09-24,23.799999,23.799999,23.799999,23.799999,12.589704,0,0.0,0.0
2015-09-25,23.799999,23.799999,23.799999,23.799999,12.589704,0,0.0,0.0
2015-09-28,23.799999,23.799999,23.799999,23.799999,12.589704,0,0.0,0.0
2015-09-29,23.799999,23.799999,23.799999,23.799999,12.589704,0,0.0,0.0
2015-09-30,23.799999,23.799999,23.799999,23.799999,12.589704,0,0.0,0.0
2015-10-01,22.700001,22.700001,22.700001,22.700001,12.007829,100,0.0,0.0
2015-10-02,22.42,22.42,22.42,22.42,11.859715,100,0.0,0.0
2015-10-05,22.42,22.42,22.42,22.42,11.859715,0,0.0,0.0
2015-10-06,23.51,23.51,23.200001,23.200001,12.272314,600,0.0,0.0
2015-10-07,23.450001,23.459999,23.450001,23.459999,12.409853,600,0.0,0.0
2015-10-08,23.459999,23.459999,23.459999,23.459999,12.409853,0,0.0,0.0
2015-10-09,23.459999,23.459999,23.459999,23.459999,12.409853,0,0.0,0.0
2015-10-12,23.0,23.01,22.709999,23.01,12.171811,800,0.0,0.0
2015-10-13,23.01,23.01,23.01,23.01,12.171811,0,0.0,0.0
2015-10-14,22.549999,22.549999,22.549999,22.549999,11.928479,300,0.0,0.0
2015-10-15,22.549999,22.549999,22.549999,22.549999,11.928479,0,0.0,0.0
2015-10-16,22.549999,22.549999,22.549999,22.549999,11.928479,0,0.0,0.0
2015-10-19,22.549999,22.549999,22.549999,22.549999,11.928479,0,0.0,0.0
2015-10-20,22.549999,22.549999,22.549999,22.549999,11.928479,0,0.0,0.0
2015-10-21,22.549999,22.549999,22.549999,22.549999,11.928479,0,0.0,0.0
2015-10-22,22.549999,22.549999,22.549999,22.549999,11.928479,0,0.0,0.0
2015-10-23,22.549999,22.549999,22.549999,22.549999,11.928479,0,0.0,0.0
2015-10-26,22.549999,22.549999,22.549999,22.549999,11.928479,0,0.0,0.0
2015-10-27,22.549999,22.549999,22.549999,22.549999,11.928479,0,0.0,0.0
2015-10-28,22.549999,22.549999,22.549999,22.549999,11.928479,0,0.0,0.0
2015-10-29,22.549999,22.549999,22.549999,22.549999,11.928479,0,0.0,0.0
2015-10-30,22.549999,22.549999,22.549999,22.549999,11.928479,0,0.0,0.0
2015-11-02,22.549999,22.549999,22.549999,22.549999,11.928479,0,0.0,0.0
2015-11-03,22.549999,22.549999,22.549999,22.549999,11.928479,0,0.0,0.0
2015-11-04,22.549999,22.549999,22.549999,22.549999,11.928479,0,0.0,0.0
2015-11-05,22.549999,22.549999,22.549999,22.549999,11.928479,0,0.0,0.0
2015-11-06,22.549999,22.549999,22.549999,22.549999,11.928479,0,0.0,0.0
2015-11-09,22.549999,22.549999,22.549999,22.549999,11.928479,0,0.0,0.0
2015-11-10,22.549999,22.549999,22.549999,22.549999,11.928479,0,0.0,0.0
2015-11-11,22.549999,22.549999,22.549999,22.549999,11.928479,0,0.0,0.0
2015-11-12,22.549999,22.549999,22.549999,22.549999,11.928479,0,0.0,0.0
2015-11-13,22.549999,22.549999,22.549999,22.549999,11.928479,0,0.0,0.0
2015-11-16,22.5,23.16,22.5,23.16,12.251161,500,0.0,0.0
2015-11-17,23.0,23.0,23.0,23.0,12.16652,200,0.0,0.0
2015-11-18,23.0,23.0,23.0,23.0,12.16652,0,0.0,0.0
2015-11-19,23.0,23.0,23.0,23.0,12.16652,0,0.0,0.0
2015-11-20,23.0,23.0,23.0,23.0,12.16652,0,0.0,0.0
2015-11-23,23.0,23.0,23.0,23.0,12.216981,0,0.095,0.0
2015-11-24,23.0,23.0,23.0,23.0,12.216981,0,0.0,0.0
2015-11-25,23.0,23.0,23.0,23.0,12.216981,0,0.0,0.0
2015-11-27,24.01,24.309999,24.01,24.309999,12.912816,200,0.0,0.0
2015-11-30,24.309999,24.309999,24.309999,24.309999,12.912816,0,0.0,0.0
2015-12-01,24.309999,24.309999,24.309999,24.309999,12.912816,0,0.0,0.0
2015-12-02,24.07,24.1,24.07,24.1,12.80127,200,0.0,0.0
2015-12-03,24.1,24.1,24.1,24.1,12.80127,0,0.0,0.0
2015-12-04,24.1,24.1,24.1,24.1,12.80127,0,0.0,0.0
2015-12-07,24.1,24.1,24.1,24.1,12.80127,0,0.0,0.0
2015-12-08,23.129999,23.129999,23.129999,23.129999,12.286032,100,0.0,0.0
2015-12-09,23.129999,23.129999,23.129999,23.129999,12.286032,0,0.0,0.0
2015-12-10,23.129999,23.129999,23.129999,23.129999,12.286032,0,0.0,0.0
2015-12-11,22.85,22.85,22.25,22.25,11.818601,400,0.0,0.0
2015-12-14,22.0,22.0,21.68,21.68,11.515833,200,0.0,0.0
2015-12-15,21.84,22.17,21.84,22.17,11.776107,300,0.0,0.0
2015-12-16,22.17,22.17,22.17,22.17,11.776107,0,0.0,0.0
2015-12-17,22.17,22.17,22.17,22.17,11.776107,0,0.0,0.0
2015-12-18,21.09,21.09,21.09,21.09,11.202435,100,0.0,0.0
2015-12-21,21.09,21.09,21.09,21.09,11.202435,0,0.0,0.0
2015-12-22,21.09,21.09,21.09,21.09,11.202435,0,0.0,0.0
2015-12-23,21.09,21.09,21.09,21.09,11.202435,0,0.0,0.0
2015-12-24,21.09,21.09,21.09,21.09,11.202435,0,0.0,0.0
2015-12-28,21.5,21.5,21.5,21.5,11.420219,500,0.0,0.0
2015-12-29,21.5,21.5,21.5,21.5,11.420219,0,0.0,0.0
2015-12-30,21.5,21.5,21.5,21.5,11.420219,0,0.0,0.0
2015-12-31,21.5,21.5,21.5,21.5,11.420219,0,0.0,0.0
2016-01-04,21.5,21.5,21.5,21.5,11.420219,0,0.0,0.0
2016-01-05,21.5,21.5,21.5,21.5,11.420219,0,0.0,0.0
2016-01-06,20.450001,20.450001,20.450001,20.450001,10.86249,100,0.0,0.0
2016-01-07,20.450001,20.450001,20.450001,20.450001,10.86249,0,0.0,0.0
2016-01-08,19.5,19.5,19.5,19.5,10.357876,100,0.0,0.0
2016-01-11,19.299999,19.5,19.299999,19.5,10.357876,900,0.0,0.0
2016-01-12,19.5,19.5,19.5,19.5,10.357876,0,0.0,0.0
2016-01-13,19.5,19.5,19.5,19.5,10.357876,0,0.0,0.0
2016-01-14,19.5,19.5,19.5,19.5,10.357876,0,0.0,0.0
2016-01-15,19.5,19.5,19.5,19.5,10.357876,0,0.0,0.0
2016-01-19,19.5,19.5,19.5,19.5,10.357876,0,0.0,0.0
2016-01-20,18.549999,18.549999,18.0,18.42,9.784205,500,0.0,0.0
2016-01-21,18.42,18.42,18.42,18.42,9.784205,0,0.0,0.0
2016-01-22,18.42,18.42,18.42,18.42,9.784205,0,0.0,0.0
2016-01-25,18.42,18.42,18.42,18.42,9.784205,0,0.0,0.0
2016-01-26,18.42,18.42,18.42,18.42,9.784205,0,0.0,0.0
2016-01-27,18.42,18.42,18.42,18.42,9.784205,0,0.0,0.0
2016-01-28,18.42,18.42,18.42,18.42,9.784205,0,0.0,0.0
2016-01-29,18.42,18.42,18.42,18.42,9.784205,0,0.0,0.0
2016-02-01,18.42,18.42,18.42,18.42,9.784205,0,0.0,0.0
2016-02-02,18.42,18.42,18.42,18.42,9.784205,0,0.0,0.0
2016-02-03,18.42,18.42,18.42,18.42,9.784205,0,0.0,0.0
2016-02-04,18.42,18.42,18.42,18.42,9.784205,0,0.0,0.0
2016-02-05,18.42,18.42,18.42,18.42,9.784205,0,0.0,0.0
2016-02-08,18.42,18.42,18.42,18.42,9.784205,0,0.0,0.0
2016-02-09,18.42,18.42,18.42,18.42,9.784205,0,0.0,0.0
2016-02-10,18.42,18.42,18.42,18.42,9.784205,0,0.0,0.0
2016-02-11,17.52,17.709999,17.52,17.709999,9.407075,200,0.0,0.0
2016-02-12,17.65,17.780001,17.65,17.77,9.438947,700,0.0,0.0
2016-02-16,17.77,17.77,17.77,17.77,9.438947,0,0.0,0.0
2016-02-17,18.629999,18.629999,18.629999,18.629999,9.895755,100,0.0,0.0
2016-02-18,18.549999,18.549999,18.549999,18.549999,9.85326,300,0.0,0.0
2016-02-19,18.549999,18.549999,18.549999,18.549999,9.85326,0,0.0,0.0
2016-02-22,18.549999,18.549999,18.549999,18.549999,9.85326,0,0.0,0.0
2016-02-23,19.299999,19.299999,19.299999,19.299999,10.251639,100,0.0,0.0
2016-02-24,19.299999,19.299999,19.299999,19.299999,10.251639,0,0.0,0.0
2016-02-25,19.299999,19.299999,19.299999,19.299999,10.251639,0,0.0,0.0
2016-02-26,19.0,19.0,19.0,19.0,10.09229,100,0.0,0.0
2016-02-29,19.0,19.0,19.0,19.0,10.09229,0,0.0,0.0
2016-03-01,19.0,19.0,19.0,19.0,10.09229,0,0.0,0.0
2016-03-02,19.92,20.23,19.92,20.23,10.745632,200,0.0,0.0
2016-03-03,20.540001,20.540001,20.530001,20.540001,10.910296,300,0.0,0.0
2016-03-04,20.540001,20.540001,20.540001,20.540001,10.96099,0,0.095,0.0
2016-03-07,20.540001,20.540001,20.540001,20.540001,10.96099,0,0.0,0.0
2016-03-08,20.620001,20.620001,20.620001,20.620001,11.003683,200,0.0,0.0
2016-03-09,20.620001,20.620001,20.620001,20.620001,11.003683,0,0.0,0.0
2016-03-10,20.620001,20.620001,20.620001,20.620001,11.003683,0,0.0,0.0
2016-03-11,20.620001,20.620001,20.620001,20.620001,11.003683,0,0.0,0.0
2016-03-14,20.620001,20.620001,20.620001,20.620001,11.003683,0,0.0,0.0
2016-03-15,20.620001,20.620001,20.620001,20.620001,11.003683,0,0.0,0.0
2016-03-16,20.620001,20.620001,20.620001,20.620001,11.003683,0,0.0,0.0
2016-03-17,20.620001,20.620001,20.620001,20.620001,11.003683,0,0.0,0.0
2016-03-18,21.620001,21.73,21.200001,21.200001,11.313193,500,0.0,0.0
2016-03-21,21.200001,21.200001,21.200001,21.200001,11.313193,0,0.0,0.0
2016-03-22,21.200001,21.200001,21.200001,21.200001,11.313193,0,0.0,0.0
2016-03-23,20.209999,20.209999,20.17,20.17,10.763541,200,0.0,0.0
2016-03-24,20.42,20.42,20.42,20.42,10.896955,100,0.0,0.0
2016-03-28,20.42,20.42,20.42,20.42,10.896955,0,0.0,0.0
2016-03-29,20.42,20.42,20.42,20.42,10.896955,0,0.0,0.0
2016-03-30,21.41,21.41,21.41,21.41,11.425261,100,0.0,0.0
2016-03-31,21.41,21.41,21.41,21.41,11.425261,0,0.0,0.0
2016-04-01,21.41,21.41,21.41,21.41,11.425261,0,0.0,0.0
2016-04-04,20.92,20.92,20.92,20.92,11.163776,100,0.0,0.0
2016-04-05,20.41,20.41,20.370001,20.370001,10.87027,300,0.0,0.0
2016-04-06,20.15,20.15,20.15,20.15,10.752872,100,0.0,0.0
2016-04-07,19.91,20.0,18.98,18.98,10.128512,2800,0.0,0.0
2016-04-08,18.98,18.98,18.98,18.98,10.128512,0,0.0,0.0
2016-04-11,18.98,18.98,18.98,18.98,10.128512,0,0.0,0.0
2016-04-12,18.98,18.98,18.98,18.98,10.128512,0,0.0,0.0
2016-04-13,19.299999,19.299999,19.299999,19.299999,10.299277,200,0.0,0.0
2016-04-14,19.299999,19.299999,19.299999,19.299999,10.299277,0,0.0,0.0
2016-04-15,19.299999,19.299999,19.299999,19.299999,10.299277,0,0.0,0.0
2016-04-18,19.299999,19.299999,19.299999,19.299999,10.299277,0,0.0,0.0
2016-04-19,19.299999,19.299999,19.299999,19.299999,10.299277,0,0.0,0.0
2016-04-20,18.76,19.110001,18.76,19.110001,10.197883,600,0.0,0.0
2016-04-21,18.93,18.93,18.93,18.93,10.10183,100,0.0,0.0
2016-04-22,18.9,18.9,18.9,18.9,10.085819,100,0.0,0.0
2016-04-25,18.9,18.9,18.9,18.9,10.085819,0,0.0,0.0
2016-04-26,18.9,18.9,18.9,18.9,10.085819,0,0.0,0.0
2016-04-27,18.9,18.9,18.9,18.9,10.085819,0,0.0,0.0
2016-04-28,18.9,18.9,18.9,18.9,10.085819,0,0.0,0.0
2016-04-29,18.9,18.9,18.9,18.9,10.085819,0,0.0,0.0
2016-05-02,18.9,18.9,18.9,18.9,10.085819,0,0.0,0.0
2016-05-03,18.0,18.0,16.9,17.879999,9.541507,800,0.0,0.0
2016-05-04,18.120001,18.129999,18.120001,18.129999,9.674916,200,0.0,0.0
2016-05-05,18.129999,18.129999,18.129999,18.129999,9.674916,0,0.0,0.0
2016-05-06,18.129999,18.129999,18.129999,18.129999,9.674916,0,0.0,0.0
2016-05-09,18.4,18.5,18.4,18.5,9.872365,300,0.0,0.0
2016-05-10,18.5,18.5,18.5,18.5,9.872365,0,0.0,0.0
2016-05-11,18.5,18.5,18.5,18.5,9.872365,0,0.0,0.0
2016-05-12,18.5,18.5,18.5,18.5,9.872365,0,0.0,0.0
2016-05-13,18.5,18.5,18.5,18.5,9.872365,0,0.0,0.0
2016-05-16,18.040001,18.040001,17.85,17.85,9.525494,300,0.0,0.0
2016-05-17,17.85,17.85,17.85,17.85,9.525494,0,0.0,0.0
2016-05-18,17.85,17.85,17.85,17.85,9.525494,0,0.0,0.0
2016-05-19,17.85,17.85,17.85,17.85,9.525494,0,0.0,0.0
2016-05-20,17.85,17.85,17.85,17.85,9.525494,0,0.0,0.0
2016-05-23,17.85,17.85,17.85,17.85,9.576463,0,0.095,0.0
2016-05-24,18.15,18.15,18.15,18.15,9.737413,200,0.0,0.0
2016-05-25,18.15,18.15,18.15,18.15,9.737413,0,0.0,0.0
2016-05-26,18.15,18.15,18.15,18.15,9.737413,0,0.0,0.0
2016-05-27,18.51,18.559999,18.51,18.559999,9.957375,200,0.0,0.0
2016-05-31,18.530001,18.530001,18.530001,18.530001,9.941281,300,0.0,0.0
2016-06-01,18.530001,18.530001,18.530001,18.530001,9.941281,0,0.0,0.0
2016-06-02,18.530001,18.530001,18.530001,18.530001,9.941281,0,0.0,0.0
2016-06-03,18.530001,18.530001,18.530001,18.530001,9.941281,0,0.0,0.0
2016-06-06,18.530001,18.530001,18.530001,18.530001,9.941281,0,0.0,0.0
2016-06-07,18.530001,18.530001,18.530001,18.530001,9.941281,0,0.0,0.0
2016-06-08,18.530001,18.530001,18.530001,18.530001,9.941281,0,0.0,0.0
2016-06-09,18.530001,18.530001,18.530001,18.530001,9.941281,0,0.0,0.0
2016-06-10,18.530001,18.530001,18.530001,18.530001,9.941281,0,0.0,0.0
2016-06-13,18.23,18.23,17.93,17.93,9.619383,300,0.0,0.0
2016-06-14,17.93,18.02,17.9,17.9,9.603288,700,0.0,0.0
2016-06-15,18.23,18.23,18.200001,18.200001,9.764236,200,0.0,0.0
2016-06-16,18.200001,18.200001,18.200001,18.200001,9.764236,0,0.0,0.0
2016-06-17,18.200001,18.200001,18.200001,18.200001,9.764236,0,0.0,0.0
2016-06-20,18.200001,18.200001,18.200001,18.200001,9.764236,0,0.0,0.0
2016-06-21,18.200001,18.200001,18.200001,18.200001,9.764236,0,0.0,0.0
2016-06-22,18.200001,18.200001,18.200001,18.200001,9.764236,0,0.0,0.0
2016-06-23,18.200001,18.200001,18.200001,18.200001,9.764236,0,0.0,0.0
2016-06-24,18.200001,18.200001,18.200001,18.200001,9.764236,0,0.0,0.0
2016-06-27,17.07,17.07,17.07,17.07,9.157998,100,0.0,0.0
2016-06-28,17.07,17.07,17.07,17.07,9.157998,0,0.0,0.0
2016-06-29,17.07,17.07,17.07,17.07,9.157998,0,0.0,0.0
2016-06-30,17.860001,17.9,17.66,17.9,9.603288,500,0.0,0.0
2016-07-01,17.9,17.9,17.9,17.9,9.603288,0,0.0,0.0
2016-07-05,17.9,17.9,17.9,17.9,9.603288,0,0.0,0.0
2016-07-06,17.9,17.9,17.9,17.9,9.603288,0,0.0,0.0
2016-07-07,17.9,17.9,17.9,17.9,9.603288,0,0.0,0.0
2016-07-08,17.9,17.9,17.9,17.9,9.603288,0,0.0,0.0
2016-07-11,17.9,17.9,17.9,17.9,9.603288,0,0.0,0.0
2016-07-12,18.77,18.91,18.77,18.91,10.145148,200,0.0,0.0
2016-07-13,18.91,18.91,18.91,18.91,10.145148,0,0.0,0.0
2016-07-14,18.91,18.91,18.91,18.91,10.145148,0,0.0,0.0
2016-07-15,18.91,18.91,18.91,18.91,10.145148,0,0.0,0.0
2016-07-18,18.389999,18.6,18.33,18.51,9.93055,7300,0.0,0.0
2016-07-19,18.51,18.51,18.51,18.51,9.93055,0,0.0,0.0
2016-07-20,18.51,18.51,18.51,18.51,9.93055,0,0.0,0.0
2016-07-21,18.51,18.51,18.51,18.51,9.93055,0,0.0,0.0
2016-07-22,18.51,18.51,18.51,18.51,9.93055,0,0.0,0.0
2016-07-25,18.51,18.51,18.51,18.51,9.93055,0,0.0,0.0
2016-07-26,18.51,18.51,18.51,18.51,9.93055,0,0.0,0.0
2016-07-27,18.51,18.51,18.51,18.51,9.93055,0,0.0,0.0
2016-07-28,18.51,18.51,18.51,18.51,9.93055,0,0.0,0.0
2016-07-29,18.51,18.51,18.51,18.51,9.93055,0,0.0,0.0
2016-08-01,18.51,18.51,18.51,18.51,9.93055,0,0.0,0.0
2016-08-02,21.719999,21.719999,20.1,20.1,10.78358,1300,0.0,0.0
2016-08-03,20.0,20.0,19.940001,19.940001,10.69774,600,0.0,0.0
2016-08-04,19.940001,19.940001,19.940001,19.940001,10.69774,0,0.0,0.0
2016-08-05,19.940001,19.940001,19.940001,19.940001,10.69774,0,0.0,0.0
2016-08-08,20.389999,20.42,20.1,20.42,10.955261,600,0.0,0.0
2016-08-09,20.42,20.42,20.42,20.42,10.955261,0,0.0,0.0
2016-08-10,20.42,20.42,20.42,20.42,10.955261,0,0.0,0.0
2016-08-11,20.42,20.42,20.42,20.42,10.955261,0,0.0,0.0
2016-08-12,20.42,20.42,20.42,20.42,10.955261,0,0.0,0.0
2016-08-15,20.790001,20.85,20.790001,20.85,11.185955,500,0.0,0.0
2016-08-16,20.0,20.0,20.0,20.0,10.729932,100,0.0,0.0
2016-08-17,20.190001,20.190001,20.190001,20.190001,10.831865,200,0.0,0.0
2016-08-18,20.190001,20.190001,20.190001,20.190001,10.831865,0,0.0,0.0
2016-08-19,20.190001,20.190001,20.190001,20.190001,10.831865,0,0.0,0.0
2016-08-22,20.190001,20.190001,20.190001,20.190001,10.89283,0,0.113,0.0
2016-08-23,20.190001,20.190001,20.190001,20.190001,10.89283,0,0.0,0.0
2016-08-24,20.190001,20.190001,20.190001,20.190001,10.89283,0,0.0,0.0
2016-08-25,20.190001,20.190001,20.190001,20.190001,10.89283,0,0.0,0.0
2016-08-26,20.190001,20.190001,20.190001,20.190001,10.89283,0,0.0,0.0
2016-08-29,20.190001,20.190001,20.190001,20.190001,10.89283,0,0.0,0.0
2016-08-30,20.190001,20.190001,20.190001,20.190001,10.89283,0,0.0,0.0
2016-08-31,19.889999,19.9,19.75,19.9,10.736373,400,0.0,0.0
2016-09-01,19.9,19.9,19.9,19.9,10.736373,0,0.0,0.0
2016-09-02,19.5,19.5,19.5,19.5,10.520569,200,0.0,0.0
2016-09-06,19.5,19.5,19.5,19.5,10.520569,0,0.0,0.0
2016-09-07,19.5,19.5,19.5,19.5,10.520569,0,0.0,0.0
2016-09-08,19.5,19.5,19.5,19.5,10.520569,0,0.0,0.0
2016-09-09,19.85,19.85,19.85,19.85,10.709393,100,0.0,0.0
2016-09-12,19.049999,19.66,19.049999,19.66,10.606884,600,0.0,0.0
2016-09-13,19.66,19.66,19.66,19.66,10.606884,0,0.0,0.0
2016-09-14,19.610001,19.610001,19.610001,19.610001,10.57991,100,0.0,0.0
2016-09-15,18.940001,18.940001,18.940001,18.940001,10.218436,200,0.0,0.0
2016-09-16,19.450001,19.450001,19.450001,19.450001,10.493588,100,0.0,0.0
2016-09-19,19.450001,19.450001,19.450001,19.450001,10.493588,0,0.0,0.0
2016-09-20,19.450001,19.450001,19.450001,19.450001,10.493588,0,0.0,0.0
2016-09-21,19.450001,19.450001,19.450001,19.450001,10.493588,0,0.0,0.0
2016-09-22,20.42,20.42,20.42,20.42,11.016921,100,0.0,0.0
2016-09-23,20.110001,20.110001,20.110001,20.110001,10.849668,100,0.0,0.0
2016-09-26,20.32,20.32,20.32,20.32,10.962966,300,0.0,0.0
2016-09-27,20.32,20.32,20.32,20.32,10.962966,0,0.0,0.0
2016-09-28,19.889999,19.9,19.889999,19.9,10.736373,300,0.0,0.0
2016-09-29,19.889999,19.889999,19.889999,19.889999,10.730977,200,0.0,0.0
2016-09-30,19.889999,19.889999,19.889999,19.889999,10.730977,0,0.0,0.0
2016-10-03,19.889999,19.889999,19.889999,19.889999,10.730977,0,0.0,0.0
2016-10-04,19.889999,19.889999,19.889999,19.889999,10.730977,0,0.0,0.0
2016-10-05,19.629999,19.629999,19.629999,19.629999,10.590703,200,0.0,0.0
2016-10-06,19.629999,19.629999,19.629999,19.629999,10.590703,0,0.0,0.0
2016-10-07,19.629999,19.629999,19.629999,19.629999,10.590703,0,0.0,0.0
2016-10-10,18.940001,18.940001,17.040001,18.0,9.711287,2500,0.0,0.0
2016-10-11,17.530001,17.530001,17.530001,17.530001,9.457719,400,0.0,0.0
2016-10-12,17.530001,17.530001,17.530001,17.530001,9.457719,0,0.0,0.0
2016-10-13,17.530001,17.530001,17.530001,17.530001,9.457719,0,0.0,0.0
2016-10-14,17.530001,17.530001,17.530001,17.530001,9.457719,0,0.0,0.0
2016-10-17,17.530001,17.530001,17.530001,17.530001,9.457719,0,0.0,0.0
2016-10-18,17.530001,17.530001,17.530001,17.530001,9.457719,0,0.0,0.0
2016-10-19,18.040001,18.040001,18.040001,18.040001,9.732867,300,0.0,0.0
2016-10-20,18.040001,18.040001,18.040001,18.040001,9.732867,0,0.0,0.0
2016-10-21,18.040001,18.040001,18.040001,18.040001,9.732867,0,0.0,0.0
2016-10-24,18.040001,18.040001,18.040001,18.040001,9.732867,0,0.0,0.0
2016-10-25,18.040001,18.040001,18.040001,18.040001,9.732867,0,0.0,0.0
2016-10-26,18.040001,18.040001,18.040001,18.040001,9.732867,0,0.0,0.0
2016-10-27,18.040001,18.040001,18.040001,18.040001,9.732867,0,0.0,0.0
2016-10-28,18.040001,18.040001,18.040001,18.040001,9.732867,0,0.0,0.0
2016-10-31,18.040001,18.040001,18.040001,18.040001,9.732867,0,0.0,0.0
2016-11-01,18.040001,18.040001,18.040001,18.040001,9.732867,0,0.0,0.0
2016-11-02,18.85,19.200001,18.85,19.200001,10.358709,300,0.0,0.0
2016-11-03,19.200001,19.200001,19.200001,19.200001,10.358709,0,0.0,0.0
2016-11-04,19.200001,19.200001,19.200001,19.200001,10.358709,0,0.0,0.0
2016-11-07,19.65,19.65,19.65,19.65,10.601493,100,0.0,0.0
2016-11-08,19.65,19.65,19.65,19.65,10.601493,0,0.0,0.0
2016-11-09,20.65,20.65,20.65,20.65,11.141007,100,0.0,0.0
2016-11-10,21.299999,21.75,21.299999,21.700001,11.707497,900,0.0,0.0
2016-11-11,21.700001,21.700001,21.700001,21.700001,11.707497,0,0.0,0.0
2016-11-14,21.700001,21.700001,21.700001,21.700001,11.707497,0,0.0,0.0
2016-11-15,21.700001,21.700001,21.700001,21.700001,11.707497,0,0.0,0.0
2016-11-16,21.700001,21.700001,21.700001,21.700001,11.707497,0,0.0,0.0
2016-11-17,21.700001,21.700001,21.700001,21.700001,11.707497,0,0.0,0.0
2016-11-18,22.110001,22.75,21.75,22.700001,12.247015,1500,0.0,0.0
2016-11-21,22.700001,22.700001,22.700001,22.700001,12.848696,0,1.063,0.0
2016-11-22,22.700001,22.700001,22.700001,22.700001,12.848696,0,0.0,0.0
2016-11-23,22.700001,22.700001,22.700001,22.700001,12.848696,0,0.0,0.0
2016-11-25,21.75,21.75,21.75,21.75,12.310979,300,0.0,0.0
2016-11-28,21.75,21.75,21.75,21.75,12.310979,0,0.0,0.0
2016-11-29,21.75,21.75,21.75,21.75,12.310979,0,0.0,0.0
2016-11-30,21.6,21.6,21.6,21.6,12.226075,200,0.0,0.0
2016-12-01,21.6,21.6,21.6,21.6,12.226075,0,0.0,0.0
2016-12-02,21.6,21.6,21.6,21.6,12.226075,0,0.0,0.0
2016-12-05,21.6,21.6,21.6,21.6,12.226075,0,0.0,0.0
2016-12-06,22.049999,22.200001,22.049999,22.200001,12.565684,1400,0.0,0.0
2016-12-07,22.549999,22.549999,22.549999,22.549999,12.763792,200,0.0,0.0
2016-12-08,22.549999,22.549999,22.549999,22.549999,12.763792,0,0.0,0.0
2016-12-09,22.9,23.299999,22.9,23.299999,13.18831,2300,0.0,0.0
2016-12-12,23.6,23.950001,23.6,23.950001,13.556224,300,0.0,0.0
2016-12-13,24.299999,24.4,24.049999,24.049999,13.612825,900,0.0,0.0
2016-12-14,23.9,23.9,23.700001,23.700001,13.414717,1400,0.0,0.0
2016-12-15,23.65,23.700001,23.65,23.65,13.386415,1300,0.0,0.0
2016-12-16,23.65,23.65,23.65,23.65,13.386415,0,0.0,0.0
2016-12-19,24.110001,24.110001,24.110001,24.110001,13.64679,100,0.0,0.0
2016-12-20,24.110001,24.110001,24.110001,24.110001,13.64679,0,0.0,0.0
2016-12-21,24.0,24.41,24.0,24.35,13.782635,1900,0.0,0.0
2016-12-22,24.35,24.35,24.35,24.35,13.782635,0,0.0,0.0
2016-12-23,24.0,24.0,23.35,23.5,13.301511,600,0.0,0.0
2016-12-27,23.9,23.9,23.6,23.6,13.358118,300,0.0,0.0
2016-12-28,23.6,23.6,23.6,23.6,13.358118,0,0.0,0.0
2016-12-29,23.6,23.6,23.6,23.6,13.358118,0,0.0,0.0
2016-12-30,23.6,23.6,23.6,23.6,13.358118,0,0.0,0.0
2017-01-03,23.6,23.6,23.6,23.6,13.358118,0,0.0,0.0
2017-01-04,24.0,24.0,24.0,24.0,13.584521,100,0.0,0.0
2017-01-05,23.6,23.6,23.6,23.6,13.358118,200,0.0,0.0
2017-01-06,23.200001,23.200001,23.200001,23.200001,13.131706,100,0.0,0.0
2017-01-09,23.200001,23.200001,23.200001,23.200001,13.131706,0,0.0,0.0
2017-01-10,23.200001,23.200001,23.200001,23.200001,13.131706,0,0.0,0.0
2017-01-11,23.1,23.190001,23.1,23.190001,13.126051,900,0.0,0.0
2017-01-12,23.190001,23.190001,23.190001,23.190001,13.126051,0,0.0,0.0
2017-01-13,23.190001,23.190001,23.190001,23.190001,13.126051,0,0.0,0.0
2017-01-17,23.200001,23.200001,22.9,22.9,12.961898,500,0.0,0.0
2017-01-18,22.9,22.9,22.9,22.9,12.961898,0,0.0,0.0
2017-01-19,22.9,22.9,22.9,22.9,12.961898,0,0.0,0.0
2017-01-20,22.9,22.9,22.9,22.9,12.961898,0,0.0,0.0
2017-01-23,22.9,22.9,22.9,22.9,12.961898,0,0.0,0.0
2017-01-24,22.65,22.65,22.65,22.65,12.820395,200,0.0,0.0
2017-01-25,22.450001,22.950001,22.450001,22.950001,12.990203,500,0.0,0.0
2017-01-26,22.950001,22.950001,22.950001,22.950001,12.990203,0,0.0,0.0
2017-01-27,22.950001,22.950001,22.950001,22.950001,12.990203,0,0.0,0.0
2017-01-30,21.65,21.65,21.65,21.65,12.254373,100,0.0,0.0
2017-01-31,21.65,21.65,21.65,21.65,12.254373,0,0.0,0.0
2017-02-01,21.65,21.65,21.65,21.65,12.254373,0,0.0,0.0
2017-02-02,21.65,21.65,21.65,21.65,12.254373,0,0.0,0.0
2017-02-03,21.65,21.65,21.65,21.65,12.254373,0,0.0,0.0
2017-02-06,21.450001,21.700001,21.450001,21.700001,12.282674,200,0.0,0.0
2017-02-07,21.700001,21.700001,21.700001,21.700001,12.282674,0,0.0,0.0
2017-02-08,21.700001,21.700001,21.700001,21.700001,12.282674,0,0.0,0.0
2017-02-09,21.65,21.65,21.65,21.65,12.254373,100,0.0,0.0
2017-02-10,21.65,21.65,21.65,21.65,12.254373,0,0.0,0.0
2017-02-13,22.75,22.75,22.75,22.75,12.876994,100,0.0,0.0
2017-02-14,22.75,22.75,22.75,22.75,12.876994,300,0.0,0.0
2017-02-15,22.6,22.6,22.6,22.6,12.792097,100,0.0,0.0
2017-02-16,22.6,22.6,22.6,22.6,12.792097,0,0.0,0.0
2017-02-17,22.6,22.6,22.6,22.6,12.792097,0,0.0,0.0
2017-02-21,22.6,22.6,22.6,22.6,12.792097,0,0.0,0.0
2017-02-22,24.1,25.4,24.1,24.6,13.924143,1200,0.0,0.0
2017-02-23,23.35,23.35,23.35,23.35,13.216617,100,0.0,0.0
2017-02-24,23.549999,23.549999,23.35,23.35,13.216617,200,0.0,0.0
2017-02-27,23.200001,23.200001,23.200001,23.200001,13.131706,200,0.0,0.0
2017-02-28,23.200001,23.200001,23.200001,23.200001,13.131706,0,0.0,0.0
2017-03-01,23.200001,23.200001,23.200001,23.200001,13.131706,0,0.0,0.0
2017-03-02,23.200001,23.200001,23.200001,23.200001,13.131706,0,0.0,0.0
2017-03-03,23.1,23.1,23.1,23.1,13.075109,100,0.0,0.0
2017-03-06,23.200001,23.200001,22.950001,22.950001,12.990203,200,0.0,0.0
2017-03-07,22.950001,22.950001,22.950001,22.950001,12.990203,0,0.0,0.0
2017-03-08,22.950001,22.950001,22.950001,22.950001,13.054481,0,0.113,0.0
2017-03-09,22.950001,22.950001,22.950001,22.950001,13.054481,0,0.0,0.0
2017-03-10,22.950001,22.950001,22.950001,22.950001,13.054481,0,0.0,0.0
2017-03-13,22.549999,22.549999,22.4,22.450001,12.770066,700,0.0,0.0
2017-03-14,22.469999,22.799999,22.35,22.799999,12.969154,500,0.0,0.0
2017-03-15,22.700001,22.700001,22.700001,22.700001,12.912277,100,0.0,0.0
2017-03-16,22.700001,22.700001,22.700001,22.700001,12.912277,0,0.0,0.0
2017-03-17,22.700001,22.700001,22.700001,22.700001,12.912277,0,0.0,0.0
2017-03-20,22.700001,22.700001,22.700001,22.700001,12.912277,0,0.0,0.0
2017-03-21,22.700001,22.700001,22.700001,22.700001,12.912277,0,0.0,0.0
2017-03-22,22.700001,22.700001,22.700001,22.700001,12.912277,0,0.0,0.0
2017-03-23,22.700001,22.700001,22.700001,22.700001,12.912277,0,0.0,0.0
2017-03-24,22.700001,22.700001,22.700001,22.700001,12.912277,0,0.0,0.0
2017-03-27,23.35,23.35,23.049999,23.049999,13.11136,500,0.0,0.0
2017-03-28,23.049999,23.049999,23.049999,23.049999,13.11136,0,0.0,0.0
2017-03-29,23.35,23.35,23.35,23.35,13.28201,100,0.0,0.0
2017-03-30,23.35,23.35,23.35,23.35,13.28201,0,0.0,0.0
2017-03-31,23.65,24.25,23.65,24.25,13.79395,300,0.0,0.0
2017-04-03,24.25,24.25,24.25,24.25,13.79395,0,0.0,0.0
2017-04-04,24.25,24.25,24.25,24.25,13.79395,0,0.0,0.0
2017-04-05,24.25,24.25,24.25,24.25,13.79395,0,0.0,0.0
2017-04-06,24.25,24.25,24.25,24.25,13.79395,0,0.0,0.0
2017-04-07,23.75,23.75,23.75,23.75,13.509542,100,0.0,0.0
2017-04-10,23.75,23.75,23.75,23.75,13.509542,0,0.0,0.0
2017-04-11,23.75,23.75,23.75,23.75,13.509542,0,0.0,0.0
2017-04-12,23.75,23.75,23.75,23.75,13.509542,0,0.0,0.0
2017-04-13,23.75,23.75,23.75,23.75,13.509542,0,0.0,0.0
2017-04-17,23.75,23.75,23.75,23.75,13.509542,0,0.0,0.0
2017-04-18,23.75,23.75,23.75,23.75,13.509542,0,0.0,0.0
2017-04-19,23.75,23.75,23.75,23.75,13.509542,0,0.0,0.0
2017-04-20,23.75,23.75,23.75,23.75,13.509542,0,0.0,0.0
2017-04-21,23.950001,23.950001,23.950001,23.950001,13.623303,300,0.0,0.0
2017-04-24,23.950001,23.950001,23.950001,23.950001,13.623303,0,0.0,0.0
2017-04-25,23.950001,23.950001,23.950001,23.950001,13.623303,0,0.0,0.0
2017-04-26,23.950001,23.950001,23.950001,23.950001,13.623303,0,0.0,0.0
2017-04-27,23.950001,23.950001,23.950001,23.950001,13.623303,0,0.0,0.0
2017-04-28,23.950001,23.950001,23.950001,23.950001,13.623303,0,0.0,0.0
2017-05-01,23.65,23.65,23.35,23.35,13.28201,300,0.0,0.0
2017-05-02,24.450001,25.5,24.450001,25.5,14.50498,1100,0.0,0.0
2017-05-03,25.5,25.5,25.5,25.5,14.50498,0,0.0,0.0
2017-05-04,25.5,25.5,25.5,25.5,14.50498,0,0.0,0.0
2017-05-05,25.5,25.5,25.5,25.5,14.50498,0,0.0,0.0
2017-05-08,25.5,25.5,25.5,25.5,14.50498,0,0.0,0.0
2017-05-09,25.450001,26.0,25.450001,26.0,14.789387,500,0.0,0.0
2017-05-10,25.950001,25.950001,25.75,25.75,14.647185,200,0.0,0.0
2017-05-11,25.75,25.75,25.75,25.75,14.647185,0,0.0,0.0
2017-05-12,25.75,25.75,25.75,25.75,14.647185,0,0.0,0.0
2017-05-15,25.75,25.75,25.75,25.75,14.647185,0,0.0,0.0
2017-05-16,24.25,24.25,24.25,24.25,13.79395,100,0.0,0.0
2017-05-17,24.25,24.25,24.25,24.25,13.79395,0,0.0,0.0
2017-05-18,23.799999,23.799999,23.299999,23.299999,13.253564,300,0.0,0.0
2017-05-19,23.15,23.15,22.700001,22.700001,12.912277,2600,0.0,0.0
2017-05-22,23.200001,23.200001,23.200001,23.200001,13.262704,100,0.113,0.0
2017-05-23,23.15,23.15,23.15,23.15,13.234126,100,0.0,0.0
2017-05-24,23.15,23.15,23.15,23.15,13.234126,0,0.0,0.0
2017-05-25,24.15,24.25,24.15,24.25,13.862958,200,0.0,0.0
2017-05-26,24.25,24.25,24.25,24.25,13.862958,0,0.0,0.0
2017-05-30,24.25,24.25,24.25,24.25,13.862958,0,0.0,0.0
2017-05-31,24.25,24.25,24.25,24.25,13.862958,0,0.0,0.0
2017-06-01,24.25,24.25,24.25,24.25,13.862958,0,0.0,0.0
2017-06-02,24.25,24.25,24.25,24.25,13.862958,0,0.0,0.0
2017-06-05,24.25,24.25,24.25,24.25,13.862958,0,0.0,0.0
2017-06-06,24.25,24.25,24.25,24.25,13.862958,0,0.0,0.0
2017-06-07,24.25,24.25,24.25,24.25,13.862958,0,0.0,0.0
2017-06-08,24.25,24.25,24.25,24.25,13.862958,0,0.0,0.0
2017-06-09,24.9,25.950001,24.9,25.950001,14.834797,600,0.0,0.0
2017-06-12,24.9,25.549999,24.9,25.549999,14.606128,900,0.0,0.0
2017-06-13,26.049999,26.049999,25.299999,25.299999,14.46321,500,0.0,0.0
2017-06-14,25.299999,25.299999,25.299999,25.299999,14.46321,0,0.0,0.0
2017-06-15,25.299999,25.299999,25.299999,25.299999,14.46321,0,0.0,0.0
2017-06-16,24.700001,24.700001,24.700001,24.700001,14.120208,100,0.0,0.0
2017-06-19,24.700001,24.700001,24.700001,24.700001,14.120208,0,0.0,0.0
2017-06-20,24.700001,24.700001,24.700001,24.700001,14.120208,0,0.0,0.0
2017-06-21,24.15,24.15,23.4,23.4,13.377043,400,0.0,0.0
2017-06-22,23.4,23.4,23.4,23.4,13.377043,0,0.0,0.0
2017-06-23,23.4,23.4,23.4,23.4,13.377043,0,0.0,0.0
2017-06-26,24.15,24.5,24.15,24.5,14.005877,300,0.0,0.0
2017-06-27,24.5,24.5,24.5,24.5,14.005877,0,0.0,0.0
2017-06-28,24.5,24.5,24.5,24.5,14.005877,0,0.0,0.0
2017-06-29,23.6,23.6,23.6,23.6,13.491375,100,0.0,0.0
2017-06-30,24.75,24.75,24.75,24.75,14.148791,100,0.0,0.0
2017-07-03,24.75,24.75,24.75,24.75,14.148791,0,0.0,0.0
2017-07-05,24.75,24.75,24.75,24.75,14.148791,0,0.0,0.0
2017-07-06,24.75,24.75,24.75,24.75,14.148791,100,0.0,0.0
2017-07-07,24.15,24.15,22.85,22.85,13.062624,800,0.0,0.0
2017-07-10,21.58,21.58,21.200001,21.549999,12.319451,600,0.0,0.0
2017-07-11,21.549999,21.549999,21.549999,21.549999,12.319451,0,0.0,0.0
2017-07-12,21.25,21.700001,21.25,21.700001,12.405203,300,0.0,0.0
2017-07-13,21.700001,21.700001,21.700001,21.700001,12.405203,0,0.0,0.0
2017-07-14,21.700001,21.700001,21.700001,21.700001,12.405203,0,0.0,0.0
2017-07-17,22.799999,22.799999,22.799999,22.799999,13.034039,100,0.0,0.0
2017-07-18,22.799999,22.799999,22.799999,22.799999,13.034039,0,0.0,0.0
2017-07-19,22.799999,22.799999,22.799999,22.799999,13.034039,0,0.0,0.0
2017-07-20,22.799999,22.799999,22.799999,22.799999,13.034039,0,0.0,0.0
2017-07-21,22.799999,22.799999,22.799999,22.799999,13.034039,0,0.0,0.0
2017-07-24,22.799999,22.799999,22.799999,22.799999,13.034039,0,0.0,0.0
2017-07-25,22.799999,22.799999,22.799999,22.799999,13.034039,100,0.0,0.0
2017-07-26,22.799999,22.799999,22.799999,22.799999,13.034039,0,0.0,0.0
2017-07-27,22.799999,22.799999,22.799999,22.799999,13.034039,0,0.0,0.0
2017-07-28,22.4,22.4,22.4,22.4,12.805372,100,0.0,0.0
2017-07-31,22.4,22.4,22.4,22.4,12.805372,0,0.0,0.0
2017-08-01,23.5,24.6,23.5,24.6,14.063044,500,0.0,0.0
2017-08-02,24.25,24.35,24.15,24.35,13.920128,1100,0.0,0.0
2017-08-03,24.35,24.35,24.35,24.35,13.920128,0,0.0,0.0
2017-08-04,23.0,23.0,23.0,23.0,13.148374,300,0.0,0.0
2017-08-07,23.0,23.0,23.0,23.0,13.148374,0,0.0,0.0
2017-08-08,25.549999,25.549999,25.35,25.35,14.491795,300,0.0,0.0
2017-08-09,25.35,25.35,25.35,25.35,14.491795,0,0.0,0.0
2017-08-10,25.35,25.35,25.35,25.35,14.491795,0,0.0,0.0
2017-08-11,24.5,24.85,24.5,24.85,14.205961,800,0.0,0.0
2017-08-14,24.85,24.85,24.85,24.85,14.205961,0,0.0,0.0
2017-08-15,24.85,24.85,24.85,24.85,14.205961,0,0.0,0.0
2017-08-16,24.200001,24.200001,24.200001,24.200001,13.83438,400,0.0,0.0
2017-08-17,24.200001,24.200001,24.200001,24.200001,13.83438,0,0.0,0.0
2017-08-18,24.200001,24.200001,24.200001,24.200001,13.83438,0,0.0,0.0
2017-08-21,24.200001,24.200001,24.200001,24.200001,13.91661,0,0.143,0.0
2017-08-22,24.200001,24.200001,24.200001,24.200001,13.91661,0,0.0,0.0
2017-08-23,24.200001,24.200001,24.200001,24.200001,13.91661,0,0.0,0.0
2017-08-24,23.950001,23.950001,23.950001,23.950001,13.772845,100,0.0,0.0
2017-08-25,23.950001,23.950001,23.950001,23.950001,13.772845,0,0.0,0.0
2017-08-28,23.950001,23.950001,23.950001,23.950001,13.772845,0,0.0,0.0
2017-08-29,23.950001,23.950001,23.950001,23.950001,13.772845,0,0.0,0.0
2017-08-30,23.950001,23.950001,23.950001,23.950001,13.772845,0,0.0,0.0
2017-08-31,23.950001,23.950001,23.950001,23.950001,13.772845,0,0.0,0.0
2017-09-01,23.950001,23.950001,23.950001,23.950001,13.772845,0,0.0,0.0
2017-09-05,23.950001,23.950001,23.950001,23.950001,13.772845,0,0.0,0.0
2017-09-06,23.950001,23.950001,23.950001,23.950001,13.772845,0,0.0,0.0
2017-09-07,23.950001,23.950001,23.950001,23.950001,13.772845,0,0.0,0.0
2017-09-08,24.75,24.9,24.75,24.9,14.319158,200,0.0,0.0
2017-09-11,24.9,24.9,24.9,24.9,14.319158,200,0.0,0.0
2017-09-12,24.9,24.9,24.9,24.9,14.319158,0,0.0,0.0
2017-09-13,24.9,24.9,24.9,24.9,14.319158,0,0.0,0.0
2017-09-14,24.9,24.9,24.9,24.9,14.319158,0,0.0,0.0
2017-09-15,24.9,24.9,24.9,24.9,14.319158,0,0.0,0.0
2017-09-18,24.700001,25.299999,24.700001,25.299999,14.549183,400,0.0,0.0
2017-09-19,25.299999,25.299999,25.299999,25.299999,14.549183,0,0.0,0.0
2017-09-20,25.299999,25.299999,25.299999,25.299999,14.549183,0,0.0,0.0
2017-09-21,25.299999,25.299999,25.299999,25.299999,14.549183,0,0.0,0.0
2017-09-22,25.299999,25.299999,25.299999,25.299999,14.549183,0,0.0,0.0
2017-09-25,25.299999,25.299999,25.299999,25.299999,14.549183,0,0.0,0.0
2017-09-26,25.0,25.0,25.0,25.0,14.376668,100,0.0,0.0
2017-09-27,25.0,26.35,25.0,26.35,15.153003,1100,0.0,0.0
2017-09-28,26.4,26.4,26.4,26.4,15.181761,100,0.0,0.0
2017-09-29,26.4,26.4,26.4,26.4,15.181761,0,0.0,0.0
2017-10-02,26.4,26.4,26.4,26.4,15.181761,0,0.0,0.0
2017-10-03,26.4,26.4,26.4,26.4,15.181761,0,0.0,0.0
2017-10-04,26.9,26.9,26.9,26.9,15.46929,100,0.0,0.0
2017-10-05,27.1,27.1,26.9,26.9,15.46929,600,0.0,0.0
2017-10-06,25.35,25.799999,24.0,24.0,13.801592,600,0.0,0.0
2017-10-09,24.0,24.0,24.0,24.0,13.801592,0,0.0,0.0
2017-10-10,24.0,24.0,24.0,24.0,13.801592,0,0.0,0.0
2017-10-11,24.0,24.0,24.0,24.0,13.801592,0,0.0,0.0
2017-10-12,24.0,24.0,24.0,24.0,13.801592,0,0.0,0.0
2017-10-13,24.0,24.0,24.0,24.0,13.801592,0,0.0,0.0
2017-10-16,24.0,24.0,24.0,24.0,13.801592,0,0.0,0.0
2017-10-17,24.0,24.0,24.0,24.0,13.801592,0,0.0,0.0
2017-10-18,24.0,24.0,24.0,24.0,13.801592,500,0.0,0.0
2017-10-19,24.0,24.0,24.0,24.0,13.801592,0,0.0,0.0
2017-10-20,24.0,24.0,24.0,24.0,13.801592,0,0.0,0.0
2017-10-23,24.25,24.4,24.25,24.4,14.031624,200,0.0,0.0
2017-10-24,24.4,24.4,24.4,24.4,14.031624,0,0.0,0.0
2017-10-25,24.4,24.4,24.4,24.4,14.031624,0,0.0,0.0
2017-10-26,24.4,24.4,24.4,24.4,14.031624,0,0.0,0.0
2017-10-27,24.4,24.4,24.4,24.4,14.031624,0,0.0,0.0
2017-10-30,24.4,24.4,24.4,24.4,14.031624,0,0.0,0.0
2017-10-31,24.4,24.4,24.4,24.4,14.031624,0,0.0,0.0
2017-11-01,24.950001,24.950001,24.950001,24.950001,14.34791,200,0.0,0.0
2017-11-02,24.950001,24.950001,24.950001,24.950001,14.34791,0,0.0,0.0
2017-11-03,24.950001,24.950001,24.950001,24.950001,14.34791,0,0.0,0.0
2017-11-06,24.950001,24.950001,24.950001,24.950001,14.34791,0,0.0,0.0
2017-11-07,23.549999,23.549999,23.549999,23.549999,13.542814,100,0.0,0.0
2017-11-08,23.549999,23.549999,23.549999,23.549999,13.542814,0,0.0,0.0
2017-11-09,23.549999,23.549999,23.549999,23.549999,13.542814,0,0.0,0.0
2017-11-10,23.549999,23.549999,23.549999,23.549999,13.542814,0,0.0,0.0
2017-11-13,23.549999,23.549999,23.549999,23.549999,13.542814,0,0.0,0.0
2017-11-14,23.549999,23.549999,23.549999,23.549999,13.542814,0,0.0,0.0
2017-11-15,23.549999,23.549999,23.549999,23.549999,13.542814,0,0.0,0.0
2017-11-16,23.549999,23.549999,23.549999,23.549999,13.542814,0,0.0,0.0
2017-11-17,23.549999,23.549999,23.549999,23.549999,13.542814,0,0.0,0.0
2017-11-20,23.549999,23.549999,23.549999,23.549999,13.542814,0,0.0,0.0
2017-11-21,23.549999,23.549999,23.549999,23.549999,13.625551,0,0.143,0.0
2017-11-22,23.549999,23.549999,23.549999,23.549999,13.625551,0,0.0,0.0
2017-11-24,23.0,23.0,23.0,23.0,13.307335,200,0.0,0.0
2017-11-27,23.0,23.0,23.0,23.0,13.307335,0,0.0,0.0
2017-11-28,23.0,23.0,23.0,23.0,13.307335,0,0.0,0.0
2017-11-29,24.15,24.950001,24.15,24.950001,14.435565,400,0.0,0.0
2017-11-30,24.950001,24.950001,24.950001,24.950001,14.435565,0,0.0,0.0
2017-12-01,24.1,24.110001,24.1,24.110001,13.949561,200,0.0,0.0
2017-12-04,24.110001,24.110001,24.110001,24.110001,13.949561,0,0.0,0.0
2017-12-05,24.110001,24.110001,24.110001,24.110001,13.949561,0,0.0,0.0
2017-12-06,24.110001,24.110001,24.110001,24.110001,13.949561,0,0.0,0.0
2017-12-07,24.110001,24.110001,24.110001,24.110001,13.949561,0,0.0,0.0
2017-12-08,24.110001,24.110001,24.110001,24.110001,13.949561,0,0.0,0.0
2017-12-11,23.9,23.9,23.700001,23.700001,13.71234,300,0.0,0.0
2017-12-12,23.5,23.5,23.5,23.5,13.59662,200,0.0,0.0
2017-12-13,23.5,23.5,23.5,23.5,13.59662,0,0.0,0.0
2017-12-14,23.5,23.5,23.5,23.5,13.59662,0,0.0,0.0
2017-12-15,23.5,23.5,23.5,23.5,13.59662,0,0.0,0.0
2017-12-18,23.75,23.950001,23.75,23.950001,13.856985,300,0.0,0.0
2017-12-19,23.950001,23.950001,23.950001,23.950001,13.856985,0,0.0,0.0
2017-12-20,23.950001,23.950001,23.950001,23.950001,13.856985,0,0.0,0.0
2017-12-21,23.950001,23.950001,23.950001,23.950001,13.856985,0,0.0,0.0
2017-12-22,23.75,23.75,23.35,23.35,13.509841,300,0.0,0.0
2017-12-26,23.35,23.35,23.35,23.35,13.509841,0,0.0,0.0
2017-12-27,23.35,23.35,23.35,23.35,13.509841,0,0.0,0.0
2017-12-28,23.35,23.35,23.35,23.35,13.509841,0,0.0,0.0
2017-12-29,23.35,23.35,23.35,23.35,13.509841,0,0.0,0.0
2018-01-02,22.48,23.1,22.48,22.85,13.220547,500,0.0,0.0
2018-01-03,22.85,22.85,22.85,22.85,13.220547,0,0.0,0.0
2018-01-04,22.85,22.85,22.85,22.85,13.220547,0,0.0,0.0
2018-01-05,22.85,22.85,22.85,22.85,13.220547,0,0.0,0.0
2018-01-08,22.85,22.85,22.85,22.85,13.220547,0,0.0,0.0
2018-01-09,22.450001,22.450001,22.1,22.25,12.8734,400,0.0,0.0
2018-01-10,22.25,22.25,22.25,22.25,12.8734,0,0.0,0.0
2018-01-11,23.200001,23.700001,23.200001,23.700001,13.71234,700,0.0,0.0
2018-01-12,23.700001,23.700001,23.700001,23.700001,13.71234,0,0.0,0.0
2018-01-16,23.700001,23.700001,23.700001,23.700001,13.71234,0,0.0,0.0
2018-01-17,23.700001,23.700001,23.700001,23.700001,13.71234,0,0.0,0.0
2018-01-18,23.700001,23.700001,23.700001,23.700001,13.71234,0,0.0,0.0
2018-01-19,23.700001,23.700001,23.700001,23.700001,13.71234,0,0.0,0.0
2018-01-22,23.700001,23.700001,23.700001,23.700001,13.71234,0,0.0,0.0
2018-01-23,23.700001,23.700001,23.700001,23.700001,13.71234,0,0.0,0.0
2018-01-24,23.620001,23.620001,23.620001,23.620001,13.666051,100,0.0,0.0
2018-01-25,23.620001,23.620001,23.620001,23.620001,13.666051,0,0.0,0.0
2018-01-26,23.620001,23.620001,23.620001,23.620001,13.666051,0,0.0,0.0
2018-01-29,23.620001,23.620001,23.620001,23.620001,13.666051,0,0.0,0.0
2018-01-30,23.620001,23.620001,23.620001,23.620001,13.666051,0,0.0,0.0
2018-01-31,22.35,22.35,22.35,22.35,12.931259,100,0.0,0.0
2018-02-01,22.0,22.0,22.0,22.0,12.728756,100,0.0,0.0
2018-02-02,22.0,22.0,22.0,22.0,12.728756,0,0.0,0.0
2018-02-05,22.0,22.0,22.0,22.0,12.728756,0,0.0,0.0
2018-02-06,20.950001,21.299999,20.950001,21.299999,12.323748,300,0.0,0.0
2018-02-07,21.299999,21.299999,21.299999,21.299999,12.323748,0,0.0,0.0
2018-02-08,21.299999,21.299999,21.299999,21.299999,12.323748,0,0.0,0.0
2018-02-09,21.299999,21.299999,21.299999,21.299999,12.323748,0,0.0,0.0
2018-02-12,21.0,21.299999,21.0,21.299999,12.323748,200,0.0,0.0
2018-02-13,21.299999,21.299999,21.299999,21.299999,12.323748,0,0.0,0.0
2018-02-14,21.299999,21.299999,21.299999,21.299999,12.323748,0,0.0,0.0
2018-02-15,21.299999,21.299999,21.299999,21.299999,12.323748,0,0.0,0.0
2018-02-16,21.299999,21.299999,21.299999,21.299999,12.323748,0,0.0,0.0
2018-02-20,21.299999,21.299999,21.299999,21.299999,12.323748,0,0.0,0.0
2018-02-21,20.950001,20.950001,20.950001,20.950001,12.121248,100,0.0,0.0
2018-02-22,20.950001,20.950001,20.950001,20.950001,12.121248,100,0.0,0.0
2018-02-23,21.0,21.0,21.0,21.0,12.150174,100,0.0,0.0
2018-02-26,21.0,21.0,21.0,21.0,12.150174,0,0.0,0.0
2018-02-27,21.0,21.0,21.0,21.0,12.150174,0,0.0,0.0
2018-02-28,21.0,21.0,21.0,21.0,12.150174,0,0.0,0.0
2018-03-01,21.0,21.0,21.0,21.0,12.150174,0,0.0,0.0
2018-03-02,20.9,20.9,20.9,20.9,12.092316,500,0.0,0.0
2018-03-05,20.9,20.9,20.9,20.9,12.092316,0,0.0,0.0
2018-03-06,20.9,20.9,20.9,20.9,12.092316,0,0.0,0.0
2018-03-07,20.9,20.9,20.9,20.9,12.092316,0,0.0,0.0
2018-03-08,20.9,20.9,20.9,20.9,12.092316,0,0.0,0.0
2018-03-09,20.9,20.9,20.9,20.9,12.092316,0,0.0,0.0
2018-03-12,20.9,20.9,20.9,20.9,12.092316,0,0.0,0.0
2018-03-13,20.9,20.9,20.9,20.9,12.19148,0,0.17,0.0
2018-03-14,20.9,20.9,20.9,20.9,12.19148,0,0.0,0.0
2018-03-15,20.9,20.9,20.9,20.9,12.19148,0,0.0,0.0
2018-03-16,20.5,20.5,20.5,20.5,11.958151,100,0.0,0.0
2018-03-19,20.5,20.5,20.5,20.5,11.958151,0,0.0,0.0
2018-03-20,20.5,20.5,20.5,20.5,11.958151,0,0.0,0.0
2018-03-21,20.5,20.5,20.5,20.5,11.958151,0,0.0,0.0
2018-03-22,20.5,20.5,20.5,20.5,11.958151,0,0.0,0.0
2018-03-23,19.35,19.35,18.9,18.9,11.024834,500,0.0,0.0
2018-03-26,18.9,18.9,18.9,18.9,11.024834,0,0.0,0.0
2018-03-27,19.35,19.35,19.35,19.35,11.287328,500,0.0,0.0
2018-03-28,19.35,19.35,19.35,19.35,11.287328,0,0.0,0.0
2018-03-29,20.299999,20.299999,20.299999,20.299999,11.841484,100,0.0,0.0
2018-04-02,20.049999,20.049999,19.299999,19.299999,11.25816,400,0.0,0.0
2018-04-03,19.450001,19.450001,19.450001,19.450001,11.345663,300,0.0,0.0
2018-04-04,19.450001,19.450001,19.450001,19.450001,11.345663,0,0.0,0.0
2018-04-05,19.450001,19.450001,19.450001,19.450001,11.345663,0,0.0,0.0
2018-04-06,19.200001,19.200001,19.200001,19.200001,11.199833,200,0.0,0.0
2018-04-09,19.200001,19.200001,19.200001,19.200001,11.199833,0,0.0,0.0
2018-04-10,19.200001,19.200001,19.200001,19.200001,11.199833,0,0.0,0.0
2018-04-11,19.200001,19.200001,19.200001,19.200001,11.199833,0,0.0,0.0
2018-04-12,19.200001,19.200001,19.200001,19.200001,11.199833,0,0.0,0.0
2018-04-13,18.1,18.1,18.1,18.1,10.558174,200,0.0,0.0
2018-04-16,18.5,18.5,18.5,18.5,10.791502,100,0.0,0.0
2018-04-17,18.5,18.5,18.5,18.5,10.791502,0,0.0,0.0
2018-04-18,18.5,18.5,18.5,18.5,10.791502,0,0.0,0.0
2018-04-19,18.5,18.5,18.5,18.5,10.791502,0,0.0,0.0
2018-04-20,18.0,18.0,18.0,18.0,10.499841,200,0.0,0.0
2018-04-23,18.0,18.0,18.0,18.0,10.499841,0,0.0,0.0
2018-04-24,18.0,18.0,18.0,18.0,10.499841,0,0.0,0.0
2018-04-25,18.0,18.0,18.0,18.0,10.499841,0,0.0,0.0
2018-04-26,18.0,18.0,18.0,18.0,10.499841,0,0.0,0.0
2018-04-27,18.5,18.5,18.5,18.5,10.791502,100,0.0,0.0
2018-04-30,18.5,18.5,18.5,18.5,10.791502,0,0.0,0.0
2018-05-01,18.5,18.5,18.5,18.5,10.791502,0,0.0,0.0
2018-05-02,19.4,19.75,19.25,19.75,11.520659,500,0.0,0.0
2018-05-03,19.299999,19.299999,19.049999,19.1,11.141496,300,0.0,0.0
2018-05-04,19.35,19.35,19.35,19.35,11.287328,100,0.0,0.0
2018-05-07,19.35,19.35,19.35,19.35,11.287328,0,0.0,0.0
2018-05-08,19.35,19.35,19.35,19.35,11.287328,0,0.0,0.0
2018-05-09,19.35,19.35,19.35,19.35,11.287328,0,0.0,0.0
2018-05-10,19.35,19.35,19.35,19.35,11.287328,0,0.0,0.0
2018-05-11,19.35,19.35,19.35,19.35,11.287328,0,0.0,0.0
2018-05-14,19.35,19.35,19.35,19.35,11.287328,0,0.0,0.0
2018-05-15,19.35,19.35,19.35,19.35,11.287328,0,0.0,0.0
2018-05-16,19.35,19.35,19.35,19.35,11.287328,0,0.0,0.0
2018-05-17,19.35,19.35,19.35,19.35,11.287328,0,0.0,0.0
2018-05-18,20.299999,20.299999,20.299999,20.299999,11.841484,100,0.0,0.0
2018-05-21,20.299999,20.299999,20.299999,20.299999,11.841484,0,0.0,0.0
2018-05-22,20.299999,20.299999,20.299999,20.299999,11.941489,0,0.17,0.0
2018-05-23,19.6,19.6,19.6,19.6,11.529716,200,0.0,0.0
2018-05-24,20.1,20.110001,20.1,20.110001,11.829725,500,0.0,0.0
2018-05-25,20.110001,20.110001,20.110001,20.110001,11.829725,0,0.0,0.0
2018-05-29,20.35,20.6,20.35,20.6,12.117964,200,0.0,0.0
2018-05-30,20.200001,20.450001,20.200001,20.450001,12.029729,300,0.0,0.0
2018-05-31,20.4,20.4,20.200001,20.200001,11.882665,200,0.0,0.0
2018-06-01,20.200001,20.200001,20.200001,20.200001,11.882665,0,0.0,0.0
2018-06-04,20.200001,20.200001,20.200001,20.200001,11.882665,0,0.0,0.0
2018-06-05,19.75,21.0,19.75,21.0,12.353266,800,0.0,0.0
2018-06-06,21.0,21.0,21.0,21.0,12.353266,0,0.0,0.0
2018-06-07,21.0,21.0,21.0,21.0,12.353266,0,0.0,0.0
2018-06-08,21.0,21.0,21.0,21.0,12.353266,0,0.0,0.0
2018-06-11,21.35,21.65,21.35,21.65,12.735625,500,0.0,0.0
2018-06-12,21.65,21.65,21.65,21.65,12.735625,0,0.0,0.0
2018-06-13,21.450001,21.450001,21.450001,21.450001,12.617982,200,0.0,0.0
2018-06-14,21.4,21.4,21.4,21.4,12.588564,200,0.0,0.0
2018-06-15,21.4,21.4,21.4,21.4,12.588564,0,0.0,0.0
2018-06-18,22.0,22.0,22.0,22.0,12.941515,100,0.0,0.0
2018-06-19,21.700001,22.0,21.700001,22.0,12.941515,300,0.0,0.0
2018-06-20,22.0,22.0,22.0,22.0,12.941515,0,0.0,0.0
2018-06-21,22.0,22.0,22.0,22.0,12.941515,0,0.0,0.0
2018-06-22,22.0,22.0,22.0,22.0,12.941515,0,0.0,0.0
2018-06-25,22.0,22.0,22.0,22.0,12.941515,0,0.0,0.0
2018-06-26,22.0,22.0,22.0,22.0,12.941515,0,0.0,0.0
2018-06-27,22.049999,22.049999,21.700001,21.700001,12.765038,300,0.0,0.0
2018-06-28,21.799999,21.799999,21.799999,21.799999,12.823865,100,0.0,0.0
2018-06-29,21.799999,21.799999,21.799999,21.799999,12.823865,0,0.0,0.0
2018-07-02,21.799999,21.799999,21.799999,21.799999,12.823865,0,0.0,0.0
2018-07-03,21.799999,21.799999,21.799999,21.799999,12.823865,0,0.0,0.0
2018-07-05,21.799999,21.799999,21.799999,21.799999,12.823865,0,0.0,0.0
2018-07-06,21.799999,21.799999,21.799999,21.799999,12.823865,0,0.0,0.0
2018-07-09,21.799999,21.799999,21.799999,21.799999,12.823865,0,0.0,0.0
2018-07-10,21.799999,21.799999,21.799999,21.799999,12.823865,0,0.0,0.0
2018-07-11,21.799999,21.799999,21.799999,21.799999,12.823865,0,0.0,0.0
2018-07-12,21.799999,21.799999,21.799999,21.799999,12.823865,0,0.0,0.0
2018-07-13,21.799999,21.799999,21.799999,21.799999,12.823865,0,0.0,0.0
2018-07-16,21.799999,21.799999,21.799999,21.799999,12.823865,0,0.0,0.0
2018-07-17,21.799999,21.799999,21.799999,21.799999,12.823865,0,0.0,0.0
2018-07-18,21.799999,21.799999,21.799999,21.799999,12.823865,0,0.0,0.0
2018-07-19,21.799999,21.799999,21.799999,21.799999,12.823865,0,0.0,0.0
2018-07-20,21.799999,21.799999,21.799999,21.799999,12.823865,0,0.0,0.0
2018-07-23,21.799999,21.799999,21.799999,21.799999,12.823865,0,0.0,0.0
2018-07-24,20.549999,20.549999,20.549999,20.549999,12.088552,100,0.0,0.0
2018-07-25,20.549999,20.549999,20.549999,20.549999,12.088552,0,0.0,0.0
2018-07-26,20.549999,20.549999,20.549999,20.549999,12.088552,0,0.0,0.0
2018-07-27,20.0,20.0,20.0,20.0,11.765013,100,0.0,0.0
2018-07-30,20.049999,20.049999,20.049999,20.049999,11.794428,100,0.0,0.0
2018-07-31,20.049999,20.049999,20.049999,20.049999,11.794428,0,0.0,0.0
2018-08-01,21.0,21.0,21.0,21.0,12.353266,100,0.0,0.0
2018-08-02,21.0,21.0,21.0,21.0,12.353266,0,0.0,0.0
2018-08-03,21.0,21.0,21.0,21.0,12.353266,0,0.0,0.0
2018-08-06,21.0,21.0,21.0,21.0,12.353266,0,0.0,0.0
2018-08-07,20.549999,21.299999,20.549999,21.299999,12.529737,600,0.0,0.0
2018-08-08,21.299999,21.299999,21.299999,21.299999,12.529737,0,0.0,0.0
2018-08-09,21.299999,21.299999,21.299999,21.299999,12.529737,0,0.0,0.0
2018-08-10,21.299999,21.299999,21.299999,21.299999,12.529737,0,0.0,0.0
2018-08-13,21.299999,21.299999,21.299999,21.299999,12.529737,0,0.0,0.0
2018-08-14,21.299999,21.299999,21.299999,21.299999,12.529737,0,0.0,0.0
2018-08-15,21.299999,21.299999,21.299999,21.299999,12.529737,0,0.0,0.0
2018-08-16,21.75,21.75,21.75,21.75,12.794452,100,0.0,0.0
2018-08-17,21.75,21.75,21.75,21.75,12.794452,0,0.0,0.0
2018-08-20,21.75,21.75,21.75,21.75,12.794452,0,0.0,0.0
2018-08-21,21.75,21.75,21.75,21.75,12.895241,0,0.17,0.0
2018-08-22,21.75,21.75,21.75,21.75,12.895241,0,0.0,0.0
2018-08-23,21.75,21.75,21.75,21.75,12.895241,0,0.0,0.0
2018-08-24,22.0,22.0,22.0,22.0,13.043465,100,0.0,0.0
2018-08-27,21.950001,21.950001,21.950001,21.950001,13.013822,300,0.0,0.0
2018-08-28,21.950001,21.950001,21.950001,21.950001,13.013822,0,0.0,0.0
2018-08-29,21.950001,21.950001,21.950001,21.950001,13.013822,0,0.0,0.0
2018-08-30,21.950001,21.950001,21.950001,21.950001,13.013822,0,0.0,0.0
2018-08-31,21.950001,21.950001,21.950001,21.950001,13.013822,0,0.0,0.0
2018-09-04,21.950001,21.950001,21.950001,21.950001,13.013822,0,0.0,0.0
2018-09-05,21.65,21.65,21.65,21.65,12.835954,100,0.0,0.0
2018-09-06,21.65,21.65,21.65,21.65,12.835954,0,0.0,0.0
2018-09-07,21.65,21.65,21.65,21.65,12.835954,0,0.0,0.0
2018-09-10,21.65,21.65,21.65,21.65,12.835954,0,0.0,0.0
2018-09-11,22.65,22.65,22.65,22.65,13.428839,100,0.0,0.0
2018-09-12,22.65,22.65,22.65,22.65,13.428839,0,0.0,0.0
2018-09-13,22.35,22.35,22.200001,22.200001,13.162045,300,0.0,0.0
2018-09-14,22.200001,22.200001,22.200001,22.200001,13.162045,0,0.0,0.0
2018-09-17,22.200001,22.200001,22.200001,22.200001,13.162045,0,0.0,0.0
2018-09-18,22.15,22.24,22.15,22.24,13.185755,1100,0.0,0.0
2018-09-19,22.24,22.24,22.24,22.24,13.185755,0,0.0,0.0
2018-09-20,22.24,22.24,22.24,22.24,13.185755,0,0.0,0.0
2018-09-21,22.24,22.24,22.24,22.24,13.185755,0,0.0,0.0
2018-09-24,22.24,22.24,22.24,22.24,13.185755,0,0.0,0.0
2018-09-25,22.24,22.24,22.24,22.24,13.185755,0,0.0,0.0
2018-09-26,22.24,22.24,22.24,22.24,13.185755,0,0.0,0.0
2018-09-27,22.24,22.24,22.24,22.24,13.185755,0,0.0,0.0
2018-09-28,22.24,22.24,22.24,22.24,13.185755,0,0.0,0.0
2018-10-01,21.75,21.75,21.75,21.75,12.895241,100,0.0,0.0
2018-10-02,21.75,21.75,21.75,21.75,12.895241,0,0.0,0.0
2018-10-03,21.75,21.75,21.75,21.75,12.895241,0,0.0,0.0
2018-10-04,21.75,21.75,21.75,21.75,12.895241,0,0.0,0.0
2018-10-05,21.75,21.75,21.75,21.75,12.895241,0,0.0,0.0
2018-10-08,21.75,21.75,21.75,21.75,12.895241,0,0.0,0.0
2018-10-09,21.75,21.75,21.75,21.75,12.895241,0,0.0,0.0
2018-10-10,21.75,21.75,21.75,21.75,12.895241,0,0.0,0.0
2018-10-11,21.75,21.75,21.75,21.75,12.895241,0,0.0,0.0
2018-10-12,21.75,21.75,21.75,21.75,12.895241,0,0.0,0.0
2018-10-15,21.75,21.75,21.75,21.75,12.895241,0,0.0,0.0
2018-10-16,21.75,21.75,21.75,21.75,12.895241,0,0.0,0.0
2018-10-17,21.059999,21.059999,21.059999,21.059999,12.486156,200,0.0,0.0
2018-10-18,21.059999,21.059999,21.059999,21.059999,12.486156,0,0.0,0.0
2018-10-19,21.059999,21.059999,21.059999,21.059999,12.486156,0,0.0,0.0
2018-10-22,20.809999,20.809999,20.809999,20.809999,12.337931,200,0.0,0.0
2018-10-23,20.809999,20.809999,20.809999,20.809999,12.337931,0,0.0,0.0
2018-10-24,20.809999,20.809999,20.809999,20.809999,12.337931,0,0.0,0.0
2018-10-25,20.809999,20.809999,20.809999,20.809999,12.337931,0,0.0,0.0
2018-10-26,20.809999,20.809999,20.809999,20.809999,12.337931,0,0.0,0.0
2018-10-29,20.809999,20.809999,20.809999,20.809999,12.337931,0,0.0,0.0
2018-10-30,20.809999,20.809999,20.809999,20.809999,12.337931,0,0.0,0.0
2018-10-31,20.809999,20.809999,20.809999,20.809999,12.337931,0,0.0,0.0
2018-11-01,20.809999,20.809999,20.809999,20.809999,12.337931,0,0.0,0.0
2018-11-02,20.809999,20.809999,20.809999,20.809999,12.337931,0,0.0,0.0
2018-11-05,20.809999,20.809999,20.809999,20.809999,12.337931,0,0.0,0.0
2018-11-06,20.809999,20.809999,20.809999,20.809999,12.337931,0,0.0,0.0
2018-11-07,20.809999,20.809999,20.809999,20.809999,12.337931,0,0.0,0.0
2018-11-08,20.809999,20.809999,20.809999,20.809999,12.337931,0,0.0,0.0
2018-11-09,20.809999,20.809999,20.809999,20.809999,12.337931,0,0.0,0.0
2018-11-12,20.809999,20.809999,20.809999,20.809999,12.337931,0,0.0,0.0
2018-11-13,21.559999,21.559999,21.559999,21.559999,12.782596,400,0.0,0.0
2018-11-14,21.559999,21.559999,21.559999,21.559999,12.782596,0,0.0,0.0
2018-11-15,21.559999,21.559999,21.559999,21.559999,12.782596,100,0.0,0.0
2018-11-16,21.559999,21.559999,21.559999,21.559999,12.782596,0,0.0,0.0
2018-11-19,21.559999,21.559999,21.559999,21.559999,12.782596,0,0.0,0.0
2018-11-20,21.559999,21.559999,21.559999,21.559999,12.782596,0,0.0,0.0
2018-11-21,21.559999,21.559999,21.559999,21.559999,12.782596,0,0.0,0.0
2018-11-23,21.559999,21.559999,21.559999,21.559999,12.782596,0,0.0,0.0
2018-11-26,21.559999,21.559999,21.559999,21.559999,12.782596,0,0.0,0.0
2018-11-27,21.559999,21.559999,21.559999,21.559999,12.782596,0,0.0,0.0
2018-11-28,21.559999,21.559999,21.559999,21.559999,12.782596,0,0.0,0.0
2018-11-29,22.0,22.0,22.0,22.0,13.043465,100,0.0,0.0
2018-11-30,22.0,22.0,22.0,22.0,13.743114,0,1.12,0.0
2018-12-03,22.0,22.0,22.0,22.0,13.743114,0,0.0,0.0
2018-12-04,22.0,22.0,22.0,22.0,13.743114,0,0.0,0.0
2018-12-06,22.0,22.0,22.0,22.0,13.743114,0,0.0,0.0
2018-12-07,22.0,22.0,22.0,22.0,13.743114,0,0.0,0.0
2018-12-10,20.309999,20.309999,19.68,19.68,12.293839,200,0.0,0.0
2018-12-11,19.68,19.68,19.68,19.68,12.293839,0,0.0,0.0
2018-12-12,19.68,19.68,19.68,19.68,12.293839,0,0.0,0.0
2018-12-13,19.68,19.68,19.68,19.68,12.293839,0,0.0,0.0
2018-12-14,19.68,19.68,19.68,19.68,12.293839,0,0.0,0.0
2018-12-17,19.68,19.68,19.68,19.68,12.293839,100,0.0,0.0
2018-12-18,20.23,20.23,19.34,19.34,12.081447,400,0.0,0.0
2018-12-19,19.34,19.34,19.34,19.34,12.081447,0,0.0,0.0
2018-12-20,19.34,19.34,19.34,19.34,12.081447,0,0.0,0.0
2018-12-21,19.34,19.34,19.34,19.34,12.081447,0,0.0,0.0
2018-12-24,19.34,19.34,19.34,19.34,12.081447,0,0.0,0.0
2018-12-26,19.34,19.34,19.34,19.34,12.081447,0,0.0,0.0
2018-12-27,19.34,19.34,19.34,19.34,12.081447,0,0.0,0.0
2018-12-28,19.42,19.42,18.59,18.75,11.71288,400,0.0,0.0
2018-12-31,18.4,18.4,18.4,18.4,11.494244,200,0.0,0.0
2019-01-02,18.4,18.4,18.4,18.4,11.494244,0,0.0,0.0
2019-01-03,19.129999,19.129999,19.129999,19.129999,11.95026,200,0.0,0.0
2019-01-04,19.129999,19.129999,19.129999,19.129999,11.95026,0,0.0,0.0
2019-01-07,19.129999,19.129999,19.129999,19.129999,11.95026,0,0.0,0.0
2019-01-08,19.129999,19.129999,19.129999,19.129999,11.95026,0,0.0,0.0
2019-01-09,19.719999,19.719999,19.719999,19.719999,12.318826,100,0.0,0.0
2019-01-10,19.719999,19.719999,19.719999,19.719999,12.318826,0,0.0,0.0
2019-01-11,19.719999,19.719999,19.719999,19.719999,12.318826,0,0.0,0.0
2019-01-14,19.719999,19.719999,19.719999,19.719999,12.318826,0,0.0,0.0
2019-01-15,19.719999,19.719999,19.719999,19.719999,12.318826,100,0.0,0.0
2019-01-16,19.719999,19.719999,19.719999,19.719999,12.318826,0,0.0,0.0
2019-01-17,19.719999,19.719999,19.719999,19.719999,12.318826,0,0.0,0.0
2019-01-18,19.92,19.92,19.92,19.92,12.443767,100,0.0,0.0
2019-01-22,19.92,19.92,19.92,19.92,12.443767,0,0.0,0.0
2019-01-23,19.92,19.92,19.92,19.92,12.443767,0,0.0,0.0
2019-01-24,19.92,19.92,19.92,19.92,12.443767,0,0.0,0.0
2019-01-25,19.92,19.92,19.92,19.92,12.443767,0,0.0,0.0
2019-01-28,19.92,19.92,19.92,19.92,12.443767,0,0.0,0.0
2019-01-29,19.92,19.92,19.92,19.92,12.443767,0,0.0,0.0
2019-01-30,20.74,20.74,20.74,20.74,12.956007,100,0.0,0.0
2019-01-31,20.280001,20.280001,20.280001,20.280001,12.668649,100,0.0,0.0
2019-02-01,20.280001,20.280001,20.280001,20.280001,12.668649,0,0.0,0.0
2019-02-04,20.280001,20.280001,20.280001,20.280001,12.668649,100,0.0,0.0
2019-02-05,20.280001,20.280001,20.280001,20.280001,12.668649,0,0.0,0.0
2019-02-06,20.280001,20.280001,20.280001,20.280001,12.668649,0,0.0,0.0
2019-02-07,20.280001,20.280001,20.280001,20.280001,12.668649,0,0.0,0.0
2019-02-08,20.280001,20.280001,20.280001,20.280001,12.668649,0,0.0,0.0
2019-02-11,20.280001,20.280001,20.280001,20.280001,12.668649,100,0.0,0.0
2019-02-12,21.360001,21.690001,20.120001,20.74,12.956007,7400,0.0,0.0
2019-02-13,20.74,20.74,20.74,20.74,12.956007,0,0.0,0.0
2019-02-14,20.74,20.74,20.74,20.74,12.956007,0,0.0,0.0
2019-02-15,20.74,20.74,20.74,20.74,12.956007,0,0.0,0.0
2019-02-19,20.74,20.74,20.74,20.74,12.956007,0,0.0,0.0
2019-02-20,22.16,22.16,22.16,22.16,13.843063,600,0.0,0.0
2019-02-21,22.16,22.16,22.16,22.16,13.843063,0,0.0,0.0
2019-02-22,22.16,22.16,22.16,22.16,13.843063,0,0.0,0.0
2019-02-25,22.16,22.16,22.16,22.16,13.843063,0,0.0,0.0
2019-02-26,24.16,24.16,24.16,24.16,15.09244,100,0.0,0.0
2019-02-27,24.16,24.16,24.16,24.16,15.09244,0,0.0,0.0
2019-02-28,24.16,24.16,24.16,24.16,15.09244,300,0.0,0.0
2019-03-01,24.16,24.16,24.16,24.16,15.09244,0,0.0,0.0
2019-03-04,24.16,24.16,24.16,24.16,15.09244,100,0.0,0.0
2019-03-05,24.16,24.16,24.16,24.16,15.09244,0,0.0,0.0
2019-03-06,24.16,24.16,24.16,24.16,15.09244,0,0.0,0.0
2019-03-07,24.16,24.16,24.16,24.16,15.09244,0,0.0,0.0
2019-03-08,24.16,24.16,24.16,24.16,15.09244,0,0.0,0.0
2019-03-11,24.16,24.16,24.16,24.16,15.09244,0,0.0,0.0
2019-03-12,24.16,24.16,24.16,24.16,15.199391,0,0.17,0.0
2019-03-13,24.16,24.16,24.16,24.16,15.199391,0,0.0,0.0
2019-03-14,24.16,24.16,24.16,24.16,15.199391,0,0.0,0.0
2019-03-15,23.139999,23.139999,23.08,23.08,14.519948,200,0.0,0.0
2019-03-18,23.08,23.08,23.08,23.08,14.519948,0,0.0,0.0
2019-03-19,23.08,23.08,23.08,23.08,14.519948,0,0.0,0.0
2019-03-20,23.08,23.08,23.08,23.08,14.519948,0,0.0,0.0
2019-03-21,23.08,23.08,23.08,23.08,14.519948,0,0.0,0.0
2019-03-22,23.08,23.08,23.08,23.08,14.519948,0,0.0,0.0
2019-03-25,23.08,23.08,23.08,23.08,14.519948,0,0.0,0.0
2019-03-26,23.08,23.08,23.08,23.08,14.519948,0,0.0,0.0
2019-03-27,23.08,23.08,23.08,23.08,14.519948,0,0.0,0.0
2019-03-28,23.08,23.08,23.08,23.08,14.519948,100,0.0,0.0
2019-03-29,23.08,23.08,23.08,23.08,14.519948,100,0.0,0.0
2019-04-01,23.15,23.15,23.15,23.15,14.563985,200,0.0,0.0
2019-04-02,23.15,23.15,23.15,23.15,14.563985,0,0.0,0.0
2019-04-03,23.15,23.15,23.15,23.15,14.563985,0,0.0,0.0
2019-04-04,23.15,23.15,23.15,23.15,14.563985,0,0.0,0.0
2019-04-05,23.15,23.15,23.15,23.15,14.563985,0,0.0,0.0
2019-04-08,23.15,23.15,23.15,23.15,14.563985,0,0.0,0.0
2019-04-09,23.15,23.15,23.15,23.15,14.563985,0,0.0,0.0
2019-04-10,23.15,23.15,23.15,23.15,14.563985,0,0.0,0.0
2019-04-11,24.26,24.34,24.25,24.25,15.256006,400,0.0,0.0
2019-04-12,24.25,24.25,24.25,24.25,15.256006,0,0.0,0.0
2019-04-15,24.25,24.25,24.25,24.25,15.256006,100,0.0,0.0
2019-04-16,24.25,24.25,24.25,24.25,15.256006,0,0.0,0.0
2019-04-17,24.25,24.25,24.25,24.25,15.256006,0,0.0,0.0
2019-04-18,24.25,24.25,24.25,24.25,15.256006,0,0.0,0.0
2019-04-22,24.25,24.25,24.25,24.25,15.256006,0,0.0,0.0
2019-04-23,24.25,24.25,24.25,24.25,15.256006,0,0.0,0.0
2019-04-24,24.559999,24.559999,24.559999,24.559999,15.451035,100,0.0,0.0
2019-04-25,24.559999,24.559999,24.559999,24.559999,15.451035,0,0.0,0.0
2019-04-26,24.559999,24.559999,24.559999,24.559999,15.451035,0,0.0,0.0
2019-04-29,24.559999,24.559999,24.559999,24.559999,15.451035,0,0.0,0.0
2019-04-30,24.559999,24.559999,24.559999,24.559999,15.451035,0,0.0,0.0
2019-05-01,22.110001,22.110001,20.32,20.32,12.78359,800,0.0,0.0
2019-05-02,19.139999,19.25,19.07,19.25,12.11044,300,0.0,0.0
2019-05-03,19.809999,19.809999,19.58,19.58,12.318046,300,0.0,0.0
2019-05-06,19.58,19.58,19.58,19.58,12.318046,0,0.0,0.0
2019-05-07,19.58,19.58,19.58,19.58,12.318046,0,0.0,0.0
2019-05-08,19.58,19.58,19.58,19.58,12.318046,0,0.0,0.0
2019-05-09,19.58,19.58,19.58,19.58,12.318046,100,0.0,0.0
2019-05-10,19.58,19.58,19.58,19.58,12.318046,0,0.0,0.0
2019-05-13,18.129999,18.129999,18.129999,18.129999,11.405829,100,0.0,0.0
2019-05-14,18.129999,18.129999,18.129999,18.129999,11.405829,0,0.0,0.0
2019-05-15,18.0,18.0,18.0,18.0,11.324047,200,0.0,0.0
2019-05-16,18.0,18.0,18.0,18.0,11.324047,0,0.0,0.0
2019-05-17,18.0,18.0,18.0,18.0,11.324047,0,0.0,0.0
2019-05-20,18.0,18.0,18.0,18.0,11.324047,200,0.0,0.0
2019-05-21,18.0,18.0,18.0,18.0,11.324047,0,0.0,0.0
2019-05-22,18.0,18.0,18.0,18.0,11.324047,100,0.0,0.0
2019-05-23,18.0,18.0,18.0,18.0,11.324047,0,0.0,0.0
2019-05-24,18.0,18.0,18.0,18.0,11.324047,0,0.0,0.0
2019-05-28,18.5,18.5,18.030001,18.030001,11.34292,400,0.0,0.0
2019-05-29,18.030001,18.030001,18.030001,18.030001,11.34292,0,0.0,0.0
2019-05-30,18.030001,18.030001,18.030001,18.030001,11.34292,0,0.0,0.0
2019-05-31,17.299999,17.299999,17.299999,17.299999,10.883665,100,0.0,0.0
2019-06-03,17.299999,17.299999,17.299999,17.299999,10.991677,0,0.17,0.0
2019-06-04,17.299999,17.299999,17.299999,17.299999,10.991677,0,0.0,0.0
2019-06-05,17.77,17.77,17.77,17.77,11.290296,100,0.0,0.0
2019-06-06,17.77,17.77,17.77,17.77,11.290296,0,0.0,0.0
2019-06-07,17.77,17.77,17.77,17.77,11.290296,0,0.0,0.0
2019-06-10,16.91,16.91,16.91,16.91,10.743889,100,0.0,0.0
2019-06-11,16.35,16.35,16.35,16.35,10.388091,200,0.0,0.0
2019-06-12,16.35,16.35,16.35,16.35,10.388091,0,0.0,0.0
2019-06-13,16.35,16.35,16.35,16.35,10.388091,0,0.0,0.0
2019-06-14,16.35,16.35,16.35,16.35,10.388091,0,0.0,0.0
2019-06-17,17.389999,17.389999,17.389999,17.389999,11.048858,100,0.0,0.0
2019-06-18,17.389999,17.389999,17.389999,17.389999,11.048858,0,0.0,0.0
2019-06-19,17.299999,17.299999,16.77,16.77,10.654938,300,0.0,0.0
2019-06-20,16.77,16.77,16.77,16.77,10.654938,100,0.0,0.0
2019-06-21,17.049999,17.049999,17.049999,17.049999,10.832837,200,0.0,0.0
2019-06-24,17.049999,17.049999,17.049999,17.049999,10.832837,0,0.0,0.0
2019-06-25,17.049999,17.049999,17.049999,17.049999,10.832837,0,0.0,0.0
2019-06-26,17.049999,17.049999,17.049999,17.049999,10.832837,0,0.0,0.0
2019-06-27,17.049999,17.049999,17.049999,17.049999,10.832837,100,0.0,0.0
2019-06-28,17.049999,17.049999,17.049999,17.049999,10.832837,0,0.0,0.0
2019-07-01,17.049999,17.049999,17.049999,17.049999,10.832837,0,0.0,0.0
2019-07-02,17.049999,17.049999,17.049999,17.049999,10.832837,0,0.0,0.0
2019-07-03,17.049999,17.049999,17.049999,17.049999,10.832837,0,0.0,0.0
2019-07-05,17.049999,17.049999,17.049999,17.049999,10.832837,0,0.0,0.0
2019-07-08,17.379999,17.469999,16.450001,16.959999,10.775656,1000,0.0,0.0
2019-07-09,16.959999,16.959999,16.959999,16.959999,10.775656,0,0.0,0.0
2019-07-10,16.959999,16.959999,16.959999,16.959999,10.775656,100,0.0,0.0
2019-07-11,16.959999,16.959999,16.959999,16.959999,10.775656,0,0.0,0.0
2019-07-12,16.969999,17.719999,16.969999,17.719999,11.258528,300,0.0,0.0
2019-07-15,17.719999,17.719999,17.719999,17.719999,11.258528,0,0.0,0.0
2019-07-16,17.719999,17.719999,17.719999,17.719999,11.258528,0,0.0,0.0
2019-07-17,17.719999,17.719999,17.719999,17.719999,11.258528,0,0.0,0.0
2019-07-18,17.719999,17.719999,17.719999,17.719999,11.258528,0,0.0,0.0
2019-07-19,17.719999,17.719999,17.719999,17.719999,11.258528,0,0.0,0.0
2019-07-22,17.719999,17.719999,17.719999,17.719999,11.258528,0,0.0,0.0
2019-07-23,17.719999,17.719999,17.719999,17.719999,11.258528,0,0.0,0.0
2019-07-24,17.719999,17.719999,17.719999,17.719999,11.258528,0,0.0,0.0
2019-07-25,18.6,18.6,18.4,18.4,11.690569,200,0.0,0.0
2019-07-26,18.4,18.4,18.4,18.4,11.690569,0,0.0,0.0
2019-07-29,18.4,18.4,18.4,18.4,11.690569,0,0.0,0.0
2019-07-30,18.4,18.4,18.4,18.4,11.690569,0,0.0,0.0
2019-07-31,18.4,18.4,18.4,18.4,11.690569,0,0.0,0.0
2019-08-01,18.4,18.4,18.4,18.4,11.690569,0,0.0,0.0
2019-08-02,18.4,18.4,18.4,18.4,11.690569,0,0.0,0.0
2019-08-05,18.4,18.4,18.4,18.4,11.690569,0,0.0,0.0
2019-08-06,18.4,18.4,18.4,18.4,11.690569,0,0.0,0.0
2019-08-07,18.4,18.4,18.4,18.4,11.690569,0,0.0,0.0
2019-08-08,18.4,18.4,18.4,18.4,11.690569,0,0.0,0.0
2019-08-09,18.4,18.4,18.4,18.4,11.690569,0,0.0,0.0
2019-08-12,18.4,18.4,18.4,18.4,11.690569,0,0.0,0.0
2019-08-13,18.4,18.4,18.4,18.4,11.690569,0,0.0,0.0
2019-08-14,19.059999,19.059999,19.059999,19.059999,12.109907,100,0.0,0.0
2019-08-15,19.059999,19.059999,19.059999,19.059999,12.109907,0,0.0,0.0
2019-08-16,19.059999,19.059999,19.059999,19.059999,12.109907,0,0.0,0.0
2019-08-19,19.25,19.25,19.23,19.23,12.217918,300,0.0,0.0
2019-08-20,19.23,19.23,19.23,19.23,12.217918,0,0.0,0.0
2019-08-21,19.059999,19.059999,19.040001,19.040001,12.097198,400,0.0,0.0
2019-08-22,19.040001,19.040001,19.040001,19.040001,12.097198,0,0.0,0.0
2019-08-23,19.040001,19.040001,19.040001,19.040001,12.219133,0,0.19,0.0
2019-08-26,19.040001,19.040001,19.040001,19.040001,12.219133,0,0.0,0.0
2019-08-27,19.040001,19.040001,19.040001,19.040001,12.219133,0,0.0,0.0
2019-08-28,19.040001,19.040001,19.040001,19.040001,12.219133,0,0.0,0.0
2019-08-29,19.040001,19.040001,19.040001,19.040001,12.219133,0,0.0,0.0
2019-08-30,19.33,19.33,19.33,19.33,12.405244,100,0.0,0.0
2019-09-03,19.33,19.33,19.33,19.33,12.405244,0,0.0,0.0
2019-09-04,19.33,19.33,19.33,19.33,12.405244,0,0.0,0.0
2019-09-05,19.33,19.33,19.33,19.33,12.405244,0,0.0,0.0
2019-09-06,19.33,19.33,19.33,19.33,12.405244,0,0.0,0.0
2019-09-09,19.33,19.33,19.33,19.33,12.405244,0,0.0,0.0
2019-09-10,20.25,20.25,20.030001,20.18,12.950745,1000,0.0,0.0
2019-09-11,20.75,20.75,20.75,20.75,13.316546,200,0.0,0.0
2019-09-12,20.75,20.75,20.75,20.75,13.316546,100,0.0,0.0
2019-09-13,20.610001,20.82,20.610001,20.780001,13.335798,300,0.0,0.0
2019-09-16,20.75,20.75,20.68,20.68,13.271626,200,0.0,0.0
2019-09-17,20.68,20.68,20.68,20.68,13.271626,0,0.0,0.0
2019-09-18,20.68,20.68,20.68,20.68,13.271626,0,0.0,0.0
2019-09-19,20.68,20.68,20.68,20.68,13.271626,0,0.0,0.0
2019-09-20,19.84,20.040001,19.84,20.040001,12.860897,200,0.0,0.0
2019-09-23,20.040001,20.040001,20.040001,20.040001,12.860897,0,0.0,0.0
2019-09-24,20.040001,20.040001,20.040001,20.040001,12.860897,0,0.0,0.0
2019-09-25,20.040001,20.040001,20.040001,20.040001,12.860897,0,0.0,0.0
2019-09-26,20.450001,20.450001,20.450001,20.450001,13.124016,100,0.0,0.0
2019-09-27,20.450001,20.450001,20.450001,20.450001,13.124016,0,0.0,0.0
2019-09-30,20.450001,20.450001,20.450001,20.450001,13.124016,0,0.0,0.0
2019-10-01,20.450001,20.450001,20.450001,20.450001,13.124016,0,0.0,0.0
2019-10-02,19.58,19.58,19.58,19.58,12.565682,100,0.0,0.0
2019-10-03,19.58,19.58,19.58,19.58,12.565682,0,0.0,0.0
2019-10-04,19.58,19.58,19.58,19.58,12.565682,0,0.0,0.0
2019-10-07,19.610001,19.610001,19.610001,19.610001,12.584941,600,0.0,0.0
2019-10-08,19.98,19.98,19.98,19.98,12.82239,600,0.0,0.0
2019-10-09,19.98,19.98,19.98,19.98,12.82239,0,0.0,0.0
2019-10-10,19.98,19.98,19.98,19.98,12.82239,0,0.0,0.0
2019-10-11,19.98,19.98,19.98,19.98,12.82239,0,0.0,0.0
2019-10-14,19.98,19.98,19.98,19.98,12.82239,0,0.0,0.0
2019-10-15,20.440001,20.540001,19.620001,19.620001,12.591354,600,0.0,0.0
2019-10-16,19.620001,19.620001,19.620001,19.620001,12.591354,0,0.0,0.0
2019-10-17,19.620001,19.620001,19.620001,19.620001,12.591354,0,0.0,0.0
2019-10-18,19.620001,19.620001,19.620001,19.620001,12.591354,0,0.0,0.0
2019-10-21,19.620001,19.620001,19.620001,19.620001,12.591354,0,0.0,0.0
2019-10-22,19.620001,19.620001,19.620001,19.620001,12.591354,0,0.0,0.0
2019-10-23,21.01,21.110001,21.01,21.110001,13.54758,400,0.0,0.0
2019-10-24,21.110001,21.110001,21.110001,21.110001,13.54758,0,0.0,0.0
2019-10-25,20.860001,20.860001,20.860001,20.860001,13.38714,300,0.0,0.0
2019-10-28,20.809999,20.809999,20.809999,20.809999,13.355051,100,0.0,0.0
2019-10-29,21.139999,21.139999,21.139999,21.139999,13.566833,100,0.0,0.0
2019-10-30,21.25,21.25,21.25,21.25,13.637428,400,0.0,0.0
2019-10-31,18.35,18.35,17.959999,18.18,11.667218,600,0.0,0.0
2019-11-01,18.18,18.18,18.18,18.18,11.667218,0,0.0,0.0
2019-11-04,19.809999,19.809999,18.809999,18.809999,12.071528,400,0.0,0.0
2019-11-05,18.879999,19.360001,18.879999,19.360001,12.424501,900,0.0,0.0
2019-11-06,19.360001,19.360001,19.360001,19.360001,12.424501,0,0.0,0.0
2019-11-07,19.360001,19.360001,19.360001,19.360001,12.424501,0,0.0,0.0
2019-11-08,19.360001,19.360001,19.360001,19.360001,12.424501,0,0.0,0.0
2019-11-11,19.6,19.6,19.6,19.6,12.578524,400,0.0,0.0
2019-11-12,19.6,19.6,19.6,19.6,12.578524,0,0.0,0.0
2019-11-13,19.6,19.6,19.6,19.6,12.578524,0,0.0,0.0
2019-11-14,19.6,19.6,19.6,19.6,12.578524,0,0.0,0.0
2019-11-15,19.6,19.6,19.6,19.6,12.578524,0,0.0,0.0
2019-11-18,20.040001,20.040001,20.040001,20.040001,12.860897,300,0.0,0.0
2019-11-19,20.040001,20.040001,20.040001,20.040001,12.860897,0,0.0,0.0
2019-11-20,20.040001,20.040001,20.040001,20.040001,12.860897,0,0.0,0.0
2019-11-21,20.01,20.01,19.870001,19.870001,12.751796,1100,0.0,0.0
2019-11-22,19.870001,19.870001,19.870001,19.870001,12.874907,0,0.19,0.0
2019-11-25,19.870001,20.25,19.870001,20.25,13.121134,1500,0.0,0.0
2019-11-26,20.59,20.6,20.59,20.6,13.34792,200,0.0,0.0
2019-11-27,20.6,20.6,20.6,20.6,13.34792,0,0.0,0.0
2019-11-29,20.6,20.6,20.6,20.6,13.34792,0,0.0,0.0
2019-12-02,20.6,20.6,20.6,20.6,13.34792,0,0.0,0.0
2019-12-03,20.6,20.6,20.6,20.6,13.34792,0,0.0,0.0
2019-12-04,20.6,20.6,20.6,20.6,13.34792,0,0.0,0.0
2019-12-05,20.6,20.6,20.6,20.6,13.34792,0,0.0,0.0
2019-12-06,20.6,20.6,20.6,20.6,13.34792,0,0.0,0.0
2019-12-09,20.6,20.6,20.6,20.6,13.34792,0,0.0,0.0
2019-12-10,20.6,20.6,20.6,20.6,13.34792,0,0.0,0.0
2019-12-11,20.6,20.6,20.6,20.6,13.34792,0,0.0,0.0
2019-12-12,20.6,20.6,20.6,20.6,13.34792,0,0.0,0.0
2019-12-13,20.6,20.6,20.6,20.6,13.34792,0,0.0,0.0
2019-12-16,20.870001,20.959999,20.870001,20.940001,13.568224,600,0.0,0.0
2019-12-17,20.940001,20.940001,20.940001,20.940001,13.568224,0,0.0,0.0
2019-12-18,20.940001,20.940001,20.940001,20.940001,13.568224,0,0.0,0.0
2019-12-19,20.940001,20.940001,20.940001,20.940001,13.568224,0,0.0,0.0
2019-12-20,20.940001,20.940001,20.940001,20.940001,13.568224,0,0.0,0.0
2019-12-23,20.299999,20.299999,20.290001,20.290001,13.147049,1000,0.0,0.0
2019-12-24,20.290001,20.290001,20.290001,20.290001,13.147049,0,0.0,0.0
2019-12-26,20.040001,20.040001,20.040001,20.040001,12.985061,100,0.0,0.0
2019-12-27,20.049999,20.049999,20.040001,20.040001,12.985061,400,0.0,0.0
2019-12-30,20.049999,20.1,20.049999,20.1,13.023938,400,0.0,0.0
2019-12-31,20.1,20.200001,20.1,20.200001,13.088737,400,0.0,0.0
2020-01-02,20.200001,20.200001,20.200001,20.200001,13.088737,0,0.0,0.0
2020-01-03,20.200001,20.200001,20.200001,20.200001,13.088737,0,0.0,0.0
2020-01-06,20.200001,20.200001,20.200001,20.200001,13.088737,0,0.0,0.0
2020-01-07,20.200001,20.200001,20.200001,20.200001,13.088737,0,0.0,0.0
2020-01-08,20.200001,20.200001,20.200001,20.200001,13.088737,0,0.0,0.0
2020-01-09,20.200001,20.200001,20.200001,20.200001,13.088737,0,0.0,0.0
2020-01-10,19.219999,19.219999,19.219999,19.219999,12.453734,300,0.0,0.0
2020-01-13,19.219999,19.219999,19.219999,19.219999,12.453734,0,0.0,0.0
2020-01-14,19.219999,19.219999,19.219999,19.219999,12.453734,0,0.0,0.0
2020-01-15,19.219999,19.219999,19.219999,19.219999,12.453734,0,0.0,0.0
2020-01-16,19.9,20.629999,19.9,20.49,13.276641,600,0.0,0.0
2020-01-17,20.49,20.49,20.49,20.49,13.276641,0,0.0,0.0
2020-01-21,20.49,20.49,20.49,20.49,13.276641,0,0.0,0.0
2020-01-22,20.49,20.49,20.49,20.49,13.276641,0,0.0,0.0
2020-01-23,20.49,20.49,20.49,20.49,13.276641,0,0.0,0.0
2020-01-24,20.49,20.49,20.49,20.49,13.276641,0,0.0,0.0
2020-01-27,20.209999,21.08,18.68,20.24,13.114653,5800,0.0,0.0
2020-01-28,20.24,20.24,20.24,20.24,13.114653,0,0.0,0.0
2020-01-29,20.200001,20.200001,20.200001,20.200001,13.088737,100,0.0,0.0
2020-01-30,20.200001,20.200001,20.200001,20.200001,13.088737,0,0.0,0.0
2020-01-31,20.200001,20.200001,20.200001,20.200001,13.088737,0,0.0,0.0
2020-02-03,20.200001,20.200001,20.200001,20.200001,13.088737,0,0.0,0.0
2020-02-04,20.200001,20.200001,20.200001,20.200001,13.088737,0,0.0,0.0
2020-02-05,20.200001,20.200001,20.200001,20.200001,13.088737,0,0.0,0.0
2020-02-06,20.52,20.52,20.52,20.52,13.296081,200,0.0,0.0
2020-02-07,20.52,20.52,20.52,20.52,13.296081,0,0.0,0.0
2020-02-10,20.52,20.52,20.52,20.52,13.296081,0,0.0,0.0
2020-02-11,20.52,20.52,20.52,20.52,13.296081,0,0.0,0.0
2020-02-12,20.52,20.52,20.52,20.52,13.296081,0,0.0,0.0
2020-02-13,20.52,20.52,20.52,20.52,13.296081,0,0.0,0.0
2020-02-14,20.52,20.52,20.52,20.52,13.296081,0,0.0,0.0
2020-02-18,20.52,20.52,20.52,20.52,13.296081,0,0.0,0.0
2020-02-19,18.0,18.0,17.74,17.74,11.494757,600,0.0,0.0
2020-02-20,18.709999,18.709999,17.74,17.74,11.494757,500,0.0,0.0
2020-02-21,17.74,17.74,17.74,17.74,11.494757,0,0.0,0.0
2020-02-24,17.74,17.74,17.74,17.74,11.494757,0,0.0,0.0
2020-02-25,16.0,16.0,15.65,15.65,10.140527,300,0.0,0.0
2020-02-26,15.88,15.88,15.88,15.88,10.289561,100,0.0,0.0
2020-02-27,15.88,15.88,15.88,15.88,10.289561,0,0.0,0.0
2020-02-28,15.88,15.88,15.88,15.88,10.289561,0,0.0,0.0
2020-03-02,15.88,15.88,15.88,15.88,10.289561,0,0.0,0.0
2020-03-03,15.88,15.88,15.88,15.88,10.289561,0,0.0,0.0
2020-03-04,15.88,15.88,15.88,15.88,10.289561,0,0.0,0.0
2020-03-05,17.440001,17.440001,17.4,17.4,11.274454,200,0.0,0.0
2020-03-06,17.4,17.4,17.4,17.4,11.274454,0,0.0,0.0
2020-03-09,16.98,16.98,16.98,16.98,11.002313,200,0.0,0.0
2020-03-10,15.8,15.8,15.8,15.8,10.237724,100,0.0,0.0
2020-03-11,15.8,15.8,15.8,15.8,10.362333,0,0.19,0.0
2020-03-12,14.94,14.94,13.37,13.8,9.050645,600,0.0,0.0
2020-03-13,14.35,14.35,14.35,14.35,9.411359,100,0.0,0.0
2020-03-16,13.82,13.82,13.82,13.82,9.063763,200,0.0,0.0
2020-03-17,13.82,13.82,13.82,13.82,9.063763,0,0.0,0.0
2020-03-18,13.82,13.82,13.82,13.82,9.063763,0,0.0,0.0
2020-03-19,13.82,13.82,13.82,13.82,9.063763,0,0.0,0.0
2020-03-20,11.61,11.65,11.61,11.65,7.640579,400,0.0,0.0
2020-03-23,11.31,11.31,11.31,11.31,7.417594,200,0.0,0.0
2020-03-24,12.27,12.27,12.27,12.27,8.047204,200,0.0,0.0
2020-03-25,12.27,12.27,12.27,12.27,8.047204,0,0.0,0.0
2020-03-26,12.64,12.64,12.64,12.64,8.289866,100,0.0,0.0
2020-03-27,12.64,12.64,12.64,12.64,8.289866,0,0.0,0.0
2020-03-30,12.64,12.64,12.64,12.64,8.289866,0,0.0,0.0
2020-03-31,12.64,12.64,12.64,12.64,8.289866,0,0.0,0.0
2020-04-01,12.64,12.64,12.64,12.64,8.289866,0,0.0,0.0
2020-04-02,12.52,12.52,11.64,11.64,7.634024,500,0.0,0.0
2020-04-03,11.64,11.64,11.64,11.64,7.634024,0,0.0,0.0
2020-04-06,10.67,10.67,10.67,10.67,6.997853,200,0.0,0.0
2020-04-07,10.67,10.67,10.67,10.67,6.997853,0,0.0,0.0
2020-04-08,10.67,10.67,10.67,10.67,6.997853,0,0.0,0.0
2020-04-09,11.64,13.34,11.64,13.34,8.748957,500,0.0,0.0
2020-04-13,13.34,13.34,13.34,13.34,8.748957,0,0.0,0.0
2020-04-14,13.34,13.34,13.34,13.34,8.748957,0,0.0,0.0
2020-04-15,13.34,13.34,13.34,13.34,8.748957,0,0.0,0.0
2020-04-16,13.34,13.34,13.34,13.34,8.748957,0,0.0,0.0
2020-04-17,13.34,13.34,13.34,13.34,8.748957,0,0.0,0.0
2020-04-20,13.34,13.34,13.34,13.34,8.748957,0,0.0,0.0
2020-04-21,13.34,13.34,13.34,13.34,8.748957,0,0.0,0.0
2020-04-22,13.34,13.34,13.34,13.34,8.748957,0,0.0,0.0
2020-04-23,13.34,13.34,13.34,13.34,8.748957,0,0.0,0.0
2020-04-24,13.34,13.34,13.34,13.34,8.748957,0,0.0,0.0
2020-04-27,13.34,13.34,13.34,13.34,8.748957,0,0.0,0.0
2020-04-28,13.34,13.34,13.34,13.34,8.748957,0,0.0,0.0
2020-04-29,13.34,13.34,13.34,13.34,8.748957,0,0.0,0.0
2020-04-30,13.34,13.34,13.34,13.34,8.748957,0,0.0,0.0
2020-05-01,13.34,13.34,13.34,13.34,8.748957,0,0.0,0.0
2020-05-04,13.34,13.34,13.34,13.34,8.748957,0,0.0,0.0
2020-05-05,13.34,13.34,13.34,13.34,8.748957,0,0.0,0.0
2020-05-06,13.34,13.34,13.34,13.34,8.748957,0,0.0,0.0
2020-05-07,13.34,13.34,13.34,13.34,8.748957,0,0.0,0.0
2020-05-08,13.34,13.34,13.34,13.34,8.748957,0,0.0,0.0
2020-05-11,13.34,13.34,13.34,13.34,8.748957,0,0.0,0.0
2020-05-12,13.34,13.34,13.34,13.34,8.748957,0,0.0,0.0
2020-05-13,14.03,14.58,14.03,14.58,9.562203,700,0.0,0.0
2020-05-14,14.35,14.35,14.35,14.35,9.411359,600,0.0,0.0
2020-05-15,14.35,14.35,14.35,14.35,9.411359,0,0.0,0.0
2020-05-18,14.35,14.35,14.35,14.35,9.411359,0,0.0,0.0
2020-05-19,14.35,14.35,14.35,14.35,9.411359,0,0.0,0.0
2020-05-20,15.36,15.36,15.36,15.36,10.073759,500,0.0,0.0
2020-05-21,15.36,15.36,15.36,15.36,10.073759,0,0.0,0.0
2020-05-22,15.36,15.36,15.36,15.36,10.073759,0,0.0,0.0
2020-05-26,17.66,18.030001,17.66,18.030001,11.824865,300,0.0,0.0
2020-05-27,18.030001,18.030001,18.030001,18.030001,11.824865,0,0.0,0.0
2020-05-28,18.030001,18.030001,18.030001,18.030001,11.824865,0,0.0,0.0
2020-05-29,18.030001,18.030001,18.030001,18.030001,11.824865,0,0.0,0.0
2020-06-01,18.030001,18.030001,18.030001,18.030001,11.824865,0,0.0,0.0
2020-06-02,18.030001,18.030001,18.030001,18.030001,11.824865,0,0.0,0.0
2020-06-03,18.030001,18.030001,18.030001,18.030001,11.917401,0,0.14,0.0
2020-06-04,18.030001,18.030001,18.030001,18.030001,11.917401,0,0.0,0.0
2020-06-05,18.030001,18.030001,18.030001,18.030001,11.917401,0,0.0,0.0
2020-06-08,18.030001,18.030001,18.030001,18.030001,11.917401,0,0.0,0.0
2020-06-09,18.030001,18.030001,18.030001,18.030001,11.917401,0,0.0,0.0
2020-06-10,17.889999,17.889999,17.889999,17.889999,11.824865,100,0.0,0.0
2020-06-11,17.889999,17.889999,17.889999,17.889999,11.824865,0,0.0,0.0
2020-06-12,17.889999,17.889999,17.889999,17.889999,11.824865,0,0.0,0.0
2020-06-15,17.889999,17.889999,17.889999,17.889999,11.824865,0,0.0,0.0
2020-06-16,17.889999,17.889999,17.889999,17.889999,11.824865,0,0.0,0.0
2020-06-17,17.889999,17.889999,17.889999,17.889999,11.824865,300,0.0,0.0
2020-06-18,16.76,16.76,16.76,16.76,11.077959,700,0.0,0.0
2020-06-19,16.76,16.76,16.76,16.76,11.077959,0,0.0,0.0
2020-06-22,16.76,16.76,16.76,16.76,11.077959,0,0.0,0.0
2020-06-23,16.75,16.75,16.16,16.16,10.681376,1500,0.0,0.0
2020-06-24,16.16,16.16,16.16,16.16,10.681376,0,0.0,0.0
2020-06-25,16.16,16.16,16.16,16.16,10.681376,0,0.0,0.0
2020-06-26,16.16,16.16,16.16,16.16,10.681376,0,0.0,0.0
2020-06-29,16.16,16.16,16.16,16.16,10.681376,0,0.0,0.0
2020-06-30,16.16,16.16,16.16,16.16,10.681376,0,0.0,0.0
2020-07-01,16.16,16.16,16.16,16.16,10.681376,0,0.0,0.0
2020-07-02,16.16,16.16,16.16,16.16,10.681376,0,0.0,0.0
2020-07-06,16.16,16.16,16.16,16.16,10.681376,0,0.0,0.0
2020-07-07,16.16,16.16,16.16,16.16,10.681376,0,0.0,0.0
2020-07-08,16.16,16.16,16.16,16.16,10.681376,0,0.0,0.0
2020-07-09,16.16,16.16,16.16,16.16,10.681376,0,0.0,0.0
2020-07-10,14.49,14.49,14.01,14.25,9.418912,700,0.0,0.0
2020-07-13,14.25,14.25,14.25,14.25,9.418912,0,0.0,0.0
2020-07-14,14.25,14.25,14.25,14.25,9.418912,0,0.0,0.0
2020-07-15,14.28,14.28,14.28,14.28,9.43874,300,0.0,0.0
2020-07-16,14.28,14.28,14.28,14.28,9.43874,0,0.0,0.0
2020-07-17,13.98,13.98,13.98,13.98,9.240447,200,0.0,0.0
2020-07-20,13.98,13.98,13.98,13.98,9.240447,0,0.0,0.0
2020-07-21,13.98,13.98,13.98,13.98,9.240447,0,0.0,0.0
2020-07-22,13.98,13.98,13.98,13.98,9.240447,0,0.0,0.0
2020-07-23,13.98,13.98,13.98,13.98,9.240447,0,0.0,0.0
2020-07-24,13.98,13.98,13.98,13.98,9.240447,0,0.0,0.0
2020-07-27,13.98,13.98,13.98,13.98,9.240447,0,0.0,0.0
2020-07-28,13.98,13.98,13.98,13.98,9.240447,0,0.0,0.0
2020-07-29,13.98,13.98,13.98,13.98,9.240447,0,0.0,0.0
2020-07-30,13.98,13.98,13.98,13.98,9.240447,0,0.0,0.0
2020-07-31,13.98,13.98,13.98,13.98,9.240447,0,0.0,0.0
2020-08-03,13.98,13.98,13.98,13.98,9.240447,0,0.0,0.0
2020-08-04,13.98,13.98,13.98,13.98,9.240447,0,0.0,0.0
2020-08-05,13.98,13.98,13.98,13.98,9.240447,0,0.0,0.0
2020-08-06,13.98,13.98,13.98,13.98,9.240447,0,0.0,0.0
2020-08-07,13.98,13.98,13.98,13.98,9.240447,0,0.0,0.0
2020-08-10,16.07,16.07,16.07,16.07,10.621888,100,0.0,0.0
2020-08-11,16.76,17.889999,16.76,17.889999,11.824865,400,0.0,0.0
2020-08-12,17.889999,17.889999,17.889999,17.889999,11.824865,0,0.0,0.0
2020-08-13,17.889999,17.889999,17.889999,17.889999,11.824865,0,0.0,0.0
2020-08-14,17.889999,17.889999,17.889999,17.889999,11.824865,0,0.0,0.0
2020-08-17,19.66,20.299999,19.66,19.879999,13.14021,2400,0.0,0.0
2020-08-18,20.049999,20.049999,20.049999,20.049999,13.252574,100,0.0,0.0
2020-08-19,21.02,21.02,21.02,21.02,13.89372,100,0.0,0.0
2020-08-20,21.5,21.75,21.5,21.75,14.376229,300,0.0,0.0
2020-08-21,22.6,22.6,22.4,22.4,14.936346,300,0.19,0.0
2020-08-24,22.4,22.4,22.4,22.4,14.936346,0,0.0,0.0
2020-08-25,22.4,22.4,22.4,22.4,14.936346,0,0.0,0.0
2020-08-26,22.4,22.4,22.4,22.4,14.936346,0,0.0,0.0
2020-08-27,22.4,22.4,22.4,22.4,14.936346,0,0.0,0.0
2020-08-28,22.4,22.4,22.4,22.4,14.936346,0,0.0,0.0
2020-08-31,20.959999,21.32,20.940001,21.32,14.216198,1500,0.0,0.0
2020-09-01,21.32,21.32,21.32,21.32,14.216198,0,0.0,0.0
2020-09-02,21.32,21.32,21.32,21.32,14.216198,0,0.0,0.0
2020-09-03,21.32,21.32,21.32,21.32,14.216198,0,0.0,0.0
2020-09-04,21.32,21.32,21.32,21.32,14.216198,0,0.0,0.0
2020-09-08,21.32,21.32,21.32,21.32,14.216198,0,0.0,0.0
2020-09-09,21.32,21.32,21.32,21.32,14.216198,0,0.0,0.0
2020-09-10,21.32,21.32,21.32,21.32,14.216198,0,0.0,0.0
2020-09-11,21.32,21.32,21.32,21.32,14.216198,0,0.0,0.0
2020-09-14,21.32,21.32,21.32,21.32,14.216198,0,0.0,0.0
2020-09-15,21.32,21.32,21.32,21.32,14.216198,0,0.0,0.0
2020-09-16,21.32,21.32,21.32,21.32,14.216198,0,0.0,0.0
2020-09-17,21.32,21.32,21.32,21.32,14.216198,0,0.0,0.0
2020-09-18,21.32,21.32,21.32,21.32,14.216198,0,0.0,0.0
2020-09-21,21.32,21.32,21.32,21.32,14.216198,0,0.0,0.0
2020-09-22,21.32,21.32,21.32,21.32,14.216198,0,0.0,0.0
2020-09-23,21.32,21.32,21.32,21.32,14.216198,0,0.0,0.0
2020-09-24,21.32,21.32,21.32,21.32,14.216198,0,0.0,0.0
2020-09-25,21.32,21.32,21.32,21.32,14.216198,0,0.0,0.0
2020-09-28,21.32,21.32,21.32,21.32,14.216198,0,0.0,0.0
2020-09-29,21.32,21.32,21.32,21.32,14.216198,0,0.0,0.0
2020-09-30,21.32,21.32,21.32,21.32,14.216198,0,0.0,0.0
2020-10-01,21.32,21.32,21.32,21.32,14.216198,0,0.0,0.0
2020-10-02,21.32,21.32,21.32,21.32,14.216198,0,0.0,0.0
2020-10-05,21.32,21.32,21.32,21.32,14.216198,0,0.0,0.0
2020-10-06,21.32,21.32,21.32,21.32,14.216198,0,0.0,0.0
2020-10-07,22.799999,22.799999,22.799999,22.799999,15.203062,200,0.0,0.0
2020-10-08,24.129999,24.129999,24.129999,24.129999,16.089911,200,0.0,0.0
2020-10-09,24.65,24.65,24.65,24.65,16.436647,200,0.0,0.0
2020-10-12,24.65,24.65,24.65,24.65,16.436647,0,0.0,0.0
2020-10-13,24.65,24.65,24.65,24.65,16.436647,0,0.0,0.0
2020-10-14,25.309999,25.309999,25.309999,25.309999,16.876734,200,0.0,0.0
2020-10-15,25.309999,25.309999,25.309999,25.309999,16.876734,0,0.0,0.0
2020-10-16,25.809999,25.809999,25.469999,25.469999,16.983427,200,0.0,0.0
2020-10-19,26.129999,26.129999,25.110001,25.110001,16.743376,400,0.0,0.0
2020-10-20,24.75,24.75,24.02,24.02,16.016563,600,0.0,0.0
2020-10-21,24.02,24.02,24.02,24.02,16.016563,0,0.0,0.0
2020-10-22,22.440001,22.440001,22.440001,22.440001,14.963019,600,0.0,0.0
2020-10-23,22.440001,22.440001,22.440001,22.440001,14.963019,0,0.0,0.0
2020-10-26,22.440001,22.440001,22.440001,22.440001,14.963019,0,0.0,0.0
2020-10-27,23.58,23.58,23.58,23.58,15.723175,100,0.0,0.0
2020-10-28,23.58,23.58,23.58,23.58,15.723175,0,0.0,0.0
2020-10-29,23.58,23.58,23.58,23.58,15.723175,0,0.0,0.0
2020-10-30,23.58,23.58,23.58,23.58,15.723175,0,0.0,0.0
2020-11-02,23.58,23.58,23.58,23.58,15.723175,0,0.0,0.0
2020-11-03,25.709999,26.42,25.709999,25.84,17.230145,2500,0.0,0.0
2020-11-04,25.84,25.84,25.84,25.84,17.230145,0,0.0,0.0
2020-11-05,25.84,25.84,25.84,25.84,17.230145,0,0.0,0.0
2020-11-06,25.84,25.84,25.84,25.84,17.230145,0,0.0,0.0
2020-11-09,26.0,26.0,26.0,26.0,17.33683,200,0.0,0.0
2020-11-10,27.219999,27.530001,27.219999,27.530001,18.357038,600,0.0,0.0
2020-11-11,27.530001,27.530001,27.530001,27.530001,18.357038,0,0.0,0.0
2020-11-12,29.0,30.01,29.0,29.209999,19.477257,900,0.0,0.0
2020-11-13,28.73,28.73,28.73,28.73,19.157192,200,0.0,0.0
2020-11-16,30.57,30.57,29.709999,29.709999,19.810658,2800,0.0,0.0
2020-11-17,30.08,31.18,29.91,30.82,20.550814,2800,0.0,0.0
2020-11-18,30.82,30.82,30.82,30.82,20.550814,0,0.0,0.0
2020-11-19,30.4,31.690001,30.18,31.280001,20.85754,3600,0.0,0.0
2020-11-20,29.290001,29.290001,27.32,27.360001,19.556625,1900,2.1,0.0
2020-11-23,27.77,28.969999,27.77,28.969999,20.707432,1000,0.0,0.0
2020-11-24,28.110001,28.82,28.110001,28.82,20.600218,500,0.0,0.0
2020-11-25,28.82,28.82,28.82,28.82,20.600218,100,0.0,0.0
2020-11-27,28.82,28.82,28.82,28.82,20.600218,0,0.0,0.0
2020-11-30,28.82,28.82,28.82,28.82,20.600218,0,0.0,0.0
2020-12-01,28.82,28.82,28.82,28.82,20.600218,0,0.0,0.0
2020-12-02,28.16,28.16,28.16,28.16,20.128456,200,0.0,0.0
2020-12-03,28.16,28.16,28.16,28.16,20.128456,0,0.0,0.0
2020-12-04,26.83,26.83,26.83,26.83,19.177782,200,0.0,0.0
2020-12-07,27.25,27.25,26.0,26.0,18.584511,300,0.0,0.0
2020-12-08,25.540001,25.540001,25.540001,25.540001,18.255711,200,0.0,0.0
2020-12-09,26.6,26.6,26.6,26.6,19.013384,300,0.0,0.0
2020-12-10,26.6,26.6,26.6,26.6,19.013384,0,0.0,0.0
2020-12-11,26.6,26.6,26.6,26.6,19.013384,0,0.0,0.0
2020-12-14,27.209999,27.209999,25.790001,25.790001,18.434406,300,0.0,0.0
2020-12-15,26.0,26.66,25.959999,26.66,19.056274,400,0.0,0.0
2020-12-16,28.08,28.08,27.889999,27.889999,19.935461,300,0.0,0.0
2020-12-17,29.379999,29.65,29.379999,29.65,21.193493,800,0.0,0.0
2020-12-18,29.26,29.26,29.26,29.26,20.914724,100,0.0,0.0
2020-12-21,29.41,29.41,28.75,28.75,20.55018,200,0.0,0.0
2020-12-22,28.620001,28.620001,28.0,28.0,20.01409,200,0.0,0.0
2020-12-23,28.0,28.0,28.0,28.0,20.01409,200,0.0,0.0
2020-12-24,28.290001,28.290001,28.290001,28.290001,20.221382,100,0.0,0.0
2020-12-28,28.780001,29.0,28.780001,29.0,20.728884,2000,0.0,0.0
2020-12-29,29.0,29.0,29.0,29.0,20.728884,0,0.0,0.0
2020-12-30,29.0,29.0,29.0,29.0,20.728884,0,0.0,0.0
2020-12-31,29.0,29.0,29.0,29.0,20.728884,0,0.0,0.0
2021-01-04,29.0,29.0,29.0,29.0,20.728884,0,0.0,0.0
2021-01-05,29.0,29.0,29.0,29.0,20.728884,0,0.0,0.0
2021-01-06,29.360001,30.15,29.360001,30.15,21.550884,800,0.0,0.0
2021-01-07,30.15,30.15,30.15,30.15,21.550884,0,0.0,0.0
2021-01-08,30.84,30.84,30.84,30.84,22.044088,500,0.0,0.0
2021-01-11,30.83,30.83,30.83,30.83,22.036942,200,0.0,0.0
2021-01-12,30.83,30.83,30.83,30.83,22.036942,0,0.0,0.0
2021-01-13,30.83,30.83,30.83,30.83,22.036942,0,0.0,0.0
2021-01-14,30.83,30.83,30.83,30.83,22.036942,0,0.0,0.0
2021-01-15,32.880001,33.040001,32.849998,33.02,23.602333,5100,0.0,0.0
2021-01-19,33.02,33.02,33.02,33.02,23.602333,0,0.0,0.0
2021-01-20,33.02,33.02,33.02,33.02,23.602333,0,0.0,0.0
2021-01-21,32.540001,33.389999,32.540001,33.389999,23.866798,1200,0.0,0.0
2021-01-22,33.189999,33.470001,32.75,33.470001,23.923988,400,0.0,0.0
2021-01-25,33.060001,35.259998,33.060001,34.5,24.660213,1600,0.0,0.0
2021-01-26,33.560001,33.560001,33.560001,33.560001,23.988316,100,0.0,0.0
2021-01-27,34.299999,34.299999,34.299999,34.299999,24.517258,2100,0.0,0.0
2021-01-28,34.299999,34.299999,34.299999,34.299999,24.517258,0,0.0,0.0
2021-01-29,34.299999,34.299999,34.299999,34.299999,24.517258,0,0.0,0.0
2021-02-01,34.299999,34.299999,34.299999,34.299999,24.517258,0,0.0,0.0
2021-02-02,34.299999,34.299999,34.299999,34.299999,24.517258,0,0.0,0.0
2021-02-03,31.52,31.52,31.52,31.52,22.530149,200,0.0,0.0
2021-02-04,33.439999,33.959999,33.439999,33.669998,24.06694,700,0.0,0.0
2021-02-05,34.919998,34.919998,33.540001,33.540001,23.974024,400,0.0,0.0
2021-02-08,33.540001,34.0,33.540001,34.0,24.302822,200,0.0,0.0
2021-02-09,35.029999,35.82,35.029999,35.82,25.603741,1200,0.0,0.0
2021-02-10,35.82,35.82,35.82,35.82,25.603741,0,0.0,0.0
2021-02-11,34.82,34.82,34.82,34.82,24.888948,100,0.0,0.0
2021-02-12,35.330002,35.330002,34.650002,34.650002,24.767441,400,0.0,0.0
2021-02-16,35.130001,35.130001,34.27,34.27,24.495817,400,0.0,0.0
2021-02-17,32.880001,32.880001,32.880001,32.880001,23.502262,200,0.0,0.0
2021-02-18,32.880001,32.880001,32.880001,32.880001,23.502262,0,0.0,0.0
2021-02-19,32.880001,32.880001,32.880001,32.880001,23.502262,0,0.0,0.0
2021-02-22,36.200001,37.049999,35.869999,37.049999,26.482927,300,0.0,0.0
2021-02-23,37.049999,37.049999,37.049999,37.049999,26.482927,0,0.0,0.0
2021-02-24,37.049999,37.049999,37.049999,37.049999,26.482927,0,0.0,0.0
2021-02-25,36.880001,37.02,36.049999,36.049999,25.768141,3500,0.0,0.0
2021-02-26,36.23,36.23,36.23,36.23,25.896807,1100,0.0,0.0
2021-03-01,36.23,36.23,36.23,36.23,25.896807,0,0.0,0.0
2021-03-02,37.919998,37.919998,37.919998,37.919998,27.104797,100,0.0,0.0
2021-03-03,37.919998,37.919998,37.919998,37.919998,27.104797,0,0.0,0.0
2021-03-04,36.400002,36.400002,35.700001,35.700001,25.517965,200,0.0,0.0
2021-03-05,35.700001,35.700001,35.700001,35.700001,25.517965,0,0.0,0.0
2021-03-08,35.700001,35.700001,35.700001,35.700001,25.517965,0,0.0,0.0
2021-03-09,35.700001,35.700001,35.700001,35.700001,25.517965,0,0.0,0.0
2021-03-10,37.009998,37.009998,37.009998,37.009998,26.454334,100,0.0,0.0
2021-03-11,36.759998,36.759998,36.73,36.73,26.396843,800,0.2,0.0
2021-03-12,36.73,36.73,36.73,36.73,26.396843,0,0.0,0.0
2021-03-15,37.990002,37.990002,37.990002,37.990002,27.302368,300,0.0,0.0
2021-03-16,37.990002,37.990002,37.990002,37.990002,27.302368,0,0.0,0.0
2021-03-17,38.27,38.43,38.27,38.43,27.618589,300,0.0,0.0
2021-03-18,39.48,39.48,39.48,39.48,28.373194,100,0.0,0.0
2021-03-19,39.099998,39.130001,39.099998,39.130001,28.121658,400,0.0,0.0
2021-03-22,39.279999,39.279999,39.279999,39.279999,28.229458,200,0.0,0.0
2021-03-23,38.0,38.0,37.52,37.52,26.964598,300,0.0,0.0
2021-03-24,36.889999,36.889999,36.889999,36.889999,26.511831,100,0.0,0.0
2021-03-25,36.889999,36.889999,36.889999,36.889999,26.511831,0,0.0,0.0
2021-03-26,36.889999,36.889999,36.889999,36.889999,26.511831,0,0.0,0.0
2021-03-29,36.970001,37.0,36.970001,37.0,26.590878,400,0.0,0.0
2021-03-30,36.889999,36.889999,36.889999,36.889999,26.511831,200,0.0,0.0
2021-03-31,36.919998,36.919998,36.919998,36.919998,26.533394,100,0.0,0.0
2021-04-01,36.919998,36.919998,36.919998,36.919998,26.533394,0,0.0,0.0
2021-04-05,37.880001,38.400002,37.880001,38.400002,27.597029,400,0.0,0.0
2021-04-06,37.66,40.0,37.66,40.0,28.746901,900,0.0,0.0
2021-04-07,38.93,38.93,38.919998,38.919998,27.970743,300,0.0,0.0
2021-04-08,38.919998,38.919998,38.919998,38.919998,27.970743,0,0.0,0.0
2021-04-09,39.799999,40.48,39.799999,40.48,29.091867,500,0.0,0.0
2021-04-12,40.389999,40.490002,39.169998,39.169998,28.150402,400,0.0,0.0
2021-04-13,39.169998,39.169998,39.169998,39.169998,28.150402,0,0.0,0.0
2021-04-14,39.169998,39.169998,39.169998,39.169998,28.150402,0,0.0,0.0
2021-04-15,39.169998,39.169998,39.169998,39.169998,28.150402,0,0.0,0.0
2021-04-16,40.5,40.5,40.360001,40.360001,29.005629,300,0.0,0.0
2021-04-19,39.610001,39.610001,39.610001,39.610001,28.466627,100,0.0,0.0
2021-04-20,39.369999,39.400002,39.369999,39.400002,28.315702,200,0.0,0.0
2021-04-21,39.830002,39.98,39.830002,39.98,28.732536,300,0.0,0.0
2021-04-22,39.98,39.98,39.98,39.98,28.732536,0,0.0,0.0
2021-04-23,39.98,39.98,39.98,39.98,28.732536,0,0.0,0.0
2021-04-26,39.98,39.98,39.98,39.98,28.732536,0,0.0,0.0
2021-04-27,39.98,39.98,39.98,39.98,28.732536,0,0.0,0.0
2021-04-28,42.25,44.73,42.25,44.73,32.146221,400,0.0,0.0
2021-04-29,44.73,44.73,44.73,44.73,32.146221,0,0.0,0.0
2021-04-30,44.73,44.73,44.73,44.73,32.146221,0,0.0,0.0
2021-05-03,47.599998,47.599998,47.599998,47.599998,34.20882,200,0.0,0.0
2021-05-04,47.400002,47.400002,45.5,47.150002,33.885406,900,0.0,0.0
2021-05-05,47.150002,47.150002,45.889999,45.889999,32.979889,600,0.0,0.0
2021-05-06,45.889999,45.889999,45.889999,45.889999,32.979889,0,0.0,0.0
2021-05-07,45.889999,45.889999,45.889999,45.889999,32.979889,0,0.0,0.0
2021-05-10,47.380001,47.380001,47.380001,47.380001,34.050705,100,0.0,0.0
2021-05-11,45.790001,45.790001,44.220001,44.689999,32.117477,1900,0.0,0.0
2021-05-12,44.310001,44.310001,43.16,43.16,31.017902,300,0.0,0.0
2021-05-13,42.959999,42.959999,42.959999,42.959999,30.874178,200,0.0,0.0
2021-05-14,42.959999,42.959999,42.959999,42.959999,30.874178,0,0.0,0.0
2021-05-17,42.959999,42.959999,42.959999,42.959999,30.874178,0,0.0,0.0
2021-05-18,42.959999,42.959999,42.959999,42.959999,30.874178,0,0.0,0.0
2021-05-19,42.959999,42.959999,42.959999,42.959999,30.874178,0,0.0,0.0
2021-05-20,42.959999,42.959999,42.959999,42.959999,30.874178,0,0.0,0.0
2021-05-21,43.799999,43.799999,43.799999,43.799999,31.477854,200,0.0,0.0
2021-05-24,42.459999,43.799999,42.459999,43.799999,31.477854,300,0.0,0.0
2021-05-25,43.77,43.77,43.77,43.77,31.456303,600,0.0,0.0
2021-05-26,44.919998,46.599998,44.919998,46.599998,33.490147,300,0.0,0.0
2021-05-27,48.080002,48.5,47.380001,47.380001,34.050705,2100,0.0,0.0
2021-05-28,45.720001,45.93,45.720001,45.91,33.155205,400,0.23,0.0
2021-06-01,45.91,45.91,45.91,45.91,33.155205,0,0.0,0.0
2021-06-02,46.490002,46.959999,46.32,46.959999,33.913483,800,0.0,0.0
2021-06-03,47.75,47.75,47.75,47.75,34.484016,300,0.0,0.0
2021-06-04,47.75,47.75,47.75,47.75,34.484016,0,0.0,0.0
2021-06-07,51.459999,51.91,51.459999,51.700001,37.336624,500,0.0,0.0
2021-06-08,51.700001,51.700001,51.700001,51.700001,37.336624,0,0.0,0.0
2021-06-09,50.389999,50.540001,50.040001,50.040001,36.137802,1200,0.0,0.0
2021-06-10,50.040001,50.040001,50.040001,50.040001,36.137802,0,0.0,0.0
2021-06-11,50.040001,50.040001,50.040001,50.040001,36.137802,0,0.0,0.0
2021-06-14,49.220001,49.220001,49.220001,49.220001,35.545624,300,0.0,0.0
2021-06-15,49.220001,49.220001,49.220001,49.220001,35.545624,0,0.0,0.0
2021-06-16,46.09,46.09,44.700001,44.700001,32.281368,300,0.0,0.0
2021-06-17,43.849998,43.849998,42.470001,42.470001,30.670919,300,0.0,0.0
2021-06-18,40.02,40.02,40.02,40.02,28.901579,100,0.0,0.0
2021-06-21,40.52,40.52,40.52,40.52,29.262669,100,0.0,0.0
2021-06-22,40.52,40.52,40.52,40.52,29.262669,0,0.0,0.0
2021-06-23,40.919998,40.919998,40.919998,40.919998,29.551533,100,0.0,0.0
2021-06-24,41.0,41.0,40.650002,40.900002,29.537086,1100,0.0,0.0
2021-06-25,40.900002,40.900002,40.900002,40.900002,29.537086,0,0.0,0.0
2021-06-28,42.619999,43.099998,42.619999,43.009998,31.060883,1300,0.0,0.0
2021-06-29,43.009998,43.009998,43.009998,43.009998,31.060883,0,0.0,0.0
2021-06-30,42.880001,42.880001,42.880001,42.880001,30.967012,100,0.0,0.0
2021-07-01,43.029999,43.029999,43.029999,43.029999,31.075333,100,0.0,0.0
2021-07-02,43.029999,43.029999,43.029999,43.029999,31.075333,0,0.0,0.0
2021-07-06,43.029999,43.029999,43.029999,43.029999,31.075333,0,0.0,0.0
2021-07-07,43.400002,43.400002,41.610001,41.610001,30.049843,2100,0.0,0.0
2021-07-08,41.610001,41.610001,41.610001,41.610001,30.049843,0,0.0,0.0
2021-07-09,41.610001,41.610001,41.610001,41.610001,30.049843,0,0.0,0.0
2021-07-12,41.610001,41.610001,41.610001,41.610001,30.049843,0,0.0,0.0
2021-07-13,42.16,42.16,42.16,42.16,30.447037,500,0.0,0.0
2021-07-14,42.16,42.16,42.16,42.16,30.447037,0,0.0,0.0
2021-07-15,41.599998,41.599998,40.889999,40.889999,29.529865,500,0.0,0.0
2021-07-16,40.889999,40.889999,40.889999,40.889999,29.529865,0,0.0,0.0
2021-07-19,40.889999,40.889999,40.889999,40.889999,29.529865,0,0.0,0.0
2021-07-20,40.0,40.0,40.0,40.0,28.88714,100,0.0,0.0
2021-07-21,39.310001,39.310001,39.310001,39.310001,28.388832,100,0.0,0.0
2021-07-22,39.310001,39.310001,39.310001,39.310001,28.388832,0,0.0,0.0
2021-07-23,39.07,39.07,38.119999,38.119999,27.529438,200,0.0,0.0
2021-07-26,37.0,37.0,37.0,37.0,26.720594,200,0.0,0.0
2021-07-27,37.0,37.0,37.0,37.0,26.720594,0,0.0,0.0
2021-07-28,37.0,37.0,37.0,37.0,26.720594,0,0.0,0.0
2021-07-29,37.0,37.0,37.0,37.0,26.720594,0,0.0,0.0
2021-07-30,37.0,37.0,37.0,37.0,26.720594,0,0.0,0.0
2021-08-02,37.0,37.0,37.0,37.0,26.720594,0,0.0,0.0
2021-08-03,37.060001,37.060001,37.060001,37.060001,26.763929,300,0.0,0.0
2021-08-04,37.060001,37.060001,37.060001,37.060001,26.763929,0,0.0,0.0
2021-08-05,37.43,37.43,36.939999,36.939999,26.677261,200,0.0,0.0
2021-08-06,36.939999,36.939999,36.939999,36.939999,26.677261,0,0.0,0.0
2021-08-09,36.830002,38.82,36.830002,38.82,28.034964,600,0.0,0.0
2021-08-10,39.27,39.27,39.27,39.27,28.35994,100,0.0,0.0
2021-08-11,38.880001,38.880001,37.990002,37.990002,27.435555,300,0.0,0.0
2021-08-12,37.990002,37.990002,37.990002,37.990002,27.435555,0,0.0,0.0
2021-08-13,37.990002,37.990002,37.990002,37.990002,27.435555,0,0.0,0.0
2021-08-16,38.0,38.0,38.0,38.0,27.442776,100,0.0,0.0
2021-08-17,37.0,37.0,37.0,37.0,26.720594,200,0.0,0.0
2021-08-18,36.360001,36.360001,35.450001,35.450001,25.601221,300,0.0,0.0
2021-08-19,35.439999,35.439999,35.439999,35.439999,25.594,100,0.0,0.0
2021-08-20,35.439999,35.439999,35.439999,35.439999,25.761189,0,0.23,0.0
2021-08-23,35.73,35.73,35.73,35.73,25.971989,300,0.0,0.0
2021-08-24,35.73,35.73,35.73,35.73,25.971989,0,0.0,0.0
2021-08-25,35.73,35.73,35.73,35.73,25.971989,0,0.0,0.0
2021-08-26,35.73,35.73,35.73,35.73,25.971989,0,0.0,0.0
2021-08-27,35.73,35.73,35.73,35.73,25.971989,0,0.0,0.0
2021-08-30,35.73,35.73,35.73,35.73,25.971989,0,0.0,0.0
2021-08-31,35.73,35.73,35.73,35.73,25.971989,0,0.0,0.0
2021-09-01,35.740002,36.75,35.740002,36.75,26.713421,600,0.0,0.0
2021-09-02,36.75,36.75,36.75,36.75,26.713421,0,0.0,0.0
2021-09-03,36.75,36.75,36.75,36.75,26.713421,0,0.0,0.0
2021-09-07,36.470001,36.939999,36.330002,36.330002,26.408127,800,0.0,0.0
2021-09-08,36.639999,37.349998,35.950001,36.529999,26.553499,1500,0.0,0.0
2021-09-09,36.950001,37.610001,36.32,36.32,26.400856,800,0.0,0.0
2021-09-10,37.290001,38.0,34.93,34.93,25.390469,900,0.0,0.0
2021-09-13,33.599998,33.599998,33.599998,33.599998,24.423693,800,0.0,0.0
2021-09-14,33.549999,34.16,33.310001,33.5,24.351007,2200,0.0,0.0
2021-09-15,34.48,34.48,34.48,34.48,25.063366,200,0.0,0.0
2021-09-16,34.48,34.48,34.48,34.48,25.063366,0,0.0,0.0
2021-09-17,34.07,34.07,32.189999,32.189999,23.398775,1800,0.0,0.0
2021-09-20,32.189999,32.189999,32.189999,32.189999,23.398775,0,0.0,0.0
2021-09-21,34.169998,34.169998,33.900002,33.900002,24.641769,600,0.0,0.0
2021-09-22,34.470001,34.470001,34.470001,34.470001,25.056095,500,0.0,0.0
2021-09-23,35.900002,35.900002,35.900002,35.900002,26.095558,200,0.0,0.0
2021-09-24,35.900002,35.900002,35.900002,35.900002,26.095558,0,0.0,0.0
2021-09-27,36.869999,36.869999,36.869999,36.869999,26.800646,200,0.0,0.0
2021-09-28,36.869999,36.869999,36.869999,36.869999,26.800646,0,0.0,0.0
2021-09-29,35.990002,35.990002,35.990002,35.990002,26.160982,100,0.0,0.0
2021-09-30,35.990002,35.990002,35.990002,35.990002,26.160982,0,0.0,0.0
2021-10-01,35.990002,35.990002,35.990002,35.990002,26.160982,0,0.0,0.0
2021-10-04,35.75,35.75,35.75,35.75,25.986526,200,0.0,0.0
2021-10-05,33.220001,33.220001,33.220001,33.220001,24.147478,200,0.0,0.0
2021-10-06,33.220001,33.220001,33.220001,33.220001,24.147478,0,0.0,0.0
2021-10-07,33.619999,35.52,33.619999,35.52,25.819334,300,0.0,0.0
2021-10-08,34.970001,34.970001,34.970001,34.970001,25.419542,100,0.0,0.0
2021-10-11,34.490002,34.490002,34.490002,34.490002,25.070633,100,0.0,0.0
2021-10-12,34.02,34.02,34.02,34.02,24.728991,100,0.0,0.0
2021-10-13,33.189999,33.189999,32.349998,32.349998,23.515076,200,0.0,0.0
2021-10-14,31.959999,32.799999,31.959999,32.799999,23.84218,200,0.0,0.0
2021-10-15,32.68,33.52,32.68,33.41,24.285589,300,0.0,0.0
2021-10-18,32.709999,33.630001,32.709999,32.98,23.973022,4200,0.0,0.0
2021-10-19,33.09,33.09,33.09,33.09,24.052979,300,0.0,0.0
2021-10-20,33.09,33.09,33.09,33.09,24.052979,0,0.0,0.0
2021-10-21,33.09,33.09,33.09,33.09,24.052979,0,0.0,0.0
2021-10-22,33.09,33.09,33.09,33.09,24.052979,0,0.0,0.0
2021-10-25,33.009998,34.150002,33.009998,34.150002,24.82349,500,0.0,0.0
2021-10-26,33.099998,33.099998,33.099998,33.099998,24.060249,300,0.0,0.0
2021-10-27,31.77,31.77,31.77,31.77,23.093477,200,0.0,0.0
2021-10-28,32.189999,32.189999,32.189999,32.189999,23.398775,100,0.0,0.0
2021-10-29,28.969999,28.969999,27.73,28.280001,20.556614,2800,0.0,0.0
2021-11-01,28.74,30.77,28.74,30.77,22.366581,700,0.0,0.0
2021-11-02,30.0,30.0,30.0,30.0,21.806873,200,0.0,0.0
2021-11-03,30.290001,32.049999,30.290001,32.049999,23.297009,900,0.0,0.0
2021-11-04,30.77,30.77,30.77,30.77,22.366581,300,0.0,0.0
2021-11-05,30.77,30.77,30.77,30.77,22.366581,0,0.0,0.0
2021-11-08,32.060001,34.0,32.060001,34.0,24.714455,600,0.0,0.0
2021-11-09,35.400002,35.400002,35.0,35.0,25.441353,1000,0.0,0.0
2021-11-10,35.639999,36.029999,35.220001,35.220001,25.601269,1300,0.0,0.0
2021-11-11,35.060001,35.060001,35.060001,35.060001,25.484961,200,0.0,0.0
2021-11-12,35.470001,35.470001,35.060001,35.060001,25.484961,300,0.0,0.0
2021-11-15,34.849998,35.220001,34.049999,34.049999,24.750801,1200,0.0,0.0
2021-11-16,34.049999,34.049999,34.049999,34.049999,24.750801,0,0.0,0.0
2021-11-17,32.619999,33.369999,32.619999,33.369999,24.256506,500,0.0,0.0
2021-11-18,33.880001,34.009998,32.860001,32.860001,23.885794,2900,0.0,0.0
2021-11-19,32.860001,32.860001,32.860001,32.860001,25.541399,0,2.13,0.0
2021-11-22,32.860001,32.860001,32.860001,32.860001,25.541399,0,0.0,0.0
2021-11-23,32.860001,32.860001,32.860001,32.860001,25.541399,0,0.0,0.0
2021-11-24,31.0,31.0,31.0,31.0,24.095661,100,0.0,0.0
2021-11-26,31.0,31.0,31.0,31.0,24.095661,0,0.0,0.0
2021-11-29,31.0,31.0,31.0,31.0,24.095661,0,0.0,0.0
2021-11-30,31.0,31.0,31.0,31.0,24.095661,0,0.0,0.0
2021-12-01,30.469999,30.469999,30.469999,30.469999,23.683702,100,0.0,0.0
2021-12-02,30.4,30.4,30.4,30.4,23.62929,100,0.0,0.0
2021-12-03,30.4,30.4,30.4,30.4,23.62929,0,0.0,0.0
2021-12-06,30.4,30.4,30.4,30.4,23.62929,0,0.0,0.0
2021-12-07,30.4,30.4,30.4,30.4,23.62929,0,0.0,0.0
2021-12-08,31.26,31.26,31.26,31.26,24.29775,200,0.0,0.0
2021-12-09,31.26,31.26,31.26,31.26,24.29775,0,0.0,0.0
2021-12-10,31.26,31.26,31.26,31.26,24.29775,0,0.0,0.0
2021-12-13,31.26,31.26,31.26,31.26,24.29775,0,0.0,0.0
2021-12-14,31.26,31.26,31.26,31.26,24.29775,0,0.0,0.0
2021-12-15,30.73,32.599998,30.73,32.599998,25.339306,400,0.0,0.0
2021-12-16,32.099998,32.389999,32.099998,32.389999,25.176081,400,0.0,0.0
2021-12-17,32.389999,32.389999,32.389999,32.389999,25.176081,0,0.0,0.0
2021-12-20,31.67,31.67,29.719999,29.719999,23.100742,400,0.0,0.0
2021-12-21,29.719999,29.719999,29.719999,29.719999,23.100742,0,0.0,0.0
2021-12-22,29.719999,29.719999,29.719999,29.719999,23.100742,0,0.0,0.0
2021-12-23,30.209999,30.76,30.209999,30.76,23.909113,900,0.0,0.0
2021-12-27,30.290001,30.290001,30.290001,30.290001,23.543795,100,0.0,0.0
2021-12-28,30.68,30.690001,30.33,30.33,23.574883,700,0.0,0.0
2021-12-29,30.33,30.33,30.33,30.33,23.574883,0,0.0,0.0
2021-12-30,30.33,30.33,30.33,30.33,23.574883,0,0.0,0.0
2021-12-31,30.33,30.33,30.33,30.33,23.574883,0,0.0,0.0
2022-01-03,30.73,30.73,30.719999,30.719999,23.878025,300,0.0,0.0
2022-01-04,30.719999,30.719999,30.719999,30.719999,23.878025,0,0.0,0.0
2022-01-05,30.719999,30.719999,30.719999,30.719999,23.878025,0,0.0,0.0
2022-01-06,30.719999,30.719999,30.719999,30.719999,23.878025,0,0.0,0.0
2022-01-07,30.719999,30.719999,30.719999,30.719999,23.878025,0,0.0,0.0
2022-01-10,30.719999,30.719999,30.719999,30.719999,23.878025,0,0.0,0.0
2022-01-11,30.719999,30.719999,30.719999,30.719999,23.878025,0,0.0,0.0
2022-01-12,30.719999,30.719999,30.719999,30.719999,23.878025,0,0.0,0.0
2022-01-13,30.719999,30.719999,30.719999,30.719999,23.878025,0,0.0,0.0
2022-01-14,30.719999,30.719999,30.719999,30.719999,23.878025,0,0.0,0.0
2022-01-18,30.290001,30.290001,30.290001,30.290001,23.543795,100,0.0,0.0
2022-01-19,30.290001,30.290001,30.290001,30.290001,23.543795,0,0.0,0.0
2022-01-20,29.959999,29.959999,29.190001,29.190001,22.688782,300,0.0,0.0
2022-01-21,28.75,28.75,28.75,28.75,22.346781,100,0.0,0.0
2022-01-24,28.75,28.75,28.75,28.75,22.346781,0,0.0,0.0
2022-01-25,29.450001,29.459999,28.75,28.75,22.346781,400,0.0,0.0
2022-01-26,28.75,28.75,28.75,28.75,22.346781,0,0.0,0.0
2022-01-27,28.75,28.75,28.75,28.75,22.346781,0,0.0,0.0
2022-01-28,28.75,28.75,28.75,28.75,22.346781,0,0.0,0.0
2022-01-31,28.75,28.75,28.75,28.75,22.346781,0,0.0,0.0
2022-02-01,29.43,29.719999,28.91,29.719999,23.100742,2200,0.0,0.0
2022-02-02,29.440001,29.440001,29.440001,29.440001,22.883102,100,0.0,0.0
2022-02-03,29.440001,29.440001,29.440001,29.440001,22.883102,0,0.0,0.0
2022-02-04,29.440001,29.440001,29.440001,29.440001,22.883102,0,0.0,0.0
2022-02-07,29.440001,29.440001,29.440001,29.440001,22.883102,0,0.0,0.0
2022-02-08,29.440001,29.440001,29.440001,29.440001,22.883102,0,0.0,0.0
2022-02-09,29.440001,29.440001,29.440001,29.440001,22.883102,0,0.0,0.0
2022-02-10,29.440001,29.440001,29.440001,29.440001,22.883102,0,0.0,0.0
2022-02-11,29.440001,29.440001,29.440001,29.440001,22.883102,0,0.0,0.0
2022-02-14,29.01,29.01,29.01,29.01,22.548876,100,0.0,0.0
2022-02-15,29.01,29.01,29.01,29.01,22.548876,0,0.0,0.0
2022-02-16,30.129999,30.129999,29.049999,29.049999,22.579962,600,0.0,0.0
2022-02-17,26.92,26.92,26.92,26.92,20.924362,200,0.0,0.0
2022-02-18,27.25,27.9,27.25,27.9,21.68609,300,0.0,0.0
2022-02-22,27.120001,27.559999,27.110001,27.110001,21.072046,300,0.0,0.0
2022-02-23,26.65,27.0,26.65,27.0,20.986544,900,0.0,0.0
2022-02-24,27.0,27.0,27.0,27.0,20.986544,0,0.0,0.0
2022-02-25,27.219999,27.74,26.34,27.43,21.320776,1400,0.0,0.0
2022-02-28,28.530001,28.530001,28.530001,28.530001,22.175779,200,0.0,0.0
2022-03-01,28.49,28.49,28.49,28.49,22.144691,200,0.0,0.0
2022-03-02,28.49,28.49,28.49,28.49,22.144691,0,0.0,0.0
2022-03-03,30.15,30.15,30.15,30.15,23.434973,100,0.0,0.0
2022-03-04,30.15,30.15,30.15,30.15,23.434973,0,0.0,0.0
2022-03-07,28.85,28.85,28.85,28.85,22.424509,100,0.0,0.0
2022-03-08,28.709999,28.709999,28.709999,28.709999,22.315685,300,0.0,0.0
2022-03-09,28.709999,28.709999,28.709999,28.709999,22.315685,0,0.0,0.0
2022-03-10,28.27,28.27,28.27,28.27,22.15114,200,0.23,0.0
2022-03-11,28.27,28.27,28.27,28.27,22.15114,0,0.0,0.0
2022-03-14,28.799999,29.99,28.799999,29.99,23.498856,400,0.0,0.0
2022-03-15,29.559999,29.559999,29.0,29.0,22.723139,300,0.0,0.0
2022-03-16,29.0,29.0,29.0,29.0,22.723139,0,0.0,0.0
2022-03-17,29.0,29.0,29.0,29.0,22.723139,0,0.0,0.0
2022-03-18,29.0,29.0,29.0,29.0,22.723139,0,0.0,0.0
2022-03-21,29.0,29.0,29.0,29.0,22.723139,0,0.0,0.0
2022-03-22,29.0,29.0,29.0,29.0,22.723139,0,0.0,0.0
2022-03-23,28.27,28.27,28.27,28.27,22.15114,200,0.0,0.0
2022-03-24,28.27,28.27,28.27,28.27,22.15114,0,0.0,0.0
2022-03-25,28.27,28.27,28.27,28.27,22.15114,0,0.0,0.0
2022-03-28,28.27,28.27,28.27,28.27,22.15114,0,0.0,0.0
2022-03-29,28.27,28.27,28.27,28.27,22.15114,0,0.0,0.0
2022-03-30,28.27,28.27,28.27,28.27,22.15114,0,0.0,0.0
2022-03-31,28.27,28.27,28.27,28.27,22.15114,0,0.0,0.0
2022-04-01,28.27,28.27,28.27,28.27,22.15114,0,0.0,0.0
2022-04-04,27.889999,27.889999,27.889999,27.889999,21.853386,100,0.0,0.0
2022-04-05,27.889999,27.889999,27.889999,27.889999,21.853386,0,0.0,0.0
2022-04-06,27.889999,27.889999,27.889999,27.889999,21.853386,0,0.0,0.0
2022-04-07,27.889999,27.889999,27.889999,27.889999,21.853386,0,0.0,0.0
2022-04-08,27.889999,27.889999,27.889999,27.889999,21.853386,0,0.0,0.0
2022-04-11,27.889999,27.889999,27.889999,27.889999,21.853386,0,0.0,0.0
2022-04-12,27.889999,27.889999,27.889999,27.889999,21.853386,0,0.0,0.0
2022-04-13,27.889999,27.889999,27.889999,27.889999,21.853386,0,0.0,0.0
2022-04-14,27.889999,27.889999,27.889999,27.889999,21.853386,0,0.0,0.0
2022-04-18,27.889999,27.889999,27.889999,27.889999,21.853386,0,0.0,0.0
2022-04-19,27.889999,27.889999,27.889999,27.889999,21.853386,0,0.0,0.0
2022-04-20,27.110001,27.110001,27.110001,27.110001,21.24222,100,0.0,0.0
2022-04-21,27.110001,27.110001,27.110001,27.110001,21.24222,0,0.0,0.0
2022-04-22,27.110001,27.110001,27.110001,27.110001,21.24222,0,0.0,0.0
2022-04-25,25.6,25.6,25.6,25.6,20.059046,100,0.0,0.0
2022-04-26,25.6,25.6,25.6,25.6,20.059046,0,0.0,0.0
2022-04-27,25.6,25.6,25.6,25.6,20.059046,0,0.0,0.0
2022-04-28,25.6,25.6,25.6,25.6,20.059046,0,0.0,0.0
2022-04-29,25.6,25.6,25.6,25.6,20.059046,0,0.0,0.0
2022-05-02,25.370001,25.370001,24.68,24.68,19.338177,500,0.0,0.0
2022-05-03,24.68,24.68,24.68,24.68,19.338177,0,0.0,0.0
2022-05-04,25.0,25.0,25.0,25.0,19.588915,200,0.0,0.0
2022-05-05,25.5,25.5,25.5,25.5,19.98069,100,0.0,0.0
2022-05-06,27.35,27.620001,27.35,27.540001,21.579147,1200,0.0,0.0
2022-05-09,27.540001,27.540001,27.540001,27.540001,21.579147,0,0.0,0.0
2022-05-10,27.709999,27.709999,27.709999,27.709999,21.712351,200,0.0,0.0
2022-05-11,27.709999,27.709999,27.709999,27.709999,21.712351,0,0.0,0.0
2022-05-12,27.709999,27.709999,27.709999,27.709999,21.712351,0,0.0,0.0
2022-05-13,27.709999,27.709999,27.709999,27.709999,21.712351,0,0.0,0.0
2022-05-16,27.709999,27.709999,27.709999,27.709999,21.712351,0,0.0,0.0
2022-05-17,27.709999,27.709999,27.709999,27.709999,21.712351,0,0.0,0.0
2022-05-18,27.91,28.08,27.860001,28.02,21.955256,1100,0.0,0.0
2022-05-19,28.02,28.02,28.02,28.02,21.955256,0,0.0,0.0
2022-05-20,28.02,28.02,28.02,28.02,21.955256,0,0.0,0.0
2022-05-23,27.459999,27.459999,26.629999,26.629999,20.866106,200,0.0,0.0
2022-05-24,26.0,26.299999,26.0,26.299999,20.607534,300,0.0,0.0
2022-05-25,26.299999,26.299999,26.299999,26.299999,20.607534,200,0.0,0.0
2022-05-26,28.709999,29.26,28.709999,29.26,22.926865,500,0.0,0.0
2022-05-27,29.26,29.26,29.26,29.26,22.926865,0,0.0,0.0
2022-05-31,29.26,29.26,29.26,29.26,22.926865,0,0.0,0.0
2022-06-01,29.26,29.26,29.26,29.26,23.132416,0,0.26,0.0
2022-06-02,27.719999,27.719999,27.719999,27.719999,21.914919,100,0.0,0.0
2022-06-03,27.719999,27.719999,27.719999,27.719999,21.914919,0,0.0,0.0
2022-06-06,27.110001,27.110001,27.110001,27.110001,21.432669,100,0.0,0.0
2022-06-07,27.110001,27.110001,27.110001,27.110001,21.432669,0,0.0,0.0
2022-06-08,27.110001,27.110001,27.110001,27.110001,21.432669,0,0.0,0.0
2022-06-09,27.110001,27.110001,27.110001,27.110001,21.432669,0,0.0,0.0
2022-06-10,27.110001,27.110001,27.110001,27.110001,21.432669,0,0.0,0.0
2022-06-13,27.110001,27.110001,27.110001,27.110001,21.432669,0,0.0,0.0
2022-06-14,26.309999,26.309999,26.309999,26.309999,20.8002,100,0.0,0.0
2022-06-15,26.309999,26.309999,26.309999,26.309999,20.8002,0,0.0,0.0
2022-06-16,26.16,26.16,24.549999,24.549999,19.408777,300,0.0,0.0
2022-06-17,24.799999,24.799999,24.799999,24.799999,19.606421,200,0.0,0.0
2022-06-21,24.799999,24.799999,24.799999,24.799999,19.606421,0,0.0,0.0
2022-06-22,24.799999,24.799999,24.799999,24.799999,19.606421,0,0.0,0.0
2022-06-23,24.799999,24.799999,24.799999,24.799999,19.606421,0,0.0,0.0
2022-06-24,24.799999,24.799999,24.799999,24.799999,19.606421,0,0.0,0.0
2022-06-27,24.799999,24.799999,24.799999,24.799999,19.606421,0,0.0,0.0
2022-06-28,24.799999,24.799999,24.799999,24.799999,19.606421,0,0.0,0.0
2022-06-29,24.799999,24.799999,24.799999,24.799999,19.606421,0,0.0,0.0
2022-06-30,24.799999,24.799999,24.799999,24.799999,19.606421,0,0.0,0.0
2022-07-01,24.799999,24.799999,24.799999,24.799999,19.606421,0,0.0,0.0
2022-07-05,24.799999,24.799999,24.799999,24.799999,19.606421,0,0.0,0.0
2022-07-06,24.799999,24.799999,24.799999,24.799999,19.606421,0,0.0,0.0
2022-07-07,24.799999,24.799999,24.799999,24.799999,19.606421,0,0.0,0.0
2022-07-08,24.799999,24.799999,24.799999,24.799999,19.606421,0,0.0,0.0
2022-07-11,24.799999,24.799999,24.799999,24.799999,19.606421,0,0.0,0.0
2022-07-12,24.799999,24.799999,24.799999,24.799999,19.606421,0,0.0,0.0
2022-07-13,24.799999,24.799999,24.799999,24.799999,19.606421,0,0.0,0.0
2022-07-14,24.799999,24.799999,24.799999,24.799999,19.606421,0,0.0,0.0
2022-07-15,24.68,24.68,24.68,24.68,19.511555,100,0.0,0.0
2022-07-18,24.68,24.68,24.68,24.68,19.511555,0,0.0,0.0
2022-07-19,24.68,24.68,24.68,24.68,19.511555,0,0.0,0.0
2022-07-20,24.68,24.68,24.68,24.68,19.511555,0,0.0,0.0
2022-07-21,25.0,25.0,25.0,25.0,19.76454,100,0.0,0.0
2022-07-22,26.219999,26.219999,26.219999,26.219999,20.729044,100,0.0,0.0
2022-07-25,26.219999,26.219999,26.219999,26.219999,20.729044,0,0.0,0.0
2022-07-26,25.91,25.91,25.9,25.9,20.476061,500,0.0,0.0
2022-07-27,26.0,26.0,26.0,26.0,20.555119,100,0.0,0.0
2022-07-28,26.0,26.0,26.0,26.0,20.555119,0,0.0,0.0
2022-07-29,26.68,26.68,26.68,26.68,21.092714,200,0.0,0.0
2022-08-01,26.68,26.68,26.68,26.68,21.092714,0,0.0,0.0
2022-08-02,26.68,26.68,26.68,26.68,21.092714,0,0.0,0.0
2022-08-03,26.67,29.360001,26.67,29.360001,23.211472,600,0.0,0.0
2022-08-04,29.360001,29.360001,29.360001,29.360001,23.211472,0,0.0,0.0
2022-08-05,28.969999,29.09,28.969999,29.09,22.998016,200,0.0,0.0
2022-08-08,30.299999,30.299999,30.299999,30.299999,23.95462,100,0.0,0.0
2022-08-09,30.299999,30.299999,30.299999,30.299999,23.95462,0,0.0,0.0
2022-08-10,30.299999,30.299999,30.299999,30.299999,23.95462,0,0.0,0.0
2022-08-11,30.299999,30.299999,30.299999,30.299999,23.95462,0,0.0,0.0
2022-08-12,30.299999,30.299999,30.299999,30.299999,23.95462,0,0.0,0.0
2022-08-15,29.059999,31.15,29.059999,31.15,24.626617,400,0.0,0.0
2022-08-16,31.15,31.15,31.15,31.15,24.626617,0,0.0,0.0
2022-08-17,31.15,31.15,31.15,31.15,24.626617,0,0.0,0.0
2022-08-18,31.15,31.15,31.15,31.15,24.626617,0,0.0,0.0
2022-08-19,30.26,30.26,30.26,30.26,24.124357,100,0.26,0.0
2022-08-22,29.200001,30.120001,29.200001,29.559999,23.566288,500,0.0,0.0
2022-08-23,29.559999,29.559999,29.559999,29.559999,23.566288,0,0.0,0.0
2022-08-24,29.559999,29.559999,29.559999,29.559999,23.566288,0,0.0,0.0
2022-08-25,29.559999,29.559999,29.559999,29.559999,23.566288,0,0.0,0.0
2022-08-26,29.559999,29.559999,29.559999,29.559999,23.566288,0,0.0,0.0
2022-08-29,29.0,29.0,29.0,29.0,23.119841,100,0.0,0.0
2022-08-30,29.0,29.0,29.0,29.0,23.119841,0,0.0,0.0
2022-08-31,29.0,29.0,29.0,29.0,23.119841,0,0.0,0.0
2022-09-01,26.77,26.77,26.77,26.77,21.342005,100,0.0,0.0
2022-09-02,26.77,26.77,26.77,26.77,21.342005,0,0.0,0.0
2022-09-06,26.77,26.77,26.77,26.77,21.342005,0,0.0,0.0
2022-09-07,26.77,26.77,26.77,26.77,21.342005,0,0.0,0.0
2022-09-08,26.77,26.77,26.77,26.77,21.342005,0,0.0,0.0
2022-09-09,26.77,26.77,26.77,26.77,21.342005,0,0.0,0.0
2022-09-12,27.48,27.48,27.469999,27.469999,21.90007,200,0.0,0.0
2022-09-13,27.389999,27.389999,26.709999,26.709999,21.29417,200,0.0,0.0
2022-09-14,26.709999,26.709999,26.709999,26.709999,21.29417,0,0.0,0.0
2022-09-15,26.709999,26.709999,26.709999,26.709999,21.29417,0,0.0,0.0
2022-09-16,25.99,26.84,25.99,25.99,20.72016,100,0.0,0.0
2022-09-19,25.99,25.99,25.99,25.99,20.72016,0,0.0,0.0
2022-09-20,25.99,25.99,25.99,25.99,20.72016,0,0.0,0.0
2022-09-21,25.99,25.99,25.99,25.99,20.72016,0,0.0,0.0
2022-09-22,25.99,25.99,25.99,25.99,20.72016,0,0.0,0.0
2022-09-23,25.99,25.99,25.99,25.99,20.72016,0,0.0,0.0
2022-09-26,25.99,25.99,25.99,25.99,20.72016,0,0.0,0.0
2022-09-27,25.5,25.5,25.5,25.5,20.329517,100,0.0,0.0
2022-09-28,25.5,25.5,25.5,25.5,20.329517,0,0.0,0.0
2022-09-29,25.5,25.5,25.5,25.5,20.329517,0,0.0,0.0
2022-09-30,25.190001,25.190001,25.190001,25.190001,20.082373,200,0.0,0.0
2022-10-03,25.190001,25.190001,25.190001,25.190001,20.082373,0,0.0,0.0
2022-10-04,25.84,25.84,25.84,25.84,20.600574,1000,0.0,0.0
2022-10-05,25.84,25.84,25.84,25.84,20.600574,0,0.0,0.0
2022-10-06,25.84,25.84,25.84,25.84,20.600574,0,0.0,0.0
2022-10-07,25.25,25.25,25.25,25.25,20.130207,100,0.0,0.0
2022-10-10,25.25,25.25,25.25,25.25,20.130207,0,0.0,0.0
2022-10-11,25.530001,25.530001,25.530001,25.530001,20.353432,200,0.0,0.0
2022-10-12,25.530001,25.530001,25.530001,25.530001,20.353432,0,0.0,0.0
2022-10-13,26.0,26.0,26.0,26.0,20.728132,100,0.0,0.0
2022-10-14,26.0,26.0,26.0,26.0,20.728132,0,0.0,0.0
2022-10-17,27.08,27.08,27.08,27.08,21.589148,200,0.0,0.0
2022-10-18,26.91,26.91,26.690001,26.690001,21.278225,400,0.0,0.0
2022-10-19,26.690001,26.690001,26.690001,26.690001,21.278225,0,0.0,0.0
2022-10-20,26.690001,26.690001,26.690001,26.690001,21.278225,0,0.0,0.0
2022-10-21,26.690001,26.690001,26.690001,26.690001,21.278225,0,0.0,0.0
2022-10-24,26.08,26.360001,25.700001,26.360001,21.015139,800,0.0,0.0
2022-10-25,26.469999,26.93,26.379999,26.93,21.469563,400,0.0,0.0
2022-10-26,27.129999,27.129999,26.84,26.84,21.39781,700,0.0,0.0
2022-10-27,26.639999,26.639999,26.639999,26.639999,21.238361,400,0.0,0.0
2022-10-28,27.41,27.959999,27.299999,27.610001,22.011684,1100,0.0,0.0
2022-10-31,27.41,27.41,27.040001,27.040001,21.557259,700,0.0,0.0
2022-11-01,26.799999,26.799999,26.799999,26.799999,21.365923,700,0.0,0.0
2022-11-02,26.799999,26.799999,26.799999,26.799999,21.365923,0,0.0,0.0
2022-11-03,28.280001,29.68,28.280001,29.68,23.661963,700,0.0,0.0
2022-11-04,30.0,30.0,30.0,30.0,23.917074,100,0.0,0.0
2022-11-07,30.0,30.0,30.0,30.0,23.917074,0,0.0,0.0
2022-11-08,31.0,31.0,31.0,31.0,24.714314,200,0.0,0.0
2022-11-09,31.0,31.0,30.77,30.77,24.530951,600,0.0,0.0
2022-11-10,30.77,30.77,30.77,30.77,24.530951,0,0.0,0.0
2022-11-11,30.77,30.77,30.77,30.77,24.530951,0,0.0,0.0
2022-11-14,30.77,30.77,30.77,30.77,24.530951,0,0.0,0.0
2022-11-15,30.77,30.77,30.77,30.77,24.530951,0,0.0,0.0
2022-11-16,32.77,32.77,32.27,32.27,25.726803,200,0.0,0.0
2022-11-17,31.440001,31.879999,31.440001,31.700001,25.272377,600,0.0,0.0
2022-11-18,31.700001,31.700001,31.700001,31.700001,25.272377,0,0.0,0.0
2022-11-21,32.330002,32.330002,32.330002,32.330002,25.774641,100,0.0,0.0
2022-11-22,32.799999,33.32,32.77,32.77,26.12542,1300,0.0,0.0
2022-11-23,32.77,32.77,32.77,32.77,26.12542,0,0.0,0.0
2022-11-25,31.559999,31.559999,31.559999,31.559999,26.12542,200,1.21,0.0
2022-11-28,30.290001,30.559999,30.030001,30.559999,25.297617,1700,0.0,0.0
2022-11-29,30.0,30.379999,30.0,30.379999,25.148611,1000,0.0,0.0
2022-11-30,30.379999,30.379999,30.379999,30.379999,25.148611,0,0.0,0.0
2022-12-01,32.549999,32.549999,32.549999,32.549999,26.944941,100,0.0,0.0
2022-12-02,32.549999,32.549999,32.549999,32.549999,26.944941,0,0.0,0.0
2022-12-05,31.540001,31.540001,31.540001,31.540001,26.108864,100,0.0,0.0
2022-12-06,31.540001,31.540001,31.540001,31.540001,26.108864,100,0.0,0.0
2022-12-07,31.540001,31.540001,31.540001,31.540001,26.108864,0,0.0,0.0
2022-12-08,31.540001,31.540001,31.540001,31.540001,26.108864,0,0.0,0.0
2022-12-09,31.540001,31.540001,31.540001,31.540001,26.108864,0,0.0,0.0
2022-12-12,31.540001,31.540001,31.540001,31.540001,26.108864,0,0.0,0.0
2022-12-13,31.540001,31.540001,31.540001,31.540001,26.108864,0,0.0,0.0
2022-12-14,31.540001,31.540001,31.540001,31.540001,26.108864,0,0.0,0.0
2022-12-15,31.540001,31.540001,31.540001,31.540001,26.108864,0,0.0,0.0
2022-12-16,31.719999,31.719999,31.719999,31.719999,26.257866,100,0.0,0.0
2022-12-19,30.889999,30.889999,30.209999,30.209999,25.007887,400,0.0,0.0
2022-12-20,30.209999,30.209999,30.209999,30.209999,25.007887,0,0.0,0.0
2022-12-21,30.209999,30.209999,30.209999,30.209999,25.007887,0,0.0,0.0
2022-12-22,30.209999,30.209999,30.209999,30.209999,25.007887,0,0.0,0.0
2022-12-23,30.209999,30.209999,30.209999,30.209999,25.007887,0,0.0,0.0
2022-12-27,30.709999,30.709999,30.709999,30.709999,25.421787,300,0.0,0.0
2022-12-28,30.709999,30.709999,30.709999,30.709999,25.421787,0,0.0,0.0
2022-12-29,30.709999,30.709999,30.709999,30.709999,25.421787,0,0.0,0.0
2022-12-30,30.709999,30.709999,30.709999,30.709999,25.421787,0,0.0,0.0
2023-01-03,30.49,30.49,30.49,30.49,25.239674,500,0.0,0.0
2023-01-04,30.49,30.49,30.49,30.49,25.239674,0,0.0,0.0
2023-01-05,30.5,30.5,30.5,30.5,25.247948,200,0.0,0.0
2023-01-06,30.5,30.5,30.5,30.5,25.247948,0,0.0,0.0
2023-01-09,30.5,30.5,30.5,30.5,25.247948,0,0.0,0.0
2023-01-10,32.5,33.07,32.5,33.07,27.375401,600,0.0,0.0
2023-01-11,33.5,33.5,33.5,33.5,27.731352,300,0.0,0.0
2023-01-12,33.5,33.5,33.5,33.5,27.731352,0,0.0,0.0
2023-01-13,34.939999,34.939999,34.0,34.0,28.145252,300,0.0,0.0
2023-01-17,34.43,34.43,34.43,34.43,28.501205,200,0.0,0.0
2023-01-18,35.220001,35.220001,35.220001,35.220001,29.155174,200,0.0,0.0
2023-01-19,32.950001,32.950001,32.93,32.93,27.259508,700,0.0,0.0
2023-01-20,32.93,32.93,32.93,32.93,27.259508,0,0.0,0.0
2023-01-23,32.93,32.93,32.93,32.93,27.259508,0,0.0,0.0
2023-01-24,32.93,32.93,32.93,32.93,27.259508,0,0.0,0.0
2023-01-25,32.93,32.93,32.93,32.93,27.259508,0,0.0,0.0
2023-01-26,32.93,32.93,32.93,32.93,27.259508,0,0.0,0.0
2023-01-27,32.93,32.93,32.93,32.93,27.259508,0,0.0,0.0
2023-01-30,32.93,32.93,32.93,32.93,27.259508,0,0.0,0.0
2023-01-31,34.349998,34.349998,34.349998,34.349998,28.434986,500,0.0,0.0
2023-02-01,35.830002,35.830002,34.830002,34.830002,28.832327,900,0.0,0.0
2023-02-02,35.16,36.27,35.16,36.27,30.024372,300,0.0,0.0
2023-02-03,36.27,36.27,36.27,36.27,30.024372,0,0.0,0.0
2023-02-06,36.27,36.27,36.27,36.27,30.024372,0,0.0,0.0
2023-02-07,36.27,36.27,36.27,36.27,30.024372,0,0.0,0.0
2023-02-08,36.27,36.27,36.27,36.27,30.024372,0,0.0,0.0
2023-02-09,36.27,36.27,36.27,36.27,30.024372,0,0.0,0.0
2023-02-10,36.27,36.27,36.27,36.27,30.024372,0,0.0,0.0
2023-02-13,36.27,36.27,36.27,36.27,30.024372,0,0.0,0.0
2023-02-14,36.27,36.27,36.27,36.27,30.024372,0,0.0,0.0
2023-02-15,36.27,36.27,36.27,36.27,30.024372,0,0.0,0.0
2023-02-16,36.98,36.98,36.98,36.98,30.612103,100,0.0,0.0
2023-02-17,36.98,36.98,36.98,36.98,30.612103,0,0.0,0.0
2023-02-21,36.16,36.16,34.950001,35.0,28.973049,400,0.0,0.0
2023-02-22,37.619999,37.619999,37.619999,37.619999,31.141899,800,0.0,0.0
2023-02-23,37.560001,37.560001,37.560001,37.560001,31.092226,200,0.0,0.0
2023-02-24,37.560001,37.560001,37.560001,37.560001,31.092226,0,0.0,0.0
2023-02-27,37.560001,37.560001,37.560001,37.560001,31.092226,0,0.0,0.0
2023-02-28,37.560001,37.560001,37.560001,37.560001,31.092226,0,0.0,0.0
2023-03-01,37.560001,37.560001,37.560001,37.560001,31.092226,0,0.0,0.0
2023-03-02,36.150002,37.09,36.150002,37.09,30.703159,700,0.0,0.0
2023-03-03,37.09,37.09,37.09,37.09,30.703159,0,0.0,0.0
2023-03-06,37.09,37.09,37.09,37.09,30.703159,0,0.0,0.0
2023-03-07,37.09,37.09,37.09,37.09,30.703159,0,0.0,0.0
2023-03-08,37.09,37.09,37.09,37.09,30.703159,0,0.0,0.0
2023-03-09,37.09,37.09,37.09,37.09,30.919907,0,0.26,0.0
2023-03-10,32.009998,32.009998,32.009998,32.009998,26.68499,600,0.0,0.0
2023-03-13,32.009998,32.009998,32.009998,32.009998,26.68499,0,0.0,0.0
2023-03-14,32.009998,32.009998,32.009998,32.009998,26.68499,100,0.0,0.0
2023-03-15,32.009998,32.009998,32.009998,32.009998,26.68499,0,0.0,0.0
2023-03-16,32.009998,32.009998,32.009998,32.009998,26.68499,0,0.0,0.0
2023-03-17,31.459999,31.459999,31.459999,31.459999,26.226482,100,0.0,0.0
2023-03-20,32.34,32.34,32.34,32.34,26.960096,600,0.0,0.0
2023-03-21,32.34,32.34,32.34,32.34,26.960096,0,0.0,0.0
2023-03-22,32.34,32.34,32.34,32.34,26.960096,0,0.0,0.0
2023-03-23,32.34,32.34,32.34,32.34,26.960096,0,0.0,0.0
2023-03-24,32.34,32.34,32.34,32.34,26.960096,0,0.0,0.0
2023-03-27,31.450001,31.450001,31.450001,31.450001,26.218151,100,0.0,0.0
2023-03-28,30.950001,30.950001,30.950001,30.950001,25.801329,500,0.0,0.0
2023-03-29,32.59,32.59,32.59,32.59,27.168505,100,0.0,0.0
2023-03-30,33.02,33.02,32.0,32.0,26.676653,400,0.0,0.0
2023-03-31,32.0,32.0,32.0,32.0,26.676653,0,0.0,0.0
2023-04-03,32.0,32.0,32.0,32.0,26.676653,500,0.0,0.0
2023-04-04,31.190001,31.190001,31.190001,31.190001,26.001406,300,0.0,0.0
2023-04-05,31.190001,31.190001,31.190001,31.190001,26.001406,0,0.0,0.0
2023-04-06,31.190001,31.190001,31.190001,31.190001,26.001406,0,0.0,0.0
2023-04-10,32.41,32.41,32.41,32.41,27.01845,200,0.0,0.0
2023-04-11,31.940001,31.940001,31.940001,31.940001,26.62664,100,0.0,0.0
2023-04-12,31.940001,31.940001,31.940001,31.940001,26.62664,0,0.0,0.0
2023-04-13,31.940001,31.940001,31.940001,31.940001,26.62664,0,0.0,0.0
2023-04-14,31.940001,31.940001,31.940001,31.940001,26.62664,0,0.0,0.0
2023-04-17,31.940001,31.940001,31.940001,31.940001,26.62664,0,0.0,0.0
2023-04-18,31.940001,31.940001,31.940001,31.940001,26.62664,0,0.0,0.0
2023-04-19,31.940001,31.940001,31.940001,31.940001,26.62664,0,0.0,0.0
2023-04-20,31.940001,31.940001,31.940001,31.940001,26.62664,0,0.0,0.0
2023-04-21,31.25,31.25,31.25,31.25,26.05142,300,0.0,0.0
2023-04-24,30.469999,30.469999,30.469999,30.469999,25.401176,100,0.0,0.0
2023-04-25,30.469999,30.469999,30.469999,30.469999,25.401176,0,0.0,0.0
2023-04-26,30.469999,30.469999,30.469999,30.469999,25.401176,0,0.0,0.0
2023-04-27,30.469999,30.469999,30.469999,30.469999,25.401176,0,0.0,0.0
2023-04-28,30.469999,30.469999,30.469999,30.469999,25.401176,0,0.0,0.0
2023-05-01,29.85,29.85,29.85,29.85,24.884317,300,0.0,0.0
2023-05-02,29.85,29.85,29.85,29.85,24.884317,0,0.0,0.0
2023-05-03,29.85,29.85,29.85,29.85,24.884317,0,0.0,0.0
2023-05-04,26.15,26.15,26.139999,26.139999,21.791491,400,0.0,0.0
2023-05-05,26.139999,26.139999,26.139999,26.139999,21.791491,0,0.0,0.0
2023-05-08,26.139999,26.139999,26.139999,26.139999,21.791491,0,0.0,0.0
2023-05-09,26.139999,26.139999,26.139999,26.139999,21.791491,0,0.0,0.0
2023-05-10,26.139999,26.139999,26.139999,26.139999,21.791491,0,0.0,0.0
2023-05-11,26.139999,26.139999,26.139999,26.139999,21.791491,0,0.0,0.0
2023-05-12,26.139999,26.139999,26.139999,26.139999,21.791491,0,0.0,0.0
2023-05-15,26.139999,26.139999,26.139999,26.139999,21.791491,0,0.0,0.0
2023-05-16,26.139999,26.139999,26.139999,26.139999,21.791491,0,0.0,0.0
2023-05-17,26.139999,26.139999,26.139999,26.139999,21.791491,0,0.0,0.0
2023-05-18,26.139999,26.139999,26.139999,26.139999,21.791491,0,0.0,0.0
2023-05-19,26.139999,26.139999,26.139999,26.139999,21.791491,0,0.0,0.0
2023-05-22,26.139999,26.139999,26.139999,26.139999,21.791491,0,0.0,0.0
2023-05-23,26.139999,26.139999,26.139999,26.139999,21.791491,0,0.0,0.0
2023-05-24,26.139999,26.139999,26.139999,26.139999,21.791491,0,0.0,0.0
2023-05-25,26.139999,26.139999,26.139999,26.139999,21.791491,0,0.0,0.0
2023-05-26,26.139999,26.139999,26.139999,26.139999,21.791491,0,0.0,0.0
2023-05-30,26.139999,26.139999,26.139999,26.139999,21.791491,0,0.0,0.0
2023-05-31,26.139999,26.139999,26.139999,26.139999,21.791491,0,0.0,0.0
2023-06-01,26.139999,26.139999,26.139999,26.139999,21.791491,0,0.0,0.0
2023-06-02,26.559999,26.6,26.559999,26.6,22.174971,400,0.0,0.0
2023-06-05,26.639999,26.639999,26.559999,26.559999,22.377172,300,0.28,0.0
2023-06-06,27.450001,27.450001,27.360001,27.360001,23.051184,2200,0.0,0.0
2023-06-07,28.18,28.18,28.18,28.18,23.742044,100,0.0,0.0
2023-06-08,28.18,28.18,28.18,28.18,23.742044,0,0.0,0.0
2023-06-09,28.18,28.18,28.18,28.18,23.742044,0,0.0,0.0
2023-06-12,28.309999,28.309999,28.309999,28.309999,23.851568,100,0.0,0.0
2023-06-13,28.309999,28.309999,28.309999,28.309999,23.851568,0,0.0,0.0
2023-06-14,28.309999,28.309999,28.309999,28.309999,23.851568,0,0.0,0.0
2023-06-15,28.790001,28.790001,28.790001,28.790001,24.255981,100,0.0,0.0
2023-06-16,28.790001,28.790001,28.790001,28.790001,24.255981,0,0.0,0.0
2023-06-20,28.82,28.82,28.82,28.82,24.281254,100,0.0,0.0
2023-06-21,28.25,28.25,28.25,28.25,23.801025,100,0.0,0.0
2023-06-22,28.25,28.25,28.25,28.25,23.801025,0,0.0,0.0
2023-06-23,28.190001,28.190001,28.190001,28.190001,23.750467,100,0.0,0.0
2023-06-26,28.190001,28.190001,28.190001,28.190001,23.750467,0,0.0,0.0
2023-06-27,28.190001,28.190001,28.190001,28.190001,23.750467,0,0.0,0.0
2023-06-28,28.190001,28.190001,28.190001,28.190001,23.750467,0,0.0,0.0
2023-06-29,28.190001,28.190001,28.190001,28.190001,23.750467,0,0.0,0.0
2023-06-30,28.190001,28.190001,28.190001,28.190001,23.750467,0,0.0,0.0
2023-07-03,28.190001,28.190001,28.190001,28.190001,23.750467,0,0.0,0.0
2023-07-05,28.190001,28.190001,28.190001,28.190001,23.750467,0,0.0,0.0
2023-07-06,28.190001,28.190001,28.190001,28.190001,23.750467,0,0.0,0.0
2023-07-07,28.190001,28.190001,28.190001,28.190001,23.750467,0,0.0,0.0
2023-07-10,28.190001,28.190001,28.190001,28.190001,23.750467,0,0.0,0.0
2023-07-11,31.65,32.16,31.65,32.0,26.960445,1300,0.0,0.0
2023-07-12,32.0,32.0,32.0,32.0,26.960445,0,0.0,0.0
2023-07-13,32.0,32.0,32.0,32.0,26.960445,0,0.0,0.0
2023-07-14,32.0,32.0,32.0,32.0,26.960445,0,0.0,0.0
2023-07-17,32.0,32.0,32.0,32.0,26.960445,0,0.0,0.0
2023-07-18,31.91,31.91,31.91,31.91,26.884624,100,0.0,0.0
2023-07-19,33.0,33.0,33.0,33.0,27.802959,100,0.0,0.0
2023-07-20,33.0,33.0,33.0,33.0,27.802959,0,0.0,0.0
2023-07-21,33.0,33.0,33.0,33.0,27.802959,0,0.0,0.0
2023-07-24,33.0,33.0,33.0,33.0,27.802959,0,0.0,0.0
2023-07-25,33.0,33.0,33.0,33.0,27.802959,0,0.0,0.0
2023-07-26,33.0,33.0,33.0,33.0,27.802959,0,0.0,0.0
2023-07-27,34.0,34.0,34.0,34.0,28.645473,100,0.0,0.0
2023-07-28,34.0,34.0,34.0,34.0,28.645473,0,0.0,0.0
2023-07-31,35.549999,35.549999,35.549999,35.549999,29.951372,400,0.0,0.0
2023-08-01,34.830002,34.830002,34.830002,34.830002,29.344759,300,0.0,0.0
2023-08-02,34.189999,34.189999,34.189999,34.189999,28.805557,200,0.0,0.0
2023-08-03,34.189999,34.189999,34.189999,34.189999,28.805557,0,0.0,0.0
2023-08-04,34.189999,34.189999,34.189999,34.189999,28.805557,0,0.0,0.0
2023-08-07,34.189999,34.189999,34.189999,34.189999,28.805557,0,0.0,0.0
2023-08-08,34.189999,34.189999,34.189999,34.189999,28.805557,0,0.0,0.0
2023-08-09,34.189999,34.189999,34.189999,34.189999,28.805557,0,0.0,0.0
2023-08-10,34.189999,34.189999,34.189999,34.189999,28.805557,0,0.0,0.0
2023-08-11,34.189999,34.189999,34.189999,34.189999,28.805557,0,0.0,0.0
2023-08-14,34.189999,34.189999,34.189999,34.189999,28.805557,0,0.0,0.0
2023-08-15,34.189999,34.189999,34.189999,34.189999,28.805557,0,0.0,0.0
2023-08-16,34.189999,34.189999,34.189999,34.189999,28.805557,0,0.0,0.0
2023-08-17,34.189999,34.189999,34.189999,34.189999,28.805557,0,0.0,0.0
2023-08-18,34.189999,34.189999,34.189999,34.189999,28.805557,0,0.0,0.0
2023-08-21,34.189999,34.189999,34.189999,34.189999,28.805557,0,0.0,0.0
2023-08-22,31.35,31.35,31.35,31.35,26.412811,200,0.0,0.0
2023-08-23,31.35,31.35,31.35,31.35,26.412811,0,0.0,0.0
2023-08-24,31.35,31.35,31.35,31.35,26.412811,0,0.0,0.0
2023-08-25,31.35,31.35,31.35,31.35,26.650843,0,0.28,0.0
2023-08-28,31.35,31.35,31.35,31.35,26.650843,0,0.0,0.0
2023-08-29,31.35,31.35,31.35,31.35,26.650843,0,0.0,0.0
2023-08-30,31.35,31.35,31.35,31.35,26.650843,0,0.0,0.0
2023-08-31,31.35,31.35,31.35,31.35,26.650843,0,0.0,0.0
2023-09-01,31.700001,31.700001,31.700001,31.700001,26.94838,200,0.0,0.0
2023-09-05,31.700001,31.700001,31.700001,31.700001,26.94838,0,0.0,0.0
2023-09-06,31.700001,31.700001,31.700001,31.700001,26.94838,0,0.0,0.0
2023-09-07,31.700001,31.700001,31.700001,31.700001,26.94838,0,0.0,0.0
2023-09-08,31.700001,31.700001,31.700001,31.700001,26.94838,0,0.0,0.0
2023-09-11,31.700001,31.700001,31.700001,31.700001,26.94838,0,0.0,0.0
2023-09-12,31.700001,31.700001,31.700001,31.700001,26.94838,0,0.0,0.0
2023-09-13,31.700001,31.700001,31.700001,31.700001,26.94838,0,0.0,0.0
2023-09-14,31.700001,31.700001,31.700001,31.700001,26.94838,0,0.0,0.0
2023-09-15,31.700001,31.700001,31.700001,31.700001,26.94838,0,0.0,0.0
2023-09-18,31.700001,31.700001,31.700001,31.700001,26.94838,0,0.0,0.0
2023-09-19,31.700001,31.700001,31.700001,31.700001,26.94838,0,0.0,0.0
2023-09-20,31.700001,31.700001,31.700001,31.700001,26.94838,0,0.0,0.0
2023-09-21,31.700001,31.700001,31.700001,31.700001,26.94838,0,0.0,0.0
2023-09-22,31.700001,31.700001,31.700001,31.700001,26.94838,0,0.0,0.0
2023-09-25,31.700001,31.700001,31.700001,31.700001,26.94838,0,0.0,0.0
2023-09-26,29.0,29.0,29.0,29.0,24.653091,100,0.0,0.0
2023-09-27,29.0,29.0,29.0,29.0,24.653091,0,0.0,0.0
2023-09-28,29.0,29.0,29.0,29.0,24.653091,0,0.0,0.0
2023-09-29,29.0,29.0,29.0,29.0,24.653091,0,0.0,0.0
2023-10-02,29.0,29.0,29.0,29.0,24.653091,0,0.0,0.0
2023-10-03,29.0,29.0,29.0,29.0,24.653091,0,0.0,0.0
2023-10-04,29.0,29.0,29.0,29.0,24.653091,0,0.0,0.0
2023-10-05,29.0,29.0,29.0,29.0,24.653091,0,0.0,0.0
2023-10-06,29.0,29.0,29.0,29.0,24.653091,0,0.0,0.0
2023-10-09,29.0,29.0,29.0,29.0,24.653091,0,0.0,0.0
2023-10-10,29.0,29.0,29.0,29.0,24.653091,0,0.0,0.0
2023-10-11,29.0,29.0,29.0,29.0,24.653091,0,0.0,0.0
2023-10-12,29.0,29.0,29.0,29.0,24.653091,0,0.0,0.0
2023-10-13,29.0,29.0,29.0,29.0,24.653091,0,0.0,0.0
2023-10-16,29.0,29.0,29.0,29.0,24.653091,0,0.0,0.0
2023-10-17,28.129999,28.129999,28.129999,28.129999,23.9135,100,0.0,0.0
2023-10-18,28.129999,28.129999,28.129999,28.129999,23.9135,0,0.0,0.0
2023-10-19,28.129999,28.129999,28.129999,28.129999,23.9135,0,0.0,0.0
2023-10-20,28.129999,28.129999,28.129999,28.129999,23.9135,0,0.0,0.0
2023-10-23,28.129999,28.129999,28.129999,28.129999,23.9135,0,0.0,0.0
2023-10-24,28.129999,28.129999,28.129999,28.129999,23.9135,0,0.0,0.0
2023-10-25,28.129999,28.129999,28.129999,28.129999,23.9135,0,0.0,0.0
2023-10-26,28.129999,28.129999,28.129999,28.129999,23.9135,0,0.0,0.0
2023-10-27,28.129999,28.129999,28.129999,28.129999,23.9135,0,0.0,0.0
2023-10-30,26.1,26.1,26.1,26.1,22.187782,400,0.0,0.0
2023-10-31,26.1,26.1,26.1,26.1,22.187782,0,0.0,0.0
2023-11-01,26.1,26.1,26.1,26.1,22.187782,0,0.0,0.0
2023-11-02,26.26,26.26,26.26,26.26,22.323801,200,0.0,0.0
2023-11-03,26.26,26.26,26.26,26.26,22.323801,0,0.0,0.0
2023-11-06,26.26,26.26,26.26,26.26,22.323801,0,0.0,0.0
2023-11-07,26.26,26.26,26.26,26.26,22.323801,0,0.0,0.0
2023-11-08,26.26,26.26,26.26,26.26,22.323801,0,0.0,0.0
2023-11-09,28.75,28.75,28.75,28.75,24.440565,100,0.0,0.0
2023-11-10,28.75,28.75,28.75,28.75,24.440565,0,0.0,0.0
2023-11-13,28.75,28.75,28.75,28.75,24.440565,0,0.0,0.0
2023-11-14,28.75,28.75,28.75,28.75,24.440565,0,0.0,0.0
2023-11-15,31.879999,31.879999,31.879999,31.879999,27.1014,200,0.0,0.0
2023-11-16,31.879999,31.879999,31.879999,31.879999,27.1014,0,0.0,0.0
2023-11-17,31.879999,31.879999,31.879999,31.879999,27.1014,0,0.0,0.0
2023-11-20,32.52,32.52,32.52,32.52,27.645468,400,0.0,0.0
2023-11-21,32.720001,32.759998,32.720001,32.759998,27.849487,1300,0.0,0.0
2023-11-22,32.25,32.25,32.25,32.25,27.415941,200,0.0,0.0
2023-11-24,32.919998,32.93,32.900002,32.900002,27.96851,400,0.0,0.0
2023-11-27,32.900002,32.900002,32.900002,32.900002,29.054752,0,1.23,0.0
2023-11-28,32.900002,32.900002,32.900002,32.900002,29.054752,0,0.0,0.0
2023-11-29,32.900002,32.900002,32.900002,32.900002,29.054752,0,0.0,0.0
2023-11-30,32.900002,32.900002,32.900002,32.900002,29.054752,0,0.0,0.0
2023-12-01,32.900002,32.900002,32.900002,32.900002,29.054752,0,0.0,0.0
2023-12-04,31.67,31.67,31.67,31.67,27.968506,400,0.0,0.0
2023-12-05,31.67,31.67,31.67,31.67,27.968506,0,0.0,0.0
2023-12-06,31.67,31.67,31.67,31.67,27.968506,0,0.0,0.0
2023-12-07,31.67,31.67,31.67,31.67,27.968506,0,0.0,0.0
2023-12-08,31.67,31.67,31.67,31.67,27.968506,0,0.0,0.0
2023-12-11,31.67,31.67,31.67,31.67,27.968506,0,0.0,0.0
2023-12-12,31.67,31.67,31.67,31.67,27.968506,0,0.0,0.0
2023-12-13,33.490002,33.490002,32.669998,32.669998,28.851631,600,0.0,0.0
2023-12-14,32.669998,32.669998,32.669998,32.669998,28.851631,0,0.0,0.0
2023-12-15,40.0,40.0,40.0,40.0,35.324924,3900,0.0,0.0
2023-12-18,36.25,36.25,34.75,34.91,30.829824,1800,0.0,0.0
2023-12-19,35.060001,35.060001,35.060001,35.060001,30.962301,100,0.0,0.0
2023-12-20,35.580002,35.580002,35.580002,35.580002,31.421518,400,0.0,0.0
2023-12-21,35.580002,35.580002,35.580002,35.580002,31.421518,0,0.0,0.0
2023-12-22,35.580002,35.580002,35.580002,35.580002,31.421518,0,0.0,0.0
2023-12-26,35.580002,35.580002,35.580002,35.580002,31.421518,0,0.0,0.0
2023-12-27,35.580002,35.580002,35.580002,35.580002,31.421518,0,0.0,0.0
2023-12-28,35.580002,35.580002,35.580002,35.580002,31.421518,0,0.0,0.0
2023-12-29,35.580002,35.580002,35.580002,35.580002,31.421518,0,0.0,0.0
2024-01-02,35.580002,35.580002,35.580002,35.580002,31.421518,0,0.0,0.0
2024-01-03,35.619999,35.619999,34.75,34.75,30.688526,300,0.0,0.0
2024-01-04,34.970001,34.970001,34.970001,34.970001,30.88282,100,0.0,0.0
2024-01-05,34.970001,34.970001,34.970001,34.970001,30.88282,0,0.0,0.0
2024-01-08,34.970001,34.970001,34.970001,34.970001,30.88282,0,0.0,0.0
2024-01-09,34.970001,34.970001,34.970001,34.970001,30.88282,0,0.0,0.0
2024-01-10,34.970001,34.970001,34.970001,34.970001,30.88282,0,0.0,0.0
2024-01-11,34.970001,34.970001,34.970001,34.970001,30.88282,0,0.0,0.0
2024-01-12,34.900002,34.900002,34.889999,34.889999,30.812164,600,0.0,0.0
2024-01-16,34.889999,34.889999,34.889999,34.889999,30.812164,0,0.0,0.0
2024-01-17,34.889999,34.889999,34.889999,34.889999,30.812164,0,0.0,0.0
2024-01-18,34.889999,34.889999,34.889999,34.889999,30.812164,0,0.0,0.0
2024-01-19,34.889999,34.889999,34.889999,34.889999,30.812164,0,0.0,0.0
2024-01-22,34.889999,34.889999,34.889999,34.889999,30.812164,0,0.0,0.0
2024-01-23,34.889999,34.889999,34.889999,34.889999,30.812164,0,0.0,0.0
2024-01-24,36.0,36.0,36.0,36.0,31.792431,300,0.0,0.0
2024-01-25,34.419998,35.0,34.349998,35.0,30.909311,500,0.0,0.0
2024-01-26,35.0,35.0,35.0,35.0,30.909311,0,0.0,0.0
2024-01-29,35.0,35.0,35.0,35.0,30.909311,0,0.0,0.0
2024-01-30,35.0,35.0,35.0,35.0,30.909311,0,0.0,0.0
2024-01-31,35.0,35.0,35.0,35.0,30.909311,0,0.0,0.0
2024-02-01,35.0,35.0,35.0,35.0,30.909311,0,0.0,0.0
2024-02-02,35.0,35.0,35.0,35.0,30.909311,0,0.0,0.0
2024-02-05,35.0,35.0,35.0,35.0,30.909311,0,0.0,0.0
2024-02-06,35.0,35.0,35.0,35.0,30.909311,0,0.0,0.0
2024-02-07,34.029999,34.029999,34.029999,34.029999,30.052671,100,0.0,0.0
2024-02-08,34.029999,34.029999,34.029999,34.029999,30.052671,0,0.0,0.0
2024-02-09,34.029999,34.029999,34.029999,34.029999,30.052671,0,0.0,0.0
2024-02-12,35.689999,35.689999,35.689999,35.689999,31.518661,300,0.0,0.0
2024-02-13,35.689999,35.689999,35.689999,35.689999,31.518661,0,0.0,0.0
2024-02-14,35.689999,35.689999,35.689999,35.689999,31.518661,0,0.0,0.0
2024-02-15,35.689999,35.689999,35.689999,35.689999,31.518661,0,0.0,0.0
2024-02-16,35.689999,35.689999,35.689999,35.689999,31.518661,0,0.0,0.0
2024-02-20,35.689999,35.689999,35.689999,35.689999,31.518661,0,0.0,0.0
2024-02-21,35.689999,35.689999,35.689999,35.689999,31.518661,0,0.0,0.0
2024-02-22,35.689999,35.689999,35.689999,35.689999,31.518661,0,0.0,0.0
2024-02-23,35.689999,35.689999,35.689999,35.689999,31.518661,0,0.0,0.0
2024-02-26,35.689999,35.689999,35.689999,35.689999,31.518661,0,0.0,0.0
2024-02-27,35.689999,35.689999,35.689999,35.689999,31.518661,0,0.0,0.0
2024-02-28,35.689999,35.689999,35.689999,35.689999,31.518661,0,0.0,0.0
2024-02-29,35.689999,35.689999,35.689999,35.689999,31.518661,0,0.0,0.0
2024-03-01,35.689999,35.689999,35.689999,35.689999,31.518661,0,0.0,0.0
2024-03-04,35.689999,35.689999,35.689999,35.689999,31.518661,0,0.0,0.0
2024-03-05,34.439999,34.439999,34.029999,34.029999,30.052671,1600,0.0,0.0
2024-03-06,32.919998,32.919998,32.919998,32.919998,29.072411,100,0.0,0.0
2024-03-07,32.919998,32.919998,32.919998,32.919998,29.072411,0,0.0,0.0
2024-03-08,32.919998,32.919998,32.919998,32.919998,29.321806,0,0.28,0.0
2024-03-11,32.919998,32.919998,32.919998,32.919998,29.321806,0,0.0,0.0
2024-03-12,32.919998,32.919998,32.919998,32.919998,29.321806,0,0.0,0.0
2024-03-13,32.439999,32.439999,32.439999,32.439999,28.894268,100,0.0,0.0
2024-03-14,32.439999,32.439999,32.439999,32.439999,28.894268,0,0.0,0.0
2024-03-15,32.439999,32.439999,32.439999,32.439999,28.894268,0,0.0,0.0
2024-03-18,32.439999,32.439999,32.439999,32.439999,28.894268,0,0.0,0.0
2024-03-19,32.439999,32.439999,32.439999,32.439999,28.894268,0,0.0,0.0
2024-03-20,32.439999,32.439999,32.439999,32.439999,28.894268,0,0.0,0.0
2024-03-21,32.439999,32.439999,32.439999,32.439999,28.894268,0,0.0,0.0
2024-03-22,32.439999,32.439999,32.439999,32.439999,28.894268,0,0.0,0.0
2024-03-25,32.439999,32.439999,32.439999,32.439999,28.894268,0,0.0,0.0
2024-03-26,32.439999,32.439999,32.439999,32.439999,28.894268,0,0.0,0.0
2024-03-27,32.439999,32.439999,32.439999,32.439999,28.894268,0,0.0,0.0
2024-03-28,32.439999,32.439999,32.439999,32.439999,28.894268,0,0.0,0.0
2024-04-01,32.439999,32.439999,32.439999,32.439999,28.894268,0,0.0,0.0
2024-04-02,32.439999,32.439999,32.439999,32.439999,28.894268,0,0.0,0.0
2024-04-03,32.439999,32.439999,32.439999,32.439999,28.894268,0,0.0,0.0
2024-04-04,32.439999,32.439999,32.439999,32.439999,28.894268,0,0.0,0.0
2024-04-05,32.439999,32.439999,32.439999,32.439999,28.894268,0,0.0,0.0
2024-04-08,32.439999,32.439999,32.439999,32.439999,28.894268,0,0.0,0.0
2024-04-09,32.439999,32.439999,32.439999,32.439999,28.894268,0,0.0,0.0
2024-04-10,32.439999,32.439999,32.439999,32.439999,28.894268,0,0.0,0.0
2024-04-11,32.439999,32.439999,32.439999,32.439999,28.894268,0,0.0,0.0
2024-04-12,32.439999,32.439999,32.439999,32.439999,28.894268,0,0.0,0.0
2024-04-15,32.439999,32.439999,32.439999,32.439999,28.894268,0,0.0,0.0
2024-04-16,32.439999,32.439999,32.439999,32.439999,28.894268,0,0.0,0.0
2024-04-17,30.58,30.58,30.360001,30.360001,27.04162,200,0.0,0.0
2024-04-18,30.360001,30.360001,30.360001,30.360001,27.04162,0,0.0,0.0
2024-04-19,30.360001,30.360001,30.360001,30.360001,27.04162,0,0.0,0.0
2024-04-22,30.360001,30.360001,30.360001,30.360001,27.04162,0,0.0,0.0
2024-04-23,32.450001,32.450001,32.450001,32.450001,28.903181,200,0.0,0.0
2024-04-24,32.450001,32.450001,32.450001,32.450001,28.903181,0,0.0,0.0
2024-04-25,32.450001,32.450001,32.450001,32.450001,28.903181,0,0.0,0.0
2024-04-26,32.450001,32.450001,32.450001,32.450001,28.903181,0,0.0,0.0
2024-04-29,32.450001,32.450001,32.450001,32.450001,28.903181,0,0.0,0.0
2024-04-30,32.450001,32.450001,32.450001,32.450001,28.903181,0,0.0,0.0
2024-05-01,32.450001,32.450001,32.450001,32.450001,28.903181,0,0.0,0.0
2024-05-02,28.0,28.5,28.0,28.01,24.948475,500,0.0,0.0
2024-05-03,28.690001,28.690001,28.690001,28.690001,25.55415,300,0.0,0.0
2024-05-06,29.48,29.530001,29.48,29.530001,26.302341,300,0.0,0.0
2024-05-07,29.530001,29.530001,29.530001,29.530001,26.302341,0,0.0,0.0
2024-05-08,29.530001,29.530001,29.530001,29.530001,26.302341,0,0.0,0.0
2024-05-09,29.530001,29.530001,29.530001,29.530001,26.302341,0,0.0,0.0
2024-05-10,29.530001,29.530001,29.530001,29.530001,26.302341,0,0.0,0.0
2024-05-13,29.530001,29.530001,29.530001,29.530001,26.302341,0,0.0,0.0
2024-05-14,29.530001,29.530001,29.530001,29.530001,26.302341,0,0.0,0.0
2024-05-15,29.530001,29.530001,29.530001,29.530001,26.302341,0,0.0,0.0
2024-05-16,29.530001,29.530001,29.530001,29.530001,26.302341,0,0.0,0.0
2024-05-17,29.530001,29.530001,29.530001,29.530001,26.302341,0,0.0,0.0
2024-05-20,29.530001,29.530001,29.530001,29.530001,26.302341,0,0.0,0.0
2024-05-21,29.530001,29.530001,29.530001,29.530001,26.302341,0,0.0,0.0
2024-05-22,29.530001,29.530001,29.530001,29.530001,26.302341,0,0.0,0.0
2024-05-23,29.530001,29.530001,29.530001,29.530001,26.57229,0,0.3,0.0
2024-05-24,29.530001,29.530001,29.530001,29.530001,26.57229,0,0.0,0.0
2024-05-28,29.530001,29.530001,29.530001,29.530001,26.57229,0,0.0,0.0
2024-05-29,27.0,27.0,27.0,27.0,24.295692,100,0.0,0.0
2024-05-30,27.0,27.0,27.0,27.0,24.295692,0,0.0,0.0
2024-05-31,28.049999,28.049999,28.049999,28.049999,25.240526,200,0.0,0.0
2024-06-03,28.049999,28.049999,28.049999,28.049999,25.240526,0,0.0,0.0
2024-06-04,28.049999,28.049999,28.049999,28.049999,25.240526,0,0.0,0.0
2024-06-05,28.049999,28.049999,28.049999,28.049999,25.240526,0,0.0,0.0
2024-06-06,26.790001,26.790001,26.790001,26.790001,24.106728,100,0.0,0.0
2024-06-07,26.790001,26.790001,26.790001,26.790001,24.106728,0,0.0,0.0
2024-06-10,26.790001,26.790001,26.790001,26.790001,24.106728,0,0.0,0.0
2024-06-11,26.790001,26.790001,26.790001,26.790001,24.106728,0,0.0,0.0
2024-06-12,26.790001,26.790001,26.790001,26.790001,24.106728,0,0.0,0.0
2024-06-13,26.790001,26.790001,26.790001,26.790001,24.106728,0,0.0,0.0
2024-06-14,27.4,27.4,27.4,27.4,24.655626,400,0.0,0.0
2024-06-17,27.4,27.4,27.4,27.4,24.655626,0,0.0,0.0
2024-06-18,27.4,27.4,27.4,27.4,24.655626,0,0.0,0.0
2024-06-20,27.4,27.4,27.4,27.4,24.655626,0,0.0,0.0
2024-06-21,25.219999,25.6,25.110001,25.6,23.035917,2400,0.0,0.0
2024-06-24,25.6,25.6,25.6,25.6,23.035917,0,0.0,0.0
2024-06-25,25.6,25.6,25.6,25.6,23.035917,0,0.0,0.0
2024-06-26,25.6,25.6,25.6,25.6,23.035917,0,0.0,0.0
2024-06-27,25.6,25.6,25.6,25.6,23.035917,0,0.0,0.0
2024-06-28,25.6,25.6,25.6,25.6,23.035917,0,0.0,0.0
2024-07-01,25.6,25.6,25.6,25.6,23.035917,0,0.0,0.0
2024-07-02,25.6,25.6,25.6,25.6,23.035917,0,0.0,0.0
2024-07-03,24.09,24.09,24.09,24.09,21.677158,200,0.0,0.0
2024-07-05,24.08,24.08,23.299999,23.299999,20.96628,200,0.0,0.0
2024-07-08,23.65,23.65,23.65,23.65,21.281229,100,0.0,0.0
2024-07-09,23.65,23.65,23.65,23.65,21.281229,0,0.0,0.0
2024-07-10,23.65,23.65,23.65,23.65,21.281229,0,0.0,0.0
2024-07-11,23.65,23.65,23.65,23.65,21.281229,0,0.0,0.0
2024-07-12,24.799999,24.799999,24.780001,24.780001,22.298046,200,0.0,0.0
2024-07-15,24.969999,25.059999,24.799999,24.940001,22.442024,900,0.0,0.0
2024-07-16,24.940001,24.940001,24.940001,24.940001,22.442024,0,0.0,0.0
2024-07-17,24.940001,24.940001,24.940001,24.940001,22.442024,0,0.0,0.0
2024-07-18,24.940001,24.940001,24.940001,24.940001,22.442024,0,0.0,0.0
2024-07-19,24.940001,24.940001,24.940001,24.940001,22.442024,0,0.0,0.0
2024-07-22,24.940001,24.940001,24.940001,24.940001,22.442024,0,0.0,0.0
2024-07-23,24.940001,24.940001,24.940001,24.940001,22.442024,0,0.0,0.0
2024-07-24,24.940001,24.940001,24.940001,24.940001,22.442024,0,0.0,0.0
2024-07-25,24.940001,24.940001,24.940001,24.940001,22.442024,0,0.0,0.0
2024-07-26,24.940001,24.940001,24.940001,24.940001,22.442024,0,0.0,0.0
2024-07-29,27.42,27.42,27.42,27.42,24.673626,300,0.0,0.0
2024-07-30,27.42,27.42,27.42,27.42,24.673626,0,0.0,0.0
2024-07-31,27.42,27.42,27.42,27.42,24.673626,100,0.0,0.0
2024-08-01,27.42,27.42,27.42,27.42,24.673626,0,0.0,0.0
2024-08-02,27.42,27.42,27.42,27.42,24.673626,0,0.0,0.0
2024-08-05,27.42,27.42,27.42,27.42,24.673626,0,0.0,0.0
2024-08-06,27.42,27.42,27.42,27.42,24.673626,0,0.0,0.0
2024-08-07,27.42,27.42,27.42,27.42,24.673626,0,0.0,0.0
2024-08-08,28.379999,28.690001,28.18,28.379999,25.537476,2300,0.0,0.0
2024-08-09,28.48,28.48,28.360001,28.360001,25.519476,1700,0.0,0.0
2024-08-12,28.360001,28.360001,28.360001,28.360001,25.519476,100,0.0,0.0
2024-08-13,28.360001,28.360001,28.360001,28.360001,25.519476,0,0.0,0.0
2024-08-14,28.360001,28.360001,28.360001,28.360001,25.519476,0,0.0,0.0
2024-08-15,28.360001,28.360001,28.360001,28.360001,25.519476,0,0.0,0.0
2024-08-16,28.360001,28.360001,28.360001,28.360001,25.519476,0,0.0,0.0
2024-08-19,28.360001,28.360001,28.360001,28.360001,25.519476,0,0.0,0.0
2024-08-20,28.360001,28.360001,28.360001,28.360001,25.519476,0,0.0,0.0
2024-08-21,28.360001,28.360001,28.360001,28.360001,25.519476,0,0.0,0.0
2024-08-22,26.35,26.35,26.35,26.35,23.710796,100,0.0,0.0
2024-08-23,26.35,26.35,26.35,26.35,23.710796,0,0.0,0.0
2024-08-26,26.35,26.35,26.35,26.35,23.983858,0,0.3,0.0
2024-08-27,26.360001,26.360001,26.360001,26.360001,23.99296,100,0.0,0.0
2024-08-28,26.360001,26.360001,26.360001,26.360001,23.99296,0,0.0,0.0
2024-08-29,26.360001,26.360001,26.360001,26.360001,23.99296,0,0.0,0.0
2024-08-30,26.360001,26.360001,26.360001,26.360001,23.99296,0,0.0,0.0
2024-09-03,26.360001,26.360001,26.360001,26.360001,23.99296,0,0.0,0.0
2024-09-04,26.360001,26.360001,26.360001,26.360001,23.99296,0,0.0,0.0
2024-09-05,26.360001,26.360001,26.360001,26.360001,23.99296,0,0.0,0.0
2024-09-06,26.360001,26.360001,26.360001,26.360001,23.99296,0,0.0,0.0
2024-09-09,26.360001,26.360001,26.360001,26.360001,23.99296,100,0.0,0.0
2024-09-10,26.360001,26.360001,26.360001,26.360001,23.99296,0,0.0,0.0
2024-09-11,25.530001,26.1,25.389999,25.5,23.210182,3600,0.0,0.0
2024-09-12,25.5,25.5,25.5,25.5,23.210182,0,0.0,0.0
2024-09-13,25.5,25.5,25.5,25.5,23.210182,0,0.0,0.0
2024-09-16,25.5,25.5,25.5,25.5,23.210182,0,0.0,0.0
2024-09-17,26.75,26.75,26.75,26.75,24.347939,300,0.0,0.0
2024-09-18,26.75,26.75,26.75,26.75,24.347939,0,0.0,0.0
2024-09-19,26.75,26.75,26.75,26.75,24.347939,0,0.0,0.0
2024-09-20,26.0,26.0,26.0,26.0,23.665285,1100,0.0,0.0
2024-09-23,27.190001,27.450001,27.190001,27.450001,24.985083,600,0.0,0.0
2024-09-24,27.34,27.34,27.299999,27.299999,24.848549,500,0.0,0.0
2024-09-25,27.299999,27.299999,27.299999,27.299999,24.848549,0,0.0,0.0
2024-09-26,26.34,26.34,26.34,26.34,23.974756,300,0.0,0.0
2024-09-27,27.190001,27.219999,26.950001,26.950001,24.52998,1500,0.0,0.0
2024-09-30,26.950001,26.950001,26.950001,26.950001,24.52998,0,0.0,0.0
2024-10-01,26.950001,26.950001,26.950001,26.950001,24.52998,0,0.0,0.0
2024-10-02,26.950001,26.950001,26.950001,26.950001,24.52998,0,0.0,0.0
2024-10-03,26.950001,26.950001,26.950001,26.950001,24.52998,0,0.0,0.0
2024-10-04,26.459999,26.459999,26.459999,26.459999,24.083982,400,0.0,0.0
2024-10-07,27.41,27.41,27.41,27.41,24.948673,400,0.0,0.0
2024-10-08,27.41,27.41,27.41,27.41,24.948673,0,0.0,0.0
2024-10-09,27.41,27.41,27.41,27.41,24.948673,0,0.0,0.0
2024-10-10,27.41,27.41,27.41,27.41,24.948673,0,0.0,0.0
2024-10-11,27.41,27.41,27.41,27.41,24.948673,0,0.0,0.0
2024-10-14,27.41,27.41,27.41,27.41,24.948673,0,0.0,0.0
2024-10-15,27.41,27.41,27.41,27.41,24.948673,0,0.0,0.0
2024-10-16,27.41,27.41,27.41,27.41,24.948673,0,0.0,0.0
2024-10-17,27.41,27.41,27.41,27.41,24.948673,100,0.0,0.0
2024-10-18,25.58,25.59,24.33,25.59,23.292103,1000,0.0,0.0
2024-10-21,25.59,25.59,25.59,25.59,23.292103,0,0.0,0.0
2024-10-22,25.59,25.59,25.59,25.59,23.292103,0,0.0,0.0
2024-10-23,25.59,25.59,25.59,25.59,23.292103,0,0.0,0.0
2024-10-24,25.59,25.59,25.59,25.59,23.292103,0,0.0,0.0
2024-10-25,25.59,25.59,25.59,25.59,23.292103,0,0.0,0.0
2024-10-28,25.59,25.59,25.59,25.59,23.292103,0,0.0,0.0
2024-10-29,25.59,25.59,25.59,25.59,23.292103,0,0.0,0.0
2024-10-30,24.620001,24.620001,24.549999,24.549999,22.345491,500,0.0,0.0
2024-10-31,22.42,22.42,22.42,22.42,20.406759,100,0.0,0.0
2024-11-01,22.42,22.42,22.42,22.42,20.406759,0,0.0,0.0
2024-11-04,22.42,22.42,22.42,22.42,20.406759,0,0.0,0.0
2024-11-05,22.42,22.42,22.42,22.42,20.406759,0,0.0,0.0
2024-11-06,23.01,23.01,23.01,23.01,20.943779,100,0.0,0.0
2024-11-07,23.01,23.01,23.01,23.01,20.943779,0,0.0,0.0
2024-11-08,22.290001,22.290001,22.290001,22.290001,20.288431,300,0.0,0.0
2024-11-11,22.290001,22.290001,22.290001,22.290001,20.288431,0,0.0,0.0
2024-11-12,22.290001,22.290001,22.290001,22.290001,20.288431,0,0.0,0.0
2024-11-13,22.290001,22.290001,22.290001,22.290001,20.288431,0,0.0,0.0
2024-11-14,22.26,22.459999,22.26,22.459999,20.443167,700,0.0,0.0
2024-11-15,22.27,22.280001,22.25,22.27,20.270227,900,0.0,0.0
2024-11-18,22.27,22.27,22.27,22.27,20.270227,0,0.0,0.0
2024-11-19,22.27,22.27,22.27,22.27,20.270227,0,0.0,0.0
2024-11-20,22.27,22.27,22.27,22.27,20.270227,0,0.0,0.0
2024-11-21,22.27,22.27,22.27,22.27,20.270227,0,0.0,0.0
2024-11-22,22.27,22.27,22.27,22.27,20.270227,0,0.0,0.0
2024-11-25,24.41,24.41,24.41,24.41,22.218063,200,0.0,0.0
2024-11-26,24.41,24.41,24.41,24.41,22.494526,0,0.3,0.0
2024-11-27,24.41,24.41,24.41,24.41,22.494526,0,0.0,0.0
2024-11-29,24.41,24.41,24.41,24.41,22.494526,0,0.0,0.0
2024-12-02,24.41,24.41,24.41,24.41,22.494526,0,0.0,0.0
2024-12-03,23.34,23.34,23.34,23.34,21.508488,300,0.0,0.0
2024-12-04,23.34,23.34,23.34,23.34,21.508488,0,0.0,0.0
2024-12-05,23.34,23.34,23.34,23.34,21.508488,0,0.0,0.0
2024-12-06,23.34,23.34,23.34,23.34,21.508488,0,0.0,0.0
2024-12-09,23.34,23.34,23.34,23.34,21.508488,0,0.0,0.0
2024-12-10,23.34,23.34,23.34,23.34,21.508488,0,0.0,0.0
2024-12-11,23.34,23.34,23.34,23.34,21.508488,0,0.0,0.0
2024-12-12,23.34,23.34,23.34,23.34,21.508488,0,0.0,0.0
2024-12-13,23.08,23.08,23.08,23.08,21.268888,200,0.0,0.0
2024-12-16,23.08,23.08,23.08,23.08,21.268888,0,0.0,0.0
2024-12-17,23.08,23.08,23.08,23.08,21.268888,0,0.0,0.0
2024-12-18,23.08,23.08,23.08,23.08,21.268888,0,0.0,0.0
2024-12-19,23.08,23.08,23.08,23.08,21.268888,0,0.0,0.0
2024-12-20,21.5,21.52,21.5,21.5,19.812872,1200,0.0,0.0
2024-12-23,21.5,21.5,21.5,21.5,19.812872,0,0.0,0.0
2024-12-24,21.5,21.5,21.5,21.5,19.812872,0,0.0,0.0
2024-12-26,21.5,21.5,21.5,21.5,19.812872,0,0.0,0.0
2024-12-27,21.940001,22.129999,21.92,22.129999,20.393435,400,0.0,0.0
2024-12-30,21.860001,21.860001,21.860001,21.860001,20.144623,100,0.0,0.0
2024-12-31,22.360001,22.360001,22.290001,22.290001,20.540882,300,0.0,0.0
2025-01-02,22.290001,22.290001,22.290001,22.290001,20.540882,0,0.0,0.0
2025-01-03,22.290001,22.290001,22.290001,22.290001,20.540882,0,0.0,0.0
2025-01-06,22.290001,22.290001,22.290001,22.290001,20.540882,0,0.0,0.0
2025-01-07,22.290001,22.290001,22.290001,22.290001,20.540882,0,0.0,0.0
2025-01-08,22.290001,22.290001,22.290001,22.290001,20.540882,0,0.0,0.0
2025-01-10,22.290001,22.290001,22.290001,22.290001,20.540882,0,0.0,0.0
2025-01-13,22.290001,22.290001,22.290001,22.290001,20.540882,0,0.0,0.0
2025-01-14,22.290001,22.290001,22.290001,22.290001,20.540882,0,0.0,0.0
2025-01-15,22.290001,22.290001,22.290001,22.290001,20.540882,0,0.0,0.0
2025-01-16,22.290001,22.290001,22.290001,22.290001,20.540882,0,0.0,0.0
2025-01-17,22.290001,22.290001,22.290001,22.290001,20.540882,0,0.0,0.0
2025-01-21,22.290001,22.290001,22.290001,22.290001,20.540882,0,0.0,0.0
2025-01-22,22.290001,22.290001,22.290001,22.290001,20.540882,0,0.0,0.0
2025-01-23,22.290001,22.290001,22.290001,22.290001,20.540882,0,0.0,0.0
2025-01-24,22.290001,22.290001,22.290001,22.290001,20.540882,0,0.0,0.0
2025-01-27,22.290001,22.290001,22.290001,22.290001,20.540882,0,0.0,0.0
2025-01-28,22.290001,22.290001,22.290001,22.290001,20.540882,0,0.0,0.0
2025-01-29,22.290001,22.290001,22.290001,22.290001,20.540882,0,0.0,0.0
2025-01-30,23.290001,23.290001,23.290001,23.290001,21.462412,100,0.0,0.0
2025-01-31,23.290001,23.290001,23.290001,23.290001,21.462412,0,0.0,0.0
2025-02-03,23.290001,23.290001,23.290001,23.290001,21.462412,0,0.0,0.0
2025-02-04,23.290001,23.290001,23.290001,23.290001,21.462412,0,0.0,0.0
2025-02-05,23.290001,23.290001,23.290001,23.290001,21.462412,0,0.0,0.0
2025-02-06,23.290001,23.290001,23.290001,23.290001,21.462412,0,0.0,0.0
2025-02-07,21.360001,21.360001,20.780001,20.780001,19.14937,1700,0.0,0.0
2025-02-10,20.780001,20.780001,20.780001,20.780001,19.14937,0,0.0,0.0
2025-02-11,22.209999,22.209999,22.209999,22.209999,20.467157,300,0.0,0.0
2025-02-12,22.209999,22.209999,22.209999,22.209999,20.467157,0,0.0,0.0
2025-02-13,21.77,21.77,21.77,21.77,20.061686,500,0.0,0.0
2025-02-14,21.77,21.77,21.77,21.77,20.061686,0,0.0,0.0
2025-02-18,21.77,21.77,21.77,21.77,20.061686,0,0.0,0.0
2025-02-19,21.77,21.77,21.77,21.77,20.061686,0,0.0,0.0
2025-02-20,21.77,21.77,21.77,21.77,20.061686,0,0.0,0.0
2025-02-21,21.379999,21.379999,21.379999,21.379999,19.702291,500,0.0,0.0
2025-02-24,21.379999,21.379999,21.379999,21.379999,19.702291,0,0.0,0.0
2025-02-25,23.51,23.51,23.5,23.5,21.65593,300,0.0,0.0
2025-02-26,23.5,23.5,23.5,23.5,21.65593,0,0.0,0.0
2025-02-27,22.0,22.290001,21.93,22.290001,20.540882,400,0.0,0.0
2025-02-28,22.290001,22.290001,22.290001,22.290001,20.540882,0,0.0,0.0
2025-03-03,22.290001,22.290001,22.290001,22.290001,20.540882,0,0.0,0.0
2025-03-04,22.290001,22.290001,22.290001,22.290001,20.540882,0,0.0,0.0
2025-03-05,21.76,21.950001,21.389999,21.389999,19.711504,1700,0.0,0.0
2025-03-06,22.0,22.0,21.5,21.549999,20.141439,1300,0.3,0.0
2025-03-07,21.549999,21.549999,21.549999,21.549999,20.141439,0,0.0,0.0
2025-03-10,21.549999,21.549999,21.549999,21.549999,20.141439,0,0.0,0.0
2025-03-11,21.549999,21.549999,21.549999,21.549999,20.141439,0,0.0,0.0
2025-03-12,22.09,22.09,21.620001,21.620001,20.206863,1900,0.0,0.0
2025-03-13,21.620001,21.620001,21.620001,21.620001,20.206863,0,0.0,0.0
2025-03-14,21.620001,21.620001,21.620001,21.620001,20.206863,0,0.0,0.0
2025-03-17,21.620001,21.620001,21.620001,21.620001,20.206863,0,0.0,0.0
2025-03-18,21.620001,21.620001,21.620001,21.620001,20.206863,0,0.0,0.0
2025-03-19,21.620001,21.620001,21.620001,21.620001,20.206863,0,0.0,0.0
2025-03-20,21.620001,21.620001,21.620001,21.620001,20.206863,0,0.0,0.0
2025-03-21,21.82,23.0,21.15,23.0,21.496664,2800,0.0,0.0
2025-03-24,23.0,23.0,21.4,21.4,20.001242,3100,0.0,0.0
2025-03-25,21.25,21.25,20.41,20.41,19.075951,800,0.0,0.0
2025-03-26,20.9,21.0,20.9,21.0,19.627388,500,0.0,0.0
2025-03-27,21.1,21.709999,21.01,21.440001,20.038628,3000,0.0,0.0
2025-03-28,21.440001,21.440001,21.440001,21.440001,20.038628,0,0.0,0.0
2025-03-31,19.9,20.790001,19.73,19.73,18.440395,2900,0.0,0.0
2025-04-01,19.73,19.73,19.73,19.73,18.440395,0,0.0,0.0
2025-04-02,19.9,19.92,19.799999,19.799999,18.505821,900,0.0,0.0
2025-04-03,18.25,18.25,18.25,18.25,17.057133,200,0.0,0.0
2025-04-04,18.25,18.25,18.25,18.25,17.057133,0,0.0,0.0
2025-04-07,18.25,18.25,18.25,18.25,17.057133,0,0.0,0.0
2025-04-08,18.25,18.25,18.25,18.25,17.057133,0,0.0,0.0
2025-04-09,18.25,18.25,18.25,18.25,17.057133,0,0.0,0.0
2025-04-10,18.25,18.25,18.25,18.25,17.057133,0,0.0,0.0
2025-04-11,18.25,18.25,18.25,18.25,17.057133,0,0.0,0.0
2025-04-14,18.25,18.25,18.25,18.25,17.057133,0,0.0,0.0
2025-04-15,18.25,18.25,18.25,18.25,17.057133,0,0.0,0.0
2025-04-16,17.280001,17.280001,17.280001,17.280001,16.150539,100,0.0,0.0
2025-04-17,17.280001,17.280001,17.280001,17.280001,16.150539,0,0.0,0.0
2025-04-21,17.35,17.35,16.940001,16.940001,15.832759,300,0.0,0.0
2025-04-22,16.940001,16.940001,16.940001,16.940001,15.832759,0,0.0,0.0
2025-04-23,16.940001,16.940001,16.940001,16.940001,15.832759,0,0.0,0.0
2025-04-24,16.940001,16.940001,16.940001,16.940001,15.832759,0,0.0,0.0
2025-04-25,16.940001,16.940001,16.940001,16.940001,15.832759,0,0.0,0.0
2025-04-28,18.059999,18.059999,18.059999,18.059999,16.879553,200,0.0,0.0
2025-04-29,18.059999,18.059999,18.059999,18.059999,16.879553,0,0.0,0.0
2025-04-30,18.059999,18.059999,18.059999,18.059999,16.879553,0,0.0,0.0
2025-05-01,18.059999,18.059999,18.059999,18.059999,16.879553,0,0.0,0.0
2025-05-02,20.0,20.0,20.0,20.0,18.692753,400,0.0,0.0
2025-05-05,19.82,19.82,19.82,19.82,18.524515,200,0.0,0.0
2025-05-06,19.82,19.82,19.82,19.82,18.524515,0,0.0,0.0
2025-05-07,18.610001,18.709999,18.610001,18.709999,17.487066,600,0.0,0.0
2025-05-08,18.709999,18.709999,18.709999,18.709999,17.487066,0,0.0,0.0
2025-05-09,18.709999,18.709999,18.709999,18.709999,17.487066,0,0.0,0.0
2025-05-12,18.709999,18.709999,18.709999,18.709999,17.487066,0,0.0,0.0
2025-05-13,20.57,20.709999,20.540001,20.709999,19.35634,300,0.0,0.0
2025-05-14,20.709999,20.709999,20.709999,20.709999,19.35634,0,0.0,0.0
2025-05-15,20.709999,20.709999,20.709999,20.709999,19.35634,0,0.0,0.0
2025-05-16,20.709999,20.709999,20.709999,20.709999,19.35634,0,0.0,0.0
2025-05-19,20.709999,20.709999,20.709999,20.709999,19.35634,0,0.0,0.0
2025-05-20,20.709999,20.709999,20.709999,20.709999,19.35634,0,0.0,0.0
2025-05-21,20.709999,20.709999,20.709999,20.709999,19.35634,0,0.0,0.0
2025-05-22,20.709999,20.709999,20.709999,20.709999,19.35634,0,0.0,0.0
2025-05-23,20.709999,20.709999,20.709999,20.709999,19.35634,0,0.0,0.0
2025-05-27,20.709999,20.709999,20.709999,20.709999,19.35634,0,0.0,0.0
2025-05-28,20.709999,20.709999,20.709999,20.709999,19.35634,0,0.0,0.0
2025-05-29,20.709999,20.709999,20.709999,20.709999,19.35634,0,0.0,0.0
2025-05-30,20.709999,20.709999,20.709999,20.709999,19.35634,0,0.0,0.0
2025-06-02,20.709999,20.709999,20.709999,20.709999,19.640856,0,0.3,0.0
2025-06-03,20.709999,20.709999,20.709999,20.709999,19.640856,0,0.0,0.0
2025-06-04,20.709999,20.709999,20.709999,20.709999,19.640856,0,0.0,0.0
2025-06-05,20.709999,20.709999,20.709999,20.709999,19.640856,0,0.0,0.0
2025-06-06,20.709999,20.709999,20.709999,20.709999,19.640856,0,0.0,0.0
2025-06-09,20.709999,20.709999,20.709999,20.709999,19.640856,0,0.0,0.0
2025-06-10,20.709999,20.709999,20.709999,20.709999,19.640856,0,0.0,0.0
2025-06-11,20.709999,20.709999,20.709999,20.709999,19.640856,0,0.0,0.0
2025-06-12,20.709999,20.709999,20.709999,20.709999,19.640856,0,0.0,0.0
2025-06-13,19.48,19.48,19.48,19.48,18.474354,100,0.0,0.0
2025-06-16,19.969999,19.969999,19.969999,19.969999,18.939058,300,0.0,0.0
2025-06-17,19.969999,19.969999,19.969999,19.969999,18.939058,0,0.0,0.0
2025-06-18,19.969999,19.969999,19.969999,19.969999,18.939058,0,0.0,0.0
2025-06-20,19.969999,19.969999,19.969999,19.969999,18.939058,0,0.0,0.0
2025-06-23,19.969999,19.969999,19.969999,19.969999,18.939058,0,0.0,0.0
2025-06-24,19.969999,19.969999,19.969999,19.969999,18.939058,0,0.0,0.0
2025-06-25,19.969999,19.969999,19.969999,19.969999,18.939058,0,0.0,0.0
2025-06-26,19.969999,19.969999,19.969999,19.969999,18.939058,0,0.0,0.0
2025-06-27,19.969999,19.969999,19.969999,19.969999,18.939058,0,0.0,0.0
2025-06-30,19.969999,19.969999,19.969999,19.969999,18.939058,0,0.0,0.0
2025-07-01,19.969999,19.969999,19.969999,19.969999,18.939058,0,0.0,0.0
2025-07-02,19.969999,19.969999,19.969999,19.969999,18.939058,0,0.0,0.0
2025-07-03,19.969999,19.969999,19.969999,19.969999,18.939058,0,0.0,0.0
2025-07-07,19.969999,19.969999,19.969999,19.969999,18.939058,0,0.0,0.0
2025-07-08,21.99,22.0,21.99,22.0,20.864262,400,0.0,0.0
2025-07-09,22.0,22.0,22.0,22.0,20.864262,0,0.0,0.0
2025-07-10,22.690001,23.0,22.690001,23.0,21.812637,300,0.0,0.0
2025-07-11,22.620001,22.620001,22.620001,22.620001,21.452255,300,0.0,0.0
2025-07-14,22.620001,22.620001,22.620001,22.620001,21.452255,0,0.0,0.0
2025-07-15,22.620001,22.620001,22.620001,22.620001,21.452255,0,0.0,0.0
2025-07-16,20.76,20.76,20.74,20.74,19.669308,300,0.0,0.0
2025-07-17,20.74,20.74,20.74,20.74,19.669308,0,0.0,0.0
2025-07-18,20.860001,20.860001,20.860001,20.860001,19.783113,100,0.0,0.0
2025-07-21,20.860001,20.860001,20.860001,20.860001,19.783113,0,0.0,0.0
2025-07-22,21.18,21.18,21.18,21.18,20.086592,200,0.0,0.0
2025-07-23,21.18,21.18,21.18,21.18,20.086592,0,0.0,0.0
2025-07-24,21.18,21.18,21.18,21.18,20.086592,0,0.0,0.0
2025-07-25,21.18,21.18,21.18,21.18,20.086592,0,0.0,0.0
2025-07-28,21.18,21.18,21.18,21.18,20.086592,0,0.0,0.0
2025-07-29,21.18,21.18,21.18,21.18,20.086592,0,0.0,0.0
2025-07-30,21.18,21.18,21.18,21.18,20.086592,0,0.0,0.0
2025-07-31,21.18,21.18,21.18,21.18,20.086592,0,0.0,0.0
2025-08-01,21.18,21.18,21.18,21.18,20.086592,0,0.0,0.0
2025-08-04,21.18,21.18,21.18,21.18,20.086592,0,0.0,0.0
2025-08-05,21.18,21.18,21.18,21.18,20.086592,0,0.0,0.0
2025-08-06,21.18,21.18,21.18,21.18,20.086592,0,0.0,0.0
2025-08-07,21.610001,23.5,21.610001,22.450001,21.291031,3300,0.0,0.0
2025-08-08,21.280001,22.5,21.280001,22.5,21.338448,1100,0.0,0.0
2025-08-11,22.59,22.59,22.59,22.59,21.423801,500,0.0,0.0
2025-08-12,23.290001,23.290001,22.0,22.9,21.717798,3900,0.0,0.0
2025-08-13,22.9,22.9,22.9,22.9,21.717798,0,0.0,0.0
2025-08-14,23.4,23.4,21.969999,22.299999,21.148773,6100,0.0,0.0
2025-08-15,22.299999,22.299999,22.299999,22.299999,21.148773,0,0.0,0.0
2025-08-18,22.299999,22.299999,22.299999,22.299999,21.148773,0,0.0,0.0
2025-08-19,22.299999,22.299999,22.299999,22.299999,21.148773,0,0.0,0.0
2025-08-20,22.299999,22.299999,22.299999,22.299999,21.148773,0,0.0,0.0
2025-08-21,22.299999,22.299999,22.299999,22.299999,21.148773,0,0.0,0.0
2025-08-22,22.299999,22.299999,22.299999,22.299999,21.148773,0,0.0,0.0
2025-08-25,22.299999,22.299999,22.299999,22.299999,21.437164,0,0.3,0.0
2025-08-26,22.299999,22.299999,22.299999,22.299999,21.437164,0,0.0,0.0
2025-08-27,22.299999,22.299999,22.299999,22.299999,21.437164,0,0.0,0.0
2025-08-28,22.299999,22.299999,22.299999,22.299999,21.437164,0,0.0,0.0
2025-08-29,22.299999,22.299999,22.299999,22.299999,21.437164,0,0.0,0.0
2025-09-02,22.299999,22.299999,22.299999,22.299999,21.437164,0,0.0,0.0
2025-09-03,22.299999,22.299999,22.299999,22.299999,21.437164,0,0.0,0.0
2025-09-04,22.299999,22.299999,22.299999,22.299999,21.437164,0,0.0,0.0
2025-09-05,23.530001,23.530001,23.530001,23.530001,22.619574,200,0.0,0.0
2025-09-08,23.530001,23.530001,23.530001,23.530001,22.619574,0,0.0,0.0
2025-09-09,23.530001,23.530001,23.530001,23.530001,22.619574,0,0.0,0.0
2025-09-10,23.530001,23.530001,23.530001,23.530001,22.619574,0,0.0,0.0
2025-09-11,23.530001,23.530001,23.530001,23.530001,22.619574,0,0.0,0.0
2025-09-12,23.530001,23.530001,23.530001,23.530001,22.619574,0,0.0,0.0
2025-09-15,22.01,22.01,22.01,22.01,21.158386,100,0.0,0.0
2025-09-16,22.01,22.01,22.01,22.01,21.158386,0,0.0,0.0
2025-09-17,22.01,22.01,22.01,22.01,21.158386,0,0.0,0.0
2025-09-18,22.01,22.01,22.01,22.01,21.158386,0,0.0,0.0
2025-09-19,22.01,22.01,22.01,22.01,21.158386,0,0.0,0.0
2025-09-22,22.01,22.01,22.01,22.01,21.158386,0,0.0,0.0
2025-09-23,22.01,22.01,22.01,22.01,21.158386,0,0.0,0.0
2025-09-24,24.15,24.15,24.15,24.15,23.215584,200,0.0,0.0
2025-09-25,24.15,24.15,24.15,24.15,23.215584,0,0.0,0.0
2025-09-26,21.74,21.74,21.74,21.74,20.898832,300,0.0,0.0
2025-09-29,21.74,21.74,21.74,21.74,20.898832,0,0.0,0.0
2025-09-30,21.74,21.74,21.74,21.74,20.898832,0,0.0,0.0
2025-10-01,21.74,21.74,21.74,21.74,20.898832,0,0.0,0.0
2025-10-02,20.99,20.99,20.99,20.99,20.177851,300,0.0,0.0
2025-10-03,20.99,20.99,20.99,20.99,20.177851,0,0.0,0.0
2025-10-06,20.99,20.99,20.99,20.99,20.177851,0,0.0,0.0
2025-10-07,20.950001,20.950001,20.950001,20.950001,20.1394,100,0.0,0.0
2025-10-08,20.950001,20.950001,20.950001,20.950001,20.1394,0,0.0,0.0
2025-10-09,20.280001,20.280001,20.280001,20.280001,19.495323,100,0.0,0.0
2025-10-10,20.280001,20.280001,20.280001,20.280001,19.495323,0,0.0,0.0
2025-10-13,20.280001,20.280001,20.280001,20.280001,19.495323,0,0.0,0.0
2025-10-14,20.280001,20.280001,20.280001,20.280001,19.495323,0,0.0,0.0
2025-10-15,20.280001,20.280001,20.280001,20.280001,19.495323,0,0.0,0.0
2025-10-16,20.280001,20.280001,20.280001,20.280001,19.495323,0,0.0,0.0
2025-10-17,20.280001,20.280001,20.280001,20.280001,19.495323,0,0.0,0.0
2025-10-20,20.280001,20.280001,20.280001,20.280001,19.495323,0,0.0,0.0
2025-10-21,20.280001,20.280001,20.280001,20.280001,19.495323,0,0.0,0.0
2025-10-22,20.280001,20.280001,20.280001,20.280001,19.495323,0,0.0,0.0
2025-10-23,20.280001,20.280001,20.280001,20.280001,19.495323,0,0.0,0.0
2025-10-24,20.280001,20.280001,20.280001,20.280001,19.495323,0,0.0,0.0
2025-10-27,20.280001,20.280001,20.280001,20.280001,19.495323,0,0.0,0.0
2025-10-28,20.280001,20.280001,20.280001,20.280001,19.495323,0,0.0,0.0
2025-10-29,20.280001,20.280001,20.280001,20.280001,19.495323,0,0.0,0.0
2025-10-30,20.280001,20.280001,20.280001,20.280001,19.495323,0,0.0,0.0
2025-10-31,20.280001,20.280001,20.280001,20.280001,19.495323,0,0.0,0.0
2025-11-03,20.280001,20.280001,20.280001,20.280001,19.495323,0,0.0,0.0
2025-11-04,21.799999,21.799999,21.799999,21.799999,20.956511,100,0.0,0.0
2025-11-05,22.76,22.76,22.76,22.76,21.879366,300,0.0,0.0
2025-11-06,22.76,22.76,22.76,22.76,21.879366,0,0.0,0.0
2025-11-07,22.76,22.76,22.76,22.76,21.879366,0,0.0,0.0
2025-11-10,22.76,22.76,22.76,22.76,21.879366,0,0.0,0.0
2025-11-11,22.9,22.9,22.9,22.9,22.013948,100,0.0,0.0
2025-11-12,22.9,22.9,22.9,22.9,22.013948,0,0.0,0.0
2025-11-13,22.9,22.9,22.9,22.9,22.013948,0,0.0,0.0
2025-11-14,22.9,22.9,22.9,22.9,22.013948,0,0.0,0.0
2025-11-17,22.9,22.9,22.9,22.9,22.013948,0,0.0,0.0
2025-11-18,22.9,22.9,22.9,22.9,22.013948,0,0.0,0.0
2025-11-19,22.9,22.9,22.9,22.9,22.013948,0,0.0,0.0
2025-11-20,22.9,22.9,22.9,22.9,22.013948,0,0.0,0.0
2025-11-21,22.9,22.9,22.9,22.9,22.013948,0,0.0,0.0
2025-11-24,22.9,22.9,22.9,22.9,22.013948,0,0.0,0.0
2025-11-25,22.9,22.9,22.9,22.9,22.316044,0,0.31,0.0
2025-11-26,22.9,22.9,22.9,22.9,22.316044,0,0.0,0.0
2025-11-28,22.9,22.9,22.9,22.9,22.316044,0,0.0,0.0
2025-12-01,22.9,22.9,22.9,22.9,22.316044,0,0.0,0.0
2025-12-02,22.9,22.9,22.9,22.9,22.316044,0,0.0,0.0
2025-12-03,22.9,22.9,22.9,22.9,22.316044,0,0.0,0.0
2025-12-04,22.9,22.9,22.9,22.9,22.316044,0,0.0,0.0
2025-12-05,22.9,22.9,22.9,22.9,22.316044,0,0.0,0.0
2025-12-08,22.9,22.9,22.9,22.9,22.316044,0,0.0,0.0
2025-12-09,22.9,22.9,22.9,22.9,22.316044,0,0.0,0.0
2025-12-10,24.84,24.84,24.84,24.84,24.206573,600,0.0,0.0
2025-12-11,24.84,24.84,24.84,24.84,24.206573,0,0.0,0.0
2025-12-12,24.84,24.84,24.84,24.84,24.206573,0,0.0,0.0
2025-12-15,24.84,24.84,24.84,24.84,24.206573,0,0.0,0.0
2025-12-16,24.84,24.84,24.84,24.84,24.206573,0,0.0,0.0
2025-12-17,24.84,24.84,24.84,24.84,24.206573,0,0.0,0.0
2025-12-18,24.84,24.84,24.84,24.84,24.206573,0,0.0,0.0
2025-12-19,25.15,26.139999,25.110001,26.139999,25.473423,2800,0.0,0.0
2025-12-22,25.08,25.08,25.08,25.08,24.440453,300,0.0,0.0
2025-12-23,25.08,25.08,25.08,25.08,24.440453,0,0.0,0.0
2025-12-24,25.08,25.08,25.08,25.08,24.440453,0,0.0,0.0
2025-12-26,25.08,25.08,25.08,25.08,24.440453,0,0.0,0.0
2025-12-29,25.08,25.08,25.08,25.08,24.440453,0,0.0,0.0
2025-12-30,25.08,25.08,25.08,25.08,24.440453,0,0.0,0.0
2025-12-31,23.15,23.15,23.139999,23.139999,22.549925,300,0.0,0.0
2026-01-02,23.139999,23.139999,23.139999,23.139999,22.549925,0,0.0,0.0
2026-01-05,23.139999,23.139999,23.139999,23.139999,22.549925,0,0.0,0.0
2026-01-06,23.139999,23.139999,23.139999,23.139999,22.549925,0,0.0,0.0
2026-01-07,23.139999,23.139999,23.139999,23.139999,22.549925,0,0.0,0.0
2026-01-08,23.139999,23.139999,23.139999,23.139999,22.549925,0,0.0,0.0
2026-01-09,25.6,25.6,25.6,25.6,24.947193,600,0.0,0.0
2026-01-12,25.6,25.6,25.6,25.6,24.947193,0,0.0,0.0
2026-01-13,25.6,25.6,25.6,25.6,24.947193,0,0.0,0.0
2026-01-14,25.6,25.6,25.6,25.6,24.947193,0,0.0,0.0
2026-01-15,25.6,25.6,25.6,25.6,24.947193,0,0.0,0.0
2026-01-16,25.6,25.6,25.6,25.6,24.947193,0,0.0,0.0
2026-01-20,26.4,26.4,26.4,26.4,25.726793,100,0.0,0.0
2026-01-21,26.209999,26.209999,26.209999,26.209999,25.541637,200,0.0,0.0
2026-01-22,26.209999,26.209999,26.209999,26.209999,25.541637,0,0.0,0.0
2026-01-23,26.209999,26.209999,26.209999,26.209999,25.541637,0,0.0,0.0
2026-01-26,25.0,25.0,25.0,25.0,24.362494,300,0.0,0.0
2026-01-27,25.0,25.0,25.0,25.0,24.362494,0,0.0,0.0
2026-01-28,25.68,25.68,25.68,25.68,25.025154,300,0.0,0.0
2026-01-29,25.68,25.68,25.68,25.68,25.025154,0,0.0,0.0
2026-01-30,25.68,25.68,25.68,25.68,25.025154,0,0.0,0.0
2026-02-02,25.68,25.68,25.68,25.68,25.025154,0,0.0,0.0
2026-02-03,25.68,25.68,25.68,25.68,25.025154,0,0.0,0.0
2026-02-04,25.68,25.68,25.68,25.68,25.025154,0,0.0,0.0
2026-02-05,25.68,25.68,25.68,25.68,25.025154,0,0.0,0.0
2026-02-06,25.68,25.68,25.68,25.68,25.025154,0,0.0,0.0
2026-02-09,27.09,28.1,27.09,28.1,27.383444,1500,0.0,0.0
2026-02-10,32.34,44.990002,31.049999,38.150002,37.17717,351500,0.0,0.0
2026-02-11,30.879999,32.0,28.040001,29.16,28.416412,13200,0.0,0.0
2026-02-12,27.0,27.0,27.0,27.0,26.311493,2500,0.0,0.0
2026-02-13,26.16,26.49,25.42,25.74,25.083624,2900,0.0,0.0
2026-02-17,27.209999,27.360001,27.209999,27.360001,26.662313,1500,0.0,0.0
2026-02-18,27.360001,27.360001,27.360001,27.360001,26.662313,0,0.0,0.0
2026-02-19,26.4,26.67,26.4,26.67,25.989908,6500,0.0,0.0
2026-02-20,27.24,29.08,27.24,29.049999,28.309217,28000,0.0,0.0
2026-02-23,29.049999,29.049999,29.049999,29.049999,28.309217,0,0.0,0.0
2026-02-24,29.049999,29.049999,29.049999,29.049999,28.309217,0,0.0,0.0
2026-02-25,29.040001,29.040001,29.040001,29.040001,28.299473,3400,0.0,0.0
2026-02-26,28.559999,29.0,28.450001,28.450001,27.72452,30900,0.0,0.0
2026-02-27,27.9,28.959999,27.190001,28.959999,28.221512,28300,0.0,0.0
2026-03-02,27.77,27.77,26.299999,26.299999,25.629343,3800,0.0,0.0
2026-03-03,25.059999,25.059999,24.139999,24.139999,23.524424,2300,0.0,0.0
2026-03-04,25.85,25.870001,25.5,25.5,24.849743,6300,0.0,0.0
2026-03-05,26.08,26.08,25.469999,25.469999,24.820507,1300,0.0,0.0
2026-03-06,24.59,24.59,24.59,24.59,23.96295,500,0.0,0.0
2026-03-09,24.59,24.59,24.59,24.59,23.96295,0,0.0,0.0
2026-03-10,23.15,23.190001,23.15,23.190001,22.887182,600,0.31,0.0
2026-03-11,23.85,23.85,23.129999,23.129999,22.827965,11100,0.0,0.0
2026-03-12,23.290001,24.51,23.290001,24.51,24.189945,6100,0.0,0.0
2026-03-13,23.09,23.09,22.700001,22.700001,22.403582,2400,0.0,0.0
2026-03-16,23.85,23.85,23.74,23.74,23.43,1800,0.0,0.0
2026-03-17,23.440001,23.440001,23.440001,23.440001,23.133919,1300,0.0,0.0
2026-03-18,23.440001,23.440001,23.440001,23.440001,23.133919,0,0.0,0.0
2026-03-19,22.120001,22.120001,22.120001,22.120001,21.831156,200,0.0,0.0
2026-03-20,23.719999,23.719999,23.719999,23.719999,23.410261,3100,0.0,0.0
2026-03-23,23.719999,23.719999,23.719999,23.719999,23.410261,0,0.0,0.0
2026-03-24,23.719999,23.719999,23.719999,23.719999,23.410261,0,0.0,0.0
2026-03-25,23.719999,23.719999,23.719999,23.719999,23.410261,0,0.0,0.0
2026-03-26,23.719999,23.719999,23.719999,23.719999,23.410261,0,0.0,0.0
2026-03-27,23.719999,23.719999,23.719999,23.719999,23.410261,0,0.0,0.0
2026-03-30,23.719999,23.719999,23.719999,23.719999,23.410261,0,0.0,0.0
2026-03-31,23.719999,23.719999,23.719999,23.719999,23.410261,0,0.0,0.0
2026-04-01,23.719999,23.719999,23.719999,23.719999,23.410261,0,0.0,0.0
2026-04-02,23.719999,23.719999,23.719999,23.719999,23.410261,0,0.0,0.0
2026-04-06,23.719999,23.719999,23.719999,23.719999,23.410261,0,0.0,0.0
2026-04-07,23.719999,23.719999,23.719999,23.719999,23.410261,0,0.0,0.0
2026-04-08,23.719999,23.719999,23.719999,23.719999,23.410261,0,0.0,0.0
2026-04-09,23.719999,23.719999,23.719999,23.719999,23.410261,0,0.0,0.0
2026-04-10,23.719999,23.719999,23.719999,23.719999,23.410261,0,0.0,0.0
2026-04-13,23.719999,23.719999,23.719999,23.719999,23.410261,0,0.0,0.0
2026-04-14,23.84,23.84,23.84,23.84,23.528694,1300,0.0,0.0
2026-04-15,23.84,23.84,23.84,23.84,23.528694,0,0.0,0.0
2026-04-16,23.84,23.84,23.84,23.84,23.528694,0,0.0,0.0
2026-04-17,23.84,23.84,23.84,23.84,23.528694,0,0.0,0.0
2026-04-20,23.1,23.1,23.1,23.1,22.798357,300,0.0,0.0
2026-04-21,23.91,23.91,23.91,23.91,23.59778,400,0.0,0.0
2026-04-22,23.91,23.91,23.91,23.91,23.59778,0,0.0,0.0
2026-04-23,23.91,23.91,23.91,23.91,23.59778,0,0.0,0.0
2026-04-24,23.91,23.91,23.91,23.91,23.59778,0,0.0,0.0
2026-04-27,22.799999,23.059999,22.5,23.059999,22.758879,800,0.0,0.0
2026-04-28,23.059999,23.059999,23.059999,23.059999,22.758879,0,0.0,0.0
2026-04-29,23.059999,23.059999,23.059999,23.059999,22.758879,0,0.0,0.0
2026-04-30,23.059999,23.059999,23.059999,23.059999,22.758879,0,0.0,0.0
2026-05-01,23.059999,23.059999,23.059999,23.059999,22.758879,0,0.0,0.0
2026-05-04,23.059999,23.059999,23.059999,23.059999,22.758879,0,0.0,0.0
2026-05-05,23.059999,23.059999,23.059999,23.059999,22.758879,0,0.0,0.0
2026-05-06,23.059999,23.059999,23.059999,23.059999,22.758879,0,0.0,0.0
2026-05-07,23.059999,23.059999,23.059999,23.059999,22.758879,0,0.0,0.0
2026-05-08,23.059999,23.059999,23.059999,23.059999,22.758879,0,0.0,0.0
2026-05-11,21.43,22.190001,21.41,22.190001,21.90024,900,0.0,0.0
2026-05-12,22.190001,23.809999,22.18,23.74,23.43,4000,0.0,0.0
2026-05-13,23.74,23.74,23.74,23.74,23.43,0,0.0,0.0
2026-05-14,23.74,23.74,23.74,23.74,23.43,0,0.0,0.0
2026-05-15,23.74,23.74,23.74,23.74,23.43,0,0.0,0.0
2026-05-18,23.74,23.74,23.74,23.74,23.43,0,0.0,0.0
2026-05-19,23.74,23.74,23.74,23.74,23.43,0,0.0,0.0
2026-05-20,23.74,23.74,23.74,23.74,23.43,0,0.0,0.0
2026-05-21,23.74,23.74,23.74,23.74,23.43,0,0.0,0.0
2026-05-22,23.74,23.74,23.74,23.74,23.43,0,0.0,0.0
2026-05-26,23.74,23.74,23.74,23.74,23.43,0,0.0,0.0
2026-05-27,23.74,23.74,23.74,23.74,23.43,0,0.0,0.0
2026-05-28,23.74,23.74,23.74,23.74,23.43,0,0.0,0.0
2026-05-29,23.74,23.74,23.74,23.74,23.43,0,0.0,0.0
2026-06-01,23.74,23.74,23.74,23.74,23.74,0,0.31,0.0
2026-06-02,23.74,23.74,23.74,23.74,23.74,0,0.0,0.0
2026-06-03,23.74,23.74,23.74,23.74,23.74,0,0.0,0.0
2026-06-04,25.26,27.690001,23.91,24.33,24.33,13700,0.0,0.0
2026-06-05,23.92,24.120001,23.91,24.01,24.01,1800,0.0,0.0
2026-06-08,24.01,24.01,24.01,24.01,24.01,0,0.0,0.0
2026-06-09,23.959999,23.959999,23.959999,23.959999,23.959999,400,0.0,0.0
2026-06-10,23.35,23.35,23.25,23.25,23.25,1100,0.0,0.0
2026-06-11,23.459999,24.75,23.370001,24.75,24.75,1100,0.0,0.0
2026-06-12,24.75,24.75,24.75,24.75,24.75,0,0.0,0.0
2026-06-15,24.75,24.75,24.75,24.75,24.75,0,0.0,0.0
2026-06-16,24.6,24.6,23.82,23.82,23.82,500,0.0,0.0
2026-06-17,23.82,23.82,23.82,23.82,23.82,0,0.0,0.0
2026-06-18,25.290001,30.450001,25.290001,30.450001,30.450001,28900,0.0,0.0
2026-06-22,28.5,28.5,26.99,27.5,27.5,3900,0.0,0.0
2026-06-23,27.5,27.5,26.92,26.92,26.92,900,0.0,0.0
2026-06-24,26.92,26.92,26.92,26.92,26.92,0,0.0,0.0
2026-06-25,28.09,28.09,28.09,28.09,28.09,400,0.0,0.0
2026-06-26,28.09,28.09,28.09,28.09,28.09,0,0.0,0.0
2026-06-29,28.09,28.09,28.09,28.09,28.09,0,0.0,0.0
2026-06-30,28.09,28.09,28.09,28.09,28.09,0,0.0,0.0
2026-07-01,28.09,28.09,28.09,28.09,28.09,0,0.0,0.0
2026-07-02,30.08,30.08,29.950001,29.950001,29.950001,600,0.0,0.0
2026-07-06,28.6,28.6,28.6,28.6,28.6,600,0.0,0.0
2026-07-07,28.6,28.6,28.6,28.6,28.6,0,0.0,0.0
2026-07-08,28.6,28.6,28.6,28.6,28.6,0,0.0,0.0
2026-07-09,28.6,28.6,28.6,28.6,28.6,0,0.0,0.0
2026-07-10,28.6,28.6,28.6,28.6,28.6,0,0.0,0.0
2026-07-13,28.6,28.6,28.6,28.6,28.6,0,0.0,0.0
2026-07-14,28.6,28.6,28.6,28.6,28.6,0,0.0,0.0
2026-07-15,29.25,29.25,29.25,29.25,29.25,600,0.0,0.0
2026-07-16,29.25,29.25,29.25,29.25,29.25,0,0.0,0.0
2026-07-17,29.25,29.25,29.25,29.25,29.25,0,0.0,0.0
2026-07-20,28.5,28.5,28.5,28.5,28.5,300,0.0,0.0
2026-07-21,28.5,28.5,28.5,28.5,28.5,0,0.0,0.0
2026-07-22,30.25,30.25,30.25,30.25,30.25,300,0.0,0.0
2026-07-23,28.9,28.9,28.049999,28.049999,28.049999,300,0.0,0.0
2026-07-24,28.049999,28.049999,28.049999,28.049999,28.049999,0,0.0,0.0
2026-07-27,28.049999,28.049999,28.049999,28.049999,27.769499,0,0.0,0.0
2026-07-28,28.049999,28.049999,28.049999,28.049999,27.769499,0,0.0,0.0
2026-07-29,30.4,30.4,29.4,29.4,29.105999,2100,0.0,0.0
2026-07-30,31.200001,31.879999,30.01,30.200001,29.898001,3000,0.0,0.0
2026-07-31,30.200001,30.200001,30.200001,30.200001,29.898001,0,0.0,0.0
2026-08-03,30.5,30.9,30.5,30.9,30.591,700,0.0,0.0
2026-08-04,31.0,31.0,31.0,31.0,30.690001,300,0.0,0.0
2026-08-05,31.299999,32.5,31.299999,32.5,32.174999,500,0.0,0.0
2026-08-06,32.5,32.5,32.5,32.5,32.174999,0,0.0,0.0
2026-08-07,32.5,32.5,32.5,32.5,32.174999,0,0.0,0.0
2026-08-10,32.5,32.5,32.5,32.5,32.174999,0,0.0,0.0
2026-08-11,32.5,32.5,32.5,32.5,32.174999,0,0.0,0.0
2026-08-12,32.5,32.5,32.5,32.5,32.174999,0,0.0,0.0
2026-08-13,32.5,32.5,32.5,32.5,32.174999,0,0.0,0.0
2026-08-14,32.5,32.5,32.5,32.5,32.174999,0,0.0,0.0
2026-08-17,31.98,31.98,31.98,31.98,31.6602,200,0.0,0.0
2026-08-18,31.98,31.98,31.98,31.98,31.6602,0,0.0,0.0
2026-08-19,29.969999,29.969999,29.969999,29.969999,29.6703,300,0.0,0.0
2026-08-20,29.969999,29.969999,29.969999,29.969999,29.6703,0,0.0,0.0
2026-08-21,30.620001,32.82,30.620001,32.82,32.491798,700,0.0,0.0
2026-08-24,31.0,31.0,31.0,31.0,30.690001,300,0.0,0.0
2026-08-25,,,,,,0,0.31,0.0
2026-08-26,30.690001,32.0,30.690001,32.0,32.0,300,0.0,0.0
2026-08-27,29.74,31.610001,29.74,31.5,31.5,800,0.0,0.0
2026-08-28,30.08,30.08,29.040001,29.040001,29.040001,2000,0.0,0.0
2026-08-31,29.15,29.15,26.77,27.299999,27.299999,16700,0.0,0.0
2026-09-01,27.110001,27.209999,27.110001,27.209999,27.209999,1300,0.0,0.0
2026-09-02,27.879999,27.879999,26.879999,26.879999,26.879999,900,0.0,0.0
2026-09-03,26.879999,26.879999,26.879999,26.879999,26.879999,0,0.0,0.0
2026-09-04,29.040001,29.040001,29.040001,29.040001,29.040001,300,0.0,0.0
2026-09-08,28.360001,28.360001,28.209999,28.209999,28.209999,400,0.0,0.0
2026-09-09,28.209999,28.209999,28.209999,28.209999,28.209999,0,0.0,0.0
2026-09-10,28.610001,28.610001,28.610001,28.610001,28.610001,200,0.0,0.0
2026-09-11,28.610001,28.610001,28.610001,28.610001,28.610001,0,0.0,0.0
2026-09-14,28.700001,29.15,28.700001,29.15,29.15,500,0.0,0.0
2026-09-15,29.15,29.15,29.15,29.15,29.15,0,0.0,0.0
2026-09-16,28.379999,28.879999,28.379999,28.870001,28.870001,800,0.0,0.0
2026-09-17,28.870001,28.870001,28.870001,28.870001,28.870001,0,0.0,0.0
2026-09-18,27.51,27.51,27.25,27.25,27.25,2300,0.0,0.0
2026-09-21,27.42,28.09,27.42,28.09,28.09,400,0.0,0.0
2026-09-22,28.09,28.09,28.09,28.09,28.09,0,0.0,0.0
2026-09-23,28.09,28.09,28.09,28.09,28.09,0,0.0,0.0
2026-09-24,28.09,28.09,28.09,28.09,28.09,0,0.0,0.0
2026-09-25,28.09,28.09,28.09,28.09,28.09,0,0.0,0.0
2026-09-28,28.09,28.09,28.09,28.09,28.09,0,0.0,0.0
2026-09-29,28.09,28.09,28.09,28.09,28.09,0,0.0,0.0
2026-09-30,28.09,28.09,28.09,28.09,28.09,0,0.0,0.0
2026-10-01,28.09,28.09,28.09,28.09,28.09,0,0.0,0.0
2026-10-02,28.09,28.09,28.09,28.09,28.09,0,0.0,0.0
2026-10-05,28.09,28.09,28.09,28.09,28.09,0,0.0,0.0
2026-10-06,28.09,28.09,28.09,28.09,28.09,0,0.0,0.0
2026-10-07,28.360001,28.360001,28.360001,28.360001,28.360001,200,0.0,0.0
2026-10-08,28.700001,28.700001,27.360001,27.360001,27.360001,300,0.0,0.0
