Date,Open,High,Low,Close,Adj Close,Volume,Dividends,Stock Splits
2007-08-10,22.0,29.0,21.0,28.5,27.616434,9800300,0.0,0.0
2007-08-13,31.200001,39.669998,29.0,31.65,30.668777,3162100,0.0,0.0
2007-08-14,32.450001,32.700001,29.98,30.030001,29.099001,609300,0.0,0.0
2007-08-15,30.209999,30.209999,28.049999,28.559999,27.674578,991800,0.0,0.0
2007-08-16,28.25,30.0,25.059999,28.1,27.228832,1107500,0.0,0.0
2007-08-17,30.32,33.639999,30.0,32.849998,31.831568,438100,0.0,0.0
2007-08-20,32.900002,33.5,29.5,30.469999,29.525358,235000,0.0,0.0
2007-08-21,29.709999,30.290001,27.76,29.02,28.120314,180500,0.0,0.0
2007-08-22,29.15,30.83,29.15,29.57,28.653261,77900,0.0,0.0
2007-08-23,30.889999,30.889999,28.9,30.0,29.069935,244700,0.0,0.0
2007-08-24,29.16,30.25,28.52,30.0,29.069935,144200,0.0,0.0
2007-08-27,29.370001,30.25,28.51,29.4,28.488537,173200,0.0,0.0
2007-08-28,29.299999,29.799999,28.5,28.9,28.004034,292600,0.0,0.0
2007-08-29,29.52,30.719999,28.76,29.33,28.420706,113800,0.0,0.0
2007-08-30,29.75,29.75,28.549999,28.75,27.858686,259600,0.0,0.0
2007-08-31,29.15,29.15,28.0,28.120001,27.248215,69100,0.0,0.0
2007-09-04,28.01,29.0,27.280001,28.0,27.131937,135500,0.0,0.0
2007-09-05,27.379999,28.91,27.0,28.51,27.626125,198800,0.0,0.0
2007-09-06,28.860001,32.25,28.76,29.93,29.002104,179300,0.0,0.0
2007-09-07,30.68,31.700001,29.25,29.5,28.58543,74900,0.0,0.0
2007-09-10,29.75,30.66,29.07,29.299999,28.391632,118000,0.0,0.0
2007-09-11,29.67,29.75,28.83,29.08,28.178452,106100,0.0,0.0
2007-09-12,28.870001,29.76,28.280001,29.17,28.265659,76500,0.0,0.0
2007-09-13,29.200001,29.440001,28.940001,29.0,28.100933,22700,0.0,0.0
2007-09-14,28.610001,29.76,28.040001,28.5,27.616434,117200,0.0,0.0
2007-09-17,28.25,28.41,27.610001,27.75,26.889683,71900,0.0,0.0
2007-09-18,27.75,29.16,27.469999,28.0,27.131937,167800,0.0,0.0
2007-09-19,30.1,33.740002,30.049999,33.279999,32.248241,697200,0.0,0.0
2007-09-20,33.490002,38.349998,32.990002,37.060001,35.911049,505100,0.0,0.0
2007-09-21,36.52,40.669998,35.630001,40.52,39.26379,324000,0.0,0.0
2007-09-24,38.27,41.299999,38.259998,41.060001,39.78706,312300,0.0,0.0
2007-09-25,38.720001,39.990002,37.07,38.200001,37.015709,262100,0.0,0.0
2007-09-26,38.0,38.119999,36.5,38.080002,36.899437,326700,0.0,0.0
2007-09-27,38.5,39.919998,35.759998,36.919998,35.775394,380400,0.0,0.0
2007-09-28,36.23,38.0,35.369999,36.259998,35.135853,1571400,0.0,0.0
2007-10-01,36.630001,39.240002,35.560001,36.709999,35.571907,227700,0.0,0.0
2007-10-02,37.630001,40.0,37.240002,39.400002,38.178509,304200,0.0,0.0
2007-10-03,39.16,42.790001,38.57,42.119999,40.814198,383000,0.0,0.0
2007-10-04,42.709999,43.75,40.200001,41.27,39.990536,216700,0.0,0.0
2007-10-05,42.25,43.220001,40.0,41.110001,39.835487,745200,0.0,0.0
2007-10-08,40.860001,41.34,39.360001,41.02,39.74828,102600,0.0,0.0
2007-10-09,40.970001,45.43,40.66,45.380001,43.973114,405200,0.0,0.0
2007-10-10,45.57,45.57,43.900002,44.939999,43.546745,234300,0.0,0.0
2007-10-11,45.119999,45.490002,40.400002,41.209999,39.932396,331000,0.0,0.0
2007-10-12,41.0,42.639999,40.099998,40.459999,39.205654,178300,0.0,0.0
2007-10-15,41.349998,42.139999,37.0,38.439999,37.248283,234200,0.0,0.0
2007-10-16,38.049999,38.650002,35.459999,36.93,35.785072,237500,0.0,0.0
2007-10-17,37.82,39.5,37.189999,38.580002,37.383926,203600,0.0,0.0
2007-10-18,38.209999,41.0,37.23,39.84,38.604877,188800,0.0,0.0
2007-10-19,39.799999,40.349998,37.299999,37.299999,36.14362,88100,0.0,0.0
2007-10-22,37.25,39.68,36.48,38.639999,37.442081,157500,0.0,0.0
2007-10-23,39.57,44.119999,39.57,42.830002,41.502174,336100,0.0,0.0
2007-10-24,42.23,42.389999,37.470001,39.380001,38.159126,358400,0.0,0.0
2007-10-25,39.349998,40.349998,38.360001,40.029999,38.78899,108800,0.0,0.0
2007-10-26,40.110001,43.349998,39.66,43.07,41.734749,232600,0.0,0.0
2007-10-29,43.16,45.919998,42.380001,44.59,43.207607,341600,0.0,0.0
2007-10-30,44.599998,48.16,44.599998,45.860001,44.438232,405400,0.0,0.0
2007-10-31,46.18,46.18,41.139999,44.68,43.294827,336200,0.0,0.0
2007-11-01,44.209999,44.400002,40.5,41.360001,40.07774,287100,0.0,0.0
2007-11-02,42.029999,45.0,40.5,44.34,42.965359,246100,0.0,0.0
2007-11-05,43.200001,44.939999,42.279999,43.529999,42.18047,138500,0.0,0.0
2007-11-06,43.5,45.799999,43.200001,45.48,44.070011,138200,0.0,0.0
2007-11-07,44.34,44.84,37.34,39.400002,38.178509,462700,0.0,0.0
2007-11-08,40.0,40.0,36.18,37.52,36.356796,346600,0.0,0.0
2007-11-09,37.77,37.77,34.389999,36.759998,35.620354,287700,0.0,0.0
2007-11-12,36.650002,38.0,32.669998,35.18,34.089336,310300,0.0,0.0
2007-11-13,36.02,41.599998,35.349998,41.060001,39.78706,329600,0.0,0.0
2007-11-14,45.0,46.860001,41.5,43.189999,41.851013,442800,0.0,0.0
2007-11-15,43.330002,47.700001,42.330002,46.439999,45.000267,618800,0.0,0.0
2007-11-16,46.540001,47.200001,43.709999,46.509998,45.068089,379900,0.0,0.0
2007-11-19,46.029999,47.049999,44.02,44.689999,43.304501,249400,0.0,0.0
2007-11-20,45.150002,46.110001,43.0,43.619999,42.267677,226300,0.0,0.0
2007-11-21,42.599998,43.0,40.34,41.200001,39.92271,111200,0.0,0.0
2007-11-23,40.259998,42.52,40.009998,42.360001,41.046745,119000,0.0,0.0
2007-11-26,42.580002,43.110001,41.0,41.169998,39.893631,126800,0.0,0.0
2007-11-27,41.720001,42.299999,41.0,41.119999,39.845184,156500,0.0,0.0
2007-11-28,41.25,43.610001,40.610001,43.610001,42.257996,277400,0.0,0.0
2007-11-29,43.5,44.0,42.150002,43.0,41.666901,96900,0.0,0.0
2007-11-30,43.5,43.77,42.25,42.41,41.095188,191800,0.0,0.0
2007-12-03,44.110001,45.84,44.040001,44.709999,43.323879,526000,0.0,0.0
2007-12-04,45.619999,45.619999,42.810001,43.360001,42.015743,337900,0.0,0.0
2007-12-05,44.849998,45.599998,43.57,44.240002,42.868458,254500,0.0,0.0
2007-12-06,44.240002,44.5,43.259998,44.029999,42.664963,259700,0.0,0.0
2007-12-07,44.299999,44.91,43.349998,43.77,42.413033,109600,0.0,0.0
2007-12-10,44.099998,50.490002,44.0,49.970001,48.420811,857200,0.0,0.0
2007-12-11,49.68,50.0,47.029999,47.490002,46.017712,657500,0.0,0.0
2007-12-12,48.880001,53.919998,48.630001,50.799999,49.22509,649700,0.0,0.0
2007-12-13,50.610001,54.73,49.98,53.630001,51.967346,353000,0.0,0.0
2007-12-14,59.5,65.459999,57.52,61.549999,59.641815,6186300,0.0,0.0
2007-12-17,66.660004,66.660004,58.400002,60.34,58.469322,2901800,0.0,0.0
2007-12-18,61.950001,62.389999,56.360001,59.68,57.829777,1600400,0.0,0.0
2007-12-19,59.25,60.43,57.959999,59.900002,58.042973,720300,0.0,0.0
2007-12-20,60.990002,61.880001,58.619999,60.470001,58.595295,655400,0.0,0.0
2007-12-21,61.810001,62.0,59.259998,60.060001,58.198002,610400,0.0,0.0
2007-12-24,60.700001,61.77,59.169998,60.400002,58.527466,366100,0.0,0.0
2007-12-26,60.84,72.959999,60.450001,72.849998,70.591484,2040100,0.0,0.0
2007-12-27,72.650002,81.169998,72.0,75.300003,72.965538,4763900,0.0,0.0
2007-12-28,80.730003,80.739998,77.07,78.809998,76.366699,2393400,0.0,0.0
2007-12-31,78.0,78.980003,72.699997,73.879997,71.589561,1296500,0.0,0.0
2008-01-02,75.980003,76.809998,68.0,70.099998,67.926743,2081400,0.0,0.0
2008-01-03,72.790001,72.82,68.809998,69.440002,67.287201,1224600,0.0,0.0
2008-01-04,66.480003,67.849998,63.169998,64.089996,62.103054,1356200,0.0,0.0
2008-01-07,66.160004,66.769997,58.459999,61.369999,59.467392,1853300,0.0,0.0
2008-01-08,62.5,65.489998,60.5,61.099998,59.205753,1183200,0.0,0.0
2008-01-09,60.07,61.360001,56.580002,60.68,58.798782,1573600,0.0,0.0
2008-01-10,59.639999,65.980003,58.68,64.059998,62.073978,1506600,0.0,0.0
2008-01-11,63.43,67.5,61.02,62.599998,60.659256,1446100,0.0,0.0
2008-01-14,64.410004,65.0,62.66,64.709999,62.703846,742600,0.0,0.0
2008-01-15,63.91,66.0,59.799999,59.98,58.120468,835000,0.0,0.0
2008-01-16,57.279999,59.25,50.98,54.23,52.548744,2382200,0.0,0.0
2008-01-17,54.400002,55.490002,43.419998,45.41,44.002182,2724600,0.0,0.0
2008-01-18,48.459999,49.07,45.200001,47.049999,45.591328,2180800,0.0,0.0
2008-01-22,40.389999,49.470001,40.16,47.709999,46.230885,1374100,0.0,0.0
2008-01-23,45.970001,50.740002,44.5,50.02,48.469265,1318900,0.0,0.0
2008-01-24,51.970001,57.740002,51.110001,56.639999,54.884033,1986700,0.0,0.0
2008-01-25,59.950001,61.75,53.0,54.060001,52.384018,1869700,0.0,0.0
2008-01-28,43.450001,46.68,40.549999,42.599998,41.279305,4790000,0.0,0.0
2008-01-29,44.459999,44.790001,41.25,41.700001,40.4072,1913100,0.0,0.0
2008-01-30,40.799999,41.0,35.959999,36.110001,34.990513,3316900,0.0,0.0
2008-01-31,34.610001,37.900002,34.0,37.029999,35.881985,2218000,0.0,0.0
2008-02-01,38.5,38.880001,36.720001,37.48,36.318039,1546900,0.0,0.0
2008-02-04,38.279999,38.310001,36.459999,36.490002,35.358715,1099600,0.0,0.0
2008-02-05,35.48,38.25,34.790001,36.259998,35.135853,1224200,0.0,0.0
2008-02-06,37.619999,37.68,33.799999,33.950001,32.897469,1144700,0.0,0.0
2008-02-07,33.139999,34.450001,31.4,31.73,30.746298,1816400,0.0,0.0
2008-02-08,32.0,32.939999,31.0,31.719999,30.73661,1221600,0.0,0.0
2008-02-11,32.509998,36.48,32.25,36.150002,35.02927,2545000,0.0,0.0
2008-02-12,37.400002,38.869999,34.110001,34.610001,33.537014,2550200,0.0,0.0
2008-02-13,35.48,36.900002,34.0,36.75,35.61068,1228100,0.0,0.0
2008-02-14,37.299999,38.41,35.0,35.389999,34.292831,1330200,0.0,0.0
2008-02-15,35.27,36.299999,34.43,35.790001,34.680424,658000,0.0,0.0
2008-02-19,37.060001,37.48,34.580002,34.630001,33.556396,970200,0.0,0.0
2008-02-20,33.75,35.43,32.91,34.580002,33.507942,807600,0.0,0.0
2008-02-21,34.900002,35.189999,32.98,33.150002,32.12228,518100,0.0,0.0
2008-02-22,33.080002,33.889999,32.209999,33.400002,32.364536,456900,0.0,0.0
2008-02-25,33.32,33.990002,32.669998,33.830002,32.781193,610600,0.0,0.0
2008-02-26,33.099998,34.02,32.75,33.380001,32.34515,575700,0.0,0.0
2008-02-27,33.049999,37.009998,33.0,36.630001,35.494385,1515200,0.0,0.0
2008-02-28,35.919998,38.41,35.919998,37.380001,36.22113,1410300,0.0,0.0
2008-02-29,36.82,37.580002,35.849998,36.150002,35.02927,694800,0.0,0.0
2008-03-03,38.349998,39.450001,37.060001,37.59,36.424625,1285500,0.0,0.0
2008-03-04,36.860001,37.77,34.099998,35.869999,34.757954,1227700,0.0,0.0
2008-03-05,36.73,38.049999,36.400002,37.130001,35.978889,1374800,0.0,0.0
2008-03-06,38.27,41.799999,37.82,39.240002,38.023476,3316500,0.0,0.0
2008-03-07,37.599998,39.720001,35.240002,36.549999,35.416851,1555100,0.0,0.0
2008-03-10,36.860001,37.209999,33.709999,33.950001,32.897469,735700,0.0,0.0
2008-03-11,35.419998,36.650002,34.759998,36.490002,35.358715,727100,0.0,0.0
2008-03-12,36.5,40.0,35.959999,38.830002,37.626186,1288200,0.0,0.0
2008-03-13,37.450001,39.0,35.560001,38.599998,37.403301,1311400,0.0,0.0
2008-03-14,39.23,40.0,37.119999,38.240002,37.054482,789800,0.0,0.0
2008-03-17,36.029999,37.779999,35.139999,35.150002,34.060265,954700,0.0,0.0
2008-03-18,36.560001,37.75,35.790001,37.23,36.075787,704900,0.0,0.0
2008-03-19,37.43,38.889999,36.259998,36.349998,35.223072,719600,0.0,0.0
2008-03-20,37.080002,37.5,35.740002,36.349998,35.223072,751400,0.0,0.0
2008-03-24,36.57,39.75,36.57,38.5,37.306419,798300,0.0,0.0
2008-03-25,39.080002,40.939999,37.34,40.450001,39.195961,1434200,0.0,0.0
2008-03-26,41.57,42.580002,39.830002,41.549999,40.261856,1917100,0.0,0.0
2008-03-27,41.709999,41.720001,38.75,38.889999,37.684326,1013300,0.0,0.0
2008-03-28,39.470001,39.75,36.889999,37.040001,35.891666,596500,0.0,0.0
2008-03-31,37.32,40.389999,36.639999,39.759998,38.527344,1572400,0.0,0.0
2008-04-01,40.52,40.82,38.57,40.82,39.554478,1222000,0.0,0.0
2008-04-02,40.110001,40.369999,39.0,39.209999,37.9944,515700,0.0,0.0
2008-04-03,38.950001,39.790001,38.25,39.639999,38.411072,578500,0.0,0.0
2008-04-04,39.849998,43.549999,39.25,43.220001,41.880074,2068800,0.0,0.0
2008-04-07,44.110001,44.400002,42.75,43.700001,42.345215,1195000,0.0,0.0
2008-04-08,43.419998,45.830002,42.810001,45.360001,43.953739,1485000,0.0,0.0
2008-04-09,46.720001,46.720001,43.860001,45.150002,43.750248,1125600,0.0,0.0
2008-04-10,45.049999,47.240002,43.389999,47.139999,45.678551,1378100,0.0,0.0
2008-04-11,45.650002,47.400002,45.02,46.490002,45.04871,1471000,0.0,0.0
2008-04-14,45.799999,46.790001,44.689999,44.689999,43.304501,870800,0.0,0.0
2008-04-15,45.02,46.0,44.599998,45.84,44.41885,648300,0.0,0.0
2008-04-16,46.900002,49.349998,46.73,48.98,47.461514,1183400,0.0,0.0
2008-04-17,48.779999,50.73,47.450001,50.02,48.469265,1123900,0.0,0.0
2008-04-18,52.400002,53.599998,50.240002,50.25,48.692135,1539700,0.0,0.0
2008-04-21,50.25,53.240002,49.5,51.84,50.232845,875200,0.0,0.0
2008-04-22,51.880001,52.98,50.0,50.52,48.95377,562500,0.0,0.0
2008-04-23,50.900002,51.950001,49.630001,51.400002,49.80648,449800,0.0,0.0
2008-04-24,50.939999,52.759998,48.709999,51.810001,50.203773,796600,0.0,0.0
2008-04-25,52.119999,52.490002,50.849998,51.900002,50.290985,536600,0.0,0.0
2008-04-28,52.119999,53.029999,51.169998,52.0,50.387886,442400,0.0,0.0
2008-04-29,52.060001,52.330002,49.529999,49.869999,48.323921,499900,0.0,0.0
2008-04-30,49.869999,51.25,48.0,50.580002,49.011913,1059300,0.0,0.0
2008-05-01,50.450001,51.400002,49.369999,50.25,48.692135,742900,0.0,0.0
2008-05-02,51.5,52.0,49.799999,49.990002,48.440193,553900,0.0,0.0
2008-05-05,50.740002,56.779999,50.23,56.0,54.263874,2908000,0.0,0.0
2008-05-06,56.200001,57.25,53.0,54.75,53.052624,1472900,0.0,0.0
2008-05-07,55.560001,57.560001,54.0,56.049999,54.312321,1631600,0.0,0.0
2008-05-08,56.360001,57.709999,54.27,55.0,53.294872,1597600,0.0,0.0
2008-05-09,54.639999,55.98,53.650002,54.02,52.345261,1059600,0.0,0.0
2008-05-12,53.799999,53.990002,50.110001,52.259998,50.639816,1473600,0.0,0.0
2008-05-13,52.59,56.560001,52.59,55.860001,54.128204,2504400,0.0,0.0
2008-05-14,50.900002,55.98,50.68,53.889999,52.219299,3763700,0.0,0.0
2008-05-15,54.650002,55.439999,54.029999,54.490002,52.800701,814300,0.0,0.0
2008-05-16,55.0,55.200001,53.75,54.700001,53.004166,827400,0.0,0.0
2008-05-19,54.59,55.5,52.880001,53.389999,51.734783,1018800,0.0,0.0
2008-05-20,52.18,53.720001,51.5,53.560001,51.899521,653100,0.0,0.0
2008-05-21,53.0,53.5,48.75,50.419998,48.856861,1475800,0.0,0.0
2008-05-22,50.330002,51.790001,44.25,44.630001,43.246372,2082500,0.0,0.0
2008-05-23,44.0,46.349998,40.41,45.290001,43.885906,2973900,0.0,0.0
2008-05-27,45.349998,45.349998,42.799999,43.450001,42.102947,731200,0.0,0.0
2008-05-28,44.900002,46.16,43.560001,44.900002,43.507992,843900,0.0,0.0
2008-05-29,44.599998,44.889999,43.560001,44.779999,43.391712,584200,0.0,0.0
2008-05-30,44.439999,47.32,44.439999,46.950001,45.494434,1236000,0.0,0.0
2008-06-02,47.599998,48.68,45.880001,46.330002,44.893665,721400,0.0,0.0
2008-06-03,46.34,47.77,43.889999,45.470001,44.060333,547800,0.0,0.0
2008-06-04,45.119999,47.130001,44.48,46.279999,44.845215,467700,0.0,0.0
2008-06-05,46.68,47.900002,46.5,47.880001,46.395611,610900,0.0,0.0
2008-06-06,47.470001,47.560001,44.080002,44.5,43.120399,848700,0.0,0.0
2008-06-09,44.029999,44.400002,39.650002,40.41,39.157188,1676300,0.0,0.0
2008-06-10,39.0,39.400002,37.0,38.75,37.548664,1427900,0.0,0.0
2008-06-11,39.25,39.459999,37.619999,37.860001,36.686253,596200,0.0,0.0
2008-06-12,38.5,39.189999,36.77,37.110001,35.959499,614800,0.0,0.0
2008-06-13,37.279999,38.970001,37.279999,38.279999,37.093231,497900,0.0,0.0
2008-06-16,38.060001,40.5,37.869999,39.950001,38.711468,565700,0.0,0.0
2008-06-17,40.630001,43.369999,40.610001,41.139999,39.864571,986100,0.0,0.0
2008-06-18,40.700001,40.98,39.080002,39.68,38.449833,993200,0.0,0.0
2008-06-19,39.639999,41.029999,38.610001,40.639999,39.380066,421300,0.0,0.0
2008-06-20,39.209999,40.16,38.279999,38.75,37.548664,674000,0.0,0.0
2008-06-23,38.869999,39.189999,37.049999,37.450001,36.288963,444100,0.0,0.0
2008-06-24,37.099998,38.900002,37.0,37.860001,36.686253,514300,0.0,0.0
2008-06-25,37.869999,39.450001,37.869999,38.799999,37.597118,372100,0.0,0.0
2008-06-26,37.029999,38.34,34.73,35.220001,34.128094,1215900,0.0,0.0
2008-06-27,35.099998,36.200001,33.130001,35.900002,34.787029,2374000,0.0,0.0
2008-06-30,35.560001,36.34,34.459999,34.490002,33.420734,575600,0.0,0.0
2008-07-01,34.080002,35.439999,32.549999,35.02,33.934307,1256700,0.0,0.0
2008-07-02,35.279999,35.830002,32.75,32.950001,31.928473,623400,0.0,0.0
2008-07-03,32.560001,32.849998,28.309999,29.52,28.604811,1149800,0.0,0.0
2008-07-07,29.530001,29.969999,26.0,27.469999,26.618364,2456200,0.0,0.0
2008-07-08,27.5,28.0,25.85,26.790001,25.95945,1447700,0.0,0.0
2008-07-09,28.5,32.650002,27.65,31.23,30.261795,3833400,0.0,0.0
2008-07-10,30.549999,31.98,29.66,30.959999,30.000166,997700,0.0,0.0
2008-07-11,30.26,30.940001,27.9,30.15,29.215281,1004300,0.0,0.0
2008-07-14,31.35,31.700001,29.27,30.540001,29.593189,941400,0.0,0.0
2008-07-15,30.139999,33.150002,27.940001,31.75,30.765684,1337100,0.0,0.0
2008-07-16,32.0,34.279999,30.809999,34.150002,33.091278,942800,0.0,0.0
2008-07-17,34.220001,35.25,33.099998,33.299999,32.26762,898800,0.0,0.0
2008-07-18,33.02,34.459999,32.540001,33.720001,32.674606,582900,0.0,0.0
2008-07-21,33.880001,34.779999,33.119999,34.439999,33.37228,526700,0.0,0.0
2008-07-22,33.790001,34.990002,33.049999,34.299999,33.236622,652000,0.0,0.0
2008-07-23,34.110001,34.299999,33.349998,33.950001,32.897469,570800,0.0,0.0
2008-07-24,34.380001,34.48,32.330002,32.91,31.889713,670100,0.0,0.0
2008-07-25,33.0,33.360001,32.32,33.0,31.976921,400400,0.0,0.0
2008-07-28,32.959999,33.759998,30.82,31.09,30.126141,587200,0.0,0.0
2008-07-29,29.75,34.34,29.030001,33.389999,32.354832,1157700,0.0,0.0
2008-07-30,32.57,34.27,31.98,33.25,32.219177,380300,0.0,0.0
2008-07-31,32.759998,36.560001,32.119999,35.849998,34.738567,909800,0.0,0.0
2008-08-01,35.32,36.689999,34.59,35.84,34.72887,415500,0.0,0.0
2008-08-04,35.68,35.68,32.599998,32.639999,31.628082,627000,0.0,0.0
2008-08-05,33.119999,34.970001,32.630001,33.169998,32.141644,633800,0.0,0.0
2008-08-06,33.540001,36.34,33.380001,35.290001,34.195934,594200,0.0,0.0
2008-08-07,35.0,35.98,33.849998,35.610001,34.506001,440500,0.0,0.0
2008-08-08,35.57,37.5,35.110001,36.799999,35.659115,412800,0.0,0.0
2008-08-11,37.5,38.540001,36.450001,36.98,35.83353,976200,0.0,0.0
2008-08-12,35.869999,37.950001,35.549999,36.049999,34.932362,573700,0.0,0.0
2008-08-13,34.41,35.279999,32.490002,34.619999,33.5467,1321700,0.0,0.0
2008-08-14,34.450001,35.119999,33.950001,34.610001,33.537014,565600,0.0,0.0
2008-08-15,35.119999,35.119999,33.709999,34.599998,33.527328,337100,0.0,0.0
2008-08-18,34.709999,34.75,31.98,32.299999,31.298626,500900,0.0,0.0
2008-08-19,32.009998,32.189999,31.129999,31.85,30.862585,573400,0.0,0.0
2008-08-20,31.969999,32.5,30.370001,31.0,30.038931,616500,0.0,0.0
2008-08-21,30.780001,30.780001,29.75,30.129999,29.195894,630600,0.0,0.0
2008-08-22,30.23,31.190001,29.950001,30.0,29.069935,634700,0.0,0.0
2008-08-25,30.110001,30.41,29.559999,30.049999,29.118382,387100,0.0,0.0
2008-08-26,29.809999,30.219999,28.93,29.309999,28.401321,512800,0.0,0.0
2008-08-27,29.209999,30.41,29.209999,29.99,29.060234,347400,0.0,0.0
2008-08-28,30.059999,31.280001,30.059999,31.059999,30.097065,482800,0.0,0.0
2008-08-29,30.790001,31.0,29.91,30.870001,29.912962,299300,0.0,0.0
2008-09-02,31.41,31.43,29.4,29.68,28.759853,346600,0.0,0.0
2008-09-03,29.639999,29.780001,28.33,28.93,28.03311,359700,0.0,0.0
2008-09-04,28.66,28.66,26.0,26.5,25.678444,737200,0.0,0.0
2008-09-05,26.57,29.200001,26.309999,28.83,27.936203,640700,0.0,0.0
2008-09-08,29.879999,30.299999,27.219999,28.620001,27.732718,415600,0.0,0.0
2008-09-09,28.549999,28.68,26.280001,26.43,25.610609,538800,0.0,0.0
2008-09-10,26.59,26.98,26.01,26.1,25.290842,515200,0.0,0.0
2008-09-11,25.6,25.809999,23.549999,24.799999,24.031145,1023200,0.0,0.0
2008-09-12,24.51,26.1,24.1,25.860001,25.058279,967100,0.0,0.0
2008-09-15,25.440001,26.799999,24.52,25.530001,24.738514,802600,0.0,0.0
2008-09-16,24.450001,26.0,24.440001,25.92,25.116423,1006900,0.0,0.0
2008-09-17,25.27,25.85,22.76,23.85,23.110596,1354700,0.0,0.0
2008-09-18,23.440001,28.4,22.370001,28.4,27.519533,1625100,0.0,0.0
2008-09-19,30.1,30.790001,28.120001,30.74,29.786989,1550000,0.0,0.0
2008-09-22,30.379999,30.379999,26.610001,26.65,25.82379,586400,0.0,0.0
2008-09-23,26.51,26.870001,24.459999,25.26,24.476885,658400,0.0,0.0
2008-09-24,25.01,25.51,24.219999,24.299999,23.546642,418800,0.0,0.0
2008-09-25,24.75,25.0,23.379999,23.629999,22.897409,778800,0.0,0.0
2008-09-26,22.91,22.91,21.5,22.459999,21.763687,894600,0.0,0.0
2008-09-29,21.83,21.84,17.049999,20.1,19.476856,1246500,0.0,0.0
2008-09-30,20.200001,21.209999,18.85,20.35,19.719103,1221300,0.0,0.0
2008-10-01,20.209999,21.129999,19.66,20.360001,19.72879,514700,0.0,0.0
2008-10-02,20.059999,20.059999,17.16,17.629999,17.083429,1319200,0.0,0.0
2008-10-03,18.040001,19.049999,17.35,17.370001,16.831495,743200,0.0,0.0
2008-10-06,16.59,19.950001,15.11,19.120001,18.527241,2063800,0.0,0.0
2008-10-07,19.99,19.99,17.66,17.77,17.219095,1108400,0.0,0.0
2008-10-08,16.879999,20.85,16.5,19.280001,18.682278,1748800,0.0,0.0
2008-10-09,19.76,20.33,16.9,17.35,16.812107,831400,0.0,0.0
2008-10-10,16.6,18.190001,16.120001,17.200001,16.666761,1641000,0.0,0.0
2008-10-13,18.27,21.59,18.27,21.139999,20.484612,1321200,0.0,0.0
2008-10-14,23.0,23.26,21.02,21.58,20.910973,912000,0.0,0.0
2008-10-15,20.51,20.959999,18.08,18.200001,17.635759,499800,0.0,0.0
2008-10-16,18.559999,19.440001,16.68,19.0,18.410959,920800,0.0,0.0
2008-10-17,18.17,19.360001,17.16,17.59,17.044668,744800,0.0,0.0
2008-10-20,17.940001,18.459999,17.18,18.1,17.538862,339300,0.0,0.0
2008-10-21,17.76,18.799999,15.95,16.02,15.523344,730900,0.0,0.0
2008-10-22,15.81,16.290001,14.13,14.25,13.808217,1038000,0.0,0.0
2008-10-23,14.33,14.37,11.81,12.36,11.97681,1026600,0.0,0.0
2008-10-24,9.83,12.66,9.76,12.24,11.860534,905000,0.0,0.0
2008-10-27,11.87,12.09,10.75,11.06,10.717114,523800,0.0,0.0
2008-10-28,11.4,12.25,10.73,12.13,11.753942,763600,0.0,0.0
2008-10-29,12.3,13.4,11.99,12.89,12.490381,550700,0.0,0.0
2008-10-30,13.59,14.1,13.19,13.35,12.93612,683800,0.0,0.0
2008-10-31,13.19,14.0,13.12,13.67,13.2462,391800,0.0,0.0
2008-11-03,13.78,14.43,12.95,13.2,12.79077,267900,0.0,0.0
2008-11-04,13.13,15.01,13.13,14.92,14.457444,679700,0.0,0.0
2008-11-05,14.85,14.85,13.86,13.92,13.488448,597600,0.0,0.0
2008-11-06,13.81,14.08,12.27,12.36,11.97681,659200,0.0,0.0
2008-11-07,12.65,12.97,11.81,12.15,11.773321,456200,0.0,0.0
2008-11-10,12.6,12.6,11.13,11.63,11.269444,372700,0.0,0.0
2008-11-11,11.21,11.8,10.13,10.33,10.009747,808400,0.0,0.0
2008-11-12,11.45,13.17,10.68,10.78,10.445795,1620100,0.0,0.0
2008-11-13,10.51,11.48,9.35,11.17,10.823707,1153200,0.0,0.0
2008-11-14,10.9,10.9,9.95,10.27,9.951607,679900,0.0,0.0
2008-11-17,10.27,10.85,10.01,10.15,9.835325,552700,0.0,0.0
2008-11-18,10.27,10.46,9.72,10.08,9.767497,493200,0.0,0.0
2008-11-19,10.09,10.39,9.16,9.21,8.92447,459200,0.0,0.0
2008-11-20,9.0,9.16,8.06,8.28,8.023298,571200,0.0,0.0
2008-11-21,8.47,9.08,7.91,8.88,8.604702,1152800,0.0,0.0
2008-11-24,9.06,10.41,8.89,10.37,10.048509,498900,0.0,0.0
2008-11-25,10.56,11.2,10.16,10.62,10.290757,516700,0.0,0.0
2008-11-26,10.35,12.11,10.16,12.1,11.724872,367300,0.0,0.0
2008-11-28,11.94,12.32,11.6,12.32,11.938053,126500,0.0,0.0
2008-12-01,12.0,12.17,10.22,10.25,9.932228,592800,0.0,0.0
2008-12-02,10.57,11.44,10.41,10.81,10.474865,545400,0.0,0.0
2008-12-03,10.47,11.84,10.34,11.67,11.308205,409000,0.0,0.0
2008-12-04,11.43,12.12,10.88,11.07,10.726806,343800,0.0,0.0
2008-12-05,10.9,11.75,10.5,11.75,11.385722,316000,0.0,0.0
2008-12-08,12.09,16.110001,12.01,15.98,15.484583,922800,0.0,0.0
2008-12-09,15.0,15.75,13.89,14.35,13.905119,740800,0.0,0.0
2008-12-10,14.6,16.459999,14.6,15.69,15.203574,510800,0.0,0.0
2008-12-11,15.45,16.85,15.26,15.55,15.067916,532900,0.0,0.0
2008-12-12,15.0,17.17,14.75,17.17,16.637691,501300,0.0,0.0
2008-12-15,17.26,17.75,14.91,15.1,14.631866,565700,0.0,0.0
2008-12-16,15.41,15.84,14.54,14.97,14.505896,721900,0.0,0.0
2008-12-17,14.74,15.13,13.93,14.58,14.127987,861500,0.0,0.0
2008-12-18,14.85,15.75,14.2,14.55,14.098916,549700,0.0,0.0
2008-12-19,14.91,15.66,14.69,15.36,14.883804,852800,0.0,0.0
2008-12-22,15.47,15.81,13.09,13.58,13.158988,645800,0.0,0.0
2008-12-23,13.75,14.61,13.37,14.23,13.788837,387600,0.0,0.0
2008-12-24,14.1,14.23,13.88,13.96,13.527209,92000,0.0,0.0
2008-12-26,14.05,14.48,13.93,14.06,13.624107,98600,0.0,0.0
2008-12-29,14.01,14.24,13.92,14.1,13.662868,251300,0.0,0.0
2008-12-30,14.21,15.74,13.7,15.69,15.203574,485900,0.0,0.0
2008-12-31,15.75,16.799999,15.63,16.41,15.901251,579600,0.0,0.0
2009-01-02,16.43,17.85,15.7,17.58,17.034979,402400,0.0,0.0
2009-01-05,17.299999,19.92,17.0,18.77,18.188089,795100,0.0,0.0
2009-01-06,19.120001,19.59,17.76,18.469999,17.89739,661600,0.0,0.0
2009-01-07,18.16,18.41,16.77,17.1,16.569862,437000,0.0,0.0
2009-01-08,16.959999,17.01,16.41,17.0,16.472961,289500,0.0,0.0
2009-01-09,17.0,17.049999,16.120001,16.23,15.726829,274800,0.0,0.0
2009-01-12,16.280001,16.42,15.35,15.48,15.000083,293300,0.0,0.0
2009-01-13,15.45,15.9,15.4,15.55,15.067916,226200,0.0,0.0
2009-01-14,15.3,15.4,14.12,14.6,14.147367,312000,0.0,0.0
2009-01-15,15.4,15.71,14.45,14.85,14.389617,399600,0.0,0.0
2009-01-16,15.07,15.56,14.64,15.43,14.951638,327800,0.0,0.0
2009-01-20,15.18,15.18,12.2,12.47,12.083405,1179700,0.0,0.0
2009-01-21,12.98,13.49,11.7,13.29,12.87798,1253500,0.0,0.0
2009-01-22,12.8,13.57,12.05,12.56,12.170609,680600,0.0,0.0
2009-01-23,12.17,13.1,12.08,12.6,12.209369,252200,0.0,0.0
2009-01-26,12.86,13.83,12.72,13.47,13.052401,279700,0.0,0.0
2009-01-27,13.75,13.9,13.35,13.55,13.129923,216700,0.0,0.0
2009-01-28,14.05,14.5,13.56,14.29,13.84698,324000,0.0,0.0
2009-01-29,14.33,15.47,13.51,13.82,13.391548,703600,0.0,0.0
2009-01-30,14.01,14.54,13.32,13.41,12.994262,390300,0.0,0.0
2009-02-02,13.21,13.28,12.51,12.51,12.12216,602300,0.0,0.0
2009-02-03,12.85,13.25,12.45,12.94,12.538829,615100,0.0,0.0
2009-02-04,13.2,14.7,12.98,14.07,13.633795,598900,0.0,0.0
2009-02-05,13.97,14.94,13.66,14.73,14.273337,299500,0.0,0.0
2009-02-06,14.74,15.66,14.59,15.39,14.912877,385600,0.0,0.0
2009-02-09,14.75,16.110001,14.75,15.71,15.222953,371700,0.0,0.0
2009-02-10,15.62,16.030001,15.09,15.33,14.854734,439800,0.0,0.0
2009-02-11,15.58,17.1,15.3,17.0,16.472961,637400,0.0,0.0
2009-02-12,16.6,16.629999,15.8,16.52,16.007841,369200,0.0,0.0
2009-02-13,16.59,16.59,15.62,16.049999,15.552412,239000,0.0,0.0
2009-02-17,15.6,15.69,14.64,14.66,14.205503,288400,0.0,0.0
2009-02-18,14.78,15.27,14.2,14.58,14.127987,222800,0.0,0.0
2009-02-19,14.75,15.18,14.29,14.5,14.050467,252300,0.0,0.0
2009-02-20,14.12,14.59,13.54,14.31,13.866359,248800,0.0,0.0
2009-02-23,14.41,14.92,12.71,13.07,12.6648,377300,0.0,0.0
2009-02-24,12.81,14.8,12.52,14.74,14.283027,433900,0.0,0.0
2009-02-25,14.99,16.4,14.99,15.89,15.397375,1030400,0.0,0.0
2009-02-26,16.25,16.5,16.0,16.08,15.581481,458400,0.0,0.0
2009-02-27,15.85,16.860001,15.6,16.709999,16.19195,392700,0.0,0.0
2009-03-02,16.42,16.93,15.6,15.68,15.193885,446200,0.0,0.0
2009-03-03,15.91,16.27,15.13,15.17,14.699696,491300,0.0,0.0
2009-03-04,15.59,15.93,15.12,15.32,14.845043,784900,0.0,0.0
2009-03-05,14.76,15.24,14.48,14.63,14.176438,559600,0.0,0.0
2009-03-06,14.83,15.34,14.06,14.57,14.118297,253600,0.0,0.0
2009-03-09,14.4,15.05,13.95,14.09,13.653174,202700,0.0,0.0
2009-03-10,14.65,15.77,14.65,15.61,15.126057,499900,0.0,0.0
2009-03-11,15.8,16.950001,15.37,16.709999,16.19195,519800,0.0,0.0
2009-03-12,16.85,17.34,16.5,17.24,16.705519,342800,0.0,0.0
2009-03-13,17.280001,17.35,16.67,17.15,16.618311,234700,0.0,0.0
2009-03-16,17.27,17.379999,16.43,16.549999,16.036907,257700,0.0,0.0
2009-03-17,16.620001,17.030001,16.219999,17.030001,16.502029,233200,0.0,0.0
2009-03-18,16.799999,17.15,16.65,16.889999,16.366369,292100,0.0,0.0
2009-03-19,17.030001,17.030001,16.440001,16.51,15.99815,212400,0.0,0.0
2009-03-20,16.73,16.92,16.0,16.27,15.765596,318800,0.0,0.0
2009-03-23,16.870001,17.290001,16.58,17.25,16.715206,527900,0.0,0.0
2009-03-24,17.049999,17.4,16.219999,16.879999,16.356684,433700,0.0,0.0
2009-03-25,17.040001,19.360001,16.870001,18.950001,18.362505,1517800,0.0,0.0
2009-03-26,19.43,20.469999,19.25,19.610001,19.002048,960600,0.0,0.0
2009-03-27,19.57,19.67,18.5,18.9,18.314056,440500,0.0,0.0
2009-03-30,18.209999,18.879999,18.0,18.66,18.081497,340000,0.0,0.0
2009-03-31,19.1,19.49,18.51,18.549999,17.974901,361400,0.0,0.0
2009-04-01,18.200001,18.74,18.17,18.530001,17.955524,508100,0.0,0.0
2009-04-02,19.1,20.15,19.08,19.620001,19.011738,684100,0.0,0.0
2009-04-03,19.65,19.65,19.209999,19.57,18.963293,550100,0.0,0.0
2009-04-06,19.5,19.59,19.219999,19.59,18.98267,405100,0.0,0.0
2009-04-07,19.15,19.43,18.959999,19.17,18.575687,247200,0.0,0.0
2009-04-08,19.27,19.43,19.0,19.42,18.817936,280100,0.0,0.0
2009-04-09,19.93,21.67,19.75,21.52,20.852835,555000,0.0,0.0
2009-04-13,21.07,22.25,20.52,21.629999,20.959421,505500,0.0,0.0
2009-04-14,21.43,22.02,21.120001,21.76,21.085386,388200,0.0,0.0
2009-04-15,21.610001,22.059999,21.18,22.02,21.337332,392400,0.0,0.0
2009-04-16,22.25,22.58,21.85,22.4,21.705544,686800,0.0,0.0
2009-04-17,22.469999,23.190001,22.35,22.9,22.190042,433800,0.0,0.0
2009-04-20,22.299999,22.48,21.440001,21.719999,21.046631,616000,0.0,0.0
2009-04-21,21.49,22.870001,21.139999,22.83,22.122219,337500,0.0,0.0
2009-04-22,22.67,25.139999,22.290001,24.35,23.595095,846300,0.0,0.0
2009-04-23,24.59,25.15,24.139999,24.49,23.730757,672300,0.0,0.0
2009-04-24,24.5,24.780001,23.709999,24.219999,23.469122,966000,0.0,0.0
2009-04-27,23.57,24.389999,23.370001,23.93,23.188116,538200,0.0,0.0
2009-04-28,23.51,24.49,23.4,23.950001,23.207493,402500,0.0,0.0
2009-04-29,24.16,27.08,24.16,26.32,25.504019,1053600,0.0,0.0
2009-04-30,26.76,28.43,26.34,27.33,26.482706,1415600,0.0,0.0
2009-05-01,27.190001,28.01,26.76,27.42,26.569921,808100,0.0,0.0
2009-05-04,27.790001,28.299999,27.110001,27.48,26.628061,411600,0.0,0.0
2009-05-05,27.16,28.07,27.1,27.889999,27.025352,587300,0.0,0.0
2009-05-06,28.299999,29.58,27.889999,28.940001,28.042801,1223200,0.0,0.0
2009-05-07,27.290001,27.75,22.030001,23.58,22.84897,3495900,0.0,0.0
2009-05-08,24.120001,24.67,22.379999,24.290001,23.536953,1079800,0.0,0.0
2009-05-11,23.959999,24.799999,23.559999,24.25,23.498198,846700,0.0,0.0
2009-05-12,25.290001,25.959999,24.08,25.6,24.806345,1008900,0.0,0.0
2009-05-13,25.0,25.42,23.440001,23.559999,22.829584,686100,0.0,0.0
2009-05-14,23.6,24.77,23.4,24.27,23.517569,493000,0.0,0.0
2009-05-15,24.24,25.0,24.1,24.68,23.914865,415300,0.0,0.0
2009-05-18,24.889999,25.52,22.780001,23.82,23.081524,1014600,0.0,0.0
2009-05-19,23.6,23.940001,23.25,23.540001,22.810215,603600,0.0,0.0
2009-05-20,23.299999,24.559999,23.120001,23.51,22.781143,609900,0.0,0.0
2009-05-21,23.200001,23.49,22.209999,22.540001,21.841213,580800,0.0,0.0
2009-05-22,22.790001,23.35,22.1,22.41,21.715239,391200,0.0,0.0
2009-05-26,22.190001,22.790001,21.790001,22.51,21.812141,572700,0.0,0.0
2009-05-27,22.25,22.25,20.35,20.51,19.87414,1445600,0.0,0.0
2009-05-28,20.82,20.870001,19.15,20.35,19.719103,1347600,0.0,0.0
2009-05-29,20.34,22.0,20.34,21.639999,20.969112,1908200,0.0,0.0
2009-06-01,21.879999,23.1,21.799999,22.74,22.035006,812500,0.0,0.0
2009-06-02,22.73,23.91,22.26,22.969999,22.257874,867600,0.0,0.0
2009-06-03,23.549999,23.67,22.75,23.1,22.383846,407600,0.0,0.0
2009-06-04,23.389999,23.959999,23.190001,23.51,22.781143,476700,0.0,0.0
2009-06-05,23.700001,23.969999,23.34,23.620001,22.887728,436700,0.0,0.0
2009-06-08,24.57,24.969999,23.6,23.709999,22.974936,566200,0.0,0.0
2009-06-09,23.959999,24.299999,23.440001,23.950001,23.207493,414600,0.0,0.0
2009-06-10,24.219999,25.059999,24.040001,24.98,24.205566,824000,0.0,0.0
2009-06-11,25.030001,25.58,24.75,24.85,24.07959,591900,0.0,0.0
2009-06-12,24.110001,25.280001,24.049999,25.129999,24.35091,534500,0.0,0.0
2009-06-15,24.93,24.940001,23.110001,24.049999,23.304394,513000,0.0,0.0
2009-06-16,24.32,24.540001,23.200001,23.24,22.519506,416700,0.0,0.0
2009-06-17,23.17,23.65,22.059999,23.32,22.597027,430600,0.0,0.0
2009-06-18,23.35,23.809999,23.0,23.639999,22.907104,245300,0.0,0.0
2009-06-19,24.0,24.18,23.440001,23.879999,23.139666,447900,0.0,0.0
2009-06-22,23.620001,23.620001,21.200001,21.85,21.172607,655200,0.0,0.0
2009-06-23,21.75,22.35,21.52,22.07,21.385784,324500,0.0,0.0
2009-06-24,22.25,23.32,22.18,23.01,22.296638,234200,0.0,0.0
2009-06-25,22.67,24.58,22.610001,24.540001,23.779207,332900,0.0,0.0
2009-06-26,24.299999,25.629999,24.059999,25.540001,24.748205,531500,0.0,0.0
2009-06-29,25.530001,26.93,25.219999,26.530001,25.70751,546700,0.0,0.0
2009-06-30,26.530001,27.42,26.530001,26.879999,26.046661,445000,0.0,0.0
2009-07-01,27.059999,27.32,26.459999,26.65,25.82379,368800,0.0,0.0
2009-07-02,26.959999,26.959999,26.0,26.15,25.339293,405000,0.0,0.0
2009-07-06,26.0,26.1,24.110001,24.559999,23.798582,395600,0.0,0.0
2009-07-07,24.57,24.799999,23.959999,24.07,23.323769,242100,0.0,0.0
2009-07-08,24.120001,24.120001,22.879999,23.219999,22.500134,456800,0.0,0.0
2009-07-09,23.549999,24.09,23.049999,23.719999,22.984627,268200,0.0,0.0
2009-07-10,23.469999,24.690001,23.209999,24.59,23.827654,310100,0.0,0.0
2009-07-13,24.65,26.200001,24.17,25.92,25.116423,566500,0.0,0.0
2009-07-14,25.98,26.9,25.629999,26.74,25.910999,507200,0.0,0.0
2009-07-15,27.27,28.57,27.049999,28.549999,27.664885,1143300,0.0,0.0
2009-07-16,27.719999,29.65,27.719999,29.25,28.343184,478600,0.0,0.0
2009-07-17,29.370001,29.629999,26.940001,27.4,26.550539,898700,0.0,0.0
2009-07-20,27.65,29.43,27.639999,29.059999,28.159071,787800,0.0,0.0
2009-07-21,29.360001,30.620001,28.799999,30.559999,29.612564,1317900,0.0,0.0
2009-07-22,30.459999,31.5,29.860001,30.219999,29.283113,583500,0.0,0.0
2009-07-23,30.280001,31.49,30.01,31.280001,30.310253,787000,0.0,0.0
2009-07-24,31.0,31.200001,30.299999,30.51,29.564119,316300,0.0,0.0
2009-07-27,30.360001,30.93,29.85,30.459999,29.515667,452700,0.0,0.0
2009-07-28,30.209999,30.9,27.459999,28.09,27.219147,1305400,0.0,0.0
2009-07-29,27.93,28.42,27.18,28.110001,27.238529,388000,0.0,0.0
2009-07-30,28.43,29.99,28.43,29.27,28.362562,384700,0.0,0.0
2009-07-31,29.030001,29.92,28.610001,28.809999,27.916826,504300,0.0,0.0
2009-08-03,29.530001,31.0,29.0,30.709999,29.757919,463100,0.0,0.0
2009-08-04,30.73,31.200001,30.120001,30.6,29.651329,366900,0.0,0.0
2009-08-05,30.719999,31.99,30.0,31.73,30.746298,950400,0.0,0.0
2009-08-06,31.24,35.849998,30.610001,33.32,32.286999,2082700,0.0,0.0
2009-08-07,34.0,34.490002,33.27,34.040001,32.984684,988300,0.0,0.0
2009-08-10,34.040001,35.040001,33.75,34.080002,33.023438,465300,0.0,0.0
2009-08-11,34.009998,34.700001,32.529999,32.810001,31.792803,529000,0.0,0.0
2009-08-12,32.810001,34.080002,32.5,33.290001,32.257935,345200,0.0,0.0
2009-08-13,33.32,33.700001,32.189999,32.849998,31.831568,741400,0.0,0.0
2009-08-14,32.849998,33.0,31.379999,31.690001,30.707539,516700,0.0,0.0
2009-08-17,30.360001,31.0,28.889999,30.299999,29.36063,1018900,0.0,0.0
2009-08-18,30.42,31.17,29.77,30.559999,29.612564,553400,0.0,0.0
2009-08-19,29.9,30.879999,29.540001,30.26,29.321873,640500,0.0,0.0
2009-08-20,30.940001,30.940001,29.98,30.5,29.554426,510100,0.0,0.0
2009-08-21,30.99,31.49,30.639999,31.48,30.504047,579900,0.0,0.0
2009-08-24,31.67,32.82,31.4,32.009998,31.017612,367600,0.0,0.0
2009-08-25,32.32,32.639999,31.799999,32.139999,31.143585,572600,0.0,0.0
2009-08-26,32.619999,32.75,31.360001,31.440001,30.465281,447600,0.0,0.0
2009-08-27,31.610001,31.709999,30.299999,30.9,29.942032,401700,0.0,0.0
2009-08-28,31.34,31.870001,30.540001,30.940001,29.980789,204800,0.0,0.0
2009-08-31,30.360001,31.620001,29.6,31.469999,30.494358,458100,0.0,0.0
2009-09-01,31.18,32.880001,30.219999,30.440001,29.496292,628000,0.0,0.0
2009-09-02,30.200001,31.15,30.0,30.959999,30.000166,373000,0.0,0.0
2009-09-03,31.33,31.959999,30.91,31.559999,30.581568,404800,0.0,0.0
2009-09-04,31.549999,32.720001,31.25,32.630001,31.618397,613100,0.0,0.0
2009-09-08,33.25,34.630001,33.25,33.52,32.480797,584200,0.0,0.0
2009-09-09,33.77,34.689999,33.630001,34.23,33.168789,541400,0.0,0.0
2009-09-10,34.02,34.709999,34.0,34.639999,33.566078,684500,0.0,0.0
2009-09-11,34.639999,34.639999,34.0,34.09,33.033134,245100,0.0,0.0
2009-09-14,33.860001,33.860001,32.650002,32.970001,31.947863,583900,0.0,0.0
2009-09-15,33.200001,33.580002,32.759998,32.860001,31.841263,607800,0.0,0.0
2009-09-16,33.0,36.82,33.0,36.75,35.61068,3179100,0.0,0.0
2009-09-17,36.970001,37.59,36.349998,37.029999,35.881985,992400,0.0,0.0
2009-09-18,37.310001,37.75,37.0,37.139999,35.988575,738100,0.0,0.0
2009-09-21,36.75,37.5,35.950001,37.290001,36.13393,449500,0.0,0.0
2009-09-22,37.5,38.18,37.029999,37.990002,36.812225,528200,0.0,0.0
2009-09-23,38.0,38.779999,37.75,38.209999,37.025398,460700,0.0,0.0
2009-09-24,38.5,38.799999,36.119999,38.529999,37.33548,1662500,0.0,0.0
2009-09-25,38.459999,38.48,37.709999,38.119999,36.938175,440200,0.0,0.0
2009-09-28,38.48,39.450001,38.009998,38.93,37.72308,519300,0.0,0.0
2009-09-29,38.860001,39.880001,38.68,38.91,37.703701,326600,0.0,0.0
2009-09-30,39.139999,39.490002,37.580002,38.459999,37.267647,377000,0.0,0.0
2009-10-01,38.099998,38.34,36.939999,37.0,35.852898,875900,0.0,0.0
2009-10-02,36.380001,37.669998,36.099998,36.98,35.83353,708200,0.0,0.0
2009-10-05,37.66,39.599998,37.450001,39.5,38.275414,699700,0.0,0.0
2009-10-06,39.689999,40.919998,39.630001,40.84,39.573868,736800,0.0,0.0
2009-10-07,40.75,40.990002,40.189999,40.75,39.486656,465500,0.0,0.0
2009-10-08,40.93,41.700001,40.650002,40.700001,39.438206,485700,0.0,0.0
2009-10-09,40.549999,41.740002,40.549999,41.66,40.368443,452800,0.0,0.0
2009-10-12,42.16,42.419998,40.75,41.18,39.903328,517700,0.0,0.0
2009-10-13,41.439999,41.950001,40.599998,41.830002,40.53318,541700,0.0,0.0
2009-10-14,42.0,42.450001,41.75,42.099998,40.7948,723900,0.0,0.0
2009-10-15,41.700001,42.23,41.110001,41.810001,40.513805,374400,0.0,0.0
2009-10-16,41.610001,42.0,41.32,41.759998,40.465343,284700,0.0,0.0
2009-10-19,41.810001,42.240002,41.34,41.75,40.455658,395400,0.0,0.0
2009-10-20,41.98,41.98,40.299999,40.779999,39.515728,816600,0.0,0.0
2009-10-21,40.52,41.18,39.869999,40.07,38.827744,511600,0.0,0.0
2009-10-22,39.84,40.290001,39.23,40.130001,38.885872,468800,0.0,0.0
2009-10-23,40.740002,41.43,40.25,40.490002,39.234722,540400,0.0,0.0
2009-10-26,41.0,41.0,39.41,40.619999,39.360687,326700,0.0,0.0
2009-10-27,40.23,40.330002,37.130001,37.889999,36.715317,920700,0.0,0.0
2009-10-28,37.5,38.080002,34.810001,35.599998,34.496326,1231200,0.0,0.0
2009-10-29,35.799999,37.669998,35.799999,37.23,36.075787,410700,0.0,0.0
2009-10-30,37.080002,37.169998,35.02,35.790001,34.680424,505600,0.0,0.0
2009-11-02,36.330002,38.709999,36.330002,37.549999,36.385872,643500,0.0,0.0
2009-11-03,37.099998,38.080002,37.02,38.040001,36.860676,299400,0.0,0.0
2009-11-04,38.700001,39.48,38.259998,38.360001,37.17075,509600,0.0,0.0
2009-11-05,40.75,44.18,40.560001,43.91,42.548687,1976800,0.0,0.0
2009-11-06,43.779999,45.200001,43.290001,44.830002,43.440174,775600,0.0,0.0
2009-11-09,45.419998,45.43,43.419998,44.220001,42.849075,783100,0.0,0.0
2009-11-10,42.990002,44.57,42.73,44.18,42.810329,1092200,0.0,0.0
2009-11-11,44.990002,45.93,44.16,44.790001,43.401413,544600,0.0,0.0
2009-11-12,44.880001,45.93,44.68,45.330002,43.924664,635100,0.0,0.0
2009-11-13,45.389999,45.810001,44.049999,45.0,43.604889,447700,0.0,0.0
2009-11-16,45.5,45.5,44.209999,44.93,43.537071,699900,0.0,0.0
2009-11-17,44.549999,45.599998,44.549999,45.580002,44.166916,363200,0.0,0.0
2009-11-18,45.549999,47.75,45.259998,46.25,44.816143,852800,0.0,0.0
2009-11-19,46.919998,47.450001,45.380001,45.73,44.312267,568900,0.0,0.0
2009-11-20,45.549999,45.91,44.740002,45.299999,43.895607,595700,0.0,0.0
2009-11-23,45.75,49.450001,45.75,48.509998,47.006077,1297000,0.0,0.0
2009-11-24,48.75,48.849998,47.509998,48.130001,46.637859,426400,0.0,0.0
2009-11-25,48.360001,49.580002,47.779999,49.380001,47.849113,761900,0.0,0.0
2009-11-27,47.259998,49.07,46.540001,48.59,47.083599,427200,0.0,0.0
2009-11-30,49.43,50.799999,48.630001,49.349998,47.82003,1828500,0.0,0.0
2009-12-01,50.25,52.310001,49.599998,52.130001,50.513855,1073900,0.0,0.0
2009-12-02,52.290001,54.459999,52.150002,54.450001,52.761936,1126100,0.0,0.0
2009-12-03,54.48,55.619999,52.099998,52.549999,50.920834,1135100,0.0,0.0
2009-12-04,53.279999,54.709999,49.240002,51.689999,50.087505,1569300,0.0,0.0
2009-12-07,50.0,50.439999,48.799999,49.57,48.033226,1305300,0.0,0.0
2009-12-08,49.009998,49.860001,46.650002,49.639999,48.101051,1182500,0.0,0.0
2009-12-09,48.610001,49.540001,47.720001,49.299999,47.771599,827500,0.0,0.0
2009-12-10,49.360001,51.310001,48.5,48.849998,47.335533,894100,0.0,0.0
2009-12-11,48.939999,49.619999,48.049999,48.5,46.996395,607800,0.0,0.0
2009-12-14,48.869999,49.860001,48.02,49.48,47.945999,620800,0.0,0.0
2009-12-15,49.0,51.09,48.57,48.580002,47.073906,871200,0.0,0.0
2009-12-16,48.299999,49.720001,48.099998,48.880001,47.364613,668600,0.0,0.0
2009-12-17,48.639999,49.310001,48.080002,48.939999,47.422752,486200,0.0,0.0
2009-12-18,49.540001,49.540001,48.080002,49.07,47.548714,499100,0.0,0.0
2009-12-21,49.490002,51.84,49.290001,51.799999,50.194077,801000,0.0,0.0
2009-12-22,52.049999,53.209999,52.0,52.759998,51.12431,785700,0.0,0.0
2009-12-23,53.169998,54.299999,53.009998,54.18,52.500305,418200,0.0,0.0
2009-12-24,54.259998,55.049999,54.119999,54.279999,52.597198,167600,0.0,0.0
2009-12-28,54.759998,55.75,53.790001,54.09,52.413086,364700,0.0,0.0
2009-12-29,54.09,54.900002,52.049999,52.400002,50.77549,570400,0.0,0.0
2009-12-30,52.419998,52.689999,51.040001,52.040001,50.426643,493200,0.0,0.0
2009-12-31,52.07,52.66,51.619999,51.869999,50.261917,317300,0.0,0.0
2010-01-04,50.900002,50.900002,48.73,50.59,49.021591,978400,0.0,0.0
2010-01-05,50.549999,52.040001,49.900002,51.880001,50.271606,516800,0.0,0.0
2010-01-06,51.880001,52.400002,51.02,51.27,49.680515,402100,0.0,0.0
2010-01-07,51.110001,51.619999,49.279999,50.259998,48.70182,479800,0.0,0.0
2010-01-08,50.0,51.0,49.990002,50.509998,48.944084,345500,0.0,0.0
2010-01-11,50.0,50.0,44.869999,45.650002,44.234745,3392900,0.0,0.0
2010-01-12,43.990002,46.700001,43.049999,45.0,43.604889,1759900,0.0,0.0
2010-01-13,45.0,45.700001,44.25,45.23,43.827763,852600,0.0,0.0
2010-01-14,44.990002,44.990002,43.110001,43.220001,41.880074,1222000,0.0,0.0
2010-01-15,43.169998,43.169998,41.509998,42.150002,40.843269,1724700,0.0,0.0
2010-01-19,42.060001,43.689999,42.060001,43.41,42.06419,881700,0.0,0.0
2010-01-20,43.290001,43.290001,41.549999,42.040001,40.736668,702200,0.0,0.0
2010-01-21,42.310001,43.470001,41.02,41.369999,40.08744,892100,0.0,0.0
2010-01-22,41.299999,41.84,39.900002,40.860001,39.593246,774800,0.0,0.0
2010-01-25,41.200001,41.709999,39.060001,39.68,38.449833,691900,0.0,0.0
2010-01-26,39.419998,39.880001,38.380001,38.700001,37.500214,819400,0.0,0.0
2010-01-27,38.560001,39.790001,38.240002,39.630001,38.40139,710100,0.0,0.0
2010-01-28,39.880001,40.290001,37.73,38.349998,37.161064,679200,0.0,0.0
2010-01-29,38.689999,39.5,37.59,38.029999,36.850986,658400,0.0,0.0
2010-02-01,38.509998,38.939999,37.860001,38.490002,37.296722,692700,0.0,0.0
2010-02-02,38.630001,39.459999,37.810001,39.349998,38.130062,661300,0.0,0.0
2010-02-03,39.209999,40.709999,38.799999,40.66,39.399445,1273800,0.0,0.0
2010-02-04,40.27,40.27,36.439999,36.439999,35.310276,1618600,0.0,0.0
2010-02-05,36.68,37.470001,35.5,36.419998,35.290897,1089000,0.0,0.0
2010-02-08,36.5,37.610001,36.09,36.369999,35.242451,548100,0.0,0.0
2010-02-09,36.84,37.57,36.119999,36.919998,35.775394,601800,0.0,0.0
2010-02-10,36.810001,37.25,36.029999,36.389999,35.261833,366900,0.0,0.0
2010-02-11,36.439999,38.130001,36.27,38.040001,36.860676,643100,0.0,0.0
2010-02-12,37.580002,38.68,37.200001,38.68,37.480835,538600,0.0,0.0
2010-02-16,39.110001,39.650002,38.82,39.650002,38.420773,515800,0.0,0.0
2010-02-17,39.91,40.299999,39.189999,40.220001,38.97308,731200,0.0,0.0
2010-02-18,40.18,41.669998,39.75,41.59,40.300613,622300,0.0,0.0
2010-02-19,41.59,42.16,40.759998,41.740002,40.445969,689600,0.0,0.0
2010-02-22,42.139999,42.400002,40.75,40.93,39.661087,1319300,0.0,0.0
2010-02-23,36.900002,39.080002,36.75,38.049999,36.870369,2687500,0.0,0.0
2010-02-24,38.32,39.759998,38.009998,39.700001,38.469208,941800,0.0,0.0
2010-02-25,38.900002,40.130001,38.5,40.040001,38.798664,572800,0.0,0.0
2010-02-26,40.099998,41.57,39.700001,41.139999,39.864571,554700,0.0,0.0
2010-03-01,41.549999,42.869999,41.290001,42.740002,41.414967,582400,0.0,0.0
2010-03-02,42.849998,43.560001,42.16,42.450001,41.133953,646800,0.0,0.0
2010-03-03,42.419998,43.790001,42.400002,43.060001,41.725048,480300,0.0,0.0
2010-03-04,43.060001,43.43,42.349998,43.389999,42.044815,403200,0.0,0.0
2010-03-05,43.75,44.84,43.52,44.650002,43.265747,557900,0.0,0.0
2010-03-08,44.860001,45.849998,44.5,45.439999,44.031254,414800,0.0,0.0
2010-03-09,45.41,46.75,45.02,46.439999,45.000267,630700,0.0,0.0
2010-03-10,46.689999,47.5,46.630001,46.720001,45.271561,444700,0.0,0.0
2010-03-11,46.599998,47.27,45.619999,47.23,45.765762,541000,0.0,0.0
2010-03-12,47.650002,48.810001,47.290001,48.650002,47.141743,632800,0.0,0.0
2010-03-15,48.5,48.5,46.040001,46.470001,45.029327,677000,0.0,0.0
2010-03-16,46.52,46.939999,45.599998,46.330002,44.893665,549100,0.0,0.0
2010-03-17,46.369999,48.02,46.25,47.330002,45.862656,315900,0.0,0.0
2010-03-18,47.52,47.68,46.799999,47.25,45.785141,181700,0.0,0.0
2010-03-19,46.259998,47.639999,46.150002,46.259998,44.825825,405700,0.0,0.0
2010-03-22,46.009998,46.990002,44.66,46.869999,45.41692,443700,0.0,0.0
2010-03-23,46.860001,47.299999,46.509998,47.099998,45.639801,227900,0.0,0.0
2010-03-24,47.0,48.130001,46.66,46.720001,45.271561,229800,0.0,0.0
2010-03-25,47.279999,47.849998,46.459999,46.509998,45.068089,381800,0.0,0.0
2010-03-26,46.52,47.0,45.84,46.75,45.300644,428600,0.0,0.0
2010-03-29,46.970001,48.450001,46.959999,47.889999,46.4053,389600,0.0,0.0
2010-03-30,48.099998,48.669998,47.669998,47.93,46.444065,227700,0.0,0.0
2010-03-31,47.869999,48.75,47.5,48.209999,46.715363,319200,0.0,0.0
2010-04-01,48.639999,50.0,48.459999,49.299999,47.771599,554100,0.0,0.0
2010-04-05,49.740002,50.0,48.740002,49.380001,47.849113,358000,0.0,0.0
2010-04-06,49.189999,50.400002,48.560001,49.970001,48.420811,269100,0.0,0.0
2010-04-07,49.66,49.779999,47.669998,48.080002,46.589417,375500,0.0,0.0
2010-04-08,47.299999,48.400002,46.299999,47.939999,46.453751,538200,0.0,0.0
2010-04-09,47.830002,48.990002,47.32,48.91,47.393696,529300,0.0,0.0
2010-04-12,49.0,51.75,48.740002,51.470001,49.874321,2266200,0.0,0.0
2010-04-13,51.73,51.869999,50.75,51.0,49.418892,803800,0.0,0.0
2010-04-14,51.490002,52.080002,51.07,51.59,49.990578,636100,0.0,0.0
2010-04-15,51.639999,52.130001,51.48,51.810001,50.203773,547500,0.0,0.0
2010-04-16,51.529999,51.799999,50.299999,50.810001,49.234779,696100,0.0,0.0
2010-04-19,50.77,51.290001,48.98,49.25,47.723137,728000,0.0,0.0
2010-04-20,49.639999,50.540001,49.389999,50.139999,48.585545,344100,0.0,0.0
2010-04-21,51.529999,52.349998,50.119999,51.18,49.593307,675000,0.0,0.0
2010-04-22,50.759998,51.970001,49.68,51.869999,50.261917,647900,0.0,0.0
2010-04-23,52.040001,53.759998,52.040001,53.720001,52.054554,616700,0.0,0.0
2010-04-26,53.810001,54.880001,53.59,53.669998,52.006107,381200,0.0,0.0
2010-04-27,53.580002,53.610001,51.259998,51.450001,49.854927,440900,0.0,0.0
2010-04-28,51.66,52.25,49.880001,50.73,49.157249,513000,0.0,0.0
2010-04-29,51.16,52.0,51.080002,51.560001,49.961525,491900,0.0,0.0
2010-04-30,51.720001,52.119999,50.419998,50.419998,48.856861,385800,0.0,0.0
2010-05-03,50.73,51.400002,50.25,51.02,49.438267,589600,0.0,0.0
2010-05-04,50.84,51.290001,48.860001,49.439999,47.907242,601100,0.0,0.0
2010-05-05,48.27,48.560001,46.07,47.369999,45.901428,803000,0.0,0.0
2010-05-06,47.5,48.130001,41.0,44.790001,43.401413,1252000,0.0,0.0
2010-05-07,47.880001,49.0,44.490002,46.009998,44.58358,1290600,0.0,0.0
2010-05-10,48.790001,49.950001,48.790001,49.950001,48.401428,855300,0.0,0.0
2010-05-11,49.669998,51.900002,48.790001,51.029999,49.447945,598800,0.0,0.0
2010-05-12,51.330002,53.740002,51.02,53.080002,51.434402,601800,0.0,0.0
2010-05-13,53.07,55.700001,52.57,53.049999,51.405323,1242800,0.0,0.0
2010-05-14,52.41,52.639999,50.57,51.279999,49.690205,562800,0.0,0.0
2010-05-17,51.5,52.0,49.16,49.91,48.362675,652300,0.0,0.0
2010-05-18,50.73,51.509998,48.970001,49.349998,47.82003,781900,0.0,0.0
2010-05-19,49.099998,50.599998,47.310001,49.080002,47.558414,769800,0.0,0.0
2010-05-20,47.419998,48.02,44.82,46.330002,44.893665,1319900,0.0,0.0
2010-05-21,45.259998,49.0,44.73,48.360001,46.860733,905900,0.0,0.0
2010-05-24,47.939999,48.990002,46.93,46.93,45.475067,617300,0.0,0.0
2010-05-25,45.02,47.700001,44.599998,47.459999,45.988628,565600,0.0,0.0
2010-05-26,48.189999,50.450001,48.0,49.360001,47.829731,852400,0.0,0.0
2010-05-27,50.98,52.25,50.299999,51.459999,49.86462,604300,0.0,0.0
2010-05-28,51.150002,52.540001,51.0,51.869999,50.261917,583600,0.0,0.0
2010-06-01,51.84,52.389999,50.529999,50.990002,49.409199,768900,0.0,0.0
2010-06-02,51.099998,53.299999,50.630001,53.299999,51.647579,407700,0.0,0.0
2010-06-03,54.389999,56.16,54.029999,55.900002,54.166981,888000,0.0,0.0
2010-06-04,54.59,55.939999,53.459999,54.049999,52.374325,813200,0.0,0.0
2010-06-07,53.330002,54.0,50.52,51.02,49.438267,790900,0.0,0.0
2010-06-08,51.150002,52.549999,50.0,51.650002,50.048729,560300,0.0,0.0
2010-06-09,52.400002,54.830002,51.93,53.16,51.511921,752000,0.0,0.0
2010-06-10,54.650002,57.349998,54.360001,57.299999,55.523567,1217600,0.0,0.0
2010-06-11,56.799999,58.810001,56.549999,57.799999,56.008068,1365000,0.0,0.0
2010-06-14,58.009998,59.490002,57.27,57.84,56.046825,1018900,0.0,0.0
2010-06-15,58.82,60.970001,58.490002,60.23,58.362724,1125300,0.0,0.0
2010-06-16,59.77,62.139999,59.27,60.599998,58.72126,789800,0.0,0.0
2010-06-17,61.43,61.700001,59.689999,60.75,58.866608,880200,0.0,0.0
2010-06-18,60.990002,60.990002,58.470001,59.23,57.393742,986300,0.0,0.0
2010-06-21,60.740002,62.09,59.82,60.630001,58.75034,1036400,0.0,0.0
2010-06-22,60.93,62.0,57.049999,57.52,55.736755,1505400,0.0,0.0
2010-06-23,57.119999,58.41,55.099998,57.59,55.804577,1218100,0.0,0.0
2010-06-24,57.5,57.599998,56.259998,56.849998,55.087517,798600,0.0,0.0
2010-06-25,56.889999,59.0,56.02,58.150002,56.347218,4723800,0.0,0.0
2010-06-28,58.689999,59.200001,56.490002,57.220001,55.446041,829600,0.0,0.0
2010-06-29,55.52,56.009998,53.630001,54.119999,52.442154,977600,0.0,0.0
2010-06-30,54.209999,55.200001,52.400002,52.549999,50.920834,1580600,0.0,0.0
2010-07-01,52.400002,52.959999,49.549999,52.599998,50.969276,1029200,0.0,0.0
2010-07-02,52.84,53.130001,51.18,52.130001,50.513855,575700,0.0,0.0
2010-07-06,55.060001,55.080002,52.470001,53.220001,51.570065,707500,0.0,0.0
2010-07-07,53.52,55.529999,53.32,55.470001,53.750305,626600,0.0,0.0
2010-07-08,56.32,58.27,56.27,57.790001,55.998375,1356200,0.0,0.0
2010-07-09,58.279999,59.400002,57.380001,59.119999,57.287144,701900,0.0,0.0
2010-07-12,59.369999,59.639999,58.049999,58.849998,57.025505,930600,0.0,0.0
2010-07-13,60.0,61.0,59.57,60.560001,58.682507,792100,0.0,0.0
2010-07-14,60.450001,61.029999,59.830002,61.0,59.108852,749600,0.0,0.0
2010-07-15,61.389999,62.459999,60.400002,62.279999,60.349167,676600,0.0,0.0
2010-07-16,60.110001,60.849998,57.59,58.099998,56.298767,1172100,0.0,0.0
2010-07-19,57.790001,60.02,57.619999,59.900002,58.042973,843400,0.0,0.0
2010-07-20,58.82,60.189999,57.889999,60.0,58.13987,720500,0.0,0.0
2010-07-21,60.299999,60.700001,58.540001,58.900002,57.073967,447400,0.0,0.0
2010-07-22,59.700001,60.25,58.599998,60.049999,58.188316,588400,0.0,0.0
2010-07-23,59.779999,61.549999,59.639999,61.470001,59.564285,789100,0.0,0.0
2010-07-26,62.77,65.989998,62.650002,65.150002,63.130203,1418700,0.0,0.0
2010-07-27,65.459999,65.839996,63.75,64.0,62.015846,948500,0.0,0.0
2010-07-28,63.740002,64.0,62.0,62.41,60.47514,508100,0.0,0.0
2010-07-29,62.619999,63.66,60.490002,60.599998,58.72126,705800,0.0,0.0
2010-07-30,59.48,61.259998,58.349998,60.5,58.624371,1169500,0.0,0.0
2010-08-02,62.279999,62.279999,59.799999,60.34,58.469322,937700,0.0,0.0
2010-08-03,61.389999,62.57,60.139999,62.259998,60.329781,1033800,0.0,0.0
2010-08-04,62.98,63.490002,61.580002,62.68,60.736763,883500,0.0,0.0
2010-08-05,59.0,64.599998,58.25,63.970001,61.986786,2430500,0.0,0.0
2010-08-06,64.389999,67.199997,63.139999,65.830002,63.789135,2231000,0.0,0.0
2010-08-09,67.760002,68.480003,67.25,67.839996,65.736801,1399900,0.0,0.0
2010-08-10,67.169998,68.669998,65.559998,67.809998,65.707718,857000,0.0,0.0
2010-08-11,65.239998,66.260002,63.610001,65.620003,63.585606,941200,0.0,0.0
2010-08-12,64.199997,67.400002,64.169998,66.419998,64.36084,683200,0.0,0.0
2010-08-13,66.660004,67.010002,65.360001,65.529999,63.498402,361700,0.0,0.0
2010-08-16,64.910004,67.940002,64.529999,67.0,64.922852,550000,0.0,0.0
2010-08-17,68.190002,70.32,67.849998,69.230003,67.08371,1713000,0.0,0.0
2010-08-18,69.830002,70.25,68.650002,69.889999,67.723251,680000,0.0,0.0
2010-08-19,69.010002,69.419998,67.639999,67.699997,65.601151,782400,0.0,0.0
2010-08-20,67.800003,69.809998,67.110001,69.660004,67.500389,668500,0.0,0.0
2010-08-23,70.330002,70.949997,67.75,68.089996,65.979042,688200,0.0,0.0
2010-08-24,66.0,67.639999,65.610001,65.919998,63.876343,674500,0.0,0.0
2010-08-25,65.0,65.629997,62.200001,63.59,61.618568,1829200,0.0,0.0
2010-08-26,64.400002,65.769997,64.07,64.309998,62.316231,884800,0.0,0.0
2010-08-27,65.279999,66.540001,63.860001,66.379997,64.322052,590200,0.0,0.0
2010-08-30,66.400002,66.650002,64.599998,64.739998,62.732906,275200,0.0,0.0
2010-08-31,64.139999,66.040001,62.84,65.940002,63.895725,575800,0.0,0.0
2010-09-01,67.029999,69.089996,66.650002,68.400002,66.279449,600200,0.0,0.0
2010-09-02,68.400002,71.099998,68.0,69.889999,67.723251,833000,0.0,0.0
2010-09-03,71.449997,72.870003,70.010002,70.370003,68.188377,752700,0.0,0.0
2010-09-07,70.25,71.339996,69.029999,70.239998,68.062401,492300,0.0,0.0
2010-09-08,70.709999,72.32,70.540001,71.410004,69.196121,325500,0.0,0.0
2010-09-09,72.760002,73.0,70.5,71.260002,69.050766,325500,0.0,0.0
2010-09-10,71.559998,72.68,69.870003,72.510002,70.262032,580000,0.0,0.0
2010-09-13,73.010002,74.779999,72.0,74.580002,72.26786,816500,0.0,0.0
2010-09-14,74.449997,74.449997,73.129997,73.769997,71.482964,633800,0.0,0.0
2010-09-15,73.269997,74.769997,73.169998,74.349998,72.044968,361600,0.0,0.0
2010-09-16,74.620003,74.620003,73.720001,73.739998,71.453896,388300,0.0,0.0
2010-09-17,71.559998,72.860001,70.650002,72.480003,70.232979,821900,0.0,0.0
2010-09-20,71.0,73.260002,71.0,72.730003,70.475204,779900,0.0,0.0
2010-09-21,72.599998,73.800003,71.419998,72.18,69.942253,620300,0.0,0.0
2010-09-22,72.150002,72.330002,70.519997,71.75,69.525589,439800,0.0,0.0
2010-09-23,71.18,71.970001,70.5,70.93,68.73101,458000,0.0,0.0
2010-09-24,72.050003,73.0,71.360001,71.900002,69.670952,464200,0.0,0.0
2010-09-27,72.75,76.75,72.120003,74.980003,72.655441,1417400,0.0,0.0
2010-09-28,76.809998,76.809998,72.589996,74.900002,72.577927,1127800,0.0,0.0
2010-09-29,74.93,75.5,74.279999,75.139999,72.810493,455000,0.0,0.0
2010-09-30,76.080002,76.25,71.389999,72.18,69.942253,1087600,0.0,0.0
2010-10-01,73.029999,73.529999,71.25,71.349998,69.138008,792800,0.0,0.0
2010-10-04,71.349998,71.519997,65.650002,66.790001,64.71936,2275800,0.0,0.0
2010-10-05,67.160004,69.209999,67.019997,68.099998,65.988754,1268900,0.0,0.0
2010-10-06,68.889999,68.889999,63.650002,64.32,62.325924,1489500,0.0,0.0
2010-10-07,64.32,65.389999,63.0,64.449997,62.451897,914500,0.0,0.0
2010-10-08,64.980003,66.639999,63.669998,65.400002,63.372444,809000,0.0,0.0
2010-10-11,65.410004,66.0,64.5,64.769997,62.761986,454300,0.0,0.0
2010-10-12,62.34,65.389999,60.200001,64.769997,62.761986,2490200,0.0,0.0
2010-10-13,65.07,65.209999,64.050003,64.910004,62.89764,813500,0.0,0.0
2010-10-14,64.410004,65.010002,63.540001,64.559998,62.558495,783300,0.0,0.0
2010-10-15,65.32,66.150002,64.110001,65.260002,63.236794,848800,0.0,0.0
2010-10-18,65.209999,65.480003,62.43,62.939999,60.988716,885400,0.0,0.0
2010-10-19,61.759998,62.16,60.25,60.650002,58.769707,1548700,0.0,0.0
2010-10-20,60.810001,62.400002,60.450001,61.990002,60.068169,614600,0.0,0.0
2010-10-21,61.299999,62.110001,60.75,61.380001,59.477089,656200,0.0,0.0
2010-10-22,61.009998,63.220001,61.009998,63.02,61.066242,729400,0.0,0.0
2010-10-25,62.82,65.620003,62.700001,65.0,62.98484,1125400,0.0,0.0
2010-10-26,64.989998,64.989998,63.369999,64.169998,62.180584,521700,0.0,0.0
2010-10-27,64.080002,66.989998,63.91,66.550003,64.486816,1142400,0.0,0.0
2010-10-28,67.0,67.120003,64.800003,66.010002,63.963535,697700,0.0,0.0
2010-10-29,66.07,66.959999,65.839996,66.139999,64.089531,464100,0.0,0.0
2010-11-01,66.269997,66.849998,64.010002,64.379997,62.384079,621300,0.0,0.0
2010-11-02,64.260002,64.470001,62.59,63.459999,61.492596,781700,0.0,0.0
2010-11-03,63.049999,65.150002,62.669998,64.660004,62.655407,1075400,0.0,0.0
2010-11-04,62.759998,64.75,60.91,61.68,59.767776,2897400,0.0,0.0
2010-11-05,61.91,61.98,59.779999,61.240002,59.341423,1960500,0.0,0.0
2010-11-08,60.529999,65.370003,60.5,65.120003,63.101143,1151100,0.0,0.0
2010-11-09,65.459999,65.459999,61.009998,61.18,59.283283,1526900,0.0,0.0
2010-11-10,61.130001,62.209999,58.5,58.66,56.841412,2420000,0.0,0.0
2010-11-11,57.919998,59.330002,56.599998,58.0,56.201866,1485500,0.0,0.0
2010-11-12,57.560001,60.27,57.529999,58.330002,56.521641,831500,0.0,0.0
2010-11-15,58.580002,60.450001,58.299999,59.849998,57.994503,1201800,0.0,0.0
2010-11-16,60.93,61.209999,60.009998,60.560001,58.682507,1524800,0.0,0.0
2010-11-17,60.669998,62.0,60.459999,61.169998,59.273586,807000,0.0,0.0
2010-11-18,62.43,62.869999,62.0,62.119999,60.19413,647400,0.0,0.0
2010-11-19,62.23,63.639999,61.830002,63.02,61.066242,667600,0.0,0.0
2010-11-22,63.080002,64.970001,63.02,64.870003,62.858883,674800,0.0,0.0
2010-11-23,64.419998,64.440002,63.080002,63.959999,61.977093,580500,0.0,0.0
2010-11-24,64.480003,64.910004,64.230003,64.790001,62.781368,461300,0.0,0.0
2010-11-26,64.080002,66.0,64.0,65.989998,63.944176,297600,0.0,0.0
2010-11-29,65.82,66.629997,64.839996,65.690002,63.653461,793900,0.0,0.0
2010-11-30,65.0,65.0,63.34,63.619999,61.647633,578700,0.0,0.0
2010-12-01,64.790001,66.82,64.440002,66.68,64.61277,832800,0.0,0.0
2010-12-02,67.0,70.32,67.0,68.669998,66.541069,1233600,0.0,0.0
2010-12-03,68.349998,69.970001,67.699997,69.360001,67.209679,688200,0.0,0.0
2010-12-06,69.019997,70.489998,68.919998,69.800003,67.63604,406300,0.0,0.0
2010-12-07,70.489998,70.779999,68.739998,68.800003,66.667046,360200,0.0,0.0
2010-12-08,68.800003,69.620003,67.849998,68.43,66.30851,313300,0.0,0.0
2010-12-09,68.760002,69.32,66.879997,67.449997,65.358887,495700,0.0,0.0
2010-12-10,68.860001,68.860001,67.650002,68.110001,65.998428,444300,0.0,0.0
2010-12-13,68.0,72.730003,66.139999,72.480003,70.232979,2825300,0.0,0.0
2010-12-14,73.050003,73.879997,70.610001,70.839996,68.643768,1237900,0.0,0.0
2010-12-15,70.5,72.790001,69.650002,69.68,67.51976,777400,0.0,0.0
2010-12-16,69.779999,70.010002,68.300003,68.959999,66.822075,594000,0.0,0.0
2010-12-17,69.349998,70.18,68.550003,70.050003,67.878288,497700,0.0,0.0
2010-12-20,70.25,70.730003,67.760002,68.0,65.891846,868600,0.0,0.0
2010-12-21,68.349998,69.279999,67.779999,68.989998,66.851151,549800,0.0,0.0
2010-12-22,68.760002,69.529999,66.699997,69.25,67.103088,578600,0.0,0.0
2010-12-23,69.269997,69.959999,69.010002,69.860001,67.694191,365400,0.0,0.0
2010-12-27,69.809998,69.809998,68.410004,69.589996,67.432541,547600,0.0,0.0
2010-12-28,69.879997,70.400002,68.519997,68.93,66.79303,499300,0.0,0.0
2010-12-29,69.209999,70.540001,68.779999,69.82,67.655403,408700,0.0,0.0
2010-12-30,69.209999,70.900002,69.209999,70.18,68.004272,311300,0.0,0.0
2010-12-31,70.32,70.599998,64.870003,66.639999,64.573997,1555200,0.0,0.0
2011-01-03,69.43,70.550003,68.75,70.110001,67.936455,973300,0.0,0.0
2011-01-04,70.440002,71.330002,68.980003,70.639999,68.449974,732800,0.0,0.0
2011-01-05,70.529999,72.290001,69.610001,72.110001,69.874413,480200,0.0,0.0
2011-01-06,71.93,75.879997,71.860001,74.540001,72.22908,1072300,0.0,0.0
2011-01-07,74.760002,75.32,72.160004,73.849998,71.560478,609200,0.0,0.0
2011-01-10,75.93,75.949997,73.690002,74.32,72.015915,336900,0.0,0.0
2011-01-11,75.0,75.949997,74.0,74.199997,71.899605,179900,0.0,0.0
2011-01-12,74.889999,74.889999,72.889999,73.290001,71.01786,334500,0.0,0.0
2011-01-13,73.110001,73.989998,72.57,73.349998,71.075981,316000,0.0,0.0
2011-01-14,73.529999,75.57,72.139999,75.199997,72.868607,461800,0.0,0.0
2011-01-18,75.25,79.370003,75.199997,75.220001,72.888023,1430600,0.0,0.0
2011-01-19,75.510002,75.529999,72.57,73.150002,70.882187,917000,0.0,0.0
2011-01-20,72.580002,72.580002,69.160004,70.940002,68.740715,940100,0.0,0.0
2011-01-21,71.410004,72.199997,70.349998,70.970001,68.769783,480300,0.0,0.0
2011-01-24,70.889999,71.660004,70.040001,71.339996,69.128304,333700,0.0,0.0
2011-01-25,71.129997,71.269997,68.739998,69.470001,67.316277,459600,0.0,0.0
2011-01-26,69.489998,70.300003,68.510002,69.919998,67.752319,575700,0.0,0.0
2011-01-27,70.5,70.889999,69.959999,70.129997,67.955788,441300,0.0,0.0
2011-01-28,69.519997,70.790001,67.089996,67.139999,65.058502,851600,0.0,0.0
2011-01-31,68.699997,68.699997,67.050003,67.779999,65.678665,560200,0.0,0.0
2011-02-01,68.620003,69.980003,68.0,68.760002,66.628288,427900,0.0,0.0
2011-02-02,68.589996,70.540001,68.120003,69.68,67.51976,359700,0.0,0.0
2011-02-03,69.540001,69.879997,68.18,68.639999,66.512032,204800,0.0,0.0
2011-02-04,68.849998,69.650002,67.599998,69.519997,67.364708,238400,0.0,0.0
2011-02-07,69.449997,70.25,69.089996,69.959999,67.791069,305200,0.0,0.0
2011-02-08,69.809998,69.809998,68.550003,69.099998,66.957748,267700,0.0,0.0
2011-02-09,68.599998,69.760002,68.459999,68.779999,66.647659,236700,0.0,0.0
2011-02-10,68.169998,70.599998,67.629997,70.419998,68.236824,367000,0.0,0.0
2011-02-11,70.25,72.800003,70.25,72.110001,69.874413,409600,0.0,0.0
2011-02-14,72.360001,73.769997,71.849998,72.730003,70.475204,265600,0.0,0.0
2011-02-15,72.349998,72.93,71.029999,72.080002,69.845352,257800,0.0,0.0
2011-02-16,72.290001,73.010002,71.870003,72.849998,70.591484,189400,0.0,0.0
2011-02-17,72.5,75.139999,72.099998,73.980003,71.68647,333100,0.0,0.0
2011-02-18,74.150002,74.489998,72.389999,72.800003,70.543037,391900,0.0,0.0
2011-02-22,71.839996,71.849998,68.559998,68.849998,66.7155,637500,0.0,0.0
2011-02-23,68.800003,68.849998,65.449997,67.050003,64.971306,1167600,0.0,0.0
2011-02-24,68.480003,68.480003,65.900002,67.099998,65.019745,1193100,0.0,0.0
2011-02-25,67.980003,69.0,66.080002,66.25,64.196098,770800,0.0,0.0
2011-02-28,66.160004,67.339996,64.5,65.779999,63.740669,1036500,0.0,0.0
2011-03-01,67.0,67.470001,64.529999,65.470001,63.440281,1140000,0.0,0.0
2011-03-02,65.010002,66.879997,64.57,65.370003,63.343388,989000,0.0,0.0
2011-03-03,65.900002,66.699997,65.410004,66.389999,64.331757,728700,0.0,0.0
2011-03-04,66.199997,67.309998,65.459999,67.010002,64.932549,600000,0.0,0.0
2011-03-07,67.0,69.120003,66.739998,68.550003,66.424789,970200,0.0,0.0
2011-03-08,67.040001,70.279999,67.040001,69.510002,67.355057,557900,0.0,0.0
2011-03-09,69.5,70.440002,68.709999,69.529999,67.374405,583000,0.0,0.0
2011-03-10,68.93,69.309998,67.260002,68.279999,66.16317,483800,0.0,0.0
2011-03-11,67.599998,68.32,67.120003,67.760002,65.659309,354600,0.0,0.0
2011-03-14,67.400002,68.040001,66.839996,67.57,65.475174,341700,0.0,0.0
2011-03-15,65.660004,67.989998,65.07,67.389999,65.300774,409900,0.0,0.0
2011-03-16,67.209999,67.910004,64.980003,65.989998,63.944176,521100,0.0,0.0
2011-03-17,66.75,66.879997,65.779999,66.300003,64.24456,302600,0.0,0.0
2011-03-18,67.440002,67.440002,64.900002,64.970001,62.955791,501400,0.0,0.0
2011-03-21,65.489998,66.800003,64.25,66.419998,64.36084,397300,0.0,0.0
2011-03-22,66.389999,67.970001,65.68,67.269997,65.184479,443600,0.0,0.0
2011-03-23,67.199997,68.32,66.580002,68.010002,65.90155,198100,0.0,0.0
2011-03-24,68.519997,73.379997,67.93,72.980003,70.71743,1025200,0.0,0.0
2011-03-25,73.0,74.230003,72.800003,73.800003,71.512047,594600,0.0,0.0
2011-03-28,74.0,76.470001,73.529999,76.019997,73.663208,812900,0.0,0.0
2011-03-29,76.0,79.980003,75.160004,78.639999,76.282249,1835000,0.08,0.0
2011-03-30,79.0,80.989998,77.970001,80.650002,78.232002,983400,0.0,0.0
2011-03-31,80.910004,82.029999,79.410004,81.629997,79.182602,798000,0.0,0.0
2011-04-01,81.790001,84.300003,80.730003,82.949997,80.463043,892600,0.0,0.0
2011-04-04,83.919998,87.379997,83.639999,85.339996,82.781372,1485000,0.0,0.0
2011-04-05,84.370003,86.080002,83.400002,85.599998,83.033592,1022000,0.0,0.0
2011-04-06,86.800003,86.940002,81.300003,83.730003,81.21965,842000,0.0,0.0
2011-04-07,84.230003,85.239998,83.080002,84.57,82.034454,464100,0.0,0.0
2011-04-08,85.290001,86.800003,84.709999,85.389999,82.829872,455100,0.0,0.0
2011-04-11,85.529999,86.449997,84.529999,85.5,82.936584,365000,0.0,0.0
2011-04-12,84.980003,85.5,82.309998,82.720001,80.239914,536300,0.0,0.0
2011-04-13,83.18,86.639999,83.150002,85.339996,82.781372,1125200,0.0,0.0
2011-04-14,84.529999,86.550003,84.099998,85.230003,82.674698,640400,0.0,0.0
2011-04-15,85.480003,86.260002,84.510002,86.160004,83.576805,524300,0.0,0.0
2011-04-18,85.389999,89.0,84.510002,87.400002,84.779633,798400,0.0,0.0
2011-04-19,87.510002,90.720001,87.510002,90.550003,87.835205,1263600,0.0,0.0
2011-04-20,91.940002,92.489998,88.57,89.220001,86.545074,875600,0.0,0.0
2011-04-21,89.449997,90.330002,87.559998,89.940002,87.243492,519200,0.0,0.0
2011-04-25,90.019997,90.739998,88.540001,89.93,87.233772,541100,0.0,0.0
2011-04-26,90.489998,91.190002,88.949997,89.809998,87.117386,332700,0.0,0.0
2011-04-27,89.32,91.480003,87.809998,90.800003,88.077705,501700,0.0,0.0
2011-04-28,90.970001,92.730003,90.07,91.239998,88.504494,639100,0.0,0.0
2011-04-29,91.540001,92.110001,91.029999,91.400002,88.659698,324000,0.0,0.0
2011-05-02,92.480003,92.529999,89.860001,92.199997,89.435715,498700,0.0,0.0
2011-05-03,92.040001,92.040001,86.110001,86.760002,84.158821,751600,0.0,0.0
2011-05-04,86.620003,87.980003,84.5,85.769997,83.198486,1234200,0.0,0.0
2011-05-05,83.610001,90.93,82.089996,88.900002,86.234634,1555600,0.0,0.0
2011-05-06,90.720001,90.720001,87.459999,88.709999,86.050346,625800,0.0,0.0
2011-05-09,89.150002,89.43,87.959999,88.730003,86.069748,459900,0.0,0.0
2011-05-10,89.339996,89.790001,88.139999,88.5,85.846626,589100,0.0,0.0
2011-05-11,88.800003,88.800003,86.550003,87.610001,84.983322,406600,0.0,0.0
2011-05-12,87.080002,88.129997,85.720001,86.879997,84.275223,412000,0.0,0.0
2011-05-13,87.129997,87.75,85.360001,85.589996,83.023903,376600,0.0,0.0
2011-05-16,85.230003,86.550003,83.779999,84.739998,82.199379,448100,0.0,0.0
2011-05-17,84.120003,87.059998,83.739998,86.419998,83.828995,399400,0.0,0.0
2011-05-18,86.489998,88.510002,86.419998,88.0,85.361633,971100,0.0,0.0
2011-05-19,88.379997,89.919998,88.040001,88.970001,86.302551,925900,0.0,0.0
2011-05-20,88.660004,89.68,88.010002,88.190002,85.545929,360100,0.0,0.0
2011-05-23,86.970001,87.690002,85.589996,86.199997,83.615608,377800,0.0,0.0
2011-05-24,86.879997,87.660004,85.410004,85.910004,83.334297,377200,0.0,0.0
2011-05-25,85.339996,87.190002,84.519997,87.010002,84.401306,365300,0.0,0.0
2011-05-26,87.0,87.540001,86.25,87.080002,84.469215,357300,0.0,0.0
2011-05-27,87.0,88.470001,86.650002,88.029999,85.390755,600300,0.0,0.0
2011-05-31,89.150002,90.0,85.989998,88.120003,85.478043,809800,0.0,0.0
2011-06-01,88.459999,92.25,87.830002,88.0,85.361633,1282500,0.0,0.0
2011-06-02,87.629997,89.809998,87.230003,89.699997,87.010674,624700,0.0,0.0
2011-06-03,88.480003,92.25,87.720001,89.68,86.991257,872600,0.0,0.0
2011-06-06,89.660004,90.260002,81.669998,82.160004,79.696724,1633800,0.0,0.0
2011-06-07,81.120003,82.599998,79.029999,81.739998,79.289299,1148600,0.0,0.0
2011-06-08,81.139999,81.68,77.510002,78.330002,75.981567,835500,0.0,0.0
2011-06-09,78.330002,80.489998,77.389999,79.919998,77.523872,647000,0.0,0.0
2011-06-10,78.940002,79.870003,77.309998,78.860001,76.495651,644100,0.0,0.0
2011-06-13,78.910004,79.309998,75.25,77.309998,74.992126,758300,0.0,0.0
2011-06-14,78.110001,80.580002,78.110001,80.269997,77.86338,439600,0.0,0.0
2011-06-15,79.0,79.18,75.760002,76.199997,73.91539,656700,0.0,0.0
2011-06-16,76.580002,77.389999,74.400002,75.910004,73.634117,444400,0.0,0.0
2011-06-17,77.050003,77.050003,75.489998,76.019997,73.740822,599400,0.0,0.0
2011-06-20,74.449997,75.220001,73.349998,74.330002,72.101486,1066700,0.0,0.0
2011-06-21,75.099998,79.690002,74.839996,79.269997,76.893372,1188800,0.0,0.0
2011-06-22,78.989998,79.169998,76.809998,76.889999,74.584732,475700,0.0,0.0
2011-06-23,75.730003,78.410004,75.0,78.410004,76.059174,310200,0.0,0.0
2011-06-24,78.440002,79.540001,77.0,77.309998,74.992126,269000,0.0,0.0
2011-06-27,77.650002,79.480003,77.139999,78.57,76.214371,225800,0.0,0.0
2011-06-28,78.010002,78.25,75.589996,75.959999,73.757713,1360200,0.08,0.0
2011-06-29,76.610001,76.889999,74.839996,75.110001,72.932358,834400,0.0,0.0
2011-06-30,76.82,79.580002,76.489998,79.339996,77.039703,1053000,0.0,0.0
2011-07-01,78.349998,81.860001,77.830002,81.550003,79.185638,653800,0.0,0.0
2011-07-05,81.510002,82.489998,80.550003,82.220001,79.836205,438600,0.0,0.0
2011-07-06,82.0,83.099998,81.57,82.860001,80.457642,440900,0.0,0.0
2011-07-07,83.809998,85.699997,83.309998,85.059998,82.593872,538200,0.0,0.0
2011-07-08,83.93,83.970001,81.150002,83.040001,80.632469,469400,0.0,0.0
2011-07-11,81.489998,82.589996,79.75,80.480003,78.146652,422700,0.0,0.0
2011-07-12,80.019997,80.290001,78.199997,78.519997,76.243469,537600,0.0,0.0
2011-07-13,79.449997,80.760002,78.980003,79.309998,77.010597,518500,0.0,0.0
2011-07-14,80.050003,80.199997,77.309998,77.639999,75.389015,253000,0.0,0.0
2011-07-15,78.910004,79.68,78.209999,78.980003,76.690155,346600,0.0,0.0
2011-07-18,78.5,78.720001,75.519997,76.0,73.796555,395900,0.0,0.0
2011-07-19,76.839996,79.059998,76.809998,78.459999,76.185219,388700,0.0,0.0
2011-07-20,79.120003,79.300003,75.900002,76.730003,74.505386,228600,0.0,0.0
2011-07-21,77.309998,81.410004,76.709999,80.349998,78.020432,706900,0.0,0.0
2011-07-22,80.370003,82.330002,80.370003,82.040001,79.66143,370300,0.0,0.0
2011-07-25,81.110001,82.779999,80.139999,80.349998,78.020432,209600,0.0,0.0
2011-07-26,80.839996,82.0,80.209999,80.870003,78.525345,244300,0.0,0.0
2011-07-27,80.339996,81.43,77.830002,78.43,76.15609,426300,0.0,0.0
2011-07-28,78.379997,80.330002,77.019997,79.459999,77.156219,319000,0.0,0.0
2011-07-29,78.330002,80.480003,76.400002,79.419998,77.117393,380100,0.0,0.0
2011-08-01,81.010002,81.190002,77.910004,78.849998,76.563934,289700,0.0,0.0
2011-08-02,77.730003,79.18,74.010002,74.32,72.165245,539000,0.0,0.0
2011-08-03,74.849998,75.459999,71.099998,72.290001,70.194122,1122100,0.0,0.0
2011-08-04,69.349998,69.519997,62.41,64.059998,62.202717,2256100,0.0,0.0
2011-08-05,64.989998,65.0,58.52,62.240002,60.435493,1493800,0.0,0.0
2011-08-08,58.310001,61.290001,58.0,58.310001,56.619438,1127400,0.0,0.0
2011-08-09,58.599998,63.459999,58.0,63.220001,61.387074,1297300,0.0,0.0
2011-08-10,62.330002,64.970001,60.279999,62.529999,60.717075,764200,0.0,0.0
2011-08-11,62.860001,67.25,62.560001,66.190002,64.270981,573700,0.0,0.0
2011-08-12,67.629997,69.449997,67.629997,68.5,66.513985,885500,0.0,0.0
2011-08-15,69.120003,69.910004,68.0,69.139999,67.135422,441000,0.0,0.0
2011-08-16,67.989998,68.760002,66.589996,67.849998,65.882835,548300,0.0,0.0
2011-08-17,67.889999,69.720001,67.839996,68.639999,66.649933,564300,0.0,0.0
2011-08-18,65.889999,65.889999,61.32,62.209999,60.406372,1016400,0.0,0.0
2011-08-19,60.450001,63.349998,59.880001,60.200001,58.454643,449600,0.0,0.0
2011-08-22,61.43,62.09,59.709999,60.150002,58.406082,337000,0.0,0.0
2011-08-23,60.23,63.59,59.0,63.59,61.746349,347500,0.0,0.0
2011-08-24,63.360001,65.160004,62.779999,64.239998,62.377487,534800,0.0,0.0
2011-08-25,64.379997,64.980003,62.549999,62.75,60.930695,215200,0.0,0.0
2011-08-26,62.139999,65.459999,61.759998,64.910004,63.028072,215700,0.0,0.0
2011-08-29,65.790001,68.050003,65.599998,67.529999,65.572113,206400,0.0,0.0
2011-08-30,67.019997,69.510002,66.760002,68.769997,66.776161,220700,0.0,0.0
2011-08-31,69.160004,69.93,66.480003,67.379997,65.426476,411000,0.0,0.0
2011-09-01,67.400002,69.120003,66.75,68.230003,66.251839,283400,0.0,0.0
2011-09-02,66.599998,68.690002,66.089996,67.800003,65.834305,397200,0.0,0.0
2011-09-06,65.07,66.0,63.48,65.790001,63.882568,357400,0.0,0.0
2011-09-07,66.620003,69.279999,66.620003,69.139999,67.135422,355200,0.0,0.0
2011-09-08,68.260002,70.160004,68.260002,69.43,67.417046,410400,0.0,0.0
2011-09-09,68.510002,68.510002,65.0,65.760002,63.853447,494200,0.0,0.0
2011-09-12,63.57,66.190002,63.0,65.970001,64.05735,621500,0.0,0.0
2011-09-13,66.080002,67.739998,66.080002,67.400002,65.445877,155600,0.0,0.0
2011-09-14,67.57,69.540001,67.400002,68.709999,66.717896,285200,0.0,0.0
2011-09-15,69.650002,69.650002,67.519997,69.029999,67.028625,439700,0.0,0.0
2011-09-16,68.5,68.949997,67.970001,68.379997,66.397461,397100,0.0,0.0
2011-09-19,67.639999,69.209999,66.360001,68.550003,66.562553,343200,0.0,0.0
2011-09-20,69.389999,70.879997,67.699997,68.269997,66.290657,633000,0.0,0.0
2011-09-21,68.260002,68.540001,63.82,64.099998,62.24157,375800,0.0,0.0
2011-09-22,61.119999,62.23,58.009998,60.68,58.920723,1079600,0.0,0.0
2011-09-23,60.48,61.68,58.5,58.98,57.270008,573100,0.0,0.0
2011-09-26,59.07,59.720001,54.009998,56.700001,55.05611,1755800,0.0,0.0
2011-09-27,58.630001,59.990002,57.5,58.709999,57.007835,850600,0.0,0.0
2011-09-28,58.439999,58.950001,56.080002,56.25,54.69368,443800,0.08,0.0
2011-09-29,57.02,57.990002,54.200001,56.830002,55.257641,607700,0.0,0.0
2011-09-30,55.330002,56.299999,52.049999,53.75,52.262859,774000,0.0,0.0
2011-10-03,52.959999,52.959999,48.299999,49.529999,48.159611,933500,0.0,0.0
2011-10-04,49.139999,53.189999,48.959999,53.130001,51.660019,969500,0.0,0.0
2011-10-05,53.02,55.650002,51.400002,55.23,53.7019,680200,0.0,0.0
2011-10-06,55.75,57.240002,55.75,56.77,55.199295,335300,0.0,0.0
2011-10-07,57.169998,58.220001,55.779999,57.16,55.578506,628400,0.0,0.0
2011-10-10,58.060001,60.110001,57.91,59.279999,57.639854,405500,0.0,0.0
2011-10-11,58.900002,60.810001,58.130001,59.990002,58.330208,429900,0.0,0.0
2011-10-12,60.860001,60.860001,58.91,58.990002,57.357872,476600,0.0,0.0
2011-10-13,58.709999,60.310001,58.040001,60.119999,58.456608,324600,0.0,0.0
2011-10-14,62.009998,62.630001,61.16,61.84,60.129017,333400,0.0,0.0
2011-10-17,61.34,61.799999,60.220001,61.080002,59.390049,302500,0.0,0.0
2011-10-18,61.259998,61.43,59.259998,61.139999,59.448395,516900,0.0,0.0
2011-10-19,61.240002,63.34,60.509998,61.16,59.467834,510700,0.0,0.0
2011-10-20,60.990002,61.400002,58.040001,61.25,59.555344,659900,0.0,0.0
2011-10-21,62.099998,67.860001,62.099998,64.610001,62.82238,1011600,0.0,0.0
2011-10-24,64.709999,68.120003,64.709999,67.419998,65.554626,375600,0.0,0.0
2011-10-25,66.660004,67.099998,64.589996,64.68,62.890461,341500,0.0,0.0
2011-10-26,66.190002,67.220001,64.0,65.790001,63.969727,467800,0.0,0.0
2011-10-27,68.309998,69.209999,67.010002,69.010002,67.100647,788400,0.0,0.0
2011-10-28,69.199997,69.589996,68.099998,68.75,66.847824,414200,0.0,0.0
2011-10-31,66.82,66.82,64.349998,65.199997,63.396061,685500,0.0,0.0
2011-11-01,62.73,63.0,61.259998,62.560001,60.829109,655500,0.0,0.0
2011-11-02,64.300003,65.900002,62.110001,63.419998,61.665306,1064200,0.0,0.0
2011-11-03,76.610001,85.580002,76.610001,83.040001,80.74247,5101400,0.0,0.0
2011-11-04,82.0,87.129997,81.870003,86.110001,83.727509,965600,0.0,0.0
2011-11-07,87.879997,88.709999,86.150002,87.68,85.254089,834500,0.0,0.0
2011-11-08,88.489998,89.989998,86.779999,87.550003,85.127701,557500,0.0,0.0
2011-11-09,84.790001,87.25,84.580002,85.279999,82.920464,452500,0.0,0.0
2011-11-10,86.0,86.629997,83.43,85.419998,83.05661,349300,0.0,0.0
2011-11-11,86.0,86.580002,85.129997,85.489998,83.124695,380200,0.0,0.0
2011-11-14,85.040001,87.470001,85.040001,86.309998,83.921989,697200,0.0,0.0
2011-11-15,86.400002,86.400002,83.910004,85.190002,82.832985,529400,0.0,0.0
2011-11-16,85.0,86.849998,84.190002,85.389999,83.027451,584800,0.0,0.0
2011-11-17,85.440002,87.080002,84.349998,86.599998,84.203972,701700,0.0,0.0
2011-11-18,86.639999,86.959999,82.760002,83.150002,80.849419,393500,0.0,0.0
2011-11-21,81.559998,82.160004,80.0,81.779999,79.517326,1040800,0.0,0.0
2011-11-22,81.870003,83.209999,80.82,82.040001,79.770134,605300,0.0,0.0
2011-11-23,83.300003,83.300003,80.050003,80.559998,78.331093,727600,0.0,0.0
2011-11-25,80.559998,81.919998,80.0,80.459999,78.233849,247500,0.0,0.0
2011-11-28,81.980003,85.519997,81.980003,84.809998,82.463509,573500,0.0,0.0
2011-11-29,84.029999,86.129997,83.480003,84.809998,82.463509,318200,0.0,0.0
2011-11-30,88.75,88.75,87.050003,87.690002,85.263809,484300,0.0,0.0
2011-12-01,86.949997,88.809998,85.519997,86.059998,83.678902,377100,0.0,0.0
2011-12-02,88.25,88.269997,85.110001,85.339996,82.978828,303400,0.0,0.0
2011-12-05,87.290001,92.75,85.540001,91.040001,88.521141,1553800,0.0,0.0
2011-12-06,91.489998,95.480003,90.620003,94.620003,92.002075,2575000,0.0,0.0
2011-12-07,94.480003,94.970001,91.889999,93.690002,91.097809,893200,0.0,0.0
2011-12-08,92.639999,93.330002,88.910004,89.309998,86.838982,746600,0.0,0.0
2011-12-09,89.639999,93.480003,89.620003,92.650002,90.086578,332400,0.0,0.0
2011-12-12,91.169998,91.949997,89.269997,90.650002,88.141922,595000,0.0,0.0
2011-12-13,91.940002,92.849998,88.419998,89.160004,86.693146,712100,0.0,0.0
2011-12-14,88.209999,88.57,86.0,87.089996,84.680405,577100,0.0,0.0
2011-12-15,87.550003,88.660004,83.339996,84.25,81.918983,839200,0.0,0.0
2011-12-16,84.529999,85.75,82.489998,84.099998,81.773125,479300,0.0,0.0
2011-12-19,85.07,85.470001,83.0,83.220001,80.917496,250300,0.0,0.0
2011-12-20,84.089996,86.410004,84.089996,85.989998,83.61084,277500,0.0,0.0
2011-12-21,86.349998,86.349998,80.290001,81.769997,79.507614,582900,0.0,0.0
2011-12-22,81.760002,83.870003,81.330002,83.580002,81.267525,521900,0.0,0.0
2011-12-23,83.510002,84.0,81.110001,82.400002,80.120178,328900,0.0,0.0
2011-12-27,82.349998,83.230003,81.550003,81.669998,79.410378,190900,0.0,0.0
2011-12-28,81.68,81.989998,79.839996,80.400002,78.252159,280300,0.08,0.0
2011-12-29,80.32,80.980003,79.93,80.25,78.106163,538600,0.0,0.0
2011-12-30,80.550003,81.480003,79.059998,79.540001,77.415146,394600,0.0,0.0
2012-01-03,81.949997,82.769997,80.370003,81.800003,79.614731,546300,0.0,0.0
2012-01-04,80.279999,81.199997,77.480003,80.470001,78.320282,723700,0.0,0.0
2012-01-05,80.010002,82.470001,79.379997,81.809998,79.624496,468700,0.0,0.0
2012-01-06,81.5,82.129997,80.080002,80.599998,78.4468,329900,0.0,0.0
2012-01-09,80.559998,81.529999,79.849998,80.25,78.106163,282900,0.0,0.0
2012-01-10,81.129997,85.25,81.129997,83.699997,81.464005,581600,0.0,0.0
2012-01-11,83.480003,85.790001,83.389999,83.760002,81.522415,345800,0.0,0.0
2012-01-12,84.459999,86.889999,82.489998,86.510002,84.198921,584200,0.0,0.0
2012-01-13,86.199997,86.879997,83.489998,86.720001,84.403343,382900,0.0,0.0
2012-01-17,87.129997,88.0,86.339996,86.849998,84.529854,342000,0.0,0.0
2012-01-18,86.849998,87.769997,86.230003,86.949997,84.627182,580000,0.0,0.0
2012-01-19,87.349998,89.18,86.5,87.879997,85.532318,932800,0.0,0.0
2012-01-20,87.139999,88.879997,86.470001,87.400002,85.065163,340300,0.0,0.0
2012-01-23,87.849998,88.410004,86.870003,87.449997,85.113831,228400,0.0,0.0
2012-01-24,87.309998,90.589996,87.059998,88.540001,86.174706,329800,0.0,0.0
2012-01-25,89.459999,89.800003,87.57,88.449997,86.087074,237500,0.0,0.0
2012-01-26,89.139999,91.449997,87.660004,88.029999,85.678322,274400,0.0,0.0
2012-01-27,87.459999,90.040001,87.110001,89.900002,87.498383,201700,0.0,0.0
2012-01-30,89.730003,89.730003,87.599998,87.93,85.581009,192700,0.0,0.0
2012-01-31,88.93,89.339996,86.489998,87.400002,85.065163,321800,0.0,0.0
2012-02-01,88.0,90.669998,86.110001,90.639999,88.21862,658900,0.0,0.0
2012-02-02,92.190002,94.879997,91.050003,93.449997,90.953529,669600,0.0,0.0
2012-02-03,94.849998,96.889999,93.089996,96.699997,94.116707,791600,0.0,0.0
2012-02-06,96.050003,98.75,94.839996,95.690002,93.133713,853500,0.0,0.0
2012-02-07,95.029999,95.900002,93.129997,93.879997,91.372055,357900,0.0,0.0
2012-02-08,94.059998,94.849998,91.349998,93.949997,91.44017,426700,0.0,0.0
2012-02-09,94.160004,95.980003,93.220001,94.230003,91.712692,290000,0.0,0.0
2012-02-10,93.620003,94.220001,92.169998,92.779999,90.301422,357200,0.0,0.0
2012-02-13,94.139999,96.489998,92.830002,95.480003,92.929306,405700,0.0,0.0
2012-02-14,95.120003,96.290001,94.010002,95.230003,92.685989,336800,0.0,0.0
2012-02-15,96.800003,100.43,95.099998,99.239998,96.588844,1103000,0.0,0.0
2012-02-16,99.580002,101.839996,93.589996,96.879997,94.291893,1104300,0.0,0.0
2012-02-17,97.660004,98.480003,94.919998,96.160004,93.591156,463200,0.0,0.0
2012-02-21,96.82,99.980003,96.330002,97.050003,94.457367,779400,0.0,0.0
2012-02-22,97.029999,98.0,94.860001,97.720001,95.109467,447500,0.0,0.0
2012-02-23,94.800003,97.5,93.190002,97.0,94.408684,1182100,0.0,0.0
2012-02-24,94.660004,101.879997,94.5,98.720001,96.082764,1360300,0.0,0.0
2012-02-27,98.129997,104.5,98.129997,102.75,100.005089,864500,0.0,0.0
2012-02-28,103.339996,103.339996,99.800003,101.099998,98.399162,550200,0.0,0.0
2012-02-29,101.989998,102.0,97.099998,97.309998,94.710411,621600,0.0,0.0
2012-03-01,98.029999,98.959999,96.580002,97.669998,95.060791,973100,0.0,0.0
2012-03-02,98.32,102.139999,98.120003,99.900002,97.231232,514900,0.0,0.0
2012-03-05,100.169998,100.169998,97.080002,97.529999,94.924553,298500,0.0,0.0
2012-03-06,95.959999,95.959999,91.379997,93.050003,90.564217,778300,0.0,0.0
2012-03-07,94.650002,95.830002,93.309998,94.650002,92.121483,335200,0.0,0.0
2012-03-08,95.559998,96.32,94.019997,95.230003,92.685989,426900,0.0,0.0
2012-03-09,94.779999,97.080002,94.739998,96.010002,93.445137,339500,0.0,0.0
2012-03-12,95.690002,98.449997,94.510002,95.559998,93.007164,388000,0.0,0.0
2012-03-13,95.879997,96.639999,94.470001,96.160004,93.591156,365400,0.0,0.0
2012-03-14,96.139999,96.839996,95.169998,96.059998,93.493797,404300,0.0,0.0
2012-03-15,96.540001,98.5,96.040001,97.620003,95.012131,152600,0.0,0.0
2012-03-16,97.82,98.480003,97.269997,97.720001,95.109467,210500,0.0,0.0
2012-03-19,97.800003,97.980003,96.269997,97.639999,95.031601,256300,0.0,0.0
2012-03-20,96.269997,97.599998,94.699997,97.290001,94.690964,262100,0.0,0.0
2012-03-21,97.599998,99.080002,96.339996,98.309998,95.683685,238400,0.0,0.0
2012-03-22,97.580002,97.980003,95.940002,96.480003,93.902596,387700,0.0,0.0
2012-03-23,96.989998,97.639999,95.919998,97.260002,94.661758,251700,0.0,0.0
2012-03-26,98.010002,101.849998,98.010002,101.760002,99.041542,548900,0.0,0.0
2012-03-27,102.239998,102.980003,101.550003,101.82,99.099937,287400,0.0,0.0
2012-03-28,101.75,102.269997,100.239998,101.769997,99.157425,516600,0.109,0.0
2012-03-29,101.230003,101.989998,98.879997,98.959999,96.419563,280000,0.0,0.0
2012-03-30,99.480003,99.989998,97.300003,97.790001,95.279579,203800,0.0,0.0
2012-04-02,97.389999,98.550003,96.239998,97.470001,94.967796,306900,0.0,0.0
2012-04-03,97.5,101.720001,97.080002,100.129997,97.559532,627600,0.0,0.0
2012-04-04,99.43,99.43,95.0,96.779999,94.295517,498200,0.0,0.0
2012-04-05,96.029999,97.830002,95.029999,96.959999,94.470894,456600,0.0,0.0
2012-04-09,95.449997,97.459999,95.120003,96.529999,94.051926,186700,0.0,0.0
2012-04-10,96.599998,98.650002,92.169998,93.279999,90.885353,401700,0.0,0.0
2012-04-11,94.43,96.330002,93.75,95.290001,92.843765,290300,0.0,0.0
2012-04-12,94.510002,97.779999,93.980003,97.599998,95.09446,236800,0.0,0.0
2012-04-13,97.389999,98.110001,95.800003,96.599998,94.120155,248200,0.0,0.0
2012-04-16,97.059998,97.07,91.860001,91.970001,89.608986,437500,0.0,0.0
2012-04-17,91.68,94.480003,91.580002,92.540001,90.16436,723200,0.0,0.0
2012-04-18,91.730003,92.269997,90.169998,90.559998,88.235191,897900,0.0,0.0
2012-04-19,91.449997,94.559998,90.470001,91.440002,89.09259,457100,0.0,0.0
2012-04-20,91.830002,92.669998,90.360001,90.480003,88.157249,294200,0.0,0.0
2012-04-23,89.07,89.339996,86.860001,88.620003,86.345001,575700,0.0,0.0
2012-04-24,88.830002,89.089996,87.32,88.07,85.80912,325100,0.0,0.0
2012-04-25,88.980003,91.800003,88.370003,91.57,89.219254,332700,0.0,0.0
2012-04-26,91.0,92.889999,90.690002,92.470001,90.096169,268400,0.0,0.0
2012-04-27,93.199997,95.25,92.639999,94.849998,92.415062,461600,0.0,0.0
2012-04-30,95.010002,99.5,92.709999,96.739998,94.256561,817500,0.0,0.0
2012-05-01,97.650002,101.349998,96.510002,99.339996,96.789795,700300,0.0,0.0
2012-05-02,98.510002,99.089996,97.0,97.610001,95.10421,637100,0.0,0.0
2012-05-03,98.400002,98.760002,93.93,94.019997,91.606377,560200,0.0,0.0
2012-05-04,93.709999,93.970001,91.760002,92.860001,90.476151,679600,0.0,0.0
2012-05-07,87.959999,90.339996,86.0,89.629997,87.329079,968400,0.0,0.0
2012-05-08,88.400002,89.129997,86.389999,87.989998,85.731171,1501900,0.0,0.0
2012-05-09,79.0,81.980003,75.809998,77.080002,75.10125,4731600,0.0,0.0
2012-05-10,78.010002,78.900002,76.099998,77.300003,75.315605,917000,0.0,0.0
2012-05-11,76.379997,78.209999,75.650002,76.309998,74.351021,586200,0.0,0.0
2012-05-14,75.139999,76.800003,74.040001,74.150002,72.246483,805100,0.0,0.0
2012-05-15,74.239998,76.150002,74.089996,74.370003,72.460831,535000,0.0,0.0
2012-05-16,74.5,77.190002,74.459999,76.040001,74.087944,928100,0.0,0.0
2012-05-17,76.190002,76.480003,72.550003,72.629997,70.765503,854300,0.0,0.0
2012-05-18,72.870003,75.019997,72.010002,72.669998,70.804459,711000,0.0,0.0
2012-05-21,73.25,76.18,72.120003,75.800003,73.854095,597700,0.0,0.0
2012-05-22,74.889999,77.190002,74.809998,76.360001,74.399742,838700,0.0,0.0
2012-05-23,75.93,76.800003,73.800003,76.629997,74.662788,782000,0.0,0.0
2012-05-24,77.360001,77.360001,73.760002,74.730003,72.811577,504900,0.0,0.0
2012-05-25,74.230003,75.269997,73.260002,74.730003,72.811577,408600,0.0,0.0
2012-05-29,76.900002,76.900002,73.440002,74.129997,72.226967,778700,0.0,0.0
2012-05-30,72.959999,73.959999,71.650002,73.800003,71.905472,584600,0.0,0.0
2012-05-31,73.050003,73.129997,68.949997,70.239998,68.436829,1564800,0.0,0.0
2012-06-01,68.050003,69.199997,65.809998,68.169998,66.419968,1360600,0.0,0.0
2012-06-04,66.730003,68.769997,66.25,67.209999,65.484634,671000,0.0,0.0
2012-06-05,67.080002,72.07,66.400002,71.82,69.976273,748500,0.0,0.0
2012-06-06,72.139999,74.099998,72.120003,73.120003,71.242905,365500,0.0,0.0
2012-06-07,74.629997,75.559998,71.690002,71.900002,70.054222,395600,0.0,0.0
2012-06-08,71.5,72.370003,70.239998,71.519997,69.68399,452000,0.0,0.0
2012-06-11,71.809998,72.449997,69.660004,69.830002,68.037361,316400,0.0,0.0
2012-06-12,70.290001,71.230003,67.099998,68.370003,66.614853,677600,0.0,0.0
2012-06-13,67.629997,69.989998,65.800003,66.730003,65.016937,722900,0.0,0.0
2012-06-14,67.0,67.959999,65.57,67.589996,65.854851,549400,0.0,0.0
2012-06-15,67.650002,68.959999,67.410004,68.470001,66.712288,246700,0.0,0.0
2012-06-18,68.589996,69.739998,67.32,69.470001,67.686615,370600,0.0,0.0
2012-06-19,69.830002,71.190002,69.5,70.120003,68.319931,367300,0.0,0.0
2012-06-20,70.459999,71.849998,69.760002,70.669998,68.855789,336900,0.0,0.0
2012-06-21,70.910004,71.419998,68.779999,69.489998,67.706108,481900,0.0,0.0
2012-06-22,69.93,70.989998,69.190002,70.589996,68.777847,253700,0.0,0.0
2012-06-25,69.089996,70.389999,68.629997,69.82,68.027618,388900,0.0,0.0
2012-06-26,70.07,74.459999,70.019997,73.699997,71.807999,810000,0.0,0.0
2012-06-27,73.489998,74.459999,73.099998,73.260002,71.485008,414400,0.109,0.0
2012-06-28,73.050003,73.57,70.82,71.360001,69.631073,463600,0.0,0.0
2012-06-29,73.989998,76.169998,73.010002,75.800003,73.963493,351500,0.0,0.0
2012-07-02,77.110001,79.550003,76.309998,79.260002,77.339661,720800,0.0,0.0
2012-07-03,79.639999,80.660004,79.040001,80.629997,78.676468,221900,0.0,0.0
2012-07-05,80.629997,80.75,78.57,79.830002,77.895882,498200,0.0,0.0
2012-07-06,78.989998,79.470001,77.010002,77.660004,75.778427,449600,0.0,0.0
2012-07-09,77.18,77.18,73.309998,74.830002,73.016998,689900,0.0,0.0
2012-07-10,75.760002,76.059998,72.370003,72.559998,70.801987,419200,0.0,0.0
2012-07-11,72.660004,73.790001,71.099998,72.480003,70.723946,449600,0.0,0.0
2012-07-12,72.120003,72.980003,70.059998,72.32,70.56781,368100,0.0,0.0
2012-07-13,72.470001,74.489998,72.349998,74.260002,72.460808,233800,0.0,0.0
2012-07-16,74.93,74.93,71.309998,71.739998,70.001854,343200,0.0,0.0
2012-07-17,71.629997,72.099998,68.150002,70.110001,68.411362,720000,0.0,0.0
2012-07-18,70.110001,72.989998,70.050003,71.889999,70.148232,591700,0.0,0.0
2012-07-19,72.889999,74.389999,72.279999,73.480003,71.699707,301600,0.0,0.0
2012-07-20,72.849998,73.809998,71.25,73.650002,71.865593,362000,0.0,0.0
2012-07-23,71.589996,72.419998,70.010002,71.260002,69.533501,301300,0.0,0.0
2012-07-24,71.730003,71.760002,69.870003,70.029999,68.33329,456600,0.0,0.0
2012-07-25,70.220001,70.610001,69.489998,69.940002,68.245468,485600,0.0,0.0
2012-07-26,71.5,73.699997,71.209999,73.25,71.475266,483400,0.0,0.0
2012-07-27,73.68,77.169998,73.410004,75.709999,73.875679,568500,0.0,0.0
2012-07-30,70.07,72.0,67.779999,70.0,68.304024,2103100,0.0,0.0
2012-07-31,69.790001,70.419998,66.629997,66.809998,65.191307,905300,0.0,0.0
2012-08-01,66.980003,67.650002,64.18,65.519997,63.932571,1111300,0.0,0.0
2012-08-02,65.480003,67.339996,64.5,66.519997,64.908356,890300,0.0,0.0
2012-08-03,78.82,84.889999,77.110001,82.68,80.676804,3047500,0.0,0.0
2012-08-06,82.849998,87.529999,82.769997,86.019997,83.93589,1278400,0.0,0.0
2012-08-07,86.879997,90.910004,86.550003,88.870003,86.71682,1057800,0.0,0.0
2012-08-08,88.760002,89.0,85.260002,85.849998,83.769989,961100,0.0,0.0
2012-08-09,86.150002,87.209999,85.099998,85.760002,83.682182,666800,0.0,0.0
2012-08-10,85.629997,87.0,84.82,85.800003,83.721222,923500,0.0,0.0
2012-08-13,85.529999,86.75,85.059998,85.82,83.74073,298200,0.0,0.0
2012-08-14,86.610001,86.68,84.639999,85.080002,83.018646,417500,0.0,0.0
2012-08-15,84.849998,85.779999,84.260002,84.82,82.764938,499400,0.0,0.0
2012-08-16,84.830002,87.879997,84.300003,86.849998,84.745781,681500,0.0,0.0
2012-08-17,87.529999,87.980003,84.980003,85.209999,83.145508,589800,0.0,0.0
2012-08-20,84.879997,85.910004,83.720001,84.660004,82.608833,731500,0.0,0.0
2012-08-21,85.93,86.230003,83.160004,83.43,81.40863,380700,0.0,0.0
2012-08-22,83.639999,83.639999,82.379997,82.510002,80.510925,500300,0.0,0.0
2012-08-23,82.419998,82.989998,80.489998,80.5,78.549637,479700,0.0,0.0
2012-08-24,80.650002,81.660004,79.949997,80.5,78.549637,581400,0.0,0.0
2012-08-27,81.089996,81.599998,78.970001,79.349998,77.427498,611000,0.0,0.0
2012-08-28,79.150002,80.139999,78.839996,79.349998,77.427498,492900,0.0,0.0
2012-08-29,79.589996,79.889999,78.529999,79.029999,77.115242,405400,0.0,0.0
2012-08-30,78.919998,79.790001,78.370003,79.110001,77.193291,290400,0.0,0.0
2012-08-31,79.75,80.75,78.529999,79.580002,77.651917,576500,0.0,0.0
2012-09-04,79.629997,81.080002,79.0,80.660004,78.705742,382800,0.0,0.0
2012-09-05,80.25,81.599998,79.760002,79.870003,77.934883,332300,0.0,0.0
2012-09-06,81.419998,83.0,80.449997,82.139999,80.149879,403200,0.0,0.0
2012-09-07,82.139999,83.440002,81.379997,82.870003,80.862206,291700,0.0,0.0
2012-09-10,82.720001,83.800003,82.190002,83.07,81.057358,486400,0.0,0.0
2012-09-11,82.720001,83.0,81.879997,82.519997,80.520683,315800,0.0,0.0
2012-09-12,83.07,83.279999,81.949997,82.540001,80.540207,250400,0.0,0.0
2012-09-13,82.989998,84.830002,81.800003,84.5,82.452713,448300,0.0,0.0
2012-09-14,84.43,89.779999,84.400002,88.57,86.424118,1024400,0.0,0.0
2012-09-17,89.980003,89.980003,87.360001,88.529999,86.385063,401900,0.0,0.0
2012-09-18,87.68,88.900002,87.68,88.260002,86.121605,375200,0.0,0.0
2012-09-19,87.980003,89.419998,87.650002,88.68,86.531448,388600,0.0,0.0
2012-09-20,87.870003,87.870003,85.07,86.019997,83.93589,458200,0.0,0.0
2012-09-21,84.449997,86.190002,82.540001,83.129997,81.115898,1047400,0.0,0.0
2012-09-24,82.099998,83.489998,81.639999,82.199997,80.208427,560100,0.0,0.0
2012-09-25,82.940002,83.169998,80.879997,81.080002,79.115562,512000,0.0,0.0
2012-09-26,81.269997,81.629997,79.540001,80.269997,78.430626,492600,0.109,0.0
2012-09-27,80.870003,82.160004,79.620003,81.93,80.052589,425800,0.0,0.0
2012-09-28,81.970001,83.339996,81.93,82.550003,80.658386,627400,0.0,0.0
2012-10-01,84.300003,85.559998,82.5,84.949997,83.003395,909500,0.0,0.0
2012-10-02,85.199997,86.389999,84.959999,85.370003,83.413773,570800,0.0,0.0
2012-10-03,86.150002,86.370003,85.019997,86.260002,84.283363,513700,0.0,0.0
2012-10-04,86.949997,88.089996,86.43,87.949997,85.934647,512100,0.0,0.0
2012-10-05,88.0,89.080002,87.709999,87.93,85.9151,718300,0.0,0.0
2012-10-08,87.190002,88.080002,86.050003,86.800003,84.811005,821600,0.0,0.0
2012-10-09,86.260002,88.089996,85.610001,85.769997,83.804588,576500,0.0,0.0
2012-10-10,85.730003,86.75,84.919998,86.279999,84.302895,475800,0.0,0.0
2012-10-11,87.190002,87.239998,84.470001,85.970001,84.000023,288200,0.0,0.0
2012-10-12,85.830002,86.029999,84.330002,84.82,82.876358,168700,0.0,0.0
2012-10-15,86.0,87.279999,84.919998,87.150002,85.152977,254200,0.0,0.0
2012-10-16,87.230003,90.529999,87.209999,90.279999,88.21125,620200,0.0,0.0
2012-10-17,90.470001,92.669998,89.75,91.709999,89.608467,717000,0.0,0.0
2012-10-18,90.540001,90.709999,86.699997,88.43,86.403633,997500,0.0,0.0
2012-10-19,87.269997,88.230003,84.760002,85.230003,83.276978,452000,0.0,0.0
2012-10-22,86.339996,86.730003,84.75,85.610001,83.648254,300100,0.0,0.0
2012-10-23,85.260002,86.019997,84.269997,85.5,83.540802,264200,0.0,0.0
2012-10-24,86.809998,86.959999,84.519997,85.0,83.052238,251600,0.0,0.0
2012-10-25,85.800003,86.459999,83.800003,84.32,82.387833,199200,0.0,0.0
2012-10-26,84.620003,85.510002,83.480003,83.599998,81.684319,513800,0.0,0.0
2012-10-31,85.0,85.0,83.07,83.970001,82.045845,601000,0.0,0.0
2012-11-01,84.239998,87.660004,83.32,86.349998,84.371307,716400,0.0,0.0
2012-11-02,81.519997,82.0,77.25,78.919998,77.111572,2392900,0.0,0.0
2012-11-05,78.349998,78.5,77.089996,78.25,76.456924,303400,0.0,0.0
2012-11-06,78.559998,79.940002,78.190002,79.769997,77.942078,391700,0.0,0.0
2012-11-07,79.989998,79.989998,76.949997,77.139999,75.372345,695900,0.0,0.0
2012-11-08,76.940002,78.18,75.110001,75.480003,73.750397,691200,0.0,0.0
2012-11-09,75.550003,77.589996,75.449997,76.32,74.571144,488600,0.0,0.0
2012-11-12,76.900002,77.650002,75.040001,75.059998,73.340019,410000,0.0,0.0
2012-11-13,74.559998,74.660004,72.540001,73.910004,72.216385,925000,0.0,0.0
2012-11-14,73.900002,74.190002,72.18,72.639999,70.975456,605300,0.0,0.0
2012-11-15,72.300003,74.660004,71.260002,74.449997,72.743988,681200,0.0,0.0
2012-11-16,74.220001,75.660004,73.489998,75.43,73.701538,861000,0.0,0.0
2012-11-19,76.089996,76.43,74.809998,74.959999,73.24231,451000,0.0,0.0
2012-11-20,75.949997,75.949997,74.870003,75.209999,73.486572,359600,0.0,0.0
2012-11-21,75.919998,76.25,74.940002,75.400002,73.672226,285500,0.0,0.0
2012-11-23,76.199997,76.379997,73.849998,74.099998,72.402023,352600,0.0,0.0
2012-11-26,74.0,74.790001,73.400002,74.25,72.548592,594000,0.0,0.0
2012-11-27,74.519997,74.790001,72.25,73.589996,71.903702,618700,0.0,0.0
2012-11-28,72.93,73.400002,69.730003,70.980003,69.353516,1975900,0.0,0.0
2012-11-29,72.0,72.790001,71.059998,71.360001,69.724808,1272700,0.0,0.0
2012-11-30,71.370003,72.059998,70.860001,71.949997,70.301277,684800,0.0,0.0
2012-12-03,71.610001,72.75,71.379997,72.300003,70.643265,529900,0.0,0.0
2012-12-04,72.199997,73.129997,71.580002,73.099998,71.424911,731300,0.0,0.0
2012-12-05,72.910004,75.559998,72.910004,75.449997,73.721069,1024600,0.0,0.0
2012-12-06,75.010002,75.610001,72.589996,73.089996,71.415154,1615100,0.0,0.0
2012-12-07,73.339996,74.989998,73.050003,74.879997,73.164139,583000,0.0,0.0
2012-12-10,74.07,76.239998,74.07,75.989998,74.248711,596100,0.0,0.0
2012-12-11,76.849998,80.349998,76.209999,79.459999,77.639168,1350600,0.0,0.0
2012-12-12,81.099998,81.830002,79.279999,79.510002,77.688042,904600,0.0,0.0
2012-12-13,79.93,79.93,78.019997,78.459999,76.662094,447200,0.0,0.0
2012-12-14,78.510002,78.769997,77.339996,78.290001,76.49601,376100,0.0,0.0
2012-12-17,78.489998,78.599998,77.5,78.57,76.769577,443200,0.0,0.0
2012-12-18,78.830002,80.099998,78.410004,78.910004,77.101799,564100,0.0,0.0
2012-12-19,79.07,79.660004,78.580002,79.129997,77.31675,359300,0.0,0.0
2012-12-20,79.019997,79.540001,78.0,79.160004,77.346069,281700,0.0,0.0
2012-12-21,77.57,78.720001,77.110001,78.5,76.701195,234400,0.0,0.0
2012-12-24,78.739998,79.830002,77.959999,78.779999,76.974762,224000,0.0,0.0
2012-12-26,78.559998,79.129997,77.949997,78.419998,76.623032,273100,0.0,0.0
2012-12-27,78.160004,78.510002,77.349998,78.389999,76.700317,383600,0.109,0.0
2012-12-28,77.440002,77.919998,77.059998,77.400002,75.731659,342400,0.0,0.0
2012-12-31,76.730003,79.110001,76.459999,78.550003,76.856873,379700,0.0,0.0
2013-01-02,80.489998,82.400002,79.809998,82.279999,80.50647,649000,0.0,0.0
2013-01-03,82.139999,83.669998,81.610001,82.739998,80.956543,586800,0.0,0.0
2013-01-04,82.790001,83.540001,81.580002,82.790001,81.00547,540500,0.0,0.0
2013-01-07,82.43,82.970001,81.459999,82.620003,80.839127,326200,0.0,0.0
2013-01-08,82.620003,84.120003,81.879997,83.43,81.631691,410500,0.0,0.0
2013-01-09,83.129997,87.190002,82.980003,86.5,84.635513,1061600,0.0,0.0
2013-01-10,86.830002,86.830002,85.519997,86.290001,84.430038,436400,0.0,0.0
2013-01-11,85.699997,87.099998,85.220001,86.559998,84.694214,595200,0.0,0.0
2013-01-14,87.269997,87.760002,85.720001,86.959999,85.085587,423900,0.0,0.0
2013-01-15,86.169998,87.440002,86.129997,87.230003,85.34977,589400,0.0,0.0
2013-01-16,86.779999,87.68,86.57,86.800003,84.929047,396000,0.0,0.0
2013-01-17,87.830002,89.370003,86.550003,87.709999,85.819443,361600,0.0,0.0
2013-01-18,87.5,88.669998,87.019997,88.25,86.347809,326900,0.0,0.0
2013-01-22,88.449997,88.449997,86.760002,87.550003,85.66291,434100,0.0,0.0
2013-01-23,87.550003,88.230003,86.620003,87.550003,85.66291,446300,0.0,0.0
2013-01-24,87.529999,90.540001,86.889999,87.720001,85.829224,474900,0.0,0.0
2013-01-25,88.269997,89.800003,88.0,89.239998,87.316444,484100,0.0,0.0
2013-01-28,89.339996,89.599998,87.110001,87.669998,85.780304,611700,0.0,0.0
2013-01-29,87.970001,87.970001,86.480003,87.099998,85.222588,336500,0.0,0.0
2013-01-30,87.25,87.440002,85.529999,85.620003,83.774475,656600,0.0,0.0
2013-01-31,86.290001,89.269997,86.0,88.400002,86.494568,643300,0.0,0.0
2013-02-01,87.760002,88.860001,86.839996,87.400002,85.516136,623800,0.0,0.0
2013-02-04,87.010002,87.940002,85.389999,86.129997,84.273476,469500,0.0,0.0
2013-02-05,86.199997,87.370003,84.25,87.029999,85.154099,399000,0.0,0.0
2013-02-06,87.0,88.43,86.589996,87.639999,85.750954,463000,0.0,0.0
2013-02-07,86.739998,87.410004,85.470001,85.839996,83.989738,506300,0.0,0.0
2013-02-08,86.480003,87.25,81.720001,83.730003,81.925224,1917900,0.0,0.0
2013-02-11,83.0,84.279999,82.660004,83.949997,82.140457,1033000,0.0,0.0
2013-02-12,83.779999,84.459999,82.550003,82.980003,81.191376,626300,0.0,0.0
2013-02-13,82.970001,83.959999,82.639999,82.989998,81.201172,594500,0.0,0.0
2013-02-14,80.910004,83.809998,80.910004,83.620003,81.817581,568500,0.0,0.0
2013-02-15,82.889999,83.779999,82.75,83.32,81.524063,1088200,0.0,0.0
2013-02-19,84.07,84.970001,82.989998,84.900002,83.070007,451700,0.0,0.0
2013-02-20,84.739998,85.800003,83.800003,84.019997,82.208961,861000,0.0,0.0
2013-02-21,83.589996,84.459999,82.970001,84.220001,82.404655,661100,0.0,0.0
2013-02-22,84.300003,86.120003,83.900002,85.120003,83.285278,450100,0.0,0.0
2013-02-25,85.169998,87.07,84.540001,84.559998,82.737305,1066000,0.0,0.0
2013-02-26,85.019997,86.489998,81.769997,84.029999,82.218765,1344700,0.0,0.0
2013-02-27,83.830002,85.489998,83.800003,84.440002,82.619911,547500,0.0,0.0
2013-02-28,84.610001,85.910004,84.25,85.610001,83.764687,585000,0.0,0.0
2013-03-01,85.0,86.949997,84.769997,85.589996,83.745125,767000,0.0,0.0
2013-03-04,86.0,87.059998,85.269997,86.93,85.056244,486800,0.0,0.0
2013-03-05,87.559998,88.190002,86.589996,87.589996,85.702011,686300,0.0,0.0
2013-03-06,88.099998,91.910004,86.709999,90.870003,88.911324,767000,0.0,0.0
2013-03-07,91.540001,92.209999,90.580002,90.809998,88.852608,450600,0.0,0.0
2013-03-08,91.209999,93.080002,90.589996,92.660004,90.662743,514000,0.0,0.0
2013-03-11,92.290001,96.080002,92.099998,95.360001,93.304535,652300,0.0,0.0
2013-03-12,95.080002,95.360001,93.580002,94.660004,92.619614,332500,0.0,0.0
2013-03-13,94.059998,95.019997,93.779999,94.910004,92.864265,316100,0.0,0.0
2013-03-14,95.239998,95.900002,94.599998,94.949997,92.903374,213300,0.0,0.0
2013-03-15,95.230003,95.589996,94.309998,95.029999,92.981667,424400,0.0,0.0
2013-03-18,93.989998,95.080002,92.879997,94.440002,92.404358,289700,0.0,0.0
2013-03-19,96.18,96.18,94.010002,94.75,92.707695,406200,0.0,0.0
2013-03-20,95.139999,95.839996,94.379997,94.800003,92.756622,383300,0.0,0.0
2013-03-21,94.550003,94.879997,93.169998,94.309998,92.277168,225900,0.0,0.0
2013-03-22,94.360001,94.599998,93.150002,93.839996,91.817307,228300,0.0,0.0
2013-03-25,94.0,94.57,92.849998,93.970001,91.944496,383500,0.0,0.0
2013-03-26,94.25,95.349998,93.879997,95.290001,93.378143,248600,0.143,0.0
2013-03-27,94.910004,96.0,94.910004,95.760002,93.838722,263900,0.0,0.0
2013-03-28,95.620003,96.730003,95.169998,96.559998,94.622673,305800,0.0,0.0
2013-04-01,96.389999,98.830002,96.339996,97.860001,95.896591,434500,0.0,0.0
2013-04-02,97.959999,98.940002,96.849998,97.790001,95.82798,256500,0.0,0.0
2013-04-03,97.629997,98.639999,96.050003,96.190002,94.260086,424600,0.0,0.0
2013-04-04,96.010002,96.010002,94.120003,95.239998,93.329147,382200,0.0,0.0
2013-04-05,94.959999,94.959999,93.629997,93.800003,91.91806,328000,0.0,0.0
2013-04-08,93.790001,94.370003,93.43,93.860001,91.976837,400000,0.0,0.0
2013-04-09,93.900002,94.160004,93.080002,93.800003,91.91806,403700,0.0,0.0
2013-04-10,93.900002,96.540001,93.82,96.459999,94.524666,550600,0.0,0.0
2013-04-11,96.370003,97.809998,95.730003,97.690002,95.729996,379300,0.0,0.0
2013-04-12,96.809998,97.839996,95.279999,96.129997,94.201271,182500,0.0,0.0
2013-04-15,96.120003,96.120003,92.300003,92.809998,90.947891,413500,0.0,0.0
2013-04-16,94.269997,95.169998,93.080002,95.019997,93.113556,443500,0.0,0.0
2013-04-17,93.510002,95.120003,92.519997,92.650002,90.791115,279100,0.0,0.0
2013-04-18,93.029999,93.330002,90.290001,90.459999,88.645035,365400,0.0,0.0
2013-04-19,91.010002,92.529999,90.040001,91.900002,90.056175,483600,0.0,0.0
2013-04-22,91.629997,94.190002,90.639999,93.639999,91.761246,581300,0.0,0.0
2013-04-23,93.870003,95.199997,93.300003,93.959999,92.074852,405700,0.0,0.0
2013-04-24,94.0,96.739998,93.489998,96.559998,94.622673,619500,0.0,0.0
2013-04-25,96.529999,97.040001,95.870003,96.660004,94.720657,392500,0.0,0.0
2013-04-26,96.07,97.519997,95.790001,97.360001,95.406609,284700,0.0,0.0
2013-04-29,97.769997,99.75,97.339996,98.959999,96.974495,447700,0.0,0.0
2013-04-30,99.050003,100.589996,98.959999,100.589996,98.571808,615300,0.0,0.0
2013-05-01,100.010002,100.300003,97.379997,97.959999,95.994568,808200,0.0,0.0
2013-05-02,98.080002,100.910004,98.080002,100.730003,98.708992,456500,0.0,0.0
2013-05-03,100.32,104.790001,98.629997,104.019997,101.932976,1156700,0.0,0.0
2013-05-06,104.150002,106.989998,103.209999,103.949997,101.864388,1245500,0.0,0.0
2013-05-07,113.989998,124.400002,111.349998,122.540001,120.081421,3344100,0.0,0.0
2013-05-08,121.690002,122.150002,116.18,117.589996,115.230728,2048300,0.0,0.0
2013-05-09,117.849998,123.080002,116.690002,118.349998,115.975487,879500,0.0,0.0
2013-05-10,118.839996,121.629997,118.040001,121.120003,118.689903,659400,0.0,0.0
2013-05-13,121.050003,121.400002,118.589996,119.290001,116.896637,498000,0.0,0.0
2013-05-14,120.099998,123.82,119.900002,119.989998,117.582588,758600,0.0,0.0
2013-05-15,119.959999,120.980003,117.839996,119.290001,116.896637,531800,0.0,0.0
2013-05-16,118.75,123.43,118.75,120.0,117.592377,510200,0.0,0.0
2013-05-17,120.449997,126.220001,119.940002,125.220001,122.707649,833800,0.0,0.0
2013-05-20,124.440002,128.460007,124.080002,124.300003,121.806122,773600,0.0,0.0
2013-05-21,124.25,125.699997,122.489998,124.849998,122.34507,644400,0.0,0.0
2013-05-22,124.790001,125.839996,117.879997,120.589996,118.170547,663500,0.0,0.0
2013-05-23,118.370003,120.919998,114.669998,119.919998,117.513962,573000,0.0,0.0
2013-05-24,118.489998,118.989998,116.68,117.120003,114.770157,492900,0.0,0.0
2013-05-28,118.589996,120.239998,117.989998,118.349998,115.975487,800500,0.0,0.0
2013-05-29,117.800003,118.790001,117.0,118.029999,115.661911,458400,0.0,0.0
2013-05-30,117.959999,121.290001,117.919998,118.809998,116.426254,273700,0.0,0.0
2013-05-31,117.769997,118.25,114.470001,114.620003,112.32032,534900,0.0,0.0
2013-06-03,114.75,116.440002,113.0,114.889999,112.584915,558600,0.0,0.0
2013-06-04,114.230003,115.18,113.050003,114.779999,112.477119,605000,0.0,0.0
2013-06-05,114.169998,115.400002,113.639999,113.910004,111.624573,363800,0.0,0.0
2013-06-06,113.949997,117.699997,113.349998,117.239998,114.887756,411500,0.0,0.0
2013-06-07,115.349998,117.5,115.339996,116.870003,114.525192,394800,0.0,0.0
2013-06-10,117.620003,118.5,116.75,117.540001,115.181725,171900,0.0,0.0
2013-06-11,116.25,116.440002,114.330002,114.57,112.271309,298900,0.0,0.0
2013-06-12,115.150002,115.150002,111.650002,111.900002,109.6549,488000,0.0,0.0
2013-06-13,111.419998,113.400002,109.599998,112.989998,110.723007,387600,0.0,0.0
2013-06-14,113.269997,114.339996,111.339996,111.93,109.684288,238100,0.0,0.0
2013-06-17,113.080002,114.459999,112.190002,114.0,111.712761,395400,0.0,0.0
2013-06-18,113.860001,114.75,113.190002,113.620003,111.340401,189900,0.0,0.0
2013-06-19,116.169998,117.610001,114.769997,115.779999,113.457062,784000,0.0,0.0
2013-06-20,114.540001,114.760002,110.07,110.779999,108.557373,695500,0.0,0.0
2013-06-21,110.580002,111.650002,104.68,108.18,106.009537,939000,0.0,0.0
2013-06-24,106.43,107.0,102.440002,105.720001,103.598892,746500,0.0,0.0
2013-06-25,106.889999,107.389999,103.129997,106.620003,104.480827,921000,0.0,0.0
2013-06-26,106.620003,108.870003,106.089996,108.629997,106.593475,361600,0.143,0.0
2013-06-27,109.980003,110.669998,105.629997,109.169998,107.123344,404700,0.0,0.0
2013-06-28,108.949997,109.0,106.980003,107.760002,105.739777,248000,0.0,0.0
2013-07-01,108.839996,109.68,107.900002,108.269997,106.240211,221800,0.0,0.0
2013-07-02,106.459999,109.5,106.169998,106.870003,104.866478,301300,0.0,0.0
2013-07-03,105.779999,108.07,104.300003,107.190002,105.180466,299800,0.0,0.0
2013-07-05,108.379997,108.57,105.43,105.970001,103.98333,280300,0.0,0.0
2013-07-08,106.449997,108.110001,105.970001,106.559998,104.562271,181400,0.0,0.0
2013-07-09,107.470001,110.82,105.800003,110.419998,108.349915,565400,0.0,0.0
2013-07-10,110.529999,111.230003,108.5,110.050003,107.986862,401000,0.0,0.0
2013-07-11,111.849998,112.669998,110.160004,110.910004,108.830734,228400,0.0,0.0
2013-07-12,111.720001,113.489998,111.07,113.389999,111.264229,280400,0.0,0.0
2013-07-15,109.160004,110.889999,107.75,108.529999,106.495346,725100,0.0,0.0
2013-07-16,108.470001,109.190002,104.75,105.709999,103.728203,641000,0.0,0.0
2013-07-17,106.0,109.599998,105.419998,109.5,107.447159,365200,0.0,0.0
2013-07-18,109.089996,109.550003,106.040001,106.709999,104.709457,353600,0.0,0.0
2013-07-19,105.839996,107.010002,105.260002,105.669998,103.688972,542400,0.0,0.0
2013-07-22,105.720001,106.459999,105.129997,106.169998,104.179573,461200,0.0,0.0
2013-07-23,106.400002,107.93,105.910004,106.989998,104.9842,341100,0.0,0.0
2013-07-24,107.370003,108.279999,106.790001,107.529999,105.514099,412900,0.0,0.0
2013-07-25,107.599998,113.919998,106.93,113.0,110.881538,614300,0.0,0.0
2013-07-26,112.900002,113.870003,111.400002,112.230003,110.125977,462800,0.0,0.0
2013-07-29,111.089996,115.75,110.870003,115.620003,113.452423,1076900,0.0,0.0
2013-07-30,115.410004,119.32,114.0,119.050003,116.818115,958100,0.0,0.0
2013-07-31,118.589996,119.440002,116.470001,117.43,115.228477,615200,0.0,0.0
2013-08-01,118.610001,121.57,117.589996,121.470001,119.192749,1107300,0.0,0.0
2013-08-02,132.940002,136.520004,126.779999,128.369995,125.963394,2438800,0.0,0.0
2013-08-05,128.279999,130.699997,128.029999,129.869995,127.435249,610400,0.0,0.0
2013-08-06,129.580002,129.589996,125.019997,126.699997,124.324692,391100,0.0,0.0
2013-08-07,125.519997,126.529999,123.129997,123.690002,121.371147,483300,0.0,0.0
2013-08-08,124.160004,126.080002,123.110001,124.230003,121.901009,505400,0.0,0.0
2013-08-09,124.029999,124.910004,122.989998,123.650002,121.331871,330800,0.0,0.0
2013-08-12,122.82,126.480003,122.660004,125.730003,123.372902,372100,0.0,0.0
2013-08-13,125.800003,130.740005,124.269997,129.270004,126.846504,604600,0.0,0.0
2013-08-14,129.949997,129.979996,125.32,126.510002,124.13826,353300,0.0,0.0
2013-08-15,124.870003,126.610001,122.800003,123.0,120.694084,285300,0.0,0.0
2013-08-16,123.0,123.709999,121.220001,121.910004,119.624512,367500,0.0,0.0
2013-08-19,122.029999,123.860001,120.669998,120.970001,118.702118,218900,0.0,0.0
2013-08-20,121.099998,121.970001,119.709999,120.010002,117.760124,232400,0.0,0.0
2013-08-21,119.900002,124.709999,119.18,121.489998,119.212372,741900,0.0,0.0
2013-08-22,122.0,123.07,120.010002,123.010002,120.70388,150700,0.0,0.0
2013-08-23,123.019997,124.550003,120.309998,123.290001,120.978622,229200,0.0,0.0
2013-08-26,123.209999,125.300003,122.589996,124.169998,121.842133,258100,0.0,0.0
2013-08-27,122.0,123.07,119.660004,119.879997,117.632561,333900,0.0,0.0
2013-08-28,119.669998,121.849998,119.669998,120.940002,118.672684,185400,0.0,0.0
2013-08-29,120.349998,122.830002,120.349998,121.18,118.908195,173300,0.0,0.0
2013-08-30,121.57,122.120003,117.239998,118.690002,116.464874,372300,0.0,0.0
2013-09-03,120.699997,123.0,119.57,121.290001,119.016144,665600,0.0,0.0
2013-09-04,121.309998,122.150002,119.5,121.040001,118.770821,504000,0.0,0.0
2013-09-05,121.040001,124.389999,121.040001,123.059998,120.752937,505000,0.0,0.0
2013-09-06,123.349998,124.120003,118.620003,119.980003,117.730682,545200,0.0,0.0
2013-09-09,120.239998,129.440002,119.480003,128.5,126.090958,814500,0.0,0.0
2013-09-10,129.440002,132.850006,127.82,131.539993,129.073959,794200,0.0,0.0
2013-09-11,130.460007,131.580002,128.429993,128.970001,126.552147,373900,0.0,0.0
2013-09-12,128.5,130.279999,125.510002,126.519997,124.148056,583400,0.0,0.0
2013-09-13,126.370003,126.989998,123.809998,125.370003,123.019623,367700,0.0,0.0
2013-09-16,127.529999,127.910004,124.470001,124.720001,122.381821,279700,0.0,0.0
2013-09-17,124.199997,127.860001,124.199997,127.330002,124.942871,354300,0.0,0.0
2013-09-18,126.980003,129.330002,124.029999,128.869995,126.454018,415600,0.0,0.0
2013-09-19,128.899994,130.490005,128.0,128.710007,126.297043,377700,0.0,0.0
2013-09-20,129.009995,129.979996,128.210007,129.0,126.581589,275300,0.0,0.0
2013-09-23,128.949997,129.5,127.82,128.759995,126.346069,464200,0.0,0.0
2013-09-24,128.809998,131.740005,127.660004,130.690002,128.239914,410600,0.0,0.0
2013-09-25,130.550003,131.699997,128.399994,129.089996,126.669891,404300,0.0,0.0
2013-09-26,129.25,131.649994,128.029999,131.25,128.93222,192100,0.143,0.0
2013-09-27,130.0,136.729996,129.110001,135.449997,133.05806,623400,0.0,0.0
2013-09-30,134.100006,137.600006,132.009995,134.910004,132.527618,529300,0.0,0.0
2013-10-01,135.490005,138.440002,135.020004,138.320007,135.877396,268500,0.0,0.0
2013-10-02,137.160004,138.869995,136.259995,137.690002,135.25853,295300,0.0,0.0
2013-10-03,137.270004,137.860001,134.800003,137.080002,134.659271,324700,0.0,0.0
2013-10-04,136.339996,141.270004,136.330002,139.75,137.282135,393300,0.0,0.0
2013-10-07,137.580002,139.440002,136.429993,136.979996,134.561035,261400,0.0,0.0
2013-10-08,136.289993,137.899994,128.740005,128.919998,126.643387,709900,0.0,0.0
2013-10-09,128.649994,129.929993,124.459999,127.019997,124.776924,692700,0.0,0.0
2013-10-10,130.75,133.630005,128.160004,131.929993,129.600204,470200,0.0,0.0
2013-10-11,132.020004,132.809998,129.570007,132.0,129.668961,314900,0.0,0.0
2013-10-14,130.0,131.860001,129.259995,131.240005,128.922424,226400,0.0,0.0
2013-10-15,131.470001,133.270004,130.210007,132.710007,130.36647,316100,0.0,0.0
2013-10-16,133.979996,135.889999,133.029999,135.179993,132.792801,207300,0.0,0.0
2013-10-17,135.0,138.009995,134.529999,137.330002,134.904831,285400,0.0,0.0
2013-10-18,138.860001,144.050003,137.0,141.770004,139.266449,424700,0.0,0.0
2013-10-21,141.880005,143.839996,139.789993,142.850006,140.327393,247000,0.0,0.0
2013-10-22,143.509995,145.990005,140.470001,141.550003,139.050308,487000,0.0,0.0
2013-10-23,140.779999,141.210007,138.009995,138.470001,136.024719,220500,0.0,0.0
2013-10-24,139.5,140.479996,138.809998,139.570007,137.105316,190800,0.0,0.0
2013-10-25,140.940002,142.25,138.0,140.309998,137.832245,250100,0.0,0.0
2013-10-28,140.949997,140.949997,135.690002,137.009995,134.5905,360700,0.0,0.0
2013-10-29,137.380005,138.0,135.020004,136.880005,134.46283,635700,0.0,0.0
2013-10-30,136.389999,137.729996,130.649994,133.679993,131.319336,716300,0.0,0.0
2013-10-31,133.559998,135.75,132.139999,134.639999,132.262344,328600,0.0,0.0
2013-11-01,135.729996,137.070007,133.639999,134.970001,132.586533,295300,0.0,0.0
2013-11-04,135.029999,136.929993,134.080002,135.800003,133.401871,455100,0.0,0.0
2013-11-05,135.600006,136.0,132.630005,133.800003,131.437195,600200,0.0,0.0
2013-11-06,119.209999,124.559998,116.82,120.480003,118.352432,3239900,0.0,0.0
2013-11-07,119.889999,120.489998,116.779999,117.040001,114.973167,1455500,0.0,0.0
2013-11-08,117.239998,118.620003,113.709999,114.330002,112.311012,1146300,0.0,0.0
2013-11-11,113.910004,115.400002,112.910004,114.040001,112.026146,699800,0.0,0.0
2013-11-12,113.75,113.889999,108.349998,109.989998,108.047661,1236200,0.0,0.0
2013-11-13,108.480003,112.150002,108.239998,111.519997,109.550621,577500,0.0,0.0
2013-11-14,110.779999,113.190002,109.589996,113.040001,111.043831,527100,0.0,0.0
2013-11-15,113.0,114.830002,111.519997,114.169998,112.153847,612700,0.0,0.0
2013-11-18,108.970001,114.099998,108.970001,111.029999,109.06929,1741900,0.0,0.0
2013-11-19,110.599998,111.220001,107.650002,108.610001,106.692024,686200,0.0,0.0
2013-11-20,108.629997,110.480003,106.599998,108.32,106.407158,722300,0.0,0.0
2013-11-21,109.300003,113.580002,109.110001,113.190002,111.191147,858200,0.0,0.0
2013-11-22,113.269997,114.809998,112.019997,112.379997,110.395432,493000,0.0,0.0
2013-11-25,112.489998,114.540001,109.010002,109.910004,107.969078,624000,0.0,0.0
2013-11-26,109.989998,112.629997,109.07,111.940002,109.963226,399600,0.0,0.0
2013-11-27,111.839996,112.940002,111.199997,111.629997,109.658691,201200,0.0,0.0
2013-11-29,112.510002,112.57,110.139999,110.709999,108.754944,249500,0.0,0.0
2013-12-02,110.709999,112.019997,107.010002,107.150002,105.25782,545400,0.0,0.0
2013-12-03,106.709999,106.889999,103.75,104.470001,102.625137,899600,0.0,0.0
2013-12-04,103.989998,106.860001,103.959999,106.050003,104.177231,721100,0.0,0.0
2013-12-05,106.389999,106.389999,104.330002,105.279999,103.420845,829500,0.0,0.0
2013-12-06,106.540001,106.889999,104.5,106.080002,104.206696,404200,0.0,0.0
2013-12-09,105.790001,108.599998,105.379997,106.209999,104.334419,465900,0.0,0.0
2013-12-10,105.610001,108.699997,105.510002,108.07,106.161568,368900,0.0,0.0
2013-12-11,108.050003,109.260002,106.0,106.260002,104.383522,654400,0.0,0.0
2013-12-12,106.849998,107.0,104.349998,104.790001,102.939491,690800,0.0,0.0
2013-12-13,105.279999,105.860001,101.160004,101.510002,99.717392,724800,0.0,0.0
2013-12-16,101.309998,102.980003,100.129997,102.760002,100.945351,662000,0.0,0.0
2013-12-17,99.610001,105.269997,99.07,104.309998,102.467964,898800,0.0,0.0
2013-12-18,103.360001,104.510002,99.5,102.919998,101.102509,867100,0.0,0.0
2013-12-19,102.220001,102.900002,101.389999,102.059998,100.25769,624000,0.0,0.0
2013-12-20,102.089996,103.57,101.660004,102.059998,100.25769,550900,0.0,0.0
2013-12-23,103.5,107.309998,102.870003,106.449997,104.570168,829000,0.0,0.0
2013-12-24,105.519997,107.669998,105.080002,107.010002,105.120285,333400,0.0,0.0
2013-12-26,106.489998,108.440002,106.489998,107.519997,105.621269,458700,0.0,0.0
2013-12-27,107.809998,108.080002,105.940002,106.010002,104.276627,371000,0.143,0.0
2013-12-30,105.910004,107.809998,105.230003,106.879997,105.132378,514600,0.0,0.0
2013-12-31,107.019997,108.480003,106.419998,107.790001,106.027542,350600,0.0,0.0
2014-01-02,106.720001,107.370003,103.07,103.410004,101.719131,769100,0.0,0.0
2014-01-03,104.040001,104.93,102.959999,103.93,102.230621,317900,0.0,0.0
2014-01-06,105.18,105.18,101.029999,101.489998,99.830521,632300,0.0,0.0
2014-01-07,100.5,101.260002,97.099998,99.110001,97.489449,1040300,0.0,0.0
2014-01-08,99.089996,100.879997,98.980003,99.470001,97.843559,531600,0.0,0.0
2014-01-09,100.550003,101.129997,97.739998,98.519997,96.909081,573100,0.0,0.0
2014-01-10,97.669998,99.400002,97.279999,99.129997,97.509132,631500,0.0,0.0
2014-01-13,98.610001,99.360001,93.889999,94.57,93.023666,623200,0.0,0.0
2014-01-14,94.860001,98.150002,94.339996,97.5,95.905769,687300,0.0,0.0
2014-01-15,97.129997,98.279999,95.739998,97.760002,96.161522,480300,0.0,0.0
2014-01-16,98.43,109.220001,97.059998,107.470001,105.712746,1698800,0.0,0.0
2014-01-17,107.5,108.830002,104.230003,104.980003,103.263481,774200,0.0,0.0
2014-01-21,105.989998,107.480003,103.379997,105.059998,103.342148,507100,0.0,0.0
2014-01-22,105.059998,108.0,103.32,106.349998,104.611061,631900,0.0,0.0
2014-01-23,105.830002,105.849998,97.5,100.529999,98.886223,2005100,0.0,0.0
2014-01-24,97.5,98.0,94.57,95.050003,93.495834,1572000,0.0,0.0
2014-01-27,91.57,98.720001,91.0,95.269997,93.712242,1873200,0.0,0.0
2014-01-28,95.160004,99.300003,94.82,97.870003,96.269714,1077400,0.0,0.0
2014-01-29,95.419998,98.650002,94.080002,94.519997,92.974503,1361300,0.0,0.0
2014-01-30,95.32,97.639999,94.660004,96.900002,95.315598,1152400,0.0,0.0
2014-01-31,95.230003,99.980003,94.769997,96.489998,94.912277,1005800,0.0,0.0
2014-02-03,95.870003,96.480003,91.709999,92.089996,90.584236,731100,0.0,0.0
2014-02-04,92.879997,93.650002,91.110001,91.5,90.003883,725900,0.0,0.0
2014-02-05,91.449997,94.43,91.110001,93.330002,91.80397,1236100,0.0,0.0
2014-02-06,93.849998,95.480003,93.339996,93.989998,92.453148,585500,0.0,0.0
2014-02-07,94.75,96.589996,94.050003,95.269997,93.712242,920800,0.0,0.0
2014-02-10,95.419998,96.0,94.389999,94.93,93.3778,391900,0.0,0.0
2014-02-11,94.870003,96.169998,94.599998,95.330002,93.771248,511200,0.0,0.0
2014-02-12,95.709999,96.709999,92.5,93.089996,91.567886,449300,0.0,0.0
2014-02-13,92.139999,96.5,92.010002,95.970001,94.400787,506800,0.0,0.0
2014-02-14,95.25,97.589996,94.230003,95.309998,93.751587,562300,0.0,0.0
2014-02-18,95.150002,96.720001,93.290001,93.550003,92.020355,758500,0.0,0.0
2014-02-19,93.959999,94.540001,91.860001,92.669998,91.154732,776200,0.0,0.0
2014-02-20,92.589996,94.010002,91.610001,92.949997,91.430176,858100,0.0,0.0
2014-02-21,93.260002,93.260002,90.57,91.0,89.512039,492300,0.0,0.0
2014-02-24,91.0,92.690002,90.5,91.07,89.580917,738100,0.0,0.0
2014-02-25,90.959999,91.239998,87.879997,89.470001,88.007057,1568600,0.0,0.0
2014-02-26,90.0,96.900002,89.129997,93.980003,92.443336,1402500,0.0,0.0
2014-02-27,93.690002,95.410004,93.019997,94.230003,92.689255,1651100,0.0,0.0
2014-02-28,108.57,112.879997,100.239998,104.18,102.476547,3988500,0.0,0.0
2014-03-03,102.389999,103.910004,100.150002,102.190002,100.519081,961000,0.0,0.0
2014-03-04,103.309998,106.25,102.900002,105.730003,104.001213,775900,0.0,0.0
2014-03-05,105.989998,106.879997,102.720001,105.839996,104.109406,638700,0.0,0.0
2014-03-06,105.980003,107.290001,102.870003,103.220001,101.532249,575800,0.0,0.0
2014-03-07,104.010002,104.870003,99.230003,101.18,99.525589,726700,0.0,0.0
2014-03-10,100.650002,101.349998,99.760002,100.07,98.433746,622600,0.0,0.0
2014-03-11,100.339996,101.150002,99.760002,100.510002,98.866547,722500,0.0,0.0
2014-03-12,100.209999,100.400002,98.040001,99.650002,98.020622,626900,0.0,0.0
2014-03-13,100.830002,101.389999,95.809998,96.419998,94.84343,458200,0.0,0.0
2014-03-14,97.059998,97.830002,94.529999,97.0,95.413956,667700,0.0,0.0
2014-03-17,97.730003,98.779999,97.519997,98.5,96.889427,541600,0.0,0.0
2014-03-18,98.349998,99.440002,96.910004,98.82,97.204185,408700,0.0,0.0
2014-03-19,99.260002,100.690002,95.660004,96.400002,94.823761,236400,0.0,0.0
2014-03-20,96.400002,96.82,94.449997,95.139999,93.584373,417800,0.0,0.0
2014-03-21,96.25,96.32,94.779999,95.550003,93.987663,508100,0.0,0.0
2014-03-24,96.5,96.5,91.25,93.379997,91.853127,852600,0.0,0.0
2014-03-25,95.68,96.0,91.370003,93.010002,91.489189,865100,0.0,0.0
2014-03-26,94.32,97.129997,93.900002,96.120003,94.548355,958500,0.0,0.0
2014-03-27,96.040001,98.0,93.019997,94.709999,93.322563,697200,0.166,0.0
2014-03-28,95.43,97.879997,95.089996,96.279999,94.86956,528100,0.0,0.0
2014-03-31,94.809998,96.599998,93.769997,95.110001,93.71669,466800,0.0,0.0
2014-04-01,95.43,99.0,95.25,95.970001,94.564102,809300,0.0,0.0
2014-04-02,95.769997,97.68,94.209999,95.480003,94.081276,495000,0.0,0.0
2014-04-03,95.349998,95.790001,92.82,92.959999,91.598183,579400,0.0,0.0
2014-04-04,93.779999,94.43,87.830002,89.150002,87.844017,892900,0.0,0.0
2014-04-07,89.459999,89.5,83.529999,84.209999,82.976372,1827100,0.0,0.0
2014-04-08,84.639999,86.959999,84.220001,85.449997,84.198212,631300,0.0,0.0
2014-04-09,86.139999,91.980003,85.010002,91.769997,90.425644,834400,0.0,0.0
2014-04-10,91.919998,92.010002,87.330002,87.779999,86.494102,585500,0.0,0.0
2014-04-11,86.25,89.739998,85.190002,85.910004,84.651482,397700,0.0,0.0
2014-04-14,87.360001,88.330002,86.279999,86.900002,85.626968,346100,0.0,0.0
2014-04-15,87.559998,87.559998,82.080002,84.089996,82.858124,873900,0.0,0.0
2014-04-16,86.309998,86.309998,84.110001,84.639999,83.40007,563300,0.0,0.0
2014-04-17,84.93,86.900002,83.690002,86.150002,84.887955,1772300,0.0,0.0
2014-04-21,86.0,86.68,84.379997,85.010002,83.764641,411200,0.0,0.0
2014-04-22,84.879997,86.760002,84.769997,85.550003,84.296761,800200,0.0,0.0
2014-04-23,84.910004,87.269997,84.779999,86.559998,85.291946,518200,0.0,0.0
2014-04-24,87.379997,89.760002,85.529999,89.360001,88.050941,572900,0.0,0.0
2014-04-25,87.610001,88.889999,85.959999,87.279999,86.001396,972100,0.0,0.0
2014-04-28,88.360001,88.360001,85.010002,87.470001,86.188614,850700,0.0,0.0
2014-04-29,88.330002,89.169998,86.690002,87.900002,86.61232,569500,0.0,0.0
2014-04-30,88.839996,93.330002,88.32,93.269997,91.903648,748300,0.0,0.0
2014-05-01,92.82,93.839996,88.809998,89.419998,88.110054,721800,0.0,0.0
2014-05-02,89.43,90.959999,88.480003,89.120003,87.814445,295000,0.0,0.0
2014-05-05,88.709999,89.169998,87.669998,88.470001,87.173958,226400,0.0,0.0
2014-05-06,87.730003,88.93,84.709999,84.839996,83.597153,490400,0.0,0.0
2014-05-07,84.879997,85.760002,80.440002,84.120003,82.887703,1002500,0.0,0.0
2014-05-08,84.120003,86.480003,82.589996,83.260002,82.040298,761100,0.0,0.0
2014-05-09,88.989998,88.989998,81.669998,84.57,83.331116,2146500,0.0,0.0
2014-05-12,84.82,87.989998,84.82,86.639999,85.370789,774300,0.0,0.0
2014-05-13,86.900002,87.790001,85.800003,86.43,85.163864,340700,0.0,0.0
2014-05-14,86.389999,86.900002,84.82,85.940002,84.681038,281500,0.0,0.0
2014-05-15,85.080002,85.540001,82.879997,85.230003,83.981422,775500,0.0,0.0
2014-05-16,84.989998,85.480003,83.529999,84.989998,83.744949,663700,0.0,0.0
2014-05-19,84.029999,85.0,82.220001,84.050003,82.818733,1927300,0.0,0.0
2014-05-20,83.900002,84.440002,79.699997,80.529999,79.350281,1443700,0.0,0.0
2014-05-21,80.480003,83.080002,79.519997,80.910004,79.724724,2122400,0.0,0.0
2014-05-22,80.540001,85.489998,80.540001,84.160004,82.927132,1222500,0.0,0.0
2014-05-23,84.050003,84.889999,82.0,84.110001,82.877853,790700,0.0,0.0
2014-05-27,84.43,84.93,81.779999,84.120003,82.887703,685900,0.0,0.0
2014-05-28,83.379997,84.099998,81.989998,82.099998,80.897301,748900,0.0,0.0
2014-05-29,85.93,90.510002,84.419998,87.610001,86.326569,2114600,0.0,0.0
2014-05-30,86.480003,87.360001,83.879997,85.07,83.823784,899000,0.0,0.0
2014-06-02,85.220001,85.940002,83.459999,83.860001,82.6315,660300,0.0,0.0
2014-06-03,83.379997,84.910004,83.059998,84.82,83.577446,555300,0.0,0.0
2014-06-04,84.089996,86.879997,84.089996,84.739998,83.498611,428800,0.0,0.0
2014-06-05,85.160004,88.699997,84.269997,87.889999,86.60247,624400,0.0,0.0
2014-06-06,88.0,89.809998,87.809998,88.120003,86.829102,483600,0.0,0.0
2014-06-09,87.769997,90.0,87.290001,88.370003,87.075424,464600,0.0,0.0
2014-06-10,88.349998,90.489998,88.349998,89.620003,88.307144,452600,0.0,0.0
2014-06-11,88.519997,89.949997,87.550003,88.330002,87.036018,447900,0.0,0.0
2014-06-12,88.360001,89.279999,86.239998,87.330002,86.050667,291700,0.0,0.0
2014-06-13,88.449997,89.610001,86.330002,87.540001,86.257591,426100,0.0,0.0
2014-06-16,87.389999,87.879997,85.389999,87.190002,85.912727,546200,0.0,0.0
2014-06-17,86.809998,89.370003,86.690002,88.529999,87.233093,293400,0.0,0.0
2014-06-18,88.080002,88.93,87.080002,88.849998,87.548386,270300,0.0,0.0
2014-06-19,88.199997,91.339996,88.199997,90.669998,89.341736,515600,0.0,0.0
2014-06-20,91.0,91.529999,90.209999,91.07,89.735878,579600,0.0,0.0
2014-06-23,91.489998,93.709999,91.080002,92.779999,91.42083,555300,0.0,0.0
2014-06-24,91.260002,93.489998,89.5,91.650002,90.307388,1160200,0.0,0.0
2014-06-25,92.050003,92.959999,89.400002,89.669998,88.356384,818700,0.0,0.0
2014-06-26,89.669998,90.879997,88.82,90.82,89.655518,497600,0.166,0.0
2014-06-27,90.93,93.879997,90.209999,93.879997,92.6763,597400,0.0,0.0
2014-06-30,94.0,97.440002,93.610001,95.400002,94.176781,888300,0.0,0.0
2014-07-01,95.400002,97.220001,94.540001,95.970001,94.739494,577400,0.0,0.0
2014-07-02,95.510002,97.43,93.18,95.519997,94.295258,560800,0.0,0.0
2014-07-03,95.980003,96.879997,95.099998,96.040001,94.808601,237400,0.0,0.0
2014-07-07,96.040001,96.620003,93.599998,94.139999,92.932945,292300,0.0,0.0
2014-07-08,93.93,93.93,89.5,90.260002,89.102707,740800,0.0,0.0
2014-07-09,90.580002,91.739998,90.029999,91.400002,90.228088,362300,0.0,0.0
2014-07-10,89.599998,91.910004,89.080002,90.620003,89.458092,453100,0.0,0.0
2014-07-11,90.389999,91.910004,90.099998,90.379997,89.221169,269900,0.0,0.0
2014-07-14,91.050003,92.489998,90.339996,91.300003,90.129364,214000,0.0,0.0
2014-07-15,91.379997,91.769997,90.120003,90.57,89.408722,395700,0.0,0.0
2014-07-16,90.970001,91.919998,89.830002,90.870003,89.70488,427100,0.0,0.0
2014-07-17,90.760002,90.919998,86.25,86.980003,85.864754,875000,0.0,0.0
2014-07-18,87.849998,89.410004,87.349998,89.290001,88.145142,294400,0.0,0.0
2014-07-21,89.160004,89.510002,88.209999,89.330002,88.184624,225700,0.0,0.0
2014-07-22,90.220001,90.220001,88.82,89.470001,88.32283,338800,0.0,0.0
2014-07-23,89.449997,90.889999,89.419998,89.93,88.776924,272800,0.0,0.0
2014-07-24,90.209999,92.459999,89.949997,91.760002,90.583473,703700,0.0,0.0
2014-07-25,90.900002,91.660004,89.879997,90.5,89.339645,691700,0.0,0.0
2014-07-28,90.190002,91.760002,89.760002,91.620003,90.445274,294200,0.0,0.0
2014-07-29,91.040001,92.639999,90.860001,90.949997,89.783852,337800,0.0,0.0
2014-07-30,91.57,94.480003,91.150002,94.089996,92.883583,518600,0.0,0.0
2014-07-31,92.769997,93.699997,91.839996,92.5,91.313972,424600,0.0,0.0
2014-08-01,92.5,93.389999,90.629997,91.599998,90.425522,548000,0.0,0.0
2014-08-04,91.629997,93.779999,91.510002,93.269997,92.074104,266000,0.0,0.0
2014-08-05,92.519997,93.75,91.75,92.339996,91.156036,275600,0.0,0.0
2014-08-06,91.540001,93.389999,91.110001,92.910004,91.718727,293000,0.0,0.0
2014-08-07,94.199997,94.809998,91.589996,92.440002,91.254753,749300,0.0,0.0
2014-08-08,101.730003,108.940002,100.269997,105.849998,104.492805,3027400,0.0,0.0
2014-08-11,106.120003,109.910004,105.849998,109.139999,107.740616,848000,0.0,0.0
2014-08-12,108.660004,110.480003,107.610001,109.120003,107.720886,602700,0.0,0.0
2014-08-13,110.339996,111.860001,109.150002,111.68,110.24807,615400,0.0,0.0
2014-08-14,112.349998,112.400002,110.339996,111.5,110.070366,317500,0.0,0.0
2014-08-15,112.080002,112.389999,109.129997,109.879997,108.471123,589200,0.0,0.0
2014-08-18,111.209999,111.510002,110.190002,111.480003,110.050621,503600,0.0,0.0
2014-08-19,111.699997,114.209999,110.739998,114.019997,112.55806,509100,0.0,0.0
2014-08-20,113.400002,113.919998,112.029999,113.269997,111.817665,336100,0.0,0.0
2014-08-21,112.800003,114.940002,112.309998,114.230003,112.765358,481000,0.0,0.0
2014-08-22,113.449997,113.919998,111.209999,113.550003,112.09407,397100,0.0,0.0
2014-08-25,114.800003,114.800003,112.199997,113.5,112.044716,258500,0.0,0.0
2014-08-26,113.940002,115.510002,113.129997,114.68,113.209587,653500,0.0,0.0
2014-08-27,114.5,115.400002,113.510002,114.589996,113.12075,373300,0.0,0.0
2014-08-28,113.18,114.980003,113.18,114.68,113.209587,320900,0.0,0.0
2014-08-29,116.019997,116.629997,113.980003,114.949997,113.476128,534500,0.0,0.0
2014-09-02,115.099998,116.529999,114.370003,115.330002,113.851273,600800,0.0,0.0
2014-09-03,116.269997,117.870003,115.580002,117.309998,115.805878,899500,0.0,0.0
2014-09-04,117.5,118.900002,117.110001,117.32,115.81575,697600,0.0,0.0
2014-09-05,116.760002,118.269997,116.190002,117.449997,115.944077,253900,0.0,0.0
2014-09-08,116.989998,118.110001,116.510002,117.32,115.81575,187400,0.0,0.0
2014-09-09,117.089996,118.610001,116.620003,117.620003,116.1119,612500,0.0,0.0
2014-09-10,117.209999,118.0,115.25,117.050003,115.549194,796600,0.0,0.0
2014-09-11,115.720001,117.029999,113.5,114.190002,112.725891,771000,0.0,0.0
2014-09-12,113.639999,115.610001,113.459999,114.830002,113.357666,434000,0.0,0.0
2014-09-15,114.830002,115.080002,111.459999,112.360001,110.919334,579000,0.0,0.0
2014-09-16,112.18,113.889999,111.389999,113.440002,111.985504,338100,0.0,0.0
2014-09-17,113.959999,114.860001,113.089996,113.529999,112.074326,204200,0.0,0.0
2014-09-18,113.720001,114.940002,110.989998,111.639999,110.20858,476700,0.0,0.0
2014-09-19,111.870003,112.830002,111.330002,112.459999,111.018044,359000,0.0,0.0
2014-09-22,112.690002,113.720001,110.589996,110.879997,109.458305,485200,0.0,0.0
2014-09-23,110.279999,111.82,110.0,110.919998,109.49781,535000,0.0,0.0
2014-09-24,111.190002,114.059998,110.709999,113.389999,111.936134,373700,0.0,0.0
2014-09-25,112.690002,113.620003,109.879997,110.620003,109.20166,619400,0.0,0.0
2014-09-26,110.589996,112.139999,110.110001,111.32,110.057823,364800,0.166,0.0
2014-09-29,108.550003,109.900002,107.089996,109.199997,107.961853,478900,0.0,0.0
2014-09-30,109.199997,110.330002,107.949997,108.650002,107.418091,454000,0.0,0.0
2014-10-01,108.230003,111.120003,107.68,110.720001,109.46463,701100,0.0,0.0
2014-10-02,110.279999,111.709999,107.440002,111.080002,109.820572,926700,0.0,0.0
2014-10-03,112.379997,114.57,111.440002,111.519997,110.255554,503600,0.0,0.0
2014-10-06,113.0,113.949997,110.739998,112.110001,110.83886,343600,0.0,0.0
2014-10-07,111.309998,112.849998,110.480003,110.809998,109.553619,512200,0.0,0.0
2014-10-08,110.970001,113.870003,109.5,113.75,112.460281,632900,0.0,0.0
2014-10-09,113.019997,113.809998,111.400002,111.580002,110.314888,607100,0.0,0.0
2014-10-10,111.349998,112.440002,108.839996,109.370003,108.129936,912000,0.0,0.0
2014-10-13,109.139999,111.360001,107.82,109.050003,107.813568,446200,0.0,0.0
2014-10-14,109.779999,110.830002,106.610001,108.029999,106.805122,462200,0.0,0.0
2014-10-15,106.660004,109.57,102.440002,106.160004,104.956322,1043500,0.0,0.0
2014-10-16,103.599998,107.190002,103.099998,105.940002,104.738846,817300,0.0,0.0
2014-10-17,107.279999,107.720001,103.599998,104.269997,103.087769,508000,0.0,0.0
2014-10-20,103.980003,107.660004,103.370003,106.959999,105.747269,400900,0.0,0.0
2014-10-21,107.599998,110.449997,107.440002,110.339996,109.088943,375300,0.0,0.0
2014-10-22,110.43,110.57,106.730003,106.849998,105.638496,253900,0.0,0.0
2014-10-23,107.889999,109.57,107.0,107.400002,106.182281,380900,0.0,0.0
2014-10-24,107.910004,113.040001,106.290001,112.160004,110.888306,787700,0.0,0.0
2014-10-27,110.010002,110.779999,108.150002,109.730003,108.485863,501400,0.0,0.0
2014-10-28,110.699997,115.599998,109.199997,115.550003,114.239868,724300,0.0,0.0
2014-10-29,115.360001,116.0,112.25,113.760002,112.470177,786900,0.0,0.0
2014-10-30,113.400002,115.949997,112.389999,115.199997,113.893837,997000,0.0,0.0
2014-10-31,134.009995,144.229996,131.059998,136.149994,134.606293,2911400,0.0,0.0
2014-11-03,135.860001,138.029999,135.279999,136.240005,134.695282,1584500,0.0,0.0
2014-11-04,136.110001,140.559998,135.119995,139.380005,137.799683,1986400,0.0,0.0
2014-11-05,140.160004,141.0,135.869995,136.479996,134.932541,987400,0.0,0.0
2014-11-06,135.429993,136.309998,134.070007,134.660004,133.133194,919200,0.0,0.0
2014-11-07,135.0,135.699997,133.619995,134.75,133.222153,517500,0.0,0.0
2014-11-10,135.25,136.850006,134.070007,136.539993,134.991867,473800,0.0,0.0
2014-11-11,136.339996,137.300003,133.130005,134.929993,133.400131,951400,0.0,0.0
2014-11-12,135.029999,136.5,134.220001,135.479996,133.943863,280300,0.0,0.0
2014-11-13,135.160004,136.100006,131.779999,132.220001,130.720871,719400,0.0,0.0
2014-11-14,131.669998,135.199997,131.25,134.619995,133.093628,327200,0.0,0.0
2014-11-17,135.619995,136.679993,132.009995,133.710007,132.19397,472900,0.0,0.0
2014-11-18,134.210007,136.669998,133.029999,135.5,133.963654,348800,0.0,0.0
2014-11-19,135.850006,137.429993,133.779999,135.320007,133.785736,382100,0.0,0.0
2014-11-20,134.789993,137.600006,134.600006,135.979996,134.438232,300600,0.0,0.0
2014-11-21,137.570007,139.320007,135.479996,138.710007,137.137253,505600,0.0,0.0
2014-11-24,138.509995,140.270004,137.75,140.0,138.412613,331100,0.0,0.0
2014-11-25,139.320007,141.910004,139.020004,140.619995,139.025604,292700,0.0,0.0
2014-11-26,141.0,141.5,140.009995,141.059998,139.460648,216500,0.0,0.0
2014-11-28,141.0,142.25,140.0,140.940002,139.341995,136200,0.0,0.0
2014-12-01,140.5,141.869995,138.729996,139.800003,138.21492,695800,0.0,0.0
2014-12-02,140.0,141.479996,139.070007,140.25,138.659805,426900,0.0,0.0
2014-12-03,140.300003,142.389999,137.179993,140.600006,139.005844,752900,0.0,0.0
2014-12-04,140.75,141.059998,138.220001,139.210007,137.631607,313300,0.0,0.0
2014-12-05,139.029999,140.059998,138.020004,138.199997,136.633041,269800,0.0,0.0
2014-12-08,139.100006,141.619995,137.539993,139.990005,138.402756,490100,0.0,0.0
2014-12-09,138.320007,140.910004,135.910004,140.380005,138.78833,414400,0.0,0.0
2014-12-10,140.320007,140.789993,134.770004,135.509995,133.973557,331900,0.0,0.0
2014-12-11,135.669998,138.169998,134.800003,135.529999,133.993317,223900,0.0,0.0
2014-12-12,134.509995,137.889999,134.429993,134.600006,133.073883,250600,0.0,0.0
2014-12-15,136.649994,137.460007,133.779999,134.279999,132.757492,662400,0.0,0.0
2014-12-16,132.889999,136.990005,126.650002,127.0,125.560043,634200,0.0,0.0
2014-12-17,126.830002,130.630005,124.879997,128.979996,127.517593,476100,0.0,0.0
2014-12-18,130.259995,131.199997,127.169998,128.130005,126.677238,359900,0.0,0.0
2014-12-19,128.789993,130.119995,127.68,128.5,127.04303,268400,0.0,0.0
2014-12-22,128.75,129.949997,126.839996,127.410004,125.965416,332800,0.0,0.0
2014-12-23,127.610001,127.68,125.93,126.540001,125.105263,260700,0.0,0.0
2014-12-24,127.25,130.130005,126.790001,127.839996,126.390518,128500,0.0,0.0
2014-12-26,128.809998,130.070007,128.539993,129.729996,128.259094,228400,0.0,0.0
2014-12-29,129.649994,130.179993,128.130005,129.449997,128.146271,171700,0.166,0.0
2014-12-30,129.479996,130.919998,127.279999,127.699997,126.413864,216800,0.0,0.0
2014-12-31,127.739998,128.770004,126.889999,127.669998,126.384163,170100,0.0,0.0
2015-01-02,127.900002,128.309998,124.559998,125.849998,124.582504,207900,0.0,0.0
2015-01-05,124.860001,125.809998,122.760002,124.300003,123.048119,335600,0.0,0.0
2015-01-06,124.93,126.339996,121.360001,122.080002,120.850471,233900,0.0,0.0
2015-01-07,123.309998,124.290001,121.309998,121.839996,120.612885,227200,0.0,0.0
2015-01-08,123.110001,125.639999,122.550003,123.660004,122.414574,370400,0.0,0.0
2015-01-09,124.07,124.360001,121.279999,122.290001,121.05835,156500,0.0,0.0
2015-01-12,122.580002,122.849998,120.010002,120.279999,119.068604,300300,0.0,0.0
2015-01-13,121.919998,123.230003,118.279999,119.980003,118.771614,326900,0.0,0.0
2015-01-14,118.370003,120.139999,116.720001,118.529999,117.33622,468300,0.0,0.0
2015-01-15,119.230003,119.25,116.860001,116.889999,115.712738,402300,0.0,0.0
2015-01-16,117.739998,120.699997,117.07,119.32,118.118271,396500,0.0,0.0
2015-01-20,119.980003,123.199997,117.980003,122.480003,121.246437,474000,0.0,0.0
2015-01-21,121.769997,125.82,121.769997,123.099998,121.860199,384800,0.0,0.0
2015-01-22,124.300003,125.739998,122.220001,125.660004,124.394409,253500,0.0,0.0
2015-01-23,125.690002,128.759995,125.029999,127.290001,126.00798,357700,0.0,0.0
2015-01-26,127.690002,128.470001,127.07,127.510002,126.225784,353800,0.0,0.0
2015-01-27,127.0,128.300003,124.660004,128.070007,126.780144,386300,0.0,0.0
2015-01-28,129.139999,129.139999,125.440002,126.25,124.978462,409500,0.0,0.0
2015-01-29,125.860001,127.919998,124.239998,127.660004,126.374275,357600,0.0,0.0
2015-01-30,126.860001,128.660004,123.589996,123.940002,122.691734,443000,0.0,0.0
2015-02-02,124.050003,126.610001,123.239998,125.540001,124.27562,280600,0.0,0.0
2015-02-03,125.769997,129.259995,124.32,129.089996,127.789841,389400,0.0,0.0
2015-02-04,128.710007,129.610001,127.110001,127.769997,126.483154,326200,0.0,0.0
2015-02-05,128.009995,129.779999,128.009995,129.570007,128.265045,251100,0.0,0.0
2015-02-06,128.839996,129.669998,125.529999,126.110001,124.839882,286500,0.0,0.0
2015-02-09,125.900002,126.910004,123.720001,125.589996,124.325119,266000,0.0,0.0
2015-02-10,125.800003,129.360001,125.510002,128.350006,127.057335,315800,0.0,0.0
2015-02-11,127.830002,129.589996,126.940002,127.839996,126.552452,248800,0.0,0.0
2015-02-12,129.089996,132.220001,127.900002,131.940002,130.61116,450000,0.0,0.0
2015-02-13,131.320007,132.210007,128.410004,129.990005,128.680817,572000,0.0,0.0
2015-02-17,129.399994,131.850006,128.449997,131.850006,130.522079,364500,0.0,0.0
2015-02-18,131.889999,133.789993,130.889999,132.610001,131.274384,388800,0.0,0.0
2015-02-19,132.630005,133.020004,128.419998,130.5,129.185684,616600,0.0,0.0
2015-02-20,129.990005,131.5,128.669998,130.919998,129.601425,550300,0.0,0.0
2015-02-23,130.429993,132.320007,130.429993,131.559998,130.23497,382200,0.0,0.0
2015-02-24,131.279999,132.559998,130.220001,132.490005,131.155624,491000,0.0,0.0
2015-02-25,132.600006,135.990005,131.339996,134.220001,132.86821,1226400,0.0,0.0
2015-02-26,137.990005,137.990005,129.199997,131.009995,129.690506,1019400,0.0,0.0
2015-02-27,130.550003,135.050003,129.779999,130.970001,129.65094,1449500,0.0,0.0
2015-03-02,130.440002,133.490005,129.539993,133.300003,131.957474,558600,0.0,0.0
2015-03-03,132.559998,134.070007,132.070007,133.899994,132.551437,443400,0.0,0.0
2015-03-04,133.309998,133.979996,130.559998,131.300003,129.977615,569100,0.0,0.0
2015-03-05,131.029999,133.449997,130.25,132.0,130.670563,493500,0.0,0.0
2015-03-06,131.0,132.589996,129.059998,129.199997,127.898766,655300,0.0,0.0
2015-03-09,129.429993,129.990005,123.879997,125.0,123.741074,972000,0.0,0.0
2015-03-10,123.440002,124.550003,122.610001,123.910004,122.662041,618900,0.0,0.0
2015-03-11,125.209999,126.779999,123.910004,126.510002,125.23584,618400,0.0,0.0
2015-03-12,126.150002,128.169998,124.870003,127.889999,126.601959,560400,0.0,0.0
2015-03-13,126.68,128.320007,124.57,125.709999,124.443916,671100,0.0,0.0
2015-03-16,125.529999,127.260002,124.760002,127.089996,125.810013,397400,0.0,0.0
2015-03-17,126.980003,128.0,125.57,127.660004,126.374275,557900,0.0,0.0
2015-03-18,124.5,127.470001,123.889999,126.279999,125.008163,731400,0.0,0.0
2015-03-19,125.690002,126.400002,122.800003,122.910004,121.672104,418400,0.0,0.0
2015-03-20,123.209999,125.300003,122.82,124.589996,123.335182,309600,0.0,0.0
2015-03-23,124.790001,126.5,124.209999,125.43,124.166725,507500,0.0,0.0
2015-03-24,125.720001,126.169998,122.309998,122.339996,121.107849,268600,0.0,0.0
2015-03-25,122.220001,123.199997,120.639999,121.110001,119.890236,374000,0.0,0.0
2015-03-26,121.110001,122.459999,120.529999,121.410004,120.187218,324100,0.0,0.0
2015-03-27,120.980003,122.889999,120.699997,122.849998,121.715973,285000,0.103,0.0
2015-03-30,122.529999,123.139999,121.199997,121.669998,120.54686,327400,0.0,0.0
2015-03-31,120.650002,122.959999,120.650002,122.519997,121.389,323700,0.0,0.0
2015-04-01,122.900002,124.139999,121.599998,123.860001,122.716644,392400,0.0,0.0
2015-04-02,123.589996,125.57,122.949997,125.139999,123.984833,305200,0.0,0.0
2015-04-06,124.900002,127.220001,124.019997,126.269997,125.104408,375300,0.0,0.0
2015-04-07,123.940002,127.25,123.650002,126.970001,125.797935,435600,0.0,0.0
2015-04-08,128.270004,128.899994,126.529999,128.589996,127.402992,318500,0.0,0.0
2015-04-09,129.729996,130.5,127.790001,129.699997,128.502716,252500,0.0,0.0
2015-04-10,129.570007,131.660004,129.449997,131.600006,130.385223,208400,0.0,0.0
2015-04-13,131.839996,132.770004,130.25,130.710007,129.503418,211000,0.0,0.0
2015-04-14,130.470001,131.820007,128.130005,131.570007,130.355469,274600,0.0,0.0
2015-04-15,131.509995,132.940002,130.5,132.199997,130.979675,387100,0.0,0.0
2015-04-16,132.050003,132.610001,130.289993,131.169998,129.959167,191000,0.0,0.0
2015-04-17,129.889999,130.699997,128.429993,130.0,128.799942,371300,0.0,0.0
2015-04-20,130.360001,134.139999,130.179993,133.529999,132.297394,305700,0.0,0.0
2015-04-21,134.429993,139.880005,133.679993,136.949997,135.685806,407300,0.0,0.0
2015-04-22,137.399994,138.460007,135.949997,138.039993,136.765732,359100,0.0,0.0
2015-04-23,138.029999,139.789993,136.259995,138.970001,137.68718,276900,0.0,0.0
2015-04-24,139.110001,139.960007,137.160004,137.479996,136.210922,316300,0.0,0.0
2015-04-27,138.399994,139.350006,136.199997,136.850006,135.586746,304000,0.0,0.0
2015-04-28,141.399994,142.179993,139.199997,140.240005,138.945465,734800,0.0,0.0
2015-04-29,139.789993,143.369995,139.539993,142.979996,141.660187,460000,0.0,0.0
2015-04-30,142.610001,145.860001,142.25,142.330002,141.016159,628100,0.0,0.0
2015-05-01,142.0,145.440002,141.990005,145.350006,144.008255,286600,0.0,0.0
2015-05-04,146.0,153.419998,145.539993,152.270004,150.86438,896200,0.0,0.0
2015-05-05,151.979996,153.320007,148.100006,149.190002,147.81282,581000,0.0,0.0
2015-05-06,149.169998,150.460007,146.929993,148.509995,147.139099,771800,0.0,0.0
2015-05-07,150.050003,151.850006,140.649994,145.100006,143.760574,982700,0.0,0.0
2015-05-08,145.889999,146.970001,144.190002,146.630005,145.276474,475100,0.0,0.0
2015-05-11,145.940002,146.880005,144.699997,146.179993,144.830597,327600,0.0,0.0
2015-05-12,142.309998,146.210007,142.309998,145.669998,144.325333,421000,0.0,0.0
2015-05-13,146.690002,146.690002,143.429993,144.660004,143.324646,264700,0.0,0.0
2015-05-14,144.809998,147.210007,144.119995,146.789993,145.434982,282600,0.0,0.0
2015-05-15,147.110001,147.729996,145.699997,146.460007,145.108047,170300,0.0,0.0
2015-05-18,146.039993,148.360001,145.389999,147.820007,146.455475,218000,0.0,0.0
2015-05-19,148.300003,149.25,145.509995,145.580002,144.23616,404600,0.0,0.0
2015-05-20,145.580002,147.479996,144.080002,147.100006,145.742142,310500,0.0,0.0
2015-05-21,147.470001,149.820007,146.929993,149.009995,147.634491,255900,0.0,0.0
2015-05-22,149.279999,149.729996,146.809998,147.479996,146.118607,288000,0.0,0.0
2015-05-26,147.5,147.5,144.690002,145.740005,144.394684,272200,0.0,0.0
2015-05-27,145.320007,146.570007,143.740005,146.429993,145.078293,436500,0.0,0.0
2015-05-28,146.449997,147.289993,143.669998,146.5,145.147659,217900,0.0,0.0
2015-05-29,146.800003,147.100006,144.649994,145.130005,143.790329,237600,0.0,0.0
2015-06-01,146.119995,147.020004,142.720001,143.679993,142.353653,370900,0.0,0.0
2015-06-02,143.669998,145.25,142.729996,143.009995,141.68985,303900,0.0,0.0
2015-06-03,143.679993,144.389999,142.460007,143.470001,142.14563,319600,0.0,0.0
2015-06-04,143.309998,143.589996,141.539993,143.289993,141.967285,230500,0.0,0.0
2015-06-05,143.199997,145.100006,142.0,144.940002,143.602081,234000,0.0,0.0
2015-06-08,144.639999,145.050003,142.020004,142.679993,141.3629,172100,0.0,0.0
2015-06-09,142.0,143.869995,141.149994,143.259995,141.937561,213200,0.0,0.0
2015-06-10,143.990005,145.880005,143.080002,145.449997,144.107376,324400,0.0,0.0
2015-06-11,145.360001,145.970001,140.419998,141.429993,140.124466,549300,0.0,0.0
2015-06-12,140.550003,144.050003,140.550003,143.660004,142.333893,240000,0.0,0.0
2015-06-15,142.800003,144.0,141.160004,141.970001,140.65947,168600,0.0,0.0
2015-06-16,141.830002,143.779999,141.490005,143.509995,142.185242,245400,0.0,0.0
2015-06-17,143.850006,144.479996,142.179993,143.320007,141.997025,145100,0.0,0.0
2015-06-18,143.380005,146.0,143.070007,145.460007,144.117264,148600,0.0,0.0
2015-06-19,144.839996,147.740005,144.839996,147.160004,145.801559,239600,0.0,0.0
2015-06-22,148.5,148.5,145.399994,146.720001,145.365631,170900,0.0,0.0
2015-06-23,148.059998,151.800003,146.910004,150.990005,149.596237,416700,0.0,0.0
2015-06-24,150.610001,151.449997,148.669998,149.139999,147.763245,162900,0.0,0.0
2015-06-25,149.220001,151.050003,147.970001,149.639999,148.258698,142400,0.0,0.0
2015-06-26,148.940002,150.020004,146.949997,147.729996,146.467133,167200,0.103,0.0
2015-06-29,146.460007,146.550003,140.639999,141.130005,139.923523,232400,0.0,0.0
2015-06-30,142.699997,143.369995,141.5,141.699997,140.488663,309100,0.0,0.0
2015-07-01,142.449997,143.119995,140.240005,141.460007,140.250732,364400,0.0,0.0
2015-07-02,141.039993,141.720001,136.509995,138.710007,137.524231,444200,0.0,0.0
2015-07-06,137.509995,138.149994,135.110001,135.990005,134.827484,360900,0.0,0.0
2015-07-07,135.679993,136.369995,133.110001,135.289993,134.133438,692300,0.0,0.0
2015-07-08,133.910004,135.009995,129.630005,129.899994,128.78952,474400,0.0,0.0
2015-07-09,130.809998,133.789993,129.279999,133.309998,132.170395,340900,0.0,0.0
2015-07-10,134.520004,136.690002,133.970001,135.630005,134.470551,227100,0.0,0.0
2015-07-13,135.990005,137.429993,135.029999,135.639999,134.480469,238400,0.0,0.0
2015-07-14,135.330002,137.610001,134.850006,134.899994,133.746811,268400,0.0,0.0
2015-07-15,135.289993,136.729996,134.279999,135.600006,134.440811,418500,0.0,0.0
2015-07-16,136.880005,137.479996,134.929993,136.009995,134.847305,386800,0.0,0.0
2015-07-17,136.279999,138.089996,135.580002,137.119995,135.9478,194800,0.0,0.0
2015-07-20,136.449997,137.690002,135.889999,136.789993,135.620636,198300,0.0,0.0
2015-07-21,137.169998,138.860001,134.610001,134.630005,133.479095,244600,0.0,0.0
2015-07-22,134.179993,136.059998,134.179993,134.830002,133.677399,195300,0.0,0.0
2015-07-23,135.0,135.720001,132.559998,133.119995,131.98204,270800,0.0,0.0
2015-07-24,134.0,135.619995,131.070007,131.389999,130.2668,421700,0.0,0.0
2015-07-27,130.190002,131.649994,127.879997,128.889999,127.788185,419900,0.0,0.0
2015-07-28,129.889999,129.889999,127.010002,128.639999,127.540306,501400,0.0,0.0
2015-07-29,129.0,134.5,128.559998,134.0,132.854477,550400,0.0,0.0
2015-07-30,133.600006,133.619995,130.410004,130.679993,129.562866,342300,0.0,0.0
2015-07-31,130.869995,131.550003,129.490005,130.690002,129.572784,216700,0.0,0.0
2015-08-03,130.169998,131.149994,127.239998,128.399994,127.302353,462300,0.0,0.0
2015-08-04,128.210007,130.089996,127.790001,129.169998,128.065765,317200,0.0,0.0
2015-08-05,129.300003,132.199997,128.5,131.919998,130.792267,485900,0.0,0.0
2015-08-06,125.290001,127.860001,119.059998,121.0,119.96563,1230400,0.0,0.0
2015-08-07,121.089996,122.080002,120.419998,121.139999,120.104439,445700,0.0,0.0
2015-08-10,122.129997,125.209999,121.739998,123.660004,122.60289,324200,0.0,0.0
2015-08-11,121.519997,123.940002,121.519997,123.199997,122.146812,488800,0.0,0.0
2015-08-12,121.650002,122.739998,120.839996,121.269997,120.233307,413400,0.0,0.0
2015-08-13,121.559998,121.970001,118.639999,120.239998,119.212112,558300,0.0,0.0
2015-08-14,120.330002,121.330002,119.010002,119.75,118.726311,174200,0.0,0.0
2015-08-17,118.919998,121.139999,117.540001,121.120003,120.084602,368700,0.0,0.0
2015-08-18,121.150002,121.269997,117.809998,117.93,116.921867,325100,0.0,0.0
2015-08-19,117.610001,117.989998,113.830002,113.889999,112.916405,691300,0.0,0.0
2015-08-20,112.379997,113.639999,107.699997,107.879997,106.957779,537800,0.0,0.0
2015-08-21,108.290001,109.110001,104.75,106.540001,105.629242,790400,0.0,0.0
2015-08-24,102.589996,105.910004,98.089996,103.489998,102.605286,448300,0.0,0.0
2015-08-25,107.029999,107.32,101.739998,102.160004,101.28669,630500,0.0,0.0
2015-08-26,105.129997,105.830002,101.010002,104.760002,103.864441,448700,0.0,0.0
2015-08-27,106.489998,112.410004,106.489998,111.970001,111.01281,812700,0.0,0.0
2015-08-28,110.800003,114.129997,110.540001,113.190002,112.222397,372300,0.0,0.0
2015-08-31,112.75,113.089996,109.540001,110.050003,109.10923,377100,0.0,0.0
2015-09-01,108.0,111.190002,107.5,108.629997,107.70137,935700,0.0,0.0
2015-09-02,109.800003,112.0,109.029999,109.940002,109.000191,696000,0.0,0.0
2015-09-03,110.080002,112.959999,110.040001,112.230003,111.270599,512000,0.0,0.0
2015-09-04,110.5,111.260002,107.25,108.18,107.255219,369700,0.0,0.0
2015-09-08,110.199997,111.089996,108.720001,109.550003,108.613503,308500,0.0,0.0
2015-09-09,110.0,111.629997,107.599998,108.059998,107.136238,342700,0.0,0.0
2015-09-10,107.099998,108.5,105.550003,107.0,106.085304,420000,0.0,0.0
2015-09-11,106.730003,107.300003,104.279999,105.25,104.350258,504600,0.0,0.0
2015-09-14,105.940002,106.269997,104.019997,106.099998,105.193001,232700,0.0,0.0
2015-09-15,106.099998,108.419998,105.660004,108.199997,107.275032,591300,0.0,0.0
2015-09-16,108.82,109.860001,107.610001,109.279999,108.34581,410900,0.0,0.0
2015-09-17,109.120003,109.449997,104.620003,104.910004,104.013161,697800,0.0,0.0
2015-09-18,103.620003,104.169998,97.919998,99.639999,98.788223,1239700,0.0,0.0
2015-09-21,100.580002,100.730003,97.309998,98.68,97.836418,576700,0.0,0.0
2015-09-22,96.279999,97.419998,94.900002,95.5,94.683617,735100,0.0,0.0
2015-09-23,95.150002,96.25,92.279999,92.589996,91.798477,626300,0.0,0.0
2015-09-24,91.419998,92.739998,89.720001,92.519997,91.72908,680700,0.0,0.0
2015-09-25,93.639999,94.559998,91.57,91.900002,91.114395,489700,0.0,0.0
2015-09-28,90.870003,93.449997,88.650002,90.050003,89.380379,636800,0.103,0.0
2015-09-29,90.050003,92.18,85.75,86.699997,86.05529,726000,0.0,0.0
2015-09-30,88.029999,91.339996,88.029999,91.059998,90.382881,604200,0.0,0.0
2015-10-01,90.589996,91.82,89.160004,90.68,90.005707,487300,0.0,0.0
2015-10-02,89.669998,95.720001,88.190002,95.5,94.789848,617300,0.0,0.0
2015-10-05,96.0,97.419998,94.629997,96.709999,95.990852,399600,0.0,0.0
2015-10-06,97.059998,97.860001,93.790001,94.980003,94.27372,450100,0.0,0.0
2015-10-07,95.870003,97.089996,93.529999,94.699997,93.995796,673900,0.0,0.0
2015-10-08,94.099998,94.879997,92.599998,94.349998,93.648415,501700,0.0,0.0
2015-10-09,94.940002,95.18,93.050003,94.029999,93.33078,480500,0.0,0.0
2015-10-12,94.199997,94.199997,91.720001,92.550003,91.861794,354300,0.0,0.0
2015-10-13,91.209999,93.989998,91.209999,93.389999,92.695541,284400,0.0,0.0
2015-10-14,93.519997,94.43,90.279999,90.879997,90.204193,355700,0.0,0.0
2015-10-15,91.209999,94.629997,91.059998,93.660004,92.963539,409000,0.0,0.0
2015-10-16,94.209999,96.059998,94.019997,95.720001,95.008224,344000,0.0,0.0
2015-10-19,95.110001,97.080002,94.739998,96.489998,95.772476,304900,0.0,0.0
2015-10-20,96.489998,103.669998,94.879997,96.610001,95.891602,472300,0.0,0.0
2015-10-21,97.0,97.5,94.75,95.339996,94.631042,298700,0.0,0.0
2015-10-22,96.339996,99.879997,96.339996,97.480003,96.755127,380300,0.0,0.0
2015-10-23,98.690002,99.779999,97.0,99.050003,98.313461,705700,0.0,0.0
2015-10-26,101.019997,102.32,98.510002,99.599998,98.859375,459000,0.0,0.0
2015-10-27,99.150002,100.760002,97.239998,97.339996,96.616165,321700,0.0,0.0
2015-10-28,97.529999,98.650002,96.019997,97.150002,96.427574,514200,0.0,0.0
2015-10-29,96.5,96.860001,94.25,95.239998,94.531784,835900,0.0,0.0
2015-10-30,96.0,98.419998,95.400002,98.370003,97.638512,536700,0.0,0.0
2015-11-02,98.120003,102.599998,97.949997,101.970001,101.211739,780800,0.0,0.0
2015-11-03,102.129997,105.290001,101.43,104.230003,103.454933,581100,0.0,0.0
2015-11-04,104.599998,109.550003,104.260002,107.0,106.204338,1385700,0.0,0.0
2015-11-05,118.639999,122.650002,114.32,116.43,115.564209,2205700,0.0,0.0
2015-11-06,116.43,118.879997,114.830002,118.690002,117.807426,554800,0.0,0.0
2015-11-09,118.940002,120.650002,117.160004,118.110001,117.23172,475600,0.0,0.0
2015-11-10,118.089996,120.0,116.730003,119.650002,118.760262,442800,0.0,0.0
2015-11-11,121.0,121.910004,118.769997,119.809998,118.919075,381800,0.0,0.0
2015-11-12,119.190002,121.220001,118.209999,120.529999,119.63372,473900,0.0,0.0
2015-11-13,120.0,120.349998,118.099998,118.099998,117.221794,725500,0.0,0.0
2015-11-16,118.43,119.620003,117.5,119.489998,118.601463,478300,0.0,0.0
2015-11-17,119.739998,120.989998,118.769997,120.25,119.35582,317300,0.0,0.0
2015-11-18,120.769997,121.139999,119.290001,121.0,120.100227,419000,0.0,0.0
2015-11-19,121.349998,122.629997,119.629997,120.529999,119.63372,534600,0.0,0.0
2015-11-20,121.150002,122.510002,120.690002,121.349998,120.447632,512500,0.0,0.0
2015-11-23,121.830002,127.769997,121.610001,125.360001,124.427811,923600,0.0,0.0
2015-11-24,124.529999,125.970001,122.0,124.389999,123.465019,533700,0.0,0.0
2015-11-25,123.720001,126.790001,123.5,126.190002,125.251648,313000,0.0,0.0
2015-11-27,125.949997,127.199997,124.279999,125.139999,124.20945,127900,0.0,0.0
2015-11-30,125.440002,125.639999,122.269997,123.239998,122.32357,619100,0.0,0.0
2015-12-01,124.239998,126.339996,123.489998,125.559998,124.626328,391900,0.0,0.0
2015-12-02,125.309998,125.709999,123.550003,124.519997,123.59404,311100,0.0,0.0
2015-12-03,125.449997,125.449997,119.550003,120.650002,119.752838,504200,0.0,0.0
2015-12-04,120.540001,122.139999,118.669998,121.779999,120.874428,363000,0.0,0.0
2015-12-07,121.290001,122.199997,118.339996,119.800003,118.909149,332600,0.0,0.0
2015-12-08,118.25,120.519997,116.800003,119.519997,118.631226,306000,0.0,0.0
2015-12-09,118.970001,120.440002,115.230003,116.75,115.881836,363600,0.0,0.0
2015-12-10,116.889999,119.989998,115.260002,118.220001,117.340904,410100,0.0,0.0
2015-12-11,116.25,117.019997,113.019997,114.110001,113.261459,623200,0.0,0.0
2015-12-14,114.150002,116.699997,112.0,115.730003,114.869431,417100,0.0,0.0
2015-12-15,117.300003,119.300003,114.879997,118.440002,117.55928,407200,0.0,0.0
2015-12-16,118.779999,120.419998,114.580002,116.599998,115.732948,432900,0.0,0.0
2015-12-17,115.0,117.139999,110.5,114.260002,113.410362,569700,0.0,0.0
2015-12-18,114.110001,114.419998,111.089996,111.559998,110.730431,448400,0.0,0.0
2015-12-21,112.620003,113.330002,111.059998,112.730003,111.891731,319300,0.0,0.0
2015-12-22,112.849998,112.959999,111.150002,111.769997,110.938873,319700,0.0,0.0
2015-12-23,111.849998,114.080002,110.169998,113.769997,112.923988,248000,0.0,0.0
2015-12-24,113.949997,114.879997,113.089996,114.089996,113.241623,111700,0.0,0.0
2015-12-28,114.360001,114.599998,111.690002,113.989998,113.142349,341300,0.0,0.0
2015-12-29,114.809998,115.559998,113.309998,115.120003,114.367302,202600,0.103,0.0
2015-12-30,114.589996,115.309998,113.839996,114.360001,113.612267,253200,0.0,0.0
2015-12-31,114.18,115.25,112.68,114.339996,113.5924,184700,0.0,0.0
2016-01-04,112.360001,112.839996,108.150002,109.949997,109.231094,535300,0.0,0.0
2016-01-05,110.510002,112.360001,108.599998,109.68,108.962868,432700,0.0,0.0
2016-01-06,107.980003,108.980003,106.110001,107.330002,106.628235,579200,0.0,0.0
2016-01-07,104.970001,106.199997,101.629997,102.93,102.257004,475000,0.0,0.0
2016-01-08,104.389999,104.879997,100.860001,101.089996,100.429024,444000,0.0,0.0
2016-01-11,102.0,102.989998,97.099998,98.760002,98.114265,735100,0.0,0.0
2016-01-12,101.690002,105.849998,100.739998,104.849998,104.164452,1019200,0.0,0.0
2016-01-13,106.5,107.410004,99.830002,100.550003,99.89257,892800,0.0,0.0
2016-01-14,101.0,106.169998,97.529999,104.879997,104.194244,464100,0.0,0.0
2016-01-15,100.010002,103.989998,94.779999,96.400002,95.769707,922800,0.0,0.0
2016-01-19,98.309998,99.360001,93.919998,96.489998,95.859116,787700,0.0,0.0
2016-01-20,94.900002,97.25,90.099998,96.230003,95.600815,821700,0.0,0.0
2016-01-21,96.699997,98.610001,94.349998,97.5,96.862518,792600,0.0,0.0
2016-01-22,100.239998,103.18,100.0,101.150002,100.48864,1081100,0.0,0.0
2016-01-25,100.809998,101.849998,99.830002,100.370003,99.713745,377700,0.0,0.0
2016-01-26,101.07,101.07,98.050003,99.0,98.352699,515400,0.0,0.0
2016-01-27,98.919998,99.889999,97.0,97.230003,96.594269,600300,0.0,0.0
2016-01-28,98.949997,99.389999,96.110001,96.860001,96.2267,528000,0.0,0.0
2016-01-29,97.050003,99.0,96.860001,98.239998,97.597656,555800,0.0,0.0
2016-02-01,97.720001,99.620003,97.300003,99.0,98.352699,459600,0.0,0.0
2016-02-02,98.699997,98.699997,95.82,96.120003,95.491531,480400,0.0,0.0
2016-02-03,96.75,97.650002,91.870003,95.370003,94.746429,597600,0.0,0.0
2016-02-04,95.540001,98.459999,93.970001,96.639999,96.008133,488200,0.0,0.0
2016-02-05,95.919998,95.980003,89.010002,90.25,89.659904,679200,0.0,0.0
2016-02-08,88.0,90.0,84.199997,85.870003,85.308548,618400,0.0,0.0
2016-02-09,84.940002,88.190002,84.190002,85.82,85.258881,453900,0.0,0.0
2016-02-10,86.589996,89.779999,86.029999,87.709999,87.136513,315500,0.0,0.0
2016-02-11,85.580002,89.769997,85.580002,89.040001,88.457817,476000,0.0,0.0
2016-02-12,90.540001,93.43,89.160004,91.949997,91.348778,365200,0.0,0.0
2016-02-16,93.760002,97.370003,92.949997,95.760002,95.133881,384100,0.0,0.0
2016-02-17,96.980003,98.309998,96.300003,98.239998,97.597656,502000,0.0,0.0
2016-02-18,99.900002,100.82,97.330002,98.800003,98.154007,454800,0.0,0.0
2016-02-19,98.0,101.309998,97.669998,100.480003,99.823021,563000,0.0,0.0
2016-02-22,101.480003,101.989998,98.660004,99.980003,99.326294,632800,0.0,0.0
2016-02-23,99.379997,100.220001,97.839996,98.379997,97.736755,653000,0.0,0.0
2016-02-24,97.25,103.550003,95.419998,103.099998,102.425896,753100,0.0,0.0
2016-02-25,103.650002,103.690002,100.610001,102.559998,101.889427,678800,0.0,0.0
2016-02-26,104.239998,104.940002,94.559998,97.559998,96.922096,1991200,0.0,0.0
2016-02-29,97.959999,103.339996,96.599998,101.760002,101.094658,827100,0.0,0.0
2016-03-01,102.529999,104.989998,101.470001,104.949997,104.263802,852400,0.0,0.0
2016-03-02,105.839996,106.150002,104.57,105.910004,105.217522,516600,0.0,0.0
2016-03-03,106.199997,107.910004,104.089996,106.529999,105.833458,538500,0.0,0.0
2016-03-04,107.639999,110.220001,106.610001,108.879997,108.168091,562800,0.0,0.0
2016-03-07,108.669998,111.0,107.599998,110.419998,109.698029,604000,0.0,0.0
2016-03-08,110.040001,110.699997,106.690002,109.010002,108.297249,483800,0.0,0.0
2016-03-09,110.199997,111.800003,108.0,111.199997,110.472923,589200,0.0,0.0
2016-03-10,112.0,114.269997,109.75,113.519997,112.777756,734500,0.0,0.0
2016-03-11,114.360001,115.989998,113.269997,115.650002,114.893837,484300,0.0,0.0
2016-03-14,115.43,116.93,114.599998,114.940002,114.188477,410000,0.0,0.0
2016-03-15,113.75,114.910004,111.459999,113.190002,112.449921,495600,0.0,0.0
2016-03-16,112.32,114.010002,110.870003,113.709999,112.966522,731500,0.0,0.0
2016-03-17,113.650002,115.970001,112.239998,114.919998,114.16861,608400,0.0,0.0
2016-03-18,115.029999,115.779999,114.230003,114.699997,113.950043,315900,0.0,0.0
2016-03-21,113.849998,115.360001,113.349998,114.669998,113.920235,530600,0.0,0.0
2016-03-22,114.0,117.029999,113.589996,115.480003,114.724953,567200,0.0,0.0
2016-03-23,115.190002,116.730003,112.18,112.410004,111.675011,421600,0.0,0.0
2016-03-24,111.419998,113.720001,111.120003,112.889999,112.151878,385300,0.0,0.0
2016-03-28,113.339996,115.93,112.07,115.220001,114.466637,495300,0.0,0.0
2016-03-29,114.639999,118.589996,114.07,118.279999,117.659813,708300,0.15,0.0
2016-03-30,118.669998,119.690002,116.879997,117.68,117.062965,469300,0.0,0.0
2016-03-31,117.400002,118.620003,115.889999,117.849998,117.232071,341600,0.0,0.0
2016-04-01,116.480003,121.160004,116.480003,120.620003,119.987549,668800,0.0,0.0
2016-04-04,120.82,122.150002,118.559998,118.610001,117.988091,407400,0.0,0.0
2016-04-05,117.730003,118.0,115.809998,117.129997,116.515839,288100,0.0,0.0
2016-04-06,117.0,119.989998,116.330002,119.459999,118.833633,323000,0.0,0.0
2016-04-07,118.870003,119.199997,116.75,118.099998,117.480759,248700,0.0,0.0
2016-04-08,119.400002,119.57,117.080002,117.849998,117.232071,288400,0.0,0.0
2016-04-11,118.75,121.150002,117.269997,117.709999,117.092804,265700,0.0,0.0
2016-04-12,118.07,120.279999,116.089996,119.970001,119.340958,590200,0.0,0.0
2016-04-13,120.970001,125.349998,120.5,125.349998,124.692734,459700,0.0,0.0
2016-04-14,125.080002,127.419998,123.739998,126.559998,125.8964,568500,0.0,0.0
2016-04-15,126.400002,128.350006,126.209999,127.339996,126.672302,247200,0.0,0.0
2016-04-18,126.230003,130.399994,126.050003,130.100006,129.417847,479200,0.0,0.0
2016-04-19,130.619995,130.619995,126.32,127.57,126.901108,362800,0.0,0.0
2016-04-20,127.169998,129.860001,126.230003,129.440002,128.761292,282000,0.0,0.0
2016-04-21,129.929993,129.929993,126.139999,126.510002,125.846657,346000,0.0,0.0
2016-04-22,125.300003,127.790001,125.0,126.410004,125.747185,307300,0.0,0.0
2016-04-25,126.25,126.330002,123.589996,124.599998,123.946678,233600,0.0,0.0
2016-04-26,124.980003,127.940002,124.080002,125.849998,125.190125,263600,0.0,0.0
2016-04-27,126.330002,127.349998,123.82,125.900002,125.239861,215500,0.0,0.0
2016-04-28,125.720001,127.260002,123.349998,123.860001,123.210556,476900,0.0,0.0
2016-04-29,124.379997,125.830002,122.300003,124.889999,124.235161,484900,0.0,0.0
2016-05-02,124.900002,127.120003,123.529999,126.449997,125.78698,364500,0.0,0.0
2016-05-03,125.040001,127.059998,122.410004,125.339996,124.682793,570800,0.0,0.0
2016-05-04,124.029999,126.25,123.68,124.360001,123.707932,373800,0.0,0.0
2016-05-05,125.220001,126.43,123.279999,124.879997,124.225204,691400,0.0,0.0
2016-05-06,130.369995,131.0,123.419998,128.029999,127.358696,812900,0.0,0.0
2016-05-09,127.040001,128.5,126.860001,127.25,126.582787,408500,0.0,0.0
2016-05-10,128.029999,128.899994,126.730003,128.889999,128.214172,377900,0.0,0.0
2016-05-11,128.860001,131.449997,127.0,129.699997,129.019913,403400,0.0,0.0
2016-05-12,129.710007,130.639999,127.269997,127.959999,127.289062,342200,0.0,0.0
2016-05-13,127.339996,129.470001,127.029999,127.529999,126.861313,216100,0.0,0.0
2016-05-16,127.699997,129.990005,127.510002,128.699997,128.025177,223300,0.0,0.0
2016-05-17,128.039993,132.490005,128.039993,130.779999,130.094284,419000,0.0,0.0
2016-05-18,129.979996,133.089996,129.979996,132.5,131.805267,471100,0.0,0.0
2016-05-19,131.649994,133.080002,129.850006,131.789993,131.098999,509900,0.0,0.0
2016-05-20,132.119995,134.169998,131.460007,133.889999,133.187958,677800,0.0,0.0
2016-05-23,133.479996,134.289993,131.860001,132.020004,131.327789,462700,0.0,0.0
2016-05-24,132.279999,135.320007,132.110001,134.600006,133.894241,442100,0.0,0.0
2016-05-25,134.800003,135.270004,133.389999,134.020004,133.317291,197900,0.0,0.0
2016-05-26,134.050003,135.919998,133.020004,135.009995,134.302078,315800,0.0,0.0
2016-05-27,134.199997,135.699997,134.029999,135.080002,134.37175,222400,0.0,0.0
2016-05-31,135.970001,138.279999,135.229996,136.5,135.784286,333900,0.0,0.0
2016-06-01,135.0,137.070007,134.649994,136.339996,135.625107,386600,0.0,0.0
2016-06-02,135.410004,137.660004,135.029999,137.0,136.281662,480800,0.0,0.0
2016-06-03,136.309998,136.550003,134.020004,135.75,135.038223,342900,0.0,0.0
2016-06-06,136.179993,139.110001,136.179993,138.270004,137.545013,480600,0.0,0.0
2016-06-07,138.720001,140.589996,137.570007,138.630005,137.903107,568400,0.0,0.0
2016-06-08,138.380005,138.940002,134.589996,137.0,136.281662,588200,0.0,0.0
2016-06-09,135.559998,137.470001,135.559998,137.460007,136.739258,246000,0.0,0.0
2016-06-10,135.839996,137.360001,133.720001,134.289993,133.585876,267300,0.0,0.0
2016-06-13,133.300003,135.389999,132.779999,133.369995,132.670685,289100,0.0,0.0
2016-06-14,133.509995,135.089996,132.009995,134.440002,133.735092,192500,0.0,0.0
2016-06-15,135.25,135.850006,133.720001,133.789993,133.088486,297800,0.0,0.0
2016-06-16,132.630005,135.589996,131.309998,135.470001,134.759689,280900,0.0,0.0
2016-06-17,135.259995,135.589996,133.5,133.75,133.048706,225400,0.0,0.0
2016-06-20,135.979996,136.960007,134.679993,135.089996,134.381653,224000,0.0,0.0
2016-06-21,135.899994,136.5,134.619995,135.830002,135.117798,187100,0.0,0.0
2016-06-22,135.789993,137.0,133.559998,136.470001,135.754456,286800,0.0,0.0
2016-06-23,138.130005,139.539993,137.369995,139.059998,138.330872,191200,0.0,0.0
2016-06-24,131.630005,136.5,131.279999,132.029999,131.337708,508300,0.0,0.0
2016-06-27,130.740005,130.779999,126.099998,126.879997,126.214714,363900,0.0,0.0
2016-06-28,128.669998,132.990005,127.260002,132.669998,132.130569,370000,0.15,0.0
2016-06-29,134.509995,140.720001,134.0,138.960007,138.395004,432400,0.0,0.0
2016-06-30,140.350006,141.679993,138.520004,140.669998,140.098053,414700,0.0,0.0
2016-07-01,141.059998,142.350006,139.149994,139.809998,139.241531,312200,0.0,0.0
2016-07-05,138.910004,140.089996,136.710007,139.820007,139.251511,280900,0.0,0.0
2016-07-06,139.100006,140.0,137.080002,139.679993,139.112061,173900,0.0,0.0
2016-07-07,140.869995,143.589996,140.529999,142.919998,142.338898,279600,0.0,0.0
2016-07-08,144.169998,146.490005,144.020004,146.220001,145.625473,307000,0.0,0.0
2016-07-11,146.580002,149.470001,146.580002,149.050003,148.443985,340700,0.0,0.0
2016-07-12,150.0,152.509995,148.830002,151.100006,150.485626,542100,0.0,0.0
2016-07-13,151.960007,151.960007,148.690002,149.270004,148.663055,220600,0.0,0.0
2016-07-14,150.610001,151.059998,148.740005,149.220001,148.613266,316300,0.0,0.0
2016-07-15,148.770004,149.960007,147.330002,148.470001,147.866348,494700,0.0,0.0
2016-07-18,149.110001,149.649994,147.350006,148.800003,148.194977,265200,0.0,0.0
2016-07-19,147.800003,149.139999,147.759995,148.720001,148.115326,173200,0.0,0.0
2016-07-20,149.820007,152.369995,148.729996,152.369995,151.750473,408500,0.0,0.0
2016-07-21,152.369995,153.839996,151.949997,153.410004,152.78624,415500,0.0,0.0
2016-07-22,153.25,155.839996,152.75,154.240005,153.612854,506900,0.0,0.0
2016-07-25,153.240005,154.979996,151.339996,151.539993,150.923828,225300,0.0,0.0
2016-07-26,152.130005,152.990005,150.679993,151.410004,150.794388,242900,0.0,0.0
2016-07-27,151.860001,152.179993,149.380005,151.399994,150.784393,198500,0.0,0.0
2016-07-28,151.5,152.289993,149.979996,151.990005,151.37204,191500,0.0,0.0
2016-07-29,151.970001,153.410004,150.210007,153.080002,152.457596,141600,0.0,0.0
2016-08-01,153.119995,154.449997,152.580002,152.949997,152.328094,266400,0.0,0.0
2016-08-02,152.929993,153.229996,148.710007,151.5,150.884018,309300,0.0,0.0
2016-08-03,150.75,152.330002,150.619995,151.279999,150.664917,142800,0.0,0.0
2016-08-04,151.630005,152.729996,149.970001,152.25,151.630966,661500,0.0,0.0
2016-08-05,156.399994,174.279999,155.0,172.979996,172.276642,1373200,0.0,0.0
2016-08-08,173.630005,173.899994,170.270004,173.720001,173.013657,661700,0.0,0.0
2016-08-09,172.479996,173.669998,168.0,170.210007,169.517929,709900,0.0,0.0
2016-08-10,170.509995,170.610001,169.289993,169.639999,168.950256,323100,0.0,0.0
2016-08-11,170.639999,171.399994,168.690002,169.929993,169.239075,368500,0.0,0.0
2016-08-12,169.509995,170.389999,168.589996,168.860001,168.173431,289800,0.0,0.0
2016-08-15,170.089996,172.429993,169.669998,170.130005,169.438263,378100,0.0,0.0
2016-08-16,169.850006,169.960007,167.309998,168.330002,167.645584,381200,0.0,0.0
2016-08-17,168.710007,168.710007,165.949997,166.970001,166.291107,734900,0.0,0.0
2016-08-18,167.050003,168.740005,166.399994,167.139999,166.460403,649800,0.0,0.0
2016-08-19,166.660004,168.020004,165.779999,167.690002,167.008179,171800,0.0,0.0
2016-08-22,166.789993,166.880005,164.539993,166.869995,166.191513,429900,0.0,0.0
2016-08-23,168.380005,168.380005,166.080002,166.740005,166.062042,658700,0.0,0.0
2016-08-24,167.0,167.199997,164.949997,166.029999,165.354919,375400,0.0,0.0
2016-08-25,165.509995,167.529999,165.169998,166.630005,165.952499,294500,0.0,0.0
2016-08-26,166.910004,167.899994,166.039993,166.949997,166.271194,341400,0.0,0.0
2016-08-29,167.009995,168.399994,166.110001,166.570007,165.892731,446200,0.0,0.0
2016-08-30,167.550003,167.649994,166.190002,166.899994,166.22139,298500,0.0,0.0
2016-08-31,167.419998,173.169998,166.710007,172.0,171.300629,779900,0.0,0.0
2016-09-01,172.649994,173.820007,171.160004,173.679993,172.973816,427800,0.0,0.0
2016-09-02,178.169998,188.130005,176.919998,186.160004,185.403076,1557600,0.0,0.0
2016-09-06,187.699997,188.580002,185.429993,186.289993,185.532547,464800,0.0,0.0
2016-09-07,186.309998,187.210007,181.880005,182.0,181.259995,529800,0.0,0.0
2016-09-08,182.220001,183.5,181.210007,183.190002,182.445145,665500,0.0,0.0
2016-09-09,181.860001,183.179993,178.699997,179.229996,178.501251,488600,0.0,0.0
2016-09-12,178.0,179.899994,175.440002,179.539993,178.809982,279100,0.0,0.0
2016-09-13,178.759995,178.759995,175.330002,176.940002,176.220551,170900,0.0,0.0
2016-09-14,176.539993,178.539993,172.0,172.0,171.300629,673300,0.0,0.0
2016-09-15,173.119995,175.550003,171.649994,174.610001,173.90007,355300,0.0,0.0
2016-09-16,174.610001,177.350006,174.029999,177.199997,176.479477,370300,0.0,0.0
2016-09-19,178.729996,180.289993,177.0,178.910004,178.182571,380400,0.0,0.0
2016-09-20,180.110001,180.979996,178.160004,179.25,178.521164,269900,0.0,0.0
2016-09-21,180.5,187.429993,179.25,186.75,185.990707,555400,0.0,0.0
2016-09-22,188.350006,191.729996,187.580002,191.25,190.472382,495700,0.0,0.0
2016-09-23,191.440002,191.759995,186.630005,187.089996,186.329285,283400,0.0,0.0
2016-09-26,186.899994,188.029999,184.589996,186.850006,186.090286,260800,0.0,0.0
2016-09-27,186.429993,188.369995,186.399994,187.5,186.73764,220600,0.0,0.0
2016-09-28,187.509995,188.419998,184.360001,187.479996,186.867203,184900,0.15,0.0
2016-09-29,186.619995,187.610001,183.660004,183.740005,183.13942,228700,0.0,0.0
2016-09-30,185.309998,185.679993,183.25,184.970001,184.365417,183200,0.0,0.0
2016-10-03,185.449997,189.350006,184.0,186.199997,185.5914,266600,0.0,0.0
2016-10-04,186.080002,187.639999,182.910004,184.589996,183.986649,220300,0.0,0.0
2016-10-05,185.410004,186.800003,184.229996,186.490005,185.880463,185200,0.0,0.0
2016-10-06,186.740005,188.110001,185.570007,186.289993,185.681107,222300,0.0,0.0
2016-10-07,187.080002,190.220001,186.039993,189.830002,189.209518,318700,0.0,0.0
2016-10-10,191.610001,193.580002,188.75,189.190002,188.571625,381300,0.0,0.0
2016-10-11,185.449997,186.229996,182.25,184.470001,183.867035,462000,0.0,0.0
2016-10-12,184.050003,184.309998,182.119995,183.210007,182.611191,301400,0.0,0.0
2016-10-13,171.110001,174.369995,166.639999,168.460007,167.909393,2131200,0.0,0.0
2016-10-14,168.210007,170.0,166.0,167.039993,166.494019,3332400,0.0,0.0
2016-10-17,167.470001,169.490005,166.850006,167.889999,167.341248,843300,0.0,0.0
2016-10-18,170.910004,170.979996,167.199997,167.509995,166.962463,709500,0.0,0.0
2016-10-19,168.619995,170.190002,166.100006,169.429993,168.87619,781500,0.0,0.0
2016-10-20,168.210007,171.880005,167.899994,171.050003,170.490921,813700,0.0,0.0
2016-10-21,169.669998,174.110001,169.009995,173.929993,173.361496,613100,0.0,0.0
2016-10-24,175.179993,175.779999,171.509995,172.820007,172.255127,352600,0.0,0.0
2016-10-25,173.149994,173.570007,170.839996,171.039993,170.480957,261700,0.0,0.0
2016-10-26,169.619995,172.089996,168.770004,170.649994,170.092224,443100,0.0,0.0
2016-10-27,171.740005,173.139999,168.009995,169.440002,168.886185,396300,0.0,0.0
2016-10-28,168.570007,170.029999,165.619995,168.160004,167.610367,507500,0.0,0.0
2016-10-31,169.149994,169.149994,165.949997,168.009995,167.460831,419300,0.0,0.0
2016-11-01,167.309998,170.770004,166.919998,169.789993,169.235031,691700,0.0,0.0
2016-11-02,169.050003,169.990005,166.160004,166.610001,166.06543,543400,0.0,0.0
2016-11-03,167.149994,168.399994,164.669998,165.880005,165.337799,703600,0.0,0.0
2016-11-04,172.0,172.059998,166.080002,166.889999,166.344513,1214400,0.0,0.0
2016-11-07,170.210007,170.880005,167.899994,169.259995,168.706757,544100,0.0,0.0
2016-11-08,169.770004,176.100006,169.399994,174.669998,174.099075,500400,0.0,0.0
2016-11-09,166.899994,174.229996,166.779999,172.839996,172.275055,664100,0.0,0.0
2016-11-10,174.710007,175.690002,161.619995,162.809998,162.277832,1090700,0.0,0.0
2016-11-11,160.580002,161.490005,150.639999,155.960007,155.450272,1844200,0.0,0.0
2016-11-14,155.960007,158.389999,150.139999,153.5,152.998276,1388100,0.0,0.0
2016-11-15,155.389999,159.759995,154.020004,155.710007,155.20105,802100,0.0,0.0
2016-11-16,153.929993,158.839996,152.949997,156.940002,156.427032,551700,0.0,0.0
2016-11-17,156.979996,160.0,156.479996,157.270004,156.755966,439800,0.0,0.0
2016-11-18,156.75,160.619995,156.270004,157.630005,157.114777,406900,0.0,0.0
2016-11-21,159.210007,161.850006,157.850006,160.630005,160.104965,532500,0.0,0.0
2016-11-22,162.0,165.320007,160.0,164.949997,164.410843,791500,0.0,0.0
2016-11-23,164.5,167.119995,164.020004,166.75,166.204956,662300,0.0,0.0
2016-11-25,168.389999,168.399994,160.410004,163.190002,162.656601,393700,0.0,0.0
2016-11-28,163.0,164.580002,161.259995,161.860001,161.330948,537500,0.0,0.0
2016-11-29,161.419998,164.190002,160.630005,162.910004,162.377518,502900,0.0,0.0
2016-11-30,162.770004,163.860001,156.080002,157.820007,157.304153,2699900,0.0,0.0
2016-12-01,157.479996,160.100006,148.979996,151.300003,150.805466,910800,0.0,0.0
2016-12-02,151.729996,154.539993,151.0,152.559998,152.061356,592500,0.0,0.0
2016-12-05,152.0,158.869995,152.0,157.949997,157.433716,1000000,0.0,0.0
2016-12-06,159.449997,159.449997,156.320007,157.550003,157.035049,710100,0.0,0.0
2016-12-07,162.0,167.089996,161.5,165.619995,165.078659,794300,0.0,0.0
2016-12-08,165.369995,168.139999,158.880005,159.960007,159.43718,627300,0.0,0.0
2016-12-09,161.490005,162.660004,157.5,158.610001,158.091568,789700,0.0,0.0
2016-12-12,158.369995,158.509995,152.240005,153.679993,153.177673,559300,0.0,0.0
2016-12-13,154.179993,158.880005,154.080002,156.820007,156.307434,395500,0.0,0.0
2016-12-14,156.660004,159.850006,156.520004,157.740005,157.224411,331300,0.0,0.0
2016-12-15,158.740005,161.410004,158.009995,159.25,158.729492,396400,0.0,0.0
2016-12-16,159.130005,159.869995,154.509995,154.970001,154.463486,357800,0.0,0.0
2016-12-19,155.740005,155.949997,152.779999,153.080002,152.579651,365700,0.0,0.0
2016-12-20,154.179993,154.179993,150.289993,152.889999,152.390259,622800,0.0,0.0
2016-12-21,153.619995,154.970001,151.729996,154.399994,153.895309,308300,0.0,0.0
2016-12-22,153.929993,158.720001,152.910004,156.449997,155.938629,478400,0.0,0.0
2016-12-23,157.039993,158.320007,154.720001,156.660004,156.147949,170900,0.0,0.0
2016-12-27,156.75,160.710007,156.100006,158.5,157.981903,332400,0.0,0.0
2016-12-28,158.179993,158.220001,155.419998,155.619995,155.258255,313400,0.15,0.0
2016-12-29,155.369995,158.940002,154.919998,158.509995,158.141541,293100,0.0,0.0
2016-12-30,158.880005,158.880005,155.820007,156.139999,155.777054,239700,0.0,0.0
2017-01-03,158.910004,162.770004,157.949997,161.020004,160.645721,523600,0.0,0.0
2017-01-04,162.240005,165.880005,160.690002,165.820007,165.43457,559700,0.0,0.0
2017-01-05,166.720001,172.789993,166.059998,171.279999,170.881866,905200,0.0,0.0
2017-01-06,171.160004,173.0,171.160004,172.160004,171.759842,389700,0.0,0.0
2017-01-09,172.610001,175.559998,172.610001,174.110001,173.705292,456000,0.0,0.0
2017-01-10,174.889999,178.860001,173.960007,177.789993,177.37674,498700,0.0,0.0
2017-01-11,178.350006,180.720001,174.190002,176.75,176.339157,508900,0.0,0.0
2017-01-12,176.75,177.509995,173.029999,173.190002,172.787445,315400,0.0,0.0
2017-01-13,173.119995,176.899994,173.119995,176.449997,176.039841,291700,0.0,0.0
2017-01-17,177.009995,178.710007,174.779999,178.050003,177.636139,713700,0.0,0.0
2017-01-18,178.410004,178.820007,174.630005,175.259995,174.852631,346400,0.0,0.0
2017-01-19,175.509995,176.600006,174.330002,174.899994,174.493454,253300,0.0,0.0
2017-01-20,175.770004,176.410004,172.850006,176.169998,175.760498,447900,0.0,0.0
2017-01-23,176.800003,179.889999,176.330002,178.720001,178.304581,438800,0.0,0.0
2017-01-24,179.220001,183.710007,179.220001,183.309998,182.883896,484100,0.0,0.0
2017-01-25,184.130005,185.789993,181.929993,183.380005,182.953751,247000,0.0,0.0
2017-01-26,184.089996,184.490005,181.220001,183.369995,182.943771,160500,0.0,0.0
2017-01-27,183.559998,183.649994,181.720001,182.630005,182.20549,149800,0.0,0.0
2017-01-30,183.899994,185.5,180.220001,185.119995,184.689697,314700,0.0,0.0
2017-01-31,184.100006,186.190002,183.610001,185.389999,184.959091,329800,0.0,0.0
2017-02-01,185.229996,189.059998,183.179993,188.580002,188.141647,401400,0.0,0.0
2017-02-02,188.580002,191.770004,187.25,188.619995,188.18158,422900,0.0,0.0
2017-02-03,190.169998,190.699997,189.039993,190.149994,189.708008,186600,0.0,0.0
2017-02-06,189.160004,191.970001,189.149994,191.740005,191.294327,215700,0.0,0.0
2017-02-07,192.130005,193.690002,190.440002,191.610001,191.164627,362400,0.0,0.0
2017-02-08,191.869995,193.039993,190.470001,191.850006,191.404053,302000,0.0,0.0
2017-02-09,191.229996,193.440002,190.580002,191.710007,191.264389,368400,0.0,0.0
2017-02-10,191.75,195.470001,191.190002,195.279999,194.82608,477400,0.0,0.0
2017-02-13,196.0,196.949997,194.410004,195.119995,194.666443,337400,0.0,0.0
2017-02-14,194.5,197.779999,192.660004,197.070007,196.611954,311600,0.0,0.0
2017-02-15,196.860001,200.630005,196.110001,199.929993,199.465271,331700,0.0,0.0
2017-02-16,200.270004,201.160004,196.800003,198.009995,197.549744,226400,0.0,0.0
2017-02-17,196.169998,199.75,196.169998,198.429993,197.968781,325800,0.0,0.0
2017-02-21,200.429993,200.429993,196.880005,198.5,198.038605,647300,0.0,0.0
2017-02-22,198.410004,200.979996,196.759995,200.410004,199.944183,348600,0.0,0.0
2017-02-23,202.410004,202.410004,196.600006,199.820007,199.35553,562500,0.0,0.0
2017-02-24,201.0,207.789993,190.070007,207.789993,207.307022,1003900,0.0,0.0
2017-02-27,208.029999,208.830002,204.149994,208.229996,207.745987,481200,0.0,0.0
2017-02-28,207.779999,210.869995,205.880005,210.869995,210.379852,519700,0.0,0.0
2017-03-01,213.0,216.699997,210.029999,211.169998,210.679169,524200,0.0,0.0
2017-03-02,210.660004,212.220001,208.75,208.800003,208.314682,240200,0.0,0.0
2017-03-03,209.130005,213.029999,207.059998,212.759995,212.265457,276200,0.0,0.0
2017-03-06,212.820007,213.669998,209.179993,210.770004,210.280075,295900,0.0,0.0
2017-03-07,210.220001,214.059998,209.740005,211.300003,210.808868,394900,0.0,0.0
2017-03-08,210.570007,212.289993,208.679993,209.130005,208.64389,287900,0.0,0.0
2017-03-09,209.160004,212.410004,208.710007,209.380005,208.893326,261500,0.0,0.0
2017-03-10,211.020004,211.75,209.009995,211.289993,210.798859,247400,0.0,0.0
2017-03-13,211.800003,213.240005,210.0,212.740005,212.245514,506500,0.0,0.0
2017-03-14,212.800003,213.880005,209.550003,212.300003,211.806534,276300,0.0,0.0
2017-03-15,213.009995,215.350006,210.910004,215.130005,214.629944,305100,0.0,0.0
2017-03-16,215.720001,215.960007,211.479996,211.559998,211.068237,335100,0.0,0.0
2017-03-17,211.660004,212.669998,209.570007,211.289993,210.798859,464400,0.0,0.0
2017-03-20,212.729996,218.75,211.690002,216.110001,215.607681,457300,0.0,0.0
2017-03-21,217.529999,218.649994,205.339996,205.699997,205.221863,622100,0.0,0.0
2017-03-22,205.770004,210.479996,203.360001,209.630005,209.142731,379200,0.0,0.0
2017-03-23,209.029999,211.610001,206.029999,208.179993,207.696106,560700,0.0,0.0
2017-03-24,208.179993,213.089996,208.179993,210.860001,210.369873,405800,0.0,0.0
2017-03-27,209.300003,213.190002,207.479996,211.570007,211.078232,297400,0.0,0.0
2017-03-28,212.570007,212.830002,211.080002,211.509995,211.018356,244200,0.0,0.0
2017-03-29,213.130005,216.699997,212.279999,216.289993,215.940384,370400,0.15,0.0
2017-03-30,217.059998,217.130005,211.600006,212.559998,212.216415,285600,0.0,0.0
2017-03-31,213.050003,213.520004,211.210007,211.470001,211.128189,316000,0.0,0.0
2017-04-03,210.779999,221.979996,210.779999,219.949997,219.594467,939500,0.0,0.0
2017-04-04,220.009995,221.720001,215.699997,215.919998,215.570984,431600,0.0,0.0
2017-04-05,216.350006,218.779999,214.940002,215.279999,214.932037,373500,0.0,0.0
2017-04-06,215.100006,218.960007,214.649994,217.720001,217.368073,410700,0.0,0.0
2017-04-07,217.529999,220.0,217.020004,219.100006,218.745865,315700,0.0,0.0
2017-04-10,220.009995,220.160004,217.559998,219.059998,218.705917,217900,0.0,0.0
2017-04-11,219.059998,220.309998,216.339996,219.779999,219.424759,264600,0.0,0.0
2017-04-12,219.919998,221.350006,215.660004,216.309998,215.960358,562800,0.0,0.0
2017-04-13,216.789993,217.570007,214.0,215.460007,215.11174,371500,0.0,0.0
2017-04-17,218.070007,220.520004,216.0,220.479996,220.123611,503600,0.0,0.0
2017-04-18,220.0,220.059998,217.210007,217.830002,217.477905,143800,0.0,0.0
2017-04-19,218.240005,220.5,217.389999,218.830002,218.476273,259000,0.0,0.0
2017-04-20,220.929993,226.210007,219.660004,223.410004,223.048889,301900,0.0,0.0
2017-04-21,223.899994,225.0,222.009995,223.820007,223.458237,231300,0.0,0.0
2017-04-24,225.589996,227.25,223.940002,225.899994,225.534851,233500,0.0,0.0
2017-04-25,227.029999,231.440002,225.809998,230.630005,230.257233,652600,0.0,0.0
2017-04-26,229.669998,230.490005,226.179993,228.279999,227.911011,380700,0.0,0.0
2017-04-27,230.809998,234.660004,229.660004,230.210007,229.837906,336000,0.0,0.0
2017-04-28,232.289993,232.289993,228.509995,228.910004,228.540009,200600,0.0,0.0
2017-05-01,230.589996,235.869995,229.089996,235.089996,234.709991,314800,0.0,0.0
2017-05-02,235.490005,237.550003,230.5,234.759995,234.380539,279400,0.0,0.0
2017-05-03,234.130005,237.0,230.210007,234.970001,234.590195,372300,0.0,0.0
2017-05-04,235.679993,241.330002,234.179993,236.509995,236.127701,545200,0.0,0.0
2017-05-05,256.48999,275.549988,254.25,275.160004,274.71524,1735800,0.0,0.0
2017-05-08,275.0,276.970001,273.029999,274.959991,274.515564,602700,0.0,0.0
2017-05-09,275.0,283.679993,273.5,281.769989,281.314545,550100,0.0,0.0
2017-05-10,284.589996,284.700012,278.170013,282.26001,281.803772,707300,0.0,0.0
2017-05-11,283.600006,284.950012,277.329987,280.869995,280.415985,1172700,0.0,0.0
2017-05-12,282.01001,292.339996,282.01001,287.279999,286.815643,527800,0.0,0.0
2017-05-15,289.790009,296.329987,288.5,296.23999,295.761169,574300,0.0,0.0
2017-05-16,290.600006,297.950012,287.070007,297.220001,296.739594,611900,0.0,0.0
2017-05-17,290.519989,293.0,277.850006,278.549988,278.099731,1026400,0.0,0.0
2017-05-18,250.720001,275.890015,248.199997,270.809998,270.372253,2765300,0.0,0.0
2017-05-19,277.059998,279.790009,271.160004,272.570007,272.129456,629600,0.0,0.0
2017-05-22,275.5,280.690002,273.649994,275.369995,274.924866,652000,0.0,0.0
2017-05-23,277.179993,282.23999,275.540009,281.799988,281.344482,480600,0.0,0.0
2017-05-24,282.799988,288.01001,279.589996,286.279999,285.817261,575300,0.0,0.0
2017-05-25,289.059998,295.5,286.029999,292.420013,291.947357,584200,0.0,0.0
2017-05-26,294.48999,295.230011,286.380005,286.950012,286.486206,488300,0.0,0.0
2017-05-30,288.0,288.440002,276.890015,279.980011,279.527466,778100,0.0,0.0
2017-05-31,281.640015,283.0,272.679993,275.109985,274.665283,999200,0.0,0.0
2017-06-01,277.01001,280.980011,272.109985,280.399994,279.946747,519900,0.0,0.0
2017-06-02,280.25,282.720001,277.5,280.369995,279.916809,342400,0.0,0.0
2017-06-05,277.429993,281.100006,276.100006,278.890015,278.439209,346200,0.0,0.0
2017-06-06,278.5,285.51001,277.790009,280.040009,279.587372,465200,0.0,0.0
2017-06-07,281.029999,287.410004,280.619995,285.25,284.78891,392700,0.0,0.0
2017-06-08,288.109985,289.649994,282.220001,288.119995,287.654266,454700,0.0,0.0
2017-06-09,289.48999,293.329987,268.429993,275.070007,274.625397,642000,0.0,0.0
2017-06-12,273.970001,274.910004,264.25,270.730011,270.292419,830100,0.0,0.0
2017-06-13,266.950012,275.640015,265.019989,273.0,272.558716,534400,0.0,0.0
2017-06-14,273.869995,274.970001,264.769989,265.0,264.571655,547400,0.0,0.0
2017-06-15,261.070007,264.100006,255.149994,263.299988,262.87439,939400,0.0,0.0
2017-06-16,263.049988,266.980011,260.910004,263.450012,263.0242,1543200,0.0,0.0
2017-06-19,268.350006,275.529999,267.910004,274.320007,273.876617,596500,0.0,0.0
2017-06-20,274.339996,275.640015,270.0,271.269989,270.831543,588700,0.0,0.0
2017-06-21,268.440002,277.399994,264.809998,276.98999,276.542267,563600,0.0,0.0
2017-06-22,277.359985,280.339996,273.140015,275.75,275.304291,577000,0.0,0.0
2017-06-23,271.279999,277.730011,268.589996,275.230011,274.785156,483600,0.0,0.0
2017-06-26,276.089996,278.690002,267.700012,268.0,267.566803,406200,0.0,0.0
2017-06-27,265.589996,265.589996,255.660004,255.929993,255.516327,739100,0.0,0.0
2017-06-28,260.0,263.230011,250.339996,262.309998,262.039612,917000,0.15,0.0
2017-06-29,259.850006,262.700012,247.479996,252.429993,252.169754,763900,0.0,0.0
2017-06-30,254.100006,254.479996,249.130005,250.880005,250.621368,475000,0.0,0.0
2017-07-03,254.029999,254.970001,248.529999,250.679993,250.42157,236600,0.0,0.0
2017-07-05,250.389999,253.830002,246.199997,248.979996,248.723328,789600,0.0,0.0
2017-07-06,246.009995,252.289993,245.5,251.100006,250.841141,613300,0.0,0.0
2017-07-07,252.240005,257.899994,252.179993,255.600006,255.336517,577100,0.0,0.0
2017-07-10,256.98999,261.470001,253.149994,259.820007,259.552155,597300,0.0,0.0
2017-07-11,258.570007,263.390015,256.459991,262.410004,262.139496,594400,0.0,0.0
2017-07-12,267.540009,274.690002,266.070007,274.350006,274.067169,805100,0.0,0.0
2017-07-13,273.399994,276.0,269.799988,271.540009,271.260071,728400,0.0,0.0
2017-07-14,273.410004,274.170013,268.589996,273.579987,273.297943,476000,0.0,0.0
2017-07-17,274.0,279.0,272.76001,276.119995,275.835358,787200,0.0,0.0
2017-07-18,275.0,281.100006,273.299988,280.23999,279.95108,463500,0.0,0.0
2017-07-19,280.0,281.480011,278.230011,280.559998,280.270752,518600,0.0,0.0
2017-07-20,281.089996,284.01001,279.329987,282.079987,281.789185,504000,0.0,0.0
2017-07-21,281.200012,282.100006,279.329987,280.26001,279.9711,403400,0.0,0.0
2017-07-24,280.970001,283.26001,280.399994,282.380005,282.088898,435400,0.0,0.0
2017-07-25,281.51001,282.5,275.899994,279.26001,278.972137,708500,0.0,0.0
2017-07-26,279.630005,286.029999,278.51001,286.019989,285.725128,693600,0.0,0.0
2017-07-27,287.0,290.98999,280.049988,286.640015,286.344513,1422400,0.0,0.0
2017-07-28,285.899994,290.790009,284.609985,288.869995,288.572205,742300,0.0,0.0
2017-07-31,291.440002,292.899994,286.369995,288.420013,288.122681,752100,0.0,0.0
2017-08-01,288.51001,290.73999,287.890015,288.880005,288.582184,781300,0.0,0.0
2017-08-02,293.690002,293.859985,281.390015,286.600006,286.304535,863700,0.0,0.0
2017-08-03,287.0,293.209991,286.769989,292.380005,292.078583,955500,0.0,0.0
2017-08-04,262.299988,272.089996,258.119995,260.470001,260.201477,4299500,0.0,0.0
2017-08-07,258.059998,265.5,252.850006,256.170013,255.905914,1543800,0.0,0.0
2017-08-08,256.170013,259.170013,251.050003,251.919998,251.660294,854100,0.0,0.0
2017-08-09,249.600006,252.149994,245.119995,251.520004,251.260712,1309600,0.0,0.0
2017-08-10,250.0,251.429993,232.169998,232.639999,232.400177,1908900,0.0,0.0
2017-08-11,234.169998,240.889999,232.630005,240.160004,239.912415,1296800,0.0,0.0
2017-08-14,243.199997,243.199997,234.550003,236.940002,236.69574,876400,0.0,0.0
2017-08-15,237.169998,237.929993,234.600006,236.070007,235.826645,579700,0.0,0.0
2017-08-16,238.889999,242.649994,236.710007,241.899994,241.65062,623700,0.0,0.0
2017-08-17,240.399994,242.070007,233.949997,234.190002,233.948578,802000,0.0,0.0
2017-08-18,234.089996,238.339996,232.720001,236.139999,235.896561,672800,0.0,0.0
2017-08-21,235.289993,242.639999,235.289993,241.949997,241.700577,733800,0.0,0.0
2017-08-22,241.960007,244.820007,241.75,243.289993,243.039185,756200,0.0,0.0
2017-08-23,242.0,244.789993,241.369995,243.539993,243.288925,325800,0.0,0.0
2017-08-24,244.570007,245.169998,240.639999,243.619995,243.368851,528800,0.0,0.0
2017-08-25,249.839996,249.949997,244.880005,246.410004,246.155991,667800,0.0,0.0
2017-08-28,246.669998,248.279999,241.669998,242.539993,242.289963,452500,0.0,0.0
2017-08-29,240.0,243.75,238.25,240.899994,240.651642,611800,0.0,0.0
2017-08-30,242.309998,247.130005,240.149994,246.75,246.495621,1344800,0.0,0.0
2017-08-31,248.990005,259.399994,247.289993,258.470001,258.203552,948300,0.0,0.0
2017-09-01,258.01001,258.730011,251.369995,251.910004,251.650299,513400,0.0,0.0
2017-09-05,252.600006,257.76001,251.509995,256.630005,256.365448,595800,0.0,0.0
2017-09-06,257.670013,259.350006,251.919998,257.880005,257.614166,465900,0.0,0.0
2017-09-07,258.920013,260.950012,256.160004,258.679993,258.4133,432000,0.0,0.0
2017-09-08,258.209991,262.25,258.209991,259.980011,259.711975,342500,0.0,0.0
2017-09-11,265.079987,286.660004,265.070007,285.26001,284.965942,1285000,0.0,0.0
2017-09-12,284.170013,295.679993,281.880005,290.790009,290.490234,1106100,0.0,0.0
2017-09-13,290.0,293.309998,287.570007,292.209991,291.908752,380600,0.0,0.0
2017-09-14,290.570007,292.440002,287.540009,287.920013,287.623199,465200,0.0,0.0
2017-09-15,287.51001,289.429993,281.279999,282.709991,282.418549,810300,0.0,0.0
2017-09-18,282.950012,290.970001,281.75,289.709991,289.411346,606000,0.0,0.0
2017-09-19,289.190002,290.25,285.0,289.970001,289.671082,463600,0.0,0.0
2017-09-20,289.329987,296.350006,287.059998,290.200012,289.900848,720500,0.0,0.0
2017-09-21,291.299988,291.850006,279.609985,281.869995,281.579407,581500,0.0,0.0
2017-09-22,280.070007,283.679993,279.269989,279.459991,279.171875,507300,0.0,0.0
2017-09-25,279.730011,279.820007,262.230011,270.220001,269.941437,1102900,0.0,0.0
2017-09-26,271.51001,273.660004,265.109985,269.269989,268.992401,546300,0.0,0.0
2017-09-27,270.079987,275.290009,266.839996,267.399994,267.124329,499400,0.0,0.0
2017-09-28,266.160004,268.73999,260.070007,261.98999,261.866791,585600,0.15,0.0
2017-09-29,263.600006,265.899994,257.839996,258.929993,258.808228,657200,0.0,0.0
2017-10-02,258.920013,266.980011,258.920013,263.649994,263.526031,612100,0.0,0.0
2017-10-03,262.570007,264.609985,256.269989,264.359985,264.235687,646000,0.0,0.0
2017-10-04,264.359985,270.970001,260.01001,263.809998,263.685944,679100,0.0,0.0
2017-10-05,265.679993,271.540009,263.829987,270.230011,270.102936,590900,0.0,0.0
2017-10-06,269.709991,272.709991,265.029999,268.820007,268.693604,427600,0.0,0.0
2017-10-09,268.820007,272.25,268.0,269.920013,269.793091,390000,0.0,0.0
2017-10-10,272.230011,276.049988,269.369995,273.640015,273.511353,651900,0.0,0.0
2017-10-11,274.149994,275.910004,272.059998,274.48999,274.360931,572900,0.0,0.0
2017-10-12,259.0,260.0,241.710007,246.259995,246.144196,3157100,0.0,0.0
2017-10-13,245.869995,251.179993,241.509995,244.899994,244.784836,1306300,0.0,0.0
2017-10-16,245.110001,248.899994,228.740005,233.0,232.890442,2235200,0.0,0.0
2017-10-17,232.169998,237.509995,230.869995,234.789993,234.679596,1097200,0.0,0.0
2017-10-18,240.059998,243.800003,237.220001,242.410004,242.296021,1233700,0.0,0.0
2017-10-19,241.910004,241.910004,233.199997,236.0,235.889023,859000,0.0,0.0
2017-10-20,237.0,237.649994,233.800003,235.729996,235.619156,782900,0.0,0.0
2017-10-23,227.559998,232.5,223.220001,226.350006,226.243576,1239100,0.0,0.0
2017-10-24,226.5,230.850006,222.100006,225.419998,225.313995,1099100,0.0,0.0
2017-10-25,224.449997,228.130005,217.059998,221.509995,221.405838,860900,0.0,0.0
2017-10-26,226.300003,230.0,222.740005,229.0,228.892319,1045000,0.0,0.0
2017-10-27,231.399994,238.820007,228.970001,236.050003,235.939011,872300,0.0,0.0
2017-10-30,232.020004,237.5,229.630005,234.5,234.38974,694500,0.0,0.0
2017-10-31,236.240005,240.929993,233.509995,240.309998,240.197006,436500,0.0,0.0
2017-11-01,242.5,243.889999,233.580002,239.020004,238.907608,688700,0.0,0.0
2017-11-02,240.479996,240.479996,234.669998,236.0,235.889023,1014900,0.0,0.0
2017-11-03,256.25,273.779999,251.970001,267.350006,267.224304,2935300,0.0,0.0
2017-11-06,265.630005,274.450012,263.059998,268.529999,268.403717,773400,0.0,0.0
2017-11-07,269.309998,269.350006,259.51001,265.630005,265.505096,608100,0.0,0.0
2017-11-08,264.01001,268.0,259.01001,260.100006,259.977692,564000,0.0,0.0
2017-11-09,253.979996,268.600006,250.830002,266.410004,266.284729,1246200,0.0,0.0
2017-11-10,264.600006,273.75,261.540009,270.869995,270.742615,839300,0.0,0.0
2017-11-13,265.230011,273.679993,262.73999,267.079987,266.954407,497500,0.0,0.0
2017-11-14,264.390015,267.070007,259.179993,262.48999,262.366577,383600,0.0,0.0
2017-11-15,260.299988,266.959991,258.059998,263.540009,263.416077,361100,0.0,0.0
2017-11-16,263.48999,267.880005,259.100006,262.480011,262.356598,705100,0.0,0.0
2017-11-17,265.170013,270.600006,259.119995,269.730011,269.60318,676400,0.0,0.0
2017-11-20,268.600006,271.980011,263.570007,265.839996,265.714996,508800,0.0,0.0
2017-11-21,266.5,270.359985,265.839996,268.76001,268.633636,371700,0.0,0.0
2017-11-22,267.73999,269.01001,263.429993,265.890015,265.764984,313900,0.0,0.0
2017-11-24,265.76001,272.600006,265.329987,271.380005,271.252411,243100,0.0,0.0
2017-11-27,272.380005,277.890015,271.019989,272.619995,272.491791,648600,0.0,0.0
2017-11-28,270.790009,272.160004,263.709991,269.839996,269.713104,498600,0.0,0.0
2017-11-29,269.730011,272.420013,266.209991,267.700012,267.574127,830100,0.0,0.0
2017-11-30,271.440002,276.480011,270.359985,275.140015,275.010651,865800,0.0,0.0
2017-12-01,273.540009,282.549988,270.5,272.910004,272.781677,727400,0.0,0.0
2017-12-04,275.0,281.350006,271.519989,271.730011,271.602234,864800,0.0,0.0
2017-12-05,272.799988,278.690002,269.769989,270.799988,270.672638,910700,0.0,0.0
2017-12-06,269.799988,274.390015,267.01001,272.209991,272.082001,573300,0.0,0.0
2017-12-07,271.459991,273.720001,268.899994,272.679993,272.551758,379900,0.0,0.0
2017-12-08,271.459991,280.640015,271.459991,276.450012,276.320007,444900,0.0,0.0
2017-12-11,276.049988,289.279999,276.0,288.799988,288.664185,887900,0.0,0.0
2017-12-12,286.429993,298.799988,285.140015,295.119995,294.981232,975400,0.0,0.0
2017-12-13,310.549988,321.540009,307.529999,318.940002,318.790039,1739200,0.0,0.0
2017-12-14,316.100006,329.0,314.609985,321.01001,320.85907,880000,0.0,0.0
2017-12-15,323.709991,323.709991,315.25,318.910004,318.76004,862000,0.0,0.0
2017-12-18,322.809998,329.059998,319.790009,326.119995,325.966644,555800,0.0,0.0
2017-12-19,326.029999,334.98999,322.570007,329.279999,329.125153,708700,0.0,0.0
2017-12-20,317.5,322.98999,311.040009,314.899994,314.751923,1297300,0.0,0.0
2017-12-21,314.279999,321.359985,314.279999,318.540009,318.390228,530300,0.0,0.0
2017-12-22,318.940002,320.279999,313.109985,314.829987,314.681946,450000,0.0,0.0
2017-12-26,314.350006,323.350006,313.399994,318.48999,318.34024,537700,0.0,0.0
2017-12-27,318.600006,320.790009,315.0,319.0,318.850006,581100,0.0,0.0
2017-12-28,319.399994,322.480011,314.109985,315.570007,315.570007,464900,0.15,0.0
2017-12-29,314.48999,318.209991,312.690002,314.660004,314.660004,416200,0.0,0.0
2018-01-02,317.48999,322.640015,316.269989,322.579987,322.579987,366900,0.0,0.0
2018-01-03,324.670013,329.970001,322.5,329.279999,329.279999,443500,0.0,0.0
2018-01-04,329.890015,332.940002,322.549988,325.880005,325.880005,389200,0.0,0.0
2018-01-05,329.200012,336.48999,328.600006,330.869995,330.869995,589000,0.0,0.0
2018-01-08,328.119995,341.470001,327.660004,340.790009,340.790009,491200,0.0,0.0
2018-01-09,343.290009,344.179993,336.179993,337.649994,337.649994,285800,0.0,0.0
2018-01-10,336.119995,339.980011,333.230011,339.549988,339.549988,658900,0.0,0.0
2018-01-11,341.109985,343.190002,336.670013,342.019989,342.019989,311200,0.0,0.0
2018-01-12,342.630005,344.519989,338.01001,342.470001,342.470001,305300,0.0,0.0
2018-01-16,345.940002,348.170013,339.070007,339.850006,339.850006,381600,0.0,0.0
2018-01-17,342.660004,345.899994,340.279999,340.450012,340.450012,405100,0.0,0.0
2018-01-18,340.450012,347.279999,338.410004,341.880005,341.880005,1036900,0.0,0.0
2018-01-19,340.940002,345.859985,340.0,345.309998,345.309998,337200,0.0,0.0
2018-01-22,355.5,355.660004,343.350006,352.269989,352.269989,491700,0.0,0.0
2018-01-23,354.079987,356.809998,353.140015,355.429993,355.429993,467400,0.0,0.0
2018-01-24,362.609985,363.76001,347.200012,355.600006,355.600006,523000,0.0,0.0
2018-01-25,359.0,360.519989,352.480011,360.059998,360.059998,536900,0.0,0.0
2018-01-26,365.119995,383.690002,365.119995,381.859985,381.859985,926900,0.0,0.0
2018-01-29,382.100006,395.670013,382.040009,390.269989,390.269989,1078100,0.0,0.0
2018-01-30,385.880005,387.019989,375.019989,386.369995,386.369995,659100,0.0,0.0
2018-01-31,386.149994,392.0,384.070007,387.100006,387.100006,361100,0.0,0.0
2018-02-01,385.75,387.679993,377.549988,378.76001,378.76001,402800,0.0,0.0
2018-02-02,377.040009,379.940002,367.0,368.390015,368.390015,590700,0.0,0.0
2018-02-05,363.100006,374.459991,351.899994,351.98999,351.98999,610800,0.0,0.0
2018-02-06,345.089996,358.350006,336.660004,350.459991,350.459991,1057000,0.0,0.0
2018-02-07,348.100006,357.970001,343.119995,343.549988,343.549988,726500,0.0,0.0
2018-02-08,346.709991,350.529999,337.619995,345.309998,345.309998,1017400,0.0,0.0
2018-02-09,348.679993,358.190002,320.200012,335.859985,335.859985,1575400,0.0,0.0
2018-02-12,339.070007,366.290009,339.070007,353.450012,353.450012,1121100,0.0,0.0
2018-02-13,352.619995,367.700012,351.440002,366.51001,366.51001,542600,0.0,0.0
2018-02-14,361.820007,378.75,361.820007,375.709991,375.709991,435900,0.0,0.0
2018-02-15,381.01001,383.26001,367.339996,379.049988,379.049988,536900,0.0,0.0
2018-02-16,377.209991,380.220001,369.679993,369.869995,369.869995,447300,0.0,0.0
2018-02-20,368.98999,376.200012,366.850006,375.779999,375.779999,523200,0.0,0.0
2018-02-21,380.0,383.559998,372.609985,373.339996,373.339996,462100,0.0,0.0
2018-02-22,376.0,379.950012,366.959991,369.5,369.5,755200,0.0,0.0
2018-02-23,359.890015,390.549988,356.089996,387.26001,387.26001,1939100,0.0,0.0
2018-02-26,388.660004,392.920013,381.019989,392.559998,392.559998,814600,0.0,0.0
2018-02-27,392.559998,397.880005,373.019989,375.440002,375.440002,1005700,0.0,0.0
2018-02-28,388.470001,399.339996,380.640015,387.970001,387.970001,975200,0.0,0.0
2018-03-01,388.690002,390.600006,378.920013,385.380005,385.380005,469900,0.0,0.0
2018-03-02,381.309998,389.179993,372.23999,388.959991,388.959991,560200,0.0,0.0
2018-03-05,387.609985,395.959991,382.980011,390.890015,390.890015,600000,0.0,0.0
2018-03-06,394.910004,411.709991,393.01001,410.25,410.25,812200,0.0,0.0
2018-03-07,408.26001,411.75,397.309998,407.880005,407.880005,565800,0.0,0.0
2018-03-08,391.600006,406.0,389.059998,397.320007,397.320007,950200,0.0,0.0
2018-03-09,401.619995,415.660004,400.0,413.940002,413.940002,497300,0.0,0.0
2018-03-12,414.809998,415.720001,401.179993,410.049988,410.049988,562100,0.0,0.0
2018-03-13,413.410004,417.910004,402.309998,406.410004,406.410004,477200,0.0,0.0
2018-03-14,406.73999,412.170013,402.809998,404.970001,404.970001,315600,0.0,0.0
2018-03-15,394.519989,397.779999,386.23999,387.109985,387.109985,667000,0.0,0.0
2018-03-16,389.040009,390.570007,373.350006,378.440002,378.440002,717300,0.0,0.0
2018-03-19,374.73999,383.950012,363.549988,366.51001,366.51001,1416100,0.0,0.0
2018-03-20,368.390015,371.5,355.51001,364.730011,364.730011,632000,0.0,0.0
2018-03-21,364.880005,366.130005,358.660004,361.850006,361.850006,440400,0.0,0.0
2018-03-22,356.119995,358.450012,344.48999,350.600006,350.600006,699100,0.0,0.0
2018-03-23,350.0,352.679993,340.01001,344.730011,344.730011,571700,0.0,0.0
2018-03-26,352.350006,354.390015,342.579987,353.399994,353.399994,476600,0.0,0.0
2018-03-27,356.019989,363.390015,348.910004,352.209991,352.209991,1360000,0.0,0.0
2018-03-28,351.480011,358.429993,335.130005,341.220001,341.220001,822400,0.0,0.0
2018-03-29,342.0,357.559998,338.26001,356.390015,356.390015,573700,0.0,0.0
2018-04-02,348.26001,355.089996,343.690002,347.200012,347.200012,536800,0.0,0.0
2018-04-03,351.309998,356.230011,338.640015,342.869995,342.869995,414800,0.0,0.0
2018-04-04,335.600006,357.119995,332.850006,355.480011,355.480011,530200,0.0,0.0
2018-04-05,357.649994,362.690002,350.51001,351.959991,351.959991,698000,0.0,0.0
2018-04-06,348.700012,353.0,340.0,342.540009,342.540009,371700,0.0,0.0
2018-04-09,345.0,351.420013,340.070007,342.670013,342.670013,362000,0.0,0.0
2018-04-10,349.640015,352.779999,341.480011,347.829987,347.829987,734000,0.0,0.0
2018-04-11,348.209991,348.209991,328.380005,328.700012,328.700012,1199600,0.0,0.0
2018-04-12,331.049988,335.98999,326.0,327.399994,327.399994,1001300,0.0,0.0
2018-04-13,330.119995,334.290009,326.51001,329.670013,329.670013,1001200,0.0,0.0
2018-04-16,331.279999,332.01001,321.809998,322.779999,322.779999,822000,0.0,0.0
2018-04-17,319.649994,338.540009,313.549988,337.540009,337.540009,992500,0.0,0.0
2018-04-18,339.339996,347.970001,333.51001,345.100006,345.100006,742800,0.0,0.0
2018-04-19,345.0,345.0,325.769989,330.0,330.0,1323800,0.0,0.0
2018-04-20,329.450012,332.410004,318.279999,324.48999,324.48999,745500,0.0,0.0
2018-04-23,325.170013,331.5,324.899994,330.459991,330.459991,540200,0.0,0.0
2018-04-24,331.559998,340.700012,326.220001,328.769989,328.769989,699900,0.0,0.0
2018-04-25,326.480011,338.200012,323.709991,336.130005,336.130005,883200,0.0,0.0
2018-04-26,339.380005,350.829987,337.190002,344.450012,344.450012,776400,0.0,0.0
2018-04-27,354.0,354.0,337.0,341.170013,341.170013,530400,0.0,0.0
2018-04-30,340.790009,346.149994,337.429993,339.609985,339.609985,297900,0.0,0.0
2018-05-01,339.390015,342.98999,335.25,339.459991,339.459991,310300,0.0,0.0
2018-05-02,337.529999,342.820007,332.279999,333.25,333.25,639100,0.0,0.0
2018-05-03,331.910004,336.029999,328.75,330.589996,330.589996,678100,0.0,0.0
2018-05-04,327.290009,331.339996,325.470001,329.970001,329.970001,847600,0.0,0.0
2018-05-07,332.690002,342.190002,327.019989,339.309998,339.309998,625000,0.0,0.0
2018-05-08,334.220001,338.160004,331.179993,333.440002,333.440002,396600,0.0,0.0
2018-05-09,336.320007,339.0,325.059998,325.309998,325.309998,1357100,0.0,0.0
2018-05-10,309.890015,335.98999,305.980011,316.630005,316.630005,1857500,0.0,0.0
2018-05-11,315.429993,321.290009,308.170013,309.01001,309.01001,835900,0.0,0.0
2018-05-14,310.630005,314.779999,296.679993,298.579987,298.579987,1020400,0.0,0.0
2018-05-15,294.200012,295.899994,284.369995,290.75,290.75,1201500,0.0,0.0
2018-05-16,289.559998,305.730011,285.070007,305.130005,305.130005,1383100,0.0,0.0
2018-05-17,303.029999,303.440002,296.390015,298.850006,298.850006,765500,0.0,0.0
2018-05-18,297.75,304.660004,292.23999,295.369995,295.369995,605500,0.0,0.0
2018-05-21,295.820007,298.829987,287.529999,290.600006,290.600006,493500,0.0,0.0
2018-05-22,292.480011,297.549988,290.029999,294.76001,294.76001,677300,0.0,0.0
2018-05-23,294.0,307.640015,292.700012,304.790009,304.790009,687300,0.0,0.0
2018-05-24,301.890015,316.480011,297.51001,314.929993,314.929993,1383400,0.0,0.0
2018-05-25,315.910004,319.540009,312.290009,314.700012,314.700012,1544000,0.0,0.0
2018-05-29,308.130005,308.26001,281.0,297.709991,297.709991,2464400,0.0,0.0
2018-05-30,298.350006,303.630005,293.350006,302.269989,302.269989,1076800,0.0,0.0
2018-05-31,300.390015,304.0,290.089996,290.829987,290.829987,1028000,0.0,0.0
2018-06-01,292.390015,299.140015,290.399994,296.660004,296.660004,558600,0.0,0.0
2018-06-04,297.279999,307.98999,297.279999,307.649994,307.649994,478800,0.0,0.0
2018-06-05,307.839996,313.109985,305.709991,307.019989,307.019989,634900,0.0,0.0
2018-06-06,306.98999,321.040009,306.049988,315.0,315.0,759000,0.0,0.0
2018-06-07,315.0,315.0,283.109985,288.850006,288.850006,1475700,0.0,0.0
2018-06-08,292.01001,292.980011,282.26001,288.799988,288.799988,1437400,0.0,0.0
2018-06-11,288.279999,308.410004,287.209991,297.730011,297.730011,1462400,0.0,0.0
2018-06-12,297.730011,306.48999,293.0,301.140015,301.140015,528700,0.0,0.0
2018-06-13,300.980011,303.579987,290.089996,291.0,291.0,858800,0.0,0.0
2018-06-14,294.149994,309.799988,292.339996,305.0,305.0,1849200,0.0,0.0
2018-06-15,307.350006,307.470001,295.100006,303.820007,303.820007,821300,0.0,0.0
2018-06-18,300.0,303.26001,290.5,294.579987,294.579987,993600,0.0,0.0
2018-06-19,288.0,298.420013,286.119995,295.26001,295.26001,648700,0.0,0.0
2018-06-20,298.380005,305.359985,295.089996,296.480011,296.480011,767500,0.0,0.0
2018-06-21,301.649994,301.649994,286.76001,287.369995,287.369995,595300,0.0,0.0
2018-06-22,292.480011,295.0,285.029999,290.859985,290.859985,481100,0.0,0.0
2018-06-25,287.480011,289.839996,281.790009,288.269989,288.269989,577200,0.0,0.0
2018-06-26,296.459991,305.869995,295.0,298.350006,298.350006,984800,0.0,0.0
2018-06-27,299.279999,302.980011,284.890015,285.350006,285.350006,691800,0.0,0.0
2018-06-28,285.350006,300.0,285.350006,296.799988,296.799988,675700,0.0,0.0
2018-06-29,297.589996,303.23999,296.48999,298.929993,298.929993,537600,0.0,0.0
2018-07-02,294.149994,299.48999,291.059998,295.700012,295.700012,591500,0.0,0.0
2018-07-03,298.920013,300.980011,294.540009,297.429993,297.429993,225200,0.0,0.0
2018-07-05,298.720001,305.519989,293.519989,304.459991,304.459991,429600,0.0,0.0
2018-07-06,306.309998,314.869995,304.0,312.910004,312.910004,503800,0.0,0.0
2018-07-09,314.160004,316.109985,302.149994,309.769989,309.769989,588600,0.0,0.0
2018-07-10,311.299988,312.0,305.269989,308.149994,308.149994,590800,0.0,0.0
2018-07-11,303.119995,306.600006,300.0,303.23999,303.23999,392200,0.0,0.0
2018-07-12,306.089996,321.609985,303.670013,318.049988,318.049988,715900,0.0,0.0
2018-07-13,318.0,329.149994,315.130005,327.679993,327.679993,932900,0.0,0.0
2018-07-16,328.76001,346.660004,326.26001,343.25,343.25,1031800,0.0,0.0
2018-07-17,339.0,362.73999,332.109985,359.799988,359.799988,1706000,0.0,0.0
2018-07-18,360.230011,377.660004,359.700012,369.350006,369.350006,2050700,0.0,0.0
2018-07-19,366.51001,375.450012,363.700012,374.609985,374.609985,948100,0.0,0.0
2018-07-20,372.929993,381.5,368.73999,373.459991,373.459991,774700,0.0,0.0
2018-07-23,373.799988,374.980011,357.25,363.290009,363.290009,961300,0.0,0.0
2018-07-24,366.790009,368.109985,350.329987,353.0,353.0,671700,0.0,0.0
2018-07-25,355.98999,366.559998,351.869995,364.98999,364.98999,504100,0.0,0.0
2018-07-26,355.609985,367.0,355.609985,363.730011,363.730011,397400,0.0,0.0
2018-07-27,365.630005,366.429993,350.220001,354.570007,354.570007,562500,0.0,0.0
2018-07-30,355.970001,356.619995,340.440002,343.25,343.25,787200,0.0,0.0
2018-07-31,342.690002,354.559998,339.519989,342.910004,342.910004,658400,0.0,0.0
2018-08-01,342.059998,353.26001,339.799988,346.140015,346.140015,580900,0.0,0.0
2018-08-02,343.089996,345.0,335.079987,339.269989,339.269989,661600,0.0,0.0
2018-08-03,340.890015,344.109985,336.5,343.880005,343.880005,381000,0.0,0.0
2018-08-06,342.820007,349.73999,340.399994,348.519989,348.519989,339900,0.0,0.0
2018-08-07,349.519989,351.51001,343.230011,347.420013,347.420013,893900,0.0,0.0
2018-08-08,348.070007,356.130005,343.01001,344.429993,344.429993,669000,0.0,0.0
2018-08-09,337.880005,394.920013,337.190002,384.390015,384.390015,2099000,0.0,0.0
2018-08-10,378.859985,384.970001,365.609985,372.350006,372.350006,986400,0.0,0.0
2018-08-13,371.950012,371.950012,357.089996,358.859985,358.859985,726100,0.0,0.0
2018-08-14,362.359985,365.609985,355.309998,363.51001,363.51001,267300,0.0,0.0
2018-08-15,355.0,357.48999,339.940002,344.790009,344.790009,1156900,0.0,0.0
2018-08-16,349.040009,351.0,333.609985,334.799988,334.799988,717000,0.0,0.0
2018-08-17,333.290009,334.660004,321.570007,324.200012,324.200012,859900,0.0,0.0
2018-08-20,323.829987,325.209991,315.25,319.75,319.75,863400,0.0,0.0
2018-08-21,319.0,335.660004,315.149994,328.450012,328.450012,1182900,0.0,0.0
2018-08-22,332.920013,345.980011,328.0,344.929993,344.929993,1663900,0.0,0.0
2018-08-23,342.5,355.0,341.859985,348.329987,348.329987,653900,0.0,0.0
2018-08-24,350.070007,373.119995,349.170013,367.540009,367.540009,1453200,0.0,0.0
2018-08-27,370.980011,377.570007,368.769989,374.850006,374.850006,658400,0.0,0.0
2018-08-28,374.950012,381.899994,372.279999,378.179993,378.179993,578500,0.0,0.0
2018-08-29,379.399994,381.01001,374.0,377.440002,377.440002,638000,0.0,0.0
2018-08-30,375.410004,375.410004,339.329987,340.149994,340.149994,1831500,0.0,0.0
2018-08-31,338.440002,343.369995,336.549988,342.410004,342.410004,883300,0.0,0.0
2018-09-04,340.0,345.600006,336.970001,342.269989,342.269989,708100,0.0,0.0
2018-09-05,339.910004,340.679993,323.01001,328.0,328.0,1269200,0.0,0.0
2018-09-06,328.970001,331.700012,320.309998,320.76001,320.76001,992900,0.0,0.0
2018-09-07,320.0,332.5,317.769989,326.5,326.5,554500,0.0,0.0
2018-09-10,327.720001,329.25,318.359985,319.429993,319.429993,426200,0.0,0.0
2018-09-11,317.309998,326.450012,315.970001,318.730011,318.730011,568100,0.0,0.0
2018-09-12,318.0,321.420013,310.790009,316.899994,316.899994,696300,0.0,0.0
2018-09-13,320.309998,332.829987,319.600006,320.670013,320.670013,532100,0.0,0.0
2018-09-14,321.609985,329.519989,318.25,325.040009,325.040009,745400,0.0,0.0
2018-09-17,323.929993,328.690002,317.109985,322.26001,322.26001,530900,0.0,0.0
2018-09-18,323.149994,331.98999,314.5,315.079987,315.079987,827900,0.0,0.0
2018-09-19,315.5,319.5,310.649994,315.809998,315.809998,799500,0.0,0.0
2018-09-20,318.880005,325.279999,316.690002,323.079987,323.079987,520600,0.0,0.0
2018-09-21,324.420013,330.109985,319.299988,319.679993,319.679993,643800,0.0,0.0
2018-09-24,317.0,334.149994,313.339996,331.380005,331.380005,1042500,0.0,0.0
2018-09-25,333.26001,333.890015,318.019989,319.619995,319.619995,800300,0.0,0.0
2018-09-26,320.730011,337.5,320.0,330.75,330.75,949700,0.0,0.0
2018-09-27,333.309998,346.100006,325.089996,340.079987,340.079987,1018500,0.0,0.0
2018-09-28,337.73999,344.649994,336.529999,340.470001,340.470001,487300,0.0,0.0
2018-10-01,343.839996,353.109985,331.73999,332.48999,332.48999,875200,0.0,0.0
2018-10-02,334.589996,354.48999,332.820007,353.899994,353.899994,1053700,0.0,0.0
2018-10-03,356.559998,362.329987,350.26001,354.100006,354.100006,716700,0.0,0.0
2018-10-04,351.75,352.0,332.160004,339.459991,339.459991,595700,0.0,0.0
2018-10-05,340.619995,349.950012,330.290009,335.640015,335.640015,635300,0.0,0.0
2018-10-08,348.940002,351.410004,327.51001,339.5,339.5,1110100,0.0,0.0
2018-10-09,337.470001,341.5,333.869995,340.059998,340.059998,495600,0.0,0.0
2018-10-10,336.390015,338.709991,314.529999,319.070007,319.070007,835200,0.0,0.0
2018-10-11,314.720001,320.75,298.070007,304.859985,304.859985,945000,0.0,0.0
2018-10-12,311.940002,314.209991,295.399994,303.420013,303.420013,1350700,0.0,0.0
2018-10-15,303.279999,303.279999,291.51001,294.75,294.75,1291400,0.0,0.0
2018-10-16,297.200012,309.299988,296.01001,308.600006,308.600006,1242200,0.0,0.0
2018-10-17,307.910004,319.029999,304.690002,313.369995,313.369995,536900,0.0,0.0
2018-10-18,313.179993,317.25,297.0,298.76001,298.76001,499100,0.0,0.0
2018-10-19,300.920013,312.140015,298.779999,301.869995,301.869995,418400,0.0,0.0
2018-10-22,305.98999,318.140015,301.950012,313.559998,313.559998,580900,0.0,0.0
2018-10-23,303.019989,309.380005,295.600006,306.859985,306.859985,505600,0.0,0.0
2018-10-24,306.76001,309.450012,291.070007,291.399994,291.399994,490800,0.0,0.0
2018-10-25,296.170013,302.200012,291.0,297.589996,297.589996,601800,0.0,0.0
2018-10-26,295.709991,302.880005,287.279999,295.369995,295.369995,725100,0.0,0.0
2018-10-29,300.980011,304.5,281.299988,287.339996,287.339996,956200,0.0,0.0
2018-10-30,286.679993,312.799988,285.100006,310.410004,310.410004,868600,0.0,0.0
2018-10-31,315.070007,329.51001,315.0,324.5,324.5,1042300,0.0,0.0
2018-11-01,330.890015,343.450012,320.059998,341.649994,341.649994,845900,0.0,0.0
2018-11-02,348.0,368.839996,346.369995,354.390015,354.390015,1361400,0.0,0.0
2018-11-05,353.589996,360.48999,350.73999,357.619995,357.619995,386500,0.0,0.0
2018-11-06,352.76001,356.359985,335.23999,336.190002,336.190002,593300,0.0,0.0
2018-11-07,340.0,349.910004,329.529999,349.559998,349.559998,549200,0.0,0.0
2018-11-08,347.51001,348.429993,327.579987,331.470001,331.470001,568300,0.0,0.0
2018-11-09,326.929993,328.929993,318.440002,325.690002,325.690002,427900,0.0,0.0
2018-11-12,325.690002,328.350006,318.410004,322.0,322.0,596300,0.0,0.0
2018-11-13,323.709991,330.570007,321.459991,327.940002,327.940002,396400,0.0,0.0
2018-11-14,339.0,341.0,329.299988,336.859985,336.859985,614800,0.0,0.0
2018-11-15,336.959991,344.609985,331.549988,340.769989,340.769989,624700,0.0,0.0
2018-11-16,336.390015,347.589996,331.809998,344.609985,344.609985,450400,0.0,0.0
2018-11-19,341.160004,343.940002,333.26001,335.390015,335.390015,519800,0.0,0.0
2018-11-20,327.329987,332.299988,312.029999,313.790009,313.790009,1136800,0.0,0.0
2018-11-21,319.0,321.98999,312.519989,319.0,319.0,692000,0.0,0.0
2018-11-23,314.079987,321.160004,308.529999,309.820007,309.820007,480000,0.0,0.0
2018-11-26,316.790009,323.679993,314.119995,322.179993,322.179993,644200,0.0,0.0
2018-11-27,320.320007,332.01001,314.209991,331.720001,331.720001,391100,0.0,0.0
2018-11-28,335.0,346.019989,326.859985,345.779999,345.779999,658500,0.0,0.0
2018-11-29,343.519989,359.380005,342.0,357.98999,357.98999,616400,0.0,0.0
2018-11-30,359.339996,362.029999,351.709991,351.970001,351.970001,915400,0.0,0.0
2018-12-03,360.910004,374.839996,359.0,369.51001,369.51001,788900,0.0,0.0
2018-12-04,369.0,373.920013,351.059998,354.850006,354.850006,718800,0.0,0.0
2018-12-06,344.019989,350.890015,340.26001,350.559998,350.559998,600800,0.0,0.0
2018-12-07,349.5,357.910004,341.649994,346.559998,346.559998,390000,0.0,0.0
2018-12-10,345.019989,357.529999,342.48999,353.519989,353.519989,446900,0.0,0.0
2018-12-11,361.0,364.940002,351.679993,355.23999,355.23999,591700,0.0,0.0
2018-12-12,359.649994,366.119995,354.929993,361.359985,361.359985,487800,0.0,0.0
2018-12-13,360.100006,361.0,333.329987,333.51001,333.51001,721500,0.0,0.0
2018-12-14,329.0,337.329987,324.130005,326.519989,326.519989,497400,0.0,0.0
2018-12-17,324.790009,324.869995,309.73999,310.48999,310.48999,535100,0.0,0.0
2018-12-18,312.899994,320.160004,307.420013,310.829987,310.829987,454800,0.0,0.0
2018-12-19,312.779999,330.850006,309.299988,312.390015,312.390015,747800,0.0,0.0
2018-12-20,311.519989,319.019989,304.100006,306.399994,306.399994,489500,0.0,0.0
2018-12-21,308.100006,315.640015,285.579987,286.559998,286.559998,1423600,0.0,0.0
2018-12-24,281.920013,284.440002,257.519989,257.519989,257.519989,1005400,0.0,0.0
2018-12-26,261.230011,283.910004,260.420013,281.809998,281.809998,1031400,0.0,0.0
2018-12-27,274.170013,290.290009,272.609985,289.100006,289.100006,579300,0.0,0.0
2018-12-28,291.890015,299.809998,282.440002,292.089996,292.089996,736200,0.0,0.0
2018-12-31,295.0,298.320007,285.109985,292.850006,292.850006,390300,0.0,0.0
2019-01-02,285.609985,298.869995,282.880005,298.01001,298.01001,349000,0.0,0.0
2019-01-03,295.079987,300.5,289.140015,296.589996,296.589996,564400,0.0,0.0
2019-01-04,301.670013,317.970001,301.01001,315.329987,315.329987,606600,0.0,0.0
2019-01-07,315.730011,330.890015,315.730011,328.940002,328.940002,467700,0.0,0.0
2019-01-08,334.170013,334.98999,317.73999,328.48999,328.48999,500900,0.0,0.0
2019-01-09,333.100006,347.790009,330.549988,339.959991,339.959991,590200,0.0,0.0
2019-01-10,336.089996,343.98999,331.0,339.589996,339.589996,620200,0.0,0.0
2019-01-11,337.48999,348.459991,333.859985,344.950012,344.950012,431900,0.0,0.0
2019-01-14,340.700012,346.570007,337.0,339.769989,339.769989,400700,0.0,0.0
2019-01-15,341.190002,350.98999,341.190002,350.100006,350.100006,513200,0.0,0.0
2019-01-16,340.0,349.609985,336.470001,344.920013,344.920013,643600,0.0,0.0
2019-01-17,341.26001,346.290009,335.109985,342.230011,342.230011,388100,0.0,0.0
2019-01-18,347.070007,353.970001,341.119995,350.660004,350.660004,475900,0.0,0.0
2019-01-22,340.98999,342.380005,324.119995,330.859985,330.859985,622200,0.0,0.0
2019-01-23,334.790009,337.059998,322.820007,328.880005,328.880005,420500,0.0,0.0
2019-01-24,331.070007,339.839996,330.0,339.149994,339.149994,456300,0.0,0.0
2019-01-25,344.329987,347.51001,339.089996,342.880005,342.880005,469700,0.0,0.0
2019-01-28,338.119995,356.420013,335.279999,355.0,355.0,468600,0.0,0.0
2019-01-29,354.700012,357.0,346.399994,351.230011,351.230011,453100,0.0,0.0
2019-01-30,352.130005,366.339996,351.299988,362.019989,362.019989,575400,0.0,0.0
2019-01-31,361.700012,368.269989,356.059998,364.0,364.0,733800,0.0,0.0
2019-02-01,365.730011,366.890015,359.0,364.660004,364.660004,495400,0.0,0.0
2019-02-04,361.850006,369.029999,354.390015,368.079987,368.079987,358400,0.0,0.0
2019-02-05,370.279999,374.970001,362.309998,363.25,363.25,451100,0.0,0.0
2019-02-06,360.369995,365.75,352.959991,358.920013,358.920013,501500,0.0,0.0
2019-02-07,354.579987,361.5,345.390015,358.200012,358.200012,332200,0.0,0.0
2019-02-08,351.190002,353.269989,338.950012,347.820007,347.820007,908100,0.0,0.0
2019-02-11,350.0,355.109985,346.98999,350.829987,350.829987,559900,0.0,0.0
2019-02-12,354.380005,367.609985,351.51001,364.0,364.0,526900,0.0,0.0
2019-02-13,365.029999,367.859985,357.540009,360.570007,360.570007,228200,0.0,0.0
2019-02-14,357.0,364.559998,356.0,359.839996,359.839996,373600,0.0,0.0
2019-02-15,364.190002,365.559998,360.01001,363.100006,363.100006,243200,0.0,0.0
2019-02-19,362.609985,370.890015,361.390015,367.209991,367.209991,488900,0.0,0.0
2019-02-20,367.350006,372.480011,363.170013,368.339996,368.339996,399200,0.0,0.0
2019-02-21,367.0,368.880005,358.070007,364.980011,364.980011,427100,0.0,0.0
2019-02-22,367.170013,374.309998,366.26001,374.059998,374.059998,304700,0.0,0.0
2019-02-25,375.230011,382.839996,373.850006,375.089996,375.089996,548300,0.0,0.0
2019-02-26,372.0,374.920013,362.51001,369.48999,369.48999,781200,0.0,0.0
2019-02-27,408.0,452.429993,405.01001,446.679993,446.679993,2625300,0.0,0.0
2019-02-28,444.179993,462.070007,443.450012,458.790009,458.790009,1136500,0.0,0.0
2019-03-01,461.75,474.839996,447.0,451.640015,451.640015,1408300,0.0,0.0
2019-03-04,455.880005,465.0,449.679993,463.799988,463.799988,724700,0.0,0.0
2019-03-05,469.709991,478.600006,461.959991,467.769989,467.769989,705400,0.0,0.0
2019-03-06,466.600006,469.079987,457.160004,461.529999,461.529999,448100,0.0,0.0
2019-03-07,460.0,462.100006,446.579987,451.149994,451.149994,1317200,0.0,0.0
2019-03-08,436.450012,450.149994,436.450012,449.589996,449.589996,588300,0.0,0.0
2019-03-11,455.230011,483.75,450.850006,481.109985,481.109985,1142800,0.0,0.0
2019-03-12,481.48999,484.429993,472.160004,483.480011,483.480011,1488500,0.0,0.0
2019-03-13,489.600006,514.900024,488.0,507.929993,507.929993,3285300,0.0,0.0
2019-03-14,503.359985,506.799988,491.76001,493.790009,493.790009,1063900,0.0,0.0
2019-03-15,486.309998,495.0,482.040009,488.730011,488.730011,1120800,0.0,0.0
2019-03-18,490.0,494.399994,479.0,484.970001,484.970001,885700,0.0,0.0
2019-03-19,483.299988,491.769989,479.0,482.359985,482.359985,687500,0.0,0.0
2019-03-20,484.859985,500.589996,482.839996,497.950012,497.950012,760800,0.0,0.0
2019-03-21,496.25,506.320007,493.700012,504.480011,504.480011,463400,0.0,0.0
2019-03-22,499.279999,503.559998,489.369995,497.369995,497.369995,702900,0.0,0.0
2019-03-25,497.200012,501.029999,489.829987,491.299988,491.299988,402400,0.0,0.0
2019-03-26,497.320007,501.369995,490.459991,493.899994,493.899994,489400,0.0,0.0
2019-03-27,490.01001,498.630005,479.130005,484.940002,484.940002,634600,0.0,0.0
2019-03-28,497.160004,504.200012,488.350006,497.149994,497.149994,553000,0.0,0.0
2019-03-29,503.109985,511.48999,498.140015,507.730011,507.730011,389500,0.0,0.0
2019-04-01,516.280029,525.900024,514.950012,518.109985,518.109985,648000,0.0,0.0
2019-04-02,517.02002,521.549988,508.320007,509.98999,509.98999,575800,0.0,0.0
2019-04-03,522.549988,527.090027,507.700012,508.579987,508.579987,775000,0.0,0.0
2019-04-04,508.549988,508.790009,490.869995,501.480011,501.480011,708200,0.0,0.0
2019-04-05,511.700012,511.700012,498.440002,502.850006,502.850006,391200,0.0,0.0
2019-04-08,503.839996,506.839996,496.619995,506.5,506.5,210900,0.0,0.0
2019-04-09,500.73999,510.0,500.73999,505.179993,505.179993,240200,0.0,0.0
2019-04-10,507.119995,516.909973,504.709991,514.340027,514.340027,348000,0.0,0.0
2019-04-11,507.0,510.5,499.190002,503.730011,503.730011,387300,0.0,0.0
2019-04-12,505.459991,509.089996,503.320007,504.519989,504.519989,358200,0.0,0.0
2019-04-15,503.029999,516.390015,502.690002,513.679993,513.679993,496400,0.0,0.0
2019-04-16,515.049988,518.580017,498.0,501.959991,501.959991,469600,0.0,0.0
2019-04-17,499.320007,503.459991,486.690002,498.380005,498.380005,502300,0.0,0.0
2019-04-18,490.23999,493.790009,477.029999,492.0,492.0,663600,0.0,0.0
2019-04-22,490.799988,495.100006,488.0,490.769989,490.769989,432700,0.0,0.0
2019-04-23,480.549988,500.369995,480.549988,500.0,500.0,661800,0.0,0.0
2019-04-24,503.339996,504.950012,475.140015,486.01001,486.01001,777500,0.0,0.0
2019-04-25,486.029999,491.51001,460.0,487.570007,487.570007,1223900,0.0,0.0
2019-04-26,491.190002,495.0,485.350006,489.519989,489.519989,425000,0.0,0.0
2019-04-29,489.670013,494.850006,481.600006,494.160004,494.160004,437700,0.0,0.0
2019-04-30,491.570007,495.649994,482.329987,484.140015,484.140015,451700,0.0,0.0
2019-05-01,487.779999,493.040009,483.559998,484.730011,484.730011,320100,0.0,0.0
2019-05-02,484.350006,491.980011,478.779999,482.350006,482.350006,508300,0.0,0.0
2019-05-03,541.849976,589.559998,529.190002,578.940002,578.940002,2195100,0.0,0.0
2019-05-06,565.580017,580.429993,562.309998,567.690002,567.690002,625100,0.0,0.0
2019-05-07,557.909973,562.619995,535.119995,539.409973,539.409973,727000,0.0,0.0
2019-05-08,536.289978,554.369995,535.659973,536.059998,536.059998,541200,0.0,0.0
2019-05-09,529.47998,551.369995,520.869995,542.640015,542.640015,546700,0.0,0.0
2019-05-10,542.700012,558.77002,536.580017,557.840027,557.840027,544400,0.0,0.0
2019-05-13,540.02002,549.849976,539.159973,543.030029,543.030029,664500,0.0,0.0
2019-05-14,551.23999,565.0,546.960022,562.690002,562.690002,660000,0.0,0.0
2019-05-15,558.23999,582.47998,558.23999,572.929993,572.929993,583100,0.0,0.0
2019-05-16,573.570007,596.700012,573.570007,595.72998,595.72998,698100,0.0,0.0
2019-05-17,585.01001,589.890015,573.630005,574.570007,574.570007,551600,0.0,0.0
2019-05-20,572.98999,577.659973,564.679993,574.090027,574.090027,510500,0.0,0.0
2019-05-21,578.340027,580.0,567.51001,572.950012,572.950012,366300,0.0,0.0
2019-05-22,565.849976,589.0,563.030029,569.48999,569.48999,653500,0.0,0.0
2019-05-23,563.109985,582.73999,563.0,580.669983,580.669983,424600,0.0,0.0
2019-05-24,584.440002,595.679993,584.0,592.549988,592.549988,512600,0.0,0.0
2019-05-28,596.0,611.960022,595.5,600.580017,600.580017,593700,0.0,0.0
2019-05-29,595.0,597.409973,568.340027,573.609985,573.609985,936500,0.0,0.0
2019-05-30,576.619995,590.0,575.919983,578.289978,578.289978,399900,0.0,0.0
2019-05-31,566.559998,576.710022,560.409973,570.52002,570.52002,522700,0.0,0.0
2019-06-03,567.590027,589.820007,564.73999,568.77002,568.77002,688100,0.0,0.0
2019-06-04,568.0,577.690002,544.440002,551.710022,551.710022,1173800,0.0,0.0
2019-06-05,564.219971,569.809998,546.98999,569.150024,569.150024,700000,0.0,0.0
2019-06-06,569.140015,587.369995,565.47998,581.690002,581.690002,555400,0.0,0.0
2019-06-07,582.0,618.0,582.0,604.48999,604.48999,695300,0.0,0.0
2019-06-10,625.890015,632.669983,613.030029,616.460022,616.460022,564700,0.0,0.0
2019-06-11,628.059998,634.0,608.390015,613.299988,613.299988,455700,0.0,0.0
2019-06-12,608.330017,633.109985,608.330017,623.409973,623.409973,625300,0.0,0.0
2019-06-13,630.0,635.710022,616.830017,635.590027,635.590027,568000,0.0,0.0
2019-06-14,632.869995,635.590027,609.409973,616.0,616.0,621700,0.0,0.0
2019-06-17,620.929993,623.450012,612.23999,618.849976,618.849976,460000,0.0,0.0
2019-06-18,626.719971,632.090027,621.679993,622.75,622.75,465300,0.0,0.0
2019-06-19,623.419983,643.969971,616.190002,641.390015,641.390015,390900,0.0,0.0
2019-06-20,659.359985,672.549988,619.150024,636.440002,636.440002,581800,0.0,0.0
2019-06-21,635.919983,644.710022,624.890015,630.650024,630.650024,454900,0.0,0.0
2019-06-24,633.880005,637.369995,619.130005,621.799988,621.799988,357700,0.0,0.0
2019-06-25,623.429993,624.98999,609.0,614.539978,614.539978,389100,0.0,0.0
2019-06-26,625.320007,625.320007,605.559998,609.219971,609.219971,462200,0.0,0.0
2019-06-27,608.830017,614.400024,607.340027,610.669983,610.669983,573300,0.0,0.0
2019-06-28,613.119995,613.119995,603.099976,611.77002,611.77002,375100,0.0,0.0
2019-07-01,627.190002,637.0,612.380005,619.309998,619.309998,501000,0.0,0.0
2019-07-02,616.0,631.549988,613.530029,626.97998,626.97998,424900,0.0,0.0
2019-07-03,630.97998,633.52002,619.01001,633.52002,633.52002,207500,0.0,0.0
2019-07-05,628.0,641.570007,621.630005,638.179993,638.179993,300900,0.0,0.0
2019-07-08,635.710022,635.710022,624.219971,629.969971,629.969971,313600,0.0,0.0
2019-07-09,626.830017,641.169983,624.809998,640.559998,640.559998,339400,0.0,0.0
2019-07-10,646.0,654.169983,619.5,633.330017,633.330017,755000,0.0,0.0
2019-07-11,632.210022,638.710022,625.669983,634.289978,634.289978,467800,0.0,0.0
2019-07-12,633.849976,647.859985,628.77002,644.789978,644.789978,514700,0.0,0.0
2019-07-15,649.25,660.630005,639.950012,645.109985,645.109985,636700,0.0,0.0
2019-07-16,649.780029,652.97998,630.0,633.950012,633.950012,572000,0.0,0.0
2019-07-17,632.950012,640.890015,623.26001,631.72998,631.72998,383800,0.0,0.0
2019-07-18,630.130005,650.900024,629.97998,648.669983,648.669983,562600,0.0,0.0
2019-07-19,652.98999,657.190002,626.349976,626.700012,626.700012,479100,0.0,0.0
2019-07-22,631.400024,640.950012,630.0,636.51001,636.51001,316500,0.0,0.0
2019-07-23,638.590027,641.609985,623.299988,634.830017,634.830017,417000,0.0,0.0
2019-07-24,631.340027,660.299988,627.539978,660.0,660.0,581900,0.0,0.0
2019-07-25,662.460022,666.179993,650.859985,652.5,652.5,558300,0.0,0.0
2019-07-26,650.0,662.900024,647.140015,654.710022,654.710022,397600,0.0,0.0
2019-07-29,656.130005,658.299988,646.01001,653.390015,653.390015,312900,0.0,0.0
2019-07-30,646.72998,650.049988,629.630005,633.780029,633.780029,466100,0.0,0.0
2019-07-31,636.900024,643.440002,614.130005,621.419983,621.419983,427100,0.0,0.0
2019-08-01,624.530029,648.549988,617.030029,626.450012,626.450012,455900,0.0,0.0
2019-08-02,622.630005,625.0,609.599976,614.710022,614.710022,341800,0.0,0.0
2019-08-05,598.52002,602.659973,567.390015,574.25,574.25,887200,0.0,0.0
2019-08-06,588.530029,601.98999,586.880005,601.039978,601.039978,566000,0.0,0.0
2019-08-07,596.97998,614.960022,581.130005,613.539978,613.539978,637700,0.0,0.0
2019-08-08,645.0,693.840027,640.0,688.099976,688.099976,1140900,0.0,0.0
2019-08-09,682.690002,698.97998,675.090027,690.099976,690.099976,544400,0.0,0.0
2019-08-12,612.559998,633.039978,585.73999,623.650024,623.650024,1761200,0.0,0.0
2019-08-13,644.890015,656.140015,627.030029,637.570007,637.570007,794200,0.0,0.0
2019-08-14,620.98999,632.359985,616.359985,620.0,620.0,464900,0.0,0.0
2019-08-15,620.98999,628.5,604.539978,613.25,613.25,412400,0.0,0.0
2019-08-16,623.0,631.380005,619.02002,624.530029,624.530029,350900,0.0,0.0
2019-08-19,637.440002,639.690002,597.340027,603.349976,603.349976,611600,0.0,0.0
2019-08-20,603.359985,620.320007,596.619995,612.299988,612.299988,362200,0.0,0.0
2019-08-21,622.52002,634.539978,620.01001,629.830017,629.830017,348400,0.0,0.0
2019-08-22,626.059998,630.880005,608.48999,619.400024,619.400024,278000,0.0,0.0
2019-08-23,613.890015,619.73999,595.0,598.179993,598.179993,405000,0.0,0.0
2019-08-26,605.969971,612.880005,599.820007,602.619995,602.619995,332000,0.0,0.0
2019-08-27,609.75,614.789978,591.75,594.130005,594.130005,504000,0.0,0.0
2019-08-28,593.409973,593.77002,584.059998,588.150024,588.150024,385300,0.0,0.0
2019-08-29,590.789978,596.799988,578.849976,593.48999,593.48999,394800,0.0,0.0
2019-08-30,602.400024,604.98999,584.630005,594.599976,594.599976,289800,0.0,0.0
2019-09-03,587.190002,592.940002,573.919983,581.0,581.0,419300,0.0,0.0
2019-09-04,586.0,594.789978,581.289978,590.0,590.0,379200,0.0,0.0
2019-09-05,602.02002,612.830017,597.159973,605.690002,605.690002,306600,0.0,0.0
2019-09-06,605.359985,608.98999,594.580017,597.789978,597.789978,198300,0.0,0.0
2019-09-09,608.400024,608.400024,555.929993,571.130005,571.130005,583900,0.0,0.0
2019-09-10,550.0,559.0,536.26001,549.169983,549.169983,1074000,0.0,0.0
2019-09-11,551.049988,574.090027,543.77002,560.880005,560.880005,672900,0.0,0.0
2019-09-12,568.440002,573.77002,559.98999,571.72998,571.72998,371800,0.0,0.0
2019-09-13,571.01001,573.969971,563.190002,566.830017,566.830017,415600,0.0,0.0
2019-09-16,557.549988,561.0,548.719971,554.049988,554.049988,514800,0.0,0.0
2019-09-17,553.119995,559.059998,546.98999,549.97998,549.97998,431300,0.0,0.0
2019-09-18,548.280029,551.580017,530.76001,542.52002,542.52002,559400,0.0,0.0
2019-09-19,542.5,556.530029,541.849976,549.309998,549.309998,448200,0.0,0.0
2019-09-20,549.0,558.179993,543.119995,547.969971,547.969971,487900,0.0,0.0
2019-09-23,544.309998,547.780029,536.369995,540.090027,540.090027,299800,0.0,0.0
2019-09-24,542.539978,554.97998,534.099976,537.289978,537.289978,451600,0.0,0.0
2019-09-25,534.530029,553.890015,531.950012,551.869995,551.869995,367900,0.0,0.0
2019-09-26,552.23999,553.48999,540.840027,549.859985,549.859985,314100,0.0,0.0
2019-09-27,554.830017,554.830017,534.369995,541.52002,541.52002,337300,0.0,0.0
2019-09-30,545.840027,551.97998,536.059998,551.22998,551.22998,313900,0.0,0.0
2019-10-01,550.549988,563.539978,546.0,550.429993,550.429993,272900,0.0,0.0
2019-10-02,551.450012,551.789978,538.890015,544.090027,544.090027,267200,0.0,0.0
2019-10-03,542.880005,559.179993,531.01001,558.190002,558.190002,305300,0.0,0.0
2019-10-04,560.559998,568.090027,549.599976,559.219971,559.219971,241400,0.0,0.0
2019-10-07,556.119995,559.47998,544.669983,548.869995,548.869995,263800,0.0,0.0
2019-10-08,544.299988,545.469971,523.780029,525.630005,525.630005,337600,0.0,0.0
2019-10-09,530.0,537.570007,522.690002,532.030029,532.030029,426100,0.0,0.0
2019-10-10,530.0,547.409973,530.0,542.409973,542.409973,402700,0.0,0.0
2019-10-11,552.450012,560.97998,548.5,554.210022,554.210022,492400,0.0,0.0
2019-10-14,552.97998,558.590027,551.47998,555.580017,555.580017,211600,0.0,0.0
2019-10-15,559.77002,572.929993,556.650024,566.549988,566.549988,416600,0.0,0.0
2019-10-16,567.059998,567.059998,545.0,548.97998,548.97998,406900,0.0,0.0
2019-10-17,555.450012,558.969971,548.460022,549.25,549.25,378100,0.0,0.0
2019-10-18,549.909973,549.909973,534.150024,536.27002,536.27002,303000,0.0,0.0
2019-10-21,537.099976,546.940002,536.919983,545.380005,545.380005,253300,0.0,0.0
2019-10-22,545.48999,551.070007,535.159973,536.890015,536.890015,275300,0.0,0.0
2019-10-23,533.960022,548.330017,533.960022,541.409973,541.409973,236000,0.0,0.0
2019-10-24,545.47998,554.960022,543.190002,551.619995,551.619995,198500,0.0,0.0
2019-10-25,550.0,559.47998,547.5,549.809998,549.809998,270100,0.0,0.0
2019-10-28,554.0,558.340027,539.0,540.030029,540.030029,415200,0.0,0.0
2019-10-29,536.900024,544.630005,530.0,542.01001,542.01001,272100,0.0,0.0
2019-10-30,542.01001,552.0,535.0,551.049988,551.049988,316100,0.0,0.0
2019-10-31,551.380005,554.98999,514.0,521.52002,521.52002,961500,0.0,0.0
2019-11-01,520.099976,531.900024,488.369995,490.0,490.0,2169600,0.0,0.0
2019-11-04,498.839996,499.980011,470.100006,485.790009,485.790009,1366200,0.0,0.0
2019-11-05,485.410004,497.390015,477.209991,485.059998,485.059998,668500,0.0,0.0
2019-11-06,485.100006,504.549988,481.769989,482.950012,482.950012,628000,0.0,0.0
2019-11-07,487.450012,499.779999,485.450012,491.98999,491.98999,454300,0.0,0.0
2019-11-08,490.519989,498.640015,490.519989,494.420013,494.420013,387600,0.0,0.0
2019-11-11,491.420013,499.200012,489.579987,497.619995,497.619995,263700,0.0,0.0
2019-11-12,498.130005,504.940002,495.959991,499.5,499.5,726100,0.0,0.0
2019-11-13,499.0,515.429993,496.600006,513.72998,513.72998,723700,0.0,0.0
2019-11-14,512.859985,539.679993,512.210022,536.539978,536.539978,870700,0.0,0.0
2019-11-15,541.099976,551.640015,538.0,550.099976,550.099976,864400,0.0,0.0
2019-11-18,550.109985,552.320007,530.349976,533.01001,533.01001,624900,0.0,0.0
2019-11-19,533.299988,537.309998,518.190002,536.330017,536.330017,512400,0.0,0.0
2019-11-20,535.0,547.97998,533.47998,547.849976,547.849976,584100,0.0,0.0
2019-11-21,548.619995,563.630005,546.47998,562.0,562.0,638000,0.0,0.0
2019-11-22,564.630005,567.469971,554.5,565.5,565.5,433900,0.0,0.0
2019-11-25,567.22998,587.5,566.969971,585.0,585.0,463900,0.0,0.0
2019-11-26,582.049988,586.98999,576.140015,583.150024,583.150024,525600,0.0,0.0
2019-11-27,586.25,590.0,580.0,589.400024,589.400024,229800,0.0,0.0
2019-11-29,590.789978,598.549988,578.0,580.580017,580.580017,297900,0.0,0.0
2019-12-02,579.869995,580.330017,555.880005,580.0,580.0,506900,0.0,0.0
2019-12-03,570.429993,577.289978,567.169983,575.23999,575.23999,414800,0.0,0.0
2019-12-04,580.77002,582.570007,574.02002,575.23999,575.23999,251300,0.0,0.0
2019-12-05,575.0,580.97998,572.299988,578.52002,578.52002,266000,0.0,0.0
2019-12-06,584.429993,590.640015,580.51001,583.0,583.0,315500,0.0,0.0
2019-12-09,584.75,595.25,583.070007,584.559998,584.559998,364700,0.0,0.0
2019-12-10,583.440002,591.570007,581.059998,586.690002,586.690002,306700,0.0,0.0
2019-12-11,589.0,589.0,570.0,580.309998,580.309998,462500,0.0,0.0
2019-12-12,582.960022,591.690002,578.5,579.97998,579.97998,365400,0.0,0.0
2019-12-13,583.049988,591.97998,566.070007,567.669983,567.669983,631400,0.0,0.0
2019-12-16,571.0,585.580017,567.02002,582.179993,582.179993,379600,0.0,0.0
2019-12-17,584.849976,586.289978,577.0,585.840027,585.840027,253200,0.0,0.0
2019-12-18,586.659973,589.409973,576.849976,582.0,582.0,464800,0.0,0.0
2019-12-19,581.929993,586.580017,578.01001,582.549988,582.549988,556300,0.0,0.0
2019-12-20,582.869995,593.0,574.190002,592.539978,592.539978,550500,0.0,0.0
2019-12-23,595.070007,602.75,593.01001,594.150024,594.150024,264800,0.0,0.0
2019-12-24,594.150024,599.0,593.429993,594.530029,594.530029,109000,0.0,0.0
2019-12-26,595.0,597.659973,595.0,597.23999,597.23999,175000,0.0,0.0
2019-12-27,598.900024,605.940002,593.640015,599.23999,599.23999,309200,0.0,0.0
2019-12-30,603.090027,603.090027,582.599976,583.849976,583.849976,333900,0.0,0.0
2019-12-31,582.789978,582.789978,568.940002,571.940002,571.940002,445200,0.0,0.0
2020-01-02,576.940002,615.840027,576.940002,610.190002,610.190002,589200,0.0,0.0
2020-01-03,602.619995,609.840027,600.059998,607.799988,607.799988,320900,0.0,0.0
2020-01-06,601.039978,613.789978,601.0,606.549988,606.549988,209700,0.0,0.0
2020-01-07,606.640015,627.969971,604.73999,625.0,625.0,480900,0.0,0.0
2020-01-08,625.0,637.820007,624.549988,633.440002,633.440002,334600,0.0,0.0
2020-01-09,643.429993,649.049988,638.590027,646.429993,646.429993,413800,0.0,0.0
2020-01-10,653.789978,670.150024,648.630005,669.47998,669.47998,680200,0.0,0.0
2020-01-13,670.440002,697.219971,670.070007,691.099976,691.099976,660800,0.0,0.0
2020-01-14,690.0,693.97998,649.23999,652.070007,652.070007,976500,0.0,0.0
2020-01-15,653.400024,662.570007,640.01001,659.97998,659.97998,592400,0.0,0.0
2020-01-16,665.830017,667.109985,653.369995,666.460022,666.460022,315200,0.0,0.0
2020-01-17,671.48999,675.0,661.77002,673.01001,673.01001,359200,0.0,0.0
2020-01-21,665.0,666.77002,647.0,658.460022,658.460022,590900,0.0,0.0
2020-01-22,667.460022,677.77002,662.340027,663.150024,663.150024,357200,0.0,0.0
2020-01-23,660.929993,669.98999,653.380005,663.330017,663.330017,265900,0.0,0.0
2020-01-24,666.400024,674.890015,654.039978,660.580017,660.580017,272900,0.0,0.0
2020-01-27,647.0,655.409973,636.369995,653.859985,653.859985,338200,0.0,0.0
2020-01-28,661.219971,676.309998,657.77002,674.719971,674.719971,359600,0.0,0.0
2020-01-29,678.98999,681.0,666.02002,668.609985,668.609985,367400,0.0,0.0
2020-01-30,663.299988,672.5,656.679993,671.080017,671.080017,266800,0.0,0.0
2020-01-31,670.98999,670.98999,660.929993,663.0,663.0,302000,0.0,0.0
2020-02-03,667.0,680.619995,665.539978,677.97998,677.97998,340000,0.0,0.0
2020-02-04,691.440002,711.169983,684.219971,709.859985,709.859985,506100,0.0,0.0
2020-02-05,725.190002,725.190002,674.01001,675.840027,675.840027,654300,0.0,0.0
2020-02-06,689.400024,689.400024,668.48999,671.0,671.0,395500,0.0,0.0
2020-02-07,671.0,678.219971,642.919983,646.02002,646.02002,960400,0.0,0.0
2020-02-10,647.099976,660.969971,646.150024,658.22998,658.22998,696300,0.0,0.0
2020-02-11,633.309998,661.98999,608.869995,651.619995,651.619995,1452100,0.0,0.0
2020-02-12,656.880005,700.960022,655.809998,699.820007,699.820007,926500,0.0,0.0
2020-02-13,697.869995,720.690002,684.070007,718.530029,718.530029,1111000,0.0,0.0
2020-02-14,720.869995,735.23999,718.059998,735.01001,735.01001,967900,0.0,0.0
2020-02-18,734.380005,734.380005,725.0,728.450012,728.450012,914800,0.0,0.0
2020-02-19,733.76001,745.0,732.150024,742.73999,742.73999,530000,0.0,0.0
2020-02-20,742.789978,756.47998,728.0,742.590027,742.590027,730800,0.0,0.0
2020-02-21,739.880005,747.419983,721.48999,735.599976,735.599976,562800,0.0,0.0
2020-02-24,701.01001,701.01001,666.669983,673.460022,673.460022,1280900,0.0,0.0
2020-02-25,698.640015,702.0,626.900024,630.0,630.0,1260900,0.0,0.0
2020-02-26,635.940002,661.840027,626.01001,632.049988,632.049988,1290200,0.0,0.0
2020-02-27,614.859985,633.169983,600.0,600.0,600.0,869700,0.0,0.0
2020-02-28,577.030029,617.0,572.77002,616.030029,616.030029,1050900,0.0,0.0
2020-03-02,621.23999,643.400024,613.400024,642.109985,642.109985,644400,0.0,0.0
2020-03-03,649.98999,670.0,615.909973,624.72998,624.72998,606500,0.0,0.0
2020-03-04,647.599976,658.950012,642.390015,653.630005,653.630005,471600,0.0,0.0
2020-03-05,629.25,647.659973,622.049988,627.880005,627.880005,403400,0.0,0.0
2020-03-06,600.0,618.059998,585.890015,614.51001,614.51001,599800,0.0,0.0
2020-03-09,547.359985,581.97998,537.98999,539.640015,539.640015,1046300,0.0,0.0
2020-03-10,566.349976,599.080017,546.030029,599.070007,599.070007,808800,0.0,0.0
2020-03-11,578.01001,583.440002,539.789978,550.719971,550.719971,579800,0.0,0.0
2020-03-12,496.220001,520.0,472.25,502.0,502.0,1437400,0.0,0.0
2020-03-13,534.429993,549.969971,493.799988,535.690002,535.690002,1229400,0.0,0.0
2020-03-16,455.0,507.160004,451.0,467.320007,467.320007,906800,0.0,0.0
2020-03-17,472.079987,500.0,425.649994,490.690002,490.690002,1124600,0.0,0.0
2020-03-18,455.0,498.100006,422.220001,452.170013,452.170013,1072100,0.0,0.0
2020-03-19,450.0,474.089996,436.230011,463.529999,463.529999,673000,0.0,0.0
2020-03-20,472.880005,525.530029,451.5,452.880005,452.880005,822200,0.0,0.0
2020-03-23,453.339996,486.079987,425.380005,457.649994,457.649994,897700,0.0,0.0
2020-03-24,490.0,505.220001,477.019989,490.0,490.0,839200,0.0,0.0
2020-03-25,497.429993,518.849976,480.0,482.649994,482.649994,880000,0.0,0.0
2020-03-26,489.350006,500.790009,467.149994,489.559998,489.559998,1047700,0.0,0.0
2020-03-27,479.410004,485.899994,455.410004,471.429993,471.429993,578200,0.0,0.0
2020-03-30,474.540009,489.339996,470.01001,473.290009,473.290009,640000,0.0,0.0
2020-03-31,475.859985,499.899994,473.5,488.579987,488.579987,662000,0.0,0.0
2020-04-01,466.0,468.98999,435.040009,447.339996,447.339996,965500,0.0,0.0
2020-04-02,445.470001,472.200012,443.0,462.869995,462.869995,795000,0.0,0.0
2020-04-03,452.720001,460.959991,443.01001,454.470001,454.470001,868500,0.0,0.0
2020-04-06,473.880005,509.25,470.089996,506.160004,506.160004,688300,0.0,0.0
2020-04-07,547.190002,554.929993,507.589996,525.669983,525.669983,711400,0.0,0.0
2020-04-08,536.25,548.0,527.080017,544.0,544.0,391200,0.0,0.0
2020-04-09,551.039978,557.849976,527.080017,533.280029,533.280029,497000,0.0,0.0
2020-04-13,528.02002,546.98999,517.01001,543.0,543.0,401100,0.0,0.0
2020-04-14,558.719971,577.23999,551.619995,562.02002,562.02002,644500,0.0,0.0
2020-04-15,551.869995,595.840027,540.900024,588.640015,588.640015,667000,0.0,0.0
2020-04-16,611.25,633.200012,590.01001,612.710022,612.710022,932500,0.0,0.0
2020-04-17,626.179993,628.130005,582.799988,597.5,597.5,558200,0.0,0.0
2020-04-20,593.719971,617.960022,591.0,601.640015,601.640015,550600,0.0,0.0
2020-04-21,595.719971,598.150024,562.0,573.380005,573.380005,546700,0.0,0.0
2020-04-22,586.98999,615.0,570.090027,601.049988,601.049988,670000,0.0,0.0
2020-04-23,609.01001,615.0,582.130005,586.710022,586.710022,429300,0.0,0.0
2020-04-24,590.26001,597.130005,553.609985,571.27002,571.27002,728600,0.0,0.0
2020-04-27,591.429993,593.0,575.0,589.469971,589.469971,398800,0.0,0.0
2020-04-28,592.02002,606.359985,589.0,598.539978,598.539978,456600,0.0,0.0
2020-04-29,605.01001,611.76001,591.039978,602.419983,602.419983,497200,0.0,0.0
2020-04-30,603.869995,606.690002,579.01001,583.51001,583.51001,604100,0.0,0.0
2020-05-01,571.400024,609.809998,570.01001,605.52002,605.52002,699100,0.0,0.0
2020-05-04,596.299988,610.400024,592.719971,607.400024,607.400024,415700,0.0,0.0
2020-05-05,618.849976,633.900024,610.830017,620.940002,620.940002,861800,0.0,0.0
2020-05-06,734.0,777.969971,729.090027,742.880005,742.880005,2359100,0.0,0.0
2020-05-07,750.0,772.719971,738.679993,772.02002,772.02002,852800,0.0,0.0
2020-05-08,773.590027,798.099976,761.409973,784.52002,784.52002,629400,0.0,0.0
2020-05-11,780.0,805.840027,776.590027,781.109985,781.109985,501000,0.0,0.0
2020-05-12,785.159973,794.429993,761.25,762.090027,762.090027,512500,0.0,0.0
2020-05-13,765.609985,777.97998,753.119995,768.539978,768.539978,645800,0.0,0.0
2020-05-14,760.030029,778.950012,746.01001,777.27002,777.27002,487300,0.0,0.0
2020-05-15,764.27002,783.73999,764.27002,775.049988,775.049988,350500,0.0,0.0
2020-05-18,792.530029,804.650024,786.030029,794.559998,794.559998,426100,0.0,0.0
2020-05-19,802.880005,827.330017,799.25,805.960022,805.960022,672500,0.0,0.0
2020-05-20,821.049988,842.700012,817.219971,828.309998,828.309998,526700,0.0,0.0
2020-05-21,825.609985,831.02002,802.059998,814.710022,814.710022,482300,0.0,0.0
2020-05-22,812.98999,843.380005,804.849976,841.309998,841.309998,440500,0.0,0.0
2020-05-26,859.140015,864.049988,828.320007,834.169983,834.169983,546300,0.0,0.0
2020-05-27,833.859985,836.289978,783.01001,820.830017,820.830017,647700,0.0,0.0
2020-05-28,817.109985,838.429993,811.210022,827.159973,827.159973,360300,0.0,0.0
2020-05-29,835.0,855.0,830.950012,851.669983,851.669983,554900,0.0,0.0
2020-06-01,852.669983,860.710022,842.0,844.080017,844.080017,298900,0.0,0.0
2020-06-02,844.5,867.22998,837.76001,859.77002,859.77002,469000,0.0,0.0
2020-06-03,865.460022,874.0,850.650024,853.52002,853.52002,489400,0.0,0.0
2020-06-04,849.049988,877.679993,838.090027,839.98999,839.98999,452600,0.0,0.0
2020-06-05,850.0,871.0,839.52002,866.929993,866.929993,414000,0.0,0.0
2020-06-08,866.940002,868.049988,840.429993,858.859985,858.859985,571100,0.0,0.0
2020-06-09,849.75,876.72998,848.690002,866.429993,866.429993,388500,0.0,0.0
2020-06-10,877.0,892.940002,863.02002,886.780029,886.780029,448300,0.0,0.0
2020-06-11,873.619995,889.869995,845.859985,855.0,855.0,485300,0.0,0.0
2020-06-12,874.429993,900.799988,869.22998,896.429993,896.429993,761700,0.0,0.0
2020-06-15,885.859985,940.380005,877.02002,924.0,924.0,647800,0.0,0.0
2020-06-16,958.02002,964.840027,923.25,950.26001,950.26001,633300,0.0,0.0
2020-06-17,960.309998,967.27002,928.659973,935.72998,935.72998,491800,0.0,0.0
2020-06-18,930.0,937.570007,922.090027,926.02002,926.02002,439800,0.0,0.0
2020-06-19,929.190002,961.98999,922.5,952.960022,952.960022,507200,0.0,0.0
2020-06-22,953.940002,989.0,953.01001,984.539978,984.539978,502100,0.0,0.0
2020-06-23,995.299988,998.109985,976.380005,977.48999,977.48999,457000,0.0,0.0
2020-06-24,978.340027,988.52002,942.0,953.77002,953.77002,460300,0.0,0.0
2020-06-25,950.349976,972.950012,944.349976,971.440002,971.440002,333100,0.0,0.0
2020-06-26,974.51001,985.030029,952.619995,973.169983,973.169983,500800,0.0,0.0
2020-06-29,970.299988,987.0,949.97998,980.830017,980.830017,335500,0.0,0.0
2020-06-30,982.0,989.98999,971.01001,985.77002,985.77002,301000,0.0,0.0
2020-07-01,985.0,993.049988,968.830017,977.140015,977.140015,525600,0.0,0.0
2020-07-02,991.909973,997.98999,982.599976,988.419983,988.419983,316700,0.0,0.0
2020-07-06,1001.929993,1035.579956,990.0,995.929993,995.929993,626400,0.0,0.0
2020-07-07,1000.580017,1023.47998,986.900024,1007.23999,1007.23999,408300,0.0,0.0
2020-07-08,1020.75,1020.97998,1001.440002,1015.0,1015.0,386000,0.0,0.0
2020-07-09,1026.26001,1026.26001,991.820007,1017.450012,1017.450012,455500,0.0,0.0
2020-07-10,1020.0,1035.849976,1001.609985,1035.829956,1035.829956,292500,0.0,0.0
2020-07-13,1058.01001,1125.0,979.820007,981.969971,981.969971,539000,0.0,0.0
2020-07-14,972.140015,1000.0,950.409973,972.630005,972.630005,659600,0.0,0.0
2020-07-15,978.280029,987.179993,956.809998,971.630005,971.630005,528500,0.0,0.0
2020-07-16,959.659973,965.719971,945.789978,956.619995,956.619995,329500,0.0,0.0
2020-07-17,964.619995,972.950012,941.440002,964.719971,964.719971,302800,0.0,0.0
2020-07-20,980.340027,1029.930054,975.0,1024.810059,1024.810059,458700,0.0,0.0
2020-07-21,1059.98999,1059.98999,1013.390015,1018.900024,1018.900024,405100,0.0,0.0
2020-07-22,1029.150024,1046.800049,1003.830017,1019.390015,1019.390015,341800,0.0,0.0
2020-07-23,1018.450012,1034.219971,976.820007,982.299988,982.299988,379600,0.0,0.0
2020-07-24,968.030029,1002.469971,952.219971,988.98999,988.98999,449400,0.0,0.0
2020-07-27,1004.47998,1081.73999,996.0,1070.439941,1070.439941,563000,0.0,0.0
2020-07-28,1063.0,1066.329956,1039.560059,1039.560059,1039.560059,298000,0.0,0.0
2020-07-29,1060.680054,1095.349976,1053.75,1086.910034,1086.910034,475500,0.0,0.0
2020-07-30,1085.550049,1131.890015,1074.089966,1107.5,1107.5,781800,0.0,0.0
2020-07-31,1147.109985,1150.819946,1085.150024,1124.619995,1124.619995,726400,0.0,0.0
2020-08-03,1124.98999,1181.98999,1124.98999,1172.619995,1172.619995,521100,0.0,0.0
2020-08-04,1170.719971,1175.0,1151.119995,1173.930054,1173.930054,396400,0.0,0.0
2020-08-05,1186.719971,1234.27002,1181.609985,1225.449951,1225.449951,619400,0.0,0.0
2020-08-06,1235.339966,1248.219971,1200.150024,1219.959961,1219.959961,423900,0.0,0.0
2020-08-07,1218.0,1235.0,1162.319946,1193.969971,1193.969971,878200,0.0,0.0
2020-08-10,1267.0,1270.0,1090.0,1124.310059,1124.310059,1101600,0.0,0.0
2020-08-11,1137.98999,1146.0,1097.719971,1100.01001,1100.01001,670200,0.0,0.0
2020-08-12,1117.420044,1138.969971,1101.219971,1111.640015,1111.640015,566800,0.0,0.0
2020-08-13,1122.51001,1161.819946,1121.0,1157.050049,1157.050049,839000,0.0,0.0
2020-08-14,1171.650024,1172.48999,1145.0,1156.439941,1156.439941,351100,0.0,0.0
2020-08-17,1171.76001,1197.589966,1165.01001,1189.869995,1189.869995,429000,0.0,0.0
2020-08-18,1191.0,1221.319946,1180.0,1208.640015,1208.640015,443200,0.0,0.0
2020-08-19,1213.780029,1229.719971,1198.0,1212.449951,1212.449951,411600,0.0,0.0
2020-08-20,1200.02002,1221.079956,1195.530029,1218.300049,1218.300049,252900,0.0,0.0
2020-08-21,1211.0,1221.060059,1200.0,1202.280029,1202.280029,291400,0.0,0.0
2020-08-24,1217.0,1231.589966,1198.660034,1212.089966,1212.089966,278900,0.0,0.0
2020-08-25,1210.380005,1233.98999,1200.300049,1224.0,1224.0,274400,0.0,0.0
2020-08-26,1230.060059,1244.150024,1208.209961,1215.930054,1215.930054,463600,0.0,0.0
2020-08-27,1224.72998,1225.079956,1199.0,1201.400024,1201.400024,253300,0.0,0.0
2020-08-28,1208.01001,1220.060059,1172.859985,1178.900024,1178.900024,587200,0.0,0.0
2020-08-31,1174.75,1176.300049,1128.560059,1168.589966,1168.589966,705900,0.0,0.0
2020-09-01,1200.0,1222.680054,1195.630005,1209.26001,1209.26001,671300,0.0,0.0
2020-09-02,1221.109985,1225.0,1171.630005,1195.959961,1195.959961,717600,0.0,0.0
2020-09-03,1168.47998,1177.380005,1067.920044,1087.119995,1087.119995,1097600,0.0,0.0
2020-09-04,1085.01001,1102.290039,1000.0,1083.380005,1083.380005,899700,0.0,0.0
2020-09-08,1015.080017,1078.699951,1014.539978,1022.530029,1022.530029,714200,0.0,0.0
2020-09-09,1065.810059,1070.52002,1030.099976,1057.339966,1057.339966,667800,0.0,0.0
2020-09-10,1069.73999,1090.819946,1030.189941,1040.98999,1040.98999,689100,0.0,0.0
2020-09-11,1046.349976,1055.0,1015.48999,1032.97998,1032.97998,405300,0.0,0.0
2020-09-14,1056.0,1065.0,1026.22998,1036.77002,1036.77002,449400,0.0,0.0
2020-09-15,1051.949951,1054.709961,1015.0,1029.98999,1029.98999,451300,0.0,0.0
2020-09-16,1035.0,1048.810059,1000.51001,1003.0,1003.0,462900,0.0,0.0
2020-09-17,979.98999,995.820007,959.869995,980.150024,980.150024,737900,0.0,0.0
2020-09-18,987.030029,1005.549988,970.849976,998.059998,998.059998,609700,0.0,0.0
2020-09-21,984.390015,1012.140015,966.73999,1011.98999,1011.98999,423600,0.0,0.0
2020-09-22,1023.0,1061.910034,1011.01001,1060.969971,1060.969971,626800,0.0,0.0
2020-09-23,1072.719971,1072.719971,1010.599976,1020.960022,1020.960022,547300,0.0,0.0
2020-09-24,1003.630005,1048.939941,986.830017,1034.630005,1034.630005,553700,0.0,0.0
2020-09-25,1034.060059,1068.390015,1018.409973,1062.0,1062.0,419500,0.0,0.0
2020-09-28,1101.569946,1107.859985,1070.0,1093.430054,1093.430054,472400,0.0,0.0
2020-09-29,1095.430054,1095.430054,1068.0,1082.869995,1082.869995,235000,0.0,0.0
2020-09-30,1085.0,1098.0,1076.650024,1082.47998,1082.47998,347900,0.0,0.0
2020-10-01,1097.98999,1117.859985,1095.910034,1115.339966,1115.339966,423900,0.0,0.0
2020-10-02,1083.550049,1105.0,1063.699951,1079.329956,1079.329956,405300,0.0,0.0
2020-10-05,1085.780029,1097.609985,1079.079956,1090.579956,1090.579956,315100,0.0,0.0
2020-10-06,1086.790039,1116.650024,1085.01001,1091.390015,1091.390015,412500,0.0,0.0
2020-10-07,1105.699951,1149.0,1094.859985,1145.0,1145.0,555600,0.0,0.0
2020-10-08,1158.540039,1173.430054,1150.719971,1160.369995,1160.369995,448200,0.0,0.0
2020-10-09,1165.130005,1202.98999,1162.800049,1199.839966,1199.839966,455200,0.0,0.0
2020-10-12,1236.22998,1239.0,1201.890015,1215.75,1215.75,542100,0.0,0.0
2020-10-13,1227.839966,1280.439941,1202.22998,1269.170044,1269.170044,583400,0.0,0.0
2020-10-14,1270.0,1283.959961,1217.170044,1238.699951,1238.699951,605400,0.0,0.0
2020-10-15,1212.130005,1261.920044,1206.0,1257.890015,1257.890015,468100,0.0,0.0
2020-10-16,1269.890015,1280.52002,1258.050049,1271.380005,1271.380005,363800,0.0,0.0
2020-10-19,1273.0,1298.810059,1266.780029,1284.050049,1284.050049,645100,0.0,0.0
2020-10-20,1297.98999,1378.5,1295.01001,1333.660034,1333.660034,741600,0.0,0.0
2020-10-21,1333.430054,1374.930054,1286.77002,1299.130005,1299.130005,708200,0.0,0.0
2020-10-22,1293.670044,1316.0,1269.400024,1294.319946,1294.319946,377400,0.0,0.0
2020-10-23,1300.01001,1312.670044,1282.73999,1312.160034,1312.160034,262100,0.0,0.0
2020-10-26,1303.079956,1327.390015,1255.390015,1281.439941,1281.439941,346400,0.0,0.0
2020-10-27,1285.949951,1293.810059,1267.099976,1282.469971,1282.469971,328200,0.0,0.0
2020-10-28,1248.0,1285.98999,1237.459961,1273.589966,1273.589966,325100,0.0,0.0
2020-10-29,1288.880005,1314.77002,1267.930054,1300.97998,1300.97998,394500,0.0,0.0
2020-10-30,1279.410034,1292.780029,1195.01001,1214.050049,1214.050049,620100,0.0,0.0
2020-11-02,1229.449951,1252.0,1192.140015,1215.859985,1215.859985,406600,0.0,0.0
2020-11-03,1220.0,1242.77002,1196.630005,1233.969971,1233.969971,334800,0.0,0.0
2020-11-04,1282.0,1321.160034,1275.0,1315.689941,1315.689941,610100,0.0,0.0
2020-11-05,1405.099976,1460.0,1372.76001,1437.800049,1437.800049,902200,0.0,0.0
2020-11-06,1433.97998,1490.670044,1395.680054,1485.859985,1485.859985,567700,0.0,0.0
2020-11-09,1445.51001,1450.430054,1330.0,1330.719971,1330.719971,961700,0.0,0.0
2020-11-10,1325.880005,1325.930054,1219.140015,1226.030029,1226.030029,1031200,0.0,0.0
2020-11-11,1274.390015,1339.099976,1267.52002,1304.48999,1304.48999,699700,0.0,0.0
2020-11-12,1315.0,1355.0,1293.560059,1296.0,1296.0,631800,0.0,0.0
2020-11-13,1321.72998,1335.459961,1285.459961,1301.660034,1301.660034,446100,0.0,0.0
2020-11-16,1286.550049,1311.900024,1275.890015,1286.310059,1286.310059,445800,0.0,0.0
2020-11-17,1298.040039,1312.530029,1283.0,1300.810059,1300.810059,400000,0.0,0.0
2020-11-18,1305.310059,1327.410034,1290.890015,1318.089966,1318.089966,498300,0.0,0.0
2020-11-19,1324.959961,1383.959961,1312.310059,1370.300049,1370.300049,484900,0.0,0.0
2020-11-20,1372.930054,1423.969971,1365.579956,1416.98999,1416.98999,615200,0.0,0.0
2020-11-23,1431.469971,1458.099976,1413.98999,1451.77002,1451.77002,638800,0.0,0.0
2020-11-24,1458.290039,1460.650024,1401.349976,1439.280029,1439.280029,582400,0.0,0.0
2020-11-25,1447.910034,1484.22998,1445.0,1480.359985,1480.359985,489400,0.0,0.0
2020-11-27,1480.0,1519.180054,1463.27002,1513.430054,1513.430054,286800,0.0,0.0
2020-11-30,1529.51001,1558.26001,1475.849976,1553.329956,1553.329956,722600,0.0,0.0
2020-12-01,1556.040039,1577.0,1516.550049,1521.660034,1521.660034,558100,0.0,0.0
2020-12-02,1517.540039,1525.390015,1483.339966,1522.859985,1522.859985,468500,0.0,0.0
2020-12-03,1537.300049,1569.959961,1533.300049,1560.339966,1560.339966,402700,0.0,0.0
2020-12-04,1566.829956,1566.829956,1529.0,1557.380005,1557.380005,290900,0.0,0.0
2020-12-07,1557.199951,1589.109985,1551.430054,1575.599976,1575.599976,358800,0.0,0.0
2020-12-08,1580.0,1628.910034,1575.0,1615.880005,1615.880005,401400,0.0,0.0
2020-12-09,1619.880005,1619.880005,1517.089966,1536.540039,1536.540039,858000,0.0,0.0
2020-12-10,1531.550049,1598.0,1512.599976,1589.52002,1589.52002,447200,0.0,0.0
2020-12-11,1597.0,1606.630005,1572.030029,1606.630005,1606.630005,479200,0.0,0.0
2020-12-14,1612.0,1640.0,1610.0,1618.060059,1618.060059,479700,0.0,0.0
2020-12-15,1634.109985,1676.920044,1634.109985,1668.98999,1668.98999,528400,0.0,0.0
2020-12-16,1670.0,1675.22998,1640.0,1669.540039,1669.540039,514400,0.0,0.0
2020-12-17,1671.77002,1694.0,1661.469971,1679.98999,1679.98999,375700,0.0,0.0
2020-12-18,1697.660034,1727.969971,1676.380005,1723.680054,1723.680054,531800,0.0,0.0
2020-12-21,1707.650024,1726.709961,1665.300049,1697.890015,1697.890015,457100,0.0,0.0
2020-12-22,1713.650024,1735.75,1701.680054,1732.390015,1732.390015,309800,0.0,0.0
2020-12-23,1729.26001,1735.390015,1667.01001,1670.01001,1670.01001,419100,0.0,0.0
2020-12-24,1672.0,1694.47998,1665.900024,1690.47998,1690.47998,132800,0.0,0.0
2020-12-28,1700.0,1703.319946,1625.699951,1663.719971,1663.719971,285900,0.0,0.0
2020-12-29,1680.0,1689.410034,1640.030029,1673.48999,1673.48999,278300,0.0,0.0
2020-12-30,1690.0,1723.959961,1659.599976,1712.939941,1712.939941,304300,0.0,0.0
2020-12-31,1718.589966,1718.589966,1660.900024,1675.219971,1675.219971,254200,0.0,0.0
2021-01-04,1690.98999,1725.0,1612.569946,1640.0,1640.0,851000,0.0,0.0
2021-01-05,1639.380005,1704.25,1630.0,1650.0,1650.0,530400,0.0,0.0
2021-01-06,1627.319946,1627.319946,1564.949951,1571.97998,1571.97998,584700,0.0,0.0
2021-01-07,1616.969971,1629.329956,1570.569946,1597.969971,1597.969971,1170800,0.0,0.0
2021-01-08,1623.839966,1719.26001,1612.829956,1719.0,1719.0,737300,0.0,0.0
2021-01-11,1701.160034,1794.780029,1675.0,1761.550049,1761.550049,594100,0.0,0.0
2021-01-12,1792.079956,1845.25,1777.949951,1810.089966,1810.089966,616300,0.0,0.0
2021-01-13,1823.0,1830.0,1766.689941,1798.189941,1798.189941,506700,0.0,0.0
2021-01-14,1814.0,1889.619995,1814.0,1852.530029,1852.530029,547000,0.0,0.0
2021-01-15,1860.01001,1877.109985,1805.459961,1851.780029,1851.780029,534800,0.0,0.0
2021-01-19,1888.170044,1938.170044,1861.0,1913.209961,1913.209961,707400,0.0,0.0
2021-01-20,1960.0,1991.880005,1929.52002,1984.339966,1984.339966,639400,0.0,0.0
2021-01-21,2020.0,2020.0,1909.900024,1940.189941,1940.189941,617900,0.0,0.0
2021-01-22,1953.27002,1971.77002,1903.280029,1965.050049,1965.050049,515800,0.0,0.0
2021-01-25,2006.0,2012.800049,1863.849976,1880.0,1880.0,587500,0.0,0.0
2021-01-26,1900.76001,1908.880005,1781.209961,1807.73999,1807.73999,713700,0.0,0.0
2021-01-27,1803.550049,1828.300049,1700.0,1718.699951,1718.699951,1023100,0.0,0.0
2021-01-28,1770.02002,1850.969971,1732.709961,1844.72998,1844.72998,639900,0.0,0.0
2021-01-29,1799.51001,1833.160034,1744.150024,1779.51001,1779.51001,694800,0.0,0.0
2021-02-01,1812.579956,1903.709961,1810.01001,1896.790039,1896.790039,606600,0.0,0.0
2021-02-02,1915.810059,1938.589966,1850.77002,1909.98999,1909.98999,464500,0.0,0.0
2021-02-03,1932.119995,1932.119995,1863.27002,1870.52002,1870.52002,319400,0.0,0.0
2021-02-04,1905.0,1912.329956,1860.0,1893.349976,1893.349976,370000,0.0,0.0
2021-02-05,1912.880005,1938.5,1895.73999,1918.130005,1918.130005,306300,0.0,0.0
2021-02-08,1948.0,1948.0,1863.540039,1900.890015,1900.890015,475100,0.0,0.0
2021-02-09,1893.26001,1895.0,1863.670044,1878.0,1878.0,341200,0.0,0.0
2021-02-10,1878.0,1930.0,1863.98999,1905.27002,1905.27002,339400,0.0,0.0
2021-02-11,1934.98999,1955.0,1908.800049,1942.25,1942.25,376600,0.0,0.0
2021-02-12,1934.150024,1947.939941,1880.0,1943.0,1943.0,308400,0.0,0.0
2021-02-16,1958.5,2006.709961,1925.420044,1939.869995,1939.869995,379600,0.0,0.0
2021-02-17,1913.189941,1915.890015,1827.689941,1890.25,1890.25,431100,0.0,0.0
2021-02-18,1852.0,1894.939941,1830.660034,1891.089966,1891.089966,339100,0.0,0.0
2021-02-19,1891.089966,1955.73999,1891.089966,1910.390015,1910.390015,475400,0.0,0.0
2021-02-22,1878.47998,1881.5,1783.589966,1788.819946,1788.819946,738300,0.0,0.0
2021-02-23,1717.170044,1779.0,1657.599976,1775.790039,1775.790039,710500,0.0,0.0
2021-02-24,1769.300049,1784.0,1699.530029,1714.0,1714.0,683200,0.0,0.0
2021-02-25,1703.280029,1730.0,1594.660034,1613.060059,1613.060059,699700,0.0,0.0
2021-02-26,1636.030029,1660.0,1575.0,1638.109985,1638.109985,765100,0.0,0.0
2021-03-01,1691.030029,1724.22998,1665.280029,1713.280029,1713.280029,753800,0.0,0.0
2021-03-02,1700.0,1707.869995,1606.52002,1642.410034,1642.410034,1057600,0.0,0.0
2021-03-03,1639.119995,1655.0,1518.719971,1528.0,1528.0,1120700,0.0,0.0
2021-03-04,1519.0,1582.939941,1407.390015,1458.640015,1458.640015,1264700,0.0,0.0
2021-03-05,1475.51001,1493.0,1348.910034,1470.23999,1470.23999,1269500,0.0,0.0
2021-03-08,1450.0,1488.97998,1362.5,1369.540039,1369.540039,876900,0.0,0.0
2021-03-09,1451.98999,1483.869995,1405.51001,1452.01001,1452.01001,931000,0.0,0.0
2021-03-10,1531.540039,1531.689941,1429.579956,1435.569946,1435.569946,579200,0.0,0.0
2021-03-11,1509.98999,1588.0,1490.23999,1570.780029,1570.780029,875100,0.0,0.0
2021-03-12,1531.0,1563.119995,1506.780029,1550.150024,1550.150024,472800,0.0,0.0
2021-03-15,1536.589966,1581.319946,1532.089966,1581.319946,1581.319946,355200,0.0,0.0
2021-03-16,1600.800049,1620.109985,1529.290039,1550.48999,1550.48999,400300,0.0,0.0
2021-03-17,1516.0,1555.0,1480.0,1537.619995,1537.619995,470700,0.0,0.0
2021-03-18,1488.51001,1500.0,1433.180054,1436.170044,1436.170044,729800,0.0,0.0
2021-03-19,1438.0,1469.619995,1420.01001,1448.890015,1448.890015,608800,0.0,0.0
2021-03-22,1454.640015,1482.650024,1454.109985,1476.109985,1476.109985,383800,0.0,0.0
2021-03-23,1479.040039,1492.150024,1441.959961,1446.650024,1446.650024,434300,0.0,0.0
2021-03-24,1442.0,1442.0,1381.0,1387.849976,1387.849976,562800,0.0,0.0
2021-03-25,1361.609985,1415.359985,1337.949951,1402.5,1402.5,610000,0.0,0.0
2021-03-26,1390.48999,1444.609985,1381.089966,1431.969971,1431.969971,584600,0.0,0.0
2021-03-29,1430.689941,1430.920044,1368.439941,1403.420044,1403.420044,459000,0.0,0.0
2021-03-30,1402.859985,1445.890015,1388.5,1428.030029,1428.030029,408000,0.0,0.0
2021-03-31,1452.709961,1497.939941,1442.430054,1472.140015,1472.140015,490800,0.0,0.0
2021-04-01,1518.73999,1570.290039,1494.569946,1510.5,1510.5,581700,0.0,0.0
2021-04-05,1528.810059,1533.0,1462.0,1503.449951,1503.449951,344400,0.0,0.0
2021-04-06,1505.0,1569.890015,1505.0,1547.790039,1547.790039,538600,0.0,0.0
2021-04-07,1545.140015,1548.359985,1515.0,1542.0,1542.0,319400,0.0,0.0
2021-04-08,1574.040039,1600.199951,1570.0,1588.0,1588.0,530300,0.0,0.0
2021-04-09,1579.98999,1593.560059,1543.030029,1584.72998,1584.72998,354600,0.0,0.0
2021-04-12,1563.109985,1598.0,1559.219971,1593.650024,1593.650024,289300,0.0,0.0
2021-04-13,1610.0,1629.290039,1583.73999,1598.199951,1598.199951,292200,0.0,0.0
2021-04-14,1608.01001,1616.569946,1536.420044,1546.560059,1546.560059,363400,0.0,0.0
2021-04-15,1572.22998,1609.579956,1569.140015,1599.47998,1599.47998,403100,0.0,0.0
2021-04-16,1602.0,1613.380005,1571.030029,1591.880005,1591.880005,312600,0.0,0.0
2021-04-19,1571.26001,1593.98999,1531.689941,1570.98999,1570.98999,321900,0.0,0.0
2021-04-20,1560.060059,1567.089966,1506.47998,1533.410034,1533.410034,412900,0.0,0.0
2021-04-21,1514.339966,1578.569946,1514.339966,1576.98999,1576.98999,378800,0.0,0.0
2021-04-22,1569.660034,1592.569946,1548.079956,1563.459961,1563.459961,342000,0.0,0.0
2021-04-23,1580.310059,1614.089966,1573.959961,1600.910034,1600.910034,309200,0.0,0.0
2021-04-26,1598.420044,1624.680054,1570.459961,1623.01001,1623.01001,361000,0.0,0.0
2021-04-27,1635.0,1649.910034,1602.069946,1604.939941,1604.939941,307300,0.0,0.0
2021-04-28,1601.709961,1647.400024,1571.459961,1622.0,1622.0,433600,0.0,0.0
2021-04-29,1631.280029,1635.810059,1577.680054,1588.22998,1588.22998,313800,0.0,0.0
2021-04-30,1562.670044,1605.0,1560.5,1570.97998,1570.97998,271200,0.0,0.0
2021-05-03,1579.0,1625.060059,1565.01001,1571.530029,1571.530029,334300,0.0,0.0
2021-05-04,1550.170044,1550.170044,1489.0,1526.910034,1526.910034,439200,0.0,0.0
2021-05-05,1536.810059,1569.660034,1516.040039,1530.540039,1530.540039,384700,0.0,0.0
2021-05-06,1552.02002,1552.02002,1432.380005,1446.339966,1446.339966,1009300,0.0,0.0
2021-05-07,1468.670044,1517.0,1462.25,1481.26001,1481.26001,642300,0.0,0.0
2021-05-10,1460.780029,1464.300049,1378.209961,1384.459961,1384.459961,649000,0.0,0.0
2021-05-11,1303.930054,1402.77002,1300.0,1381.420044,1381.420044,704400,0.0,0.0
2021-05-12,1341.839966,1361.030029,1300.060059,1302.48999,1302.48999,753500,0.0,0.0
2021-05-13,1309.089966,1317.810059,1262.380005,1296.650024,1296.650024,772400,0.0,0.0
2021-05-14,1329.969971,1332.0,1302.0,1323.099976,1323.099976,473000,0.0,0.0
2021-05-17,1309.02002,1344.369995,1305.0,1336.780029,1336.780029,364800,0.0,0.0
2021-05-18,1339.130005,1370.0,1336.910034,1346.060059,1346.060059,372000,0.0,0.0
2021-05-19,1303.160034,1334.959961,1297.969971,1322.310059,1322.310059,627200,0.0,0.0
2021-05-20,1333.930054,1376.030029,1333.930054,1374.98999,1374.98999,594200,0.0,0.0
2021-05-21,1393.0,1406.160034,1356.77002,1367.119995,1367.119995,553700,0.0,0.0
2021-05-24,1373.430054,1385.189941,1363.640015,1367.329956,1367.329956,265100,0.0,0.0
2021-05-25,1377.01001,1396.640015,1363.5,1365.420044,1365.420044,319300,0.0,0.0
2021-05-26,1381.72998,1405.089966,1371.0,1385.469971,1385.469971,398600,0.0,0.0
2021-05-27,1373.0,1382.97998,1344.609985,1355.0,1355.0,712300,0.0,0.0
2021-05-28,1378.02002,1382.48999,1357.01001,1358.670044,1358.670044,351500,0.0,0.0
2021-06-01,1371.790039,1380.01001,1341.969971,1368.869995,1368.869995,437000,0.0,0.0
2021-06-02,1369.51001,1378.930054,1348.689941,1362.449951,1362.449951,287400,0.0,0.0
2021-06-03,1341.089966,1354.030029,1318.869995,1324.150024,1324.150024,299200,0.0,0.0
2021-06-04,1341.880005,1349.280029,1320.0,1325.420044,1325.420044,348300,0.0,0.0
2021-06-07,1320.51001,1329.5,1303.469971,1325.189941,1325.189941,322700,0.0,0.0
2021-06-08,1333.77002,1342.810059,1300.439941,1311.530029,1311.530029,485900,0.0,0.0
2021-06-09,1327.829956,1343.5,1313.290039,1316.660034,1316.660034,382900,0.0,0.0
2021-06-10,1314.060059,1380.699951,1310.619995,1373.349976,1373.349976,594600,0.0,0.0
2021-06-11,1380.0,1406.699951,1379.300049,1392.75,1392.75,485100,0.0,0.0
2021-06-14,1396.22998,1438.060059,1390.689941,1432.630005,1432.630005,477700,0.0,0.0
2021-06-15,1438.119995,1455.829956,1400.0,1404.780029,1404.780029,482900,0.0,0.0
2021-06-16,1410.540039,1438.640015,1393.199951,1427.22998,1427.22998,419800,0.0,0.0
2021-06-17,1410.0,1468.410034,1409.01001,1462.579956,1462.579956,462100,0.0,0.0
2021-06-18,1465.099976,1482.72998,1460.0,1468.060059,1468.060059,529700,0.0,0.0
2021-06-21,1468.599976,1485.02002,1440.349976,1476.339966,1476.339966,328100,0.0,0.0
2021-06-22,1477.0,1515.099976,1474.380005,1505.0,1505.0,375000,0.0,0.0
2021-06-23,1520.449951,1535.930054,1504.040039,1532.76001,1532.76001,355000,0.0,0.0
2021-06-24,1550.0,1561.939941,1534.75,1542.390015,1542.390015,375100,0.0,0.0
2021-06-25,1554.099976,1576.209961,1525.0,1541.719971,1541.719971,284200,0.0,0.0
2021-06-28,1551.0,1576.650024,1545.0,1570.719971,1570.719971,283800,0.0,0.0
2021-06-29,1573.920044,1583.939941,1544.469971,1583.0,1583.0,226200,0.0,0.0
2021-06-30,1581.0,1584.869995,1552.01001,1557.790039,1557.790039,231100,0.0,0.0
2021-07-01,1554.390015,1558.819946,1516.420044,1544.98999,1544.98999,244300,0.0,0.0
2021-07-02,1550.47998,1570.619995,1536.5,1551.959961,1551.959961,144000,0.0,0.0
2021-07-06,1557.51001,1574.0,1539.109985,1553.959961,1553.959961,254100,0.0,0.0
2021-07-07,1563.880005,1572.319946,1534.910034,1540.900024,1540.900024,255200,0.0,0.0
2021-07-08,1513.660034,1529.0,1477.109985,1526.930054,1526.930054,337200,0.0,0.0
2021-07-09,1528.050049,1561.920044,1515.52002,1554.969971,1554.969971,227000,0.0,0.0
2021-07-12,1555.01001,1562.300049,1515.27002,1526.0,1526.0,269300,0.0,0.0
2021-07-13,1519.939941,1576.52002,1510.329956,1548.209961,1548.209961,381700,0.0,0.0
2021-07-14,1559.910034,1579.02002,1505.939941,1507.01001,1507.01001,296500,0.0,0.0
2021-07-15,1507.0,1525.400024,1484.699951,1508.47998,1508.47998,220900,0.0,0.0
2021-07-16,1525.0,1538.170044,1504.25,1512.51001,1512.51001,237700,0.0,0.0
2021-07-19,1488.709961,1507.439941,1471.22998,1497.27002,1497.27002,274400,0.0,0.0
2021-07-20,1507.189941,1553.969971,1483.420044,1542.150024,1542.150024,296100,0.0,0.0
2021-07-21,1539.98999,1555.099976,1525.689941,1550.170044,1550.170044,164200,0.0,0.0
2021-07-22,1559.349976,1602.0,1556.640015,1591.219971,1591.219971,320800,0.0,0.0
2021-07-23,1602.829956,1626.050049,1586.369995,1613.810059,1613.810059,337100,0.0,0.0
2021-07-26,1610.0,1618.880005,1581.930054,1585.709961,1585.709961,240000,0.0,0.0
2021-07-27,1580.0,1585.849976,1524.949951,1580.0,1580.0,376300,0.0,0.0
2021-07-28,1587.280029,1640.300049,1586.52002,1637.030029,1637.030029,360500,0.0,0.0
2021-07-29,1640.420044,1651.800049,1610.0,1641.52002,1641.52002,239800,0.0,0.0
2021-07-30,1609.069946,1618.0,1555.02002,1568.699951,1568.699951,415100,0.0,0.0
2021-08-02,1587.910034,1601.47998,1539.73999,1578.650024,1578.650024,328100,0.0,0.0
2021-08-03,1581.699951,1592.969971,1542.900024,1575.699951,1575.699951,231800,0.0,0.0
2021-08-04,1568.0,1587.5,1553.27002,1570.0,1570.0,276400,0.0,0.0
2021-08-05,1674.119995,1812.949951,1674.119995,1786.109985,1786.109985,1293800,0.0,0.0
2021-08-06,1776.829956,1780.0,1741.599976,1756.27002,1756.27002,442200,0.0,0.0
2021-08-09,1765.219971,1767.310059,1736.420044,1755.73999,1755.73999,244400,0.0,0.0
2021-08-10,1772.839966,1878.939941,1767.550049,1878.530029,1878.530029,844600,0.0,0.0
2021-08-11,1879.27002,1899.329956,1847.540039,1887.569946,1887.569946,484400,0.0,0.0
2021-08-12,1877.300049,1887.069946,1833.23999,1842.670044,1842.670044,323300,0.0,0.0
2021-08-13,1831.75,1860.459961,1818.430054,1851.599976,1851.599976,262300,0.0,0.0
2021-08-16,1850.0,1865.150024,1781.430054,1795.0,1795.0,452600,0.0,0.0
2021-08-17,1761.349976,1778.790039,1744.640015,1767.98999,1767.98999,328300,0.0,0.0
2021-08-18,1769.319946,1804.27002,1762.829956,1784.130005,1784.130005,315100,0.0,0.0
2021-08-19,1762.0,1804.890015,1746.02002,1759.959961,1759.959961,320400,0.0,0.0
2021-08-20,1756.0,1799.47998,1753.5,1786.540039,1786.540039,232100,0.0,0.0
2021-08-23,1793.01001,1817.48999,1771.209961,1810.0,1810.0,427300,0.0,0.0
2021-08-24,1834.380005,1865.890015,1825.099976,1855.290039,1855.290039,357800,0.0,0.0
2021-08-25,1860.869995,1872.300049,1844.449951,1871.939941,1871.939941,260300,0.0,0.0
2021-08-26,1864.48999,1864.48999,1827.51001,1835.680054,1835.680054,262000,0.0,0.0
2021-08-27,1835.0,1874.560059,1830.920044,1865.0,1865.0,253400,0.0,0.0
2021-08-30,1853.550049,1910.0,1853.550049,1878.900024,1878.900024,285400,0.0,0.0
2021-08-31,1890.0,1891.069946,1848.219971,1867.449951,1867.449951,278400,0.0,0.0
2021-09-01,1878.0,1915.410034,1876.150024,1896.51001,1896.51001,311100,0.0,0.0
2021-09-02,1903.079956,1970.130005,1903.079956,1931.329956,1931.329956,450500,0.0,0.0
2021-09-03,1928.880005,1962.0,1924.619995,1946.01001,1946.01001,228800,0.0,0.0
2021-09-07,1953.119995,1962.790039,1920.0,1953.829956,1953.829956,195200,0.0,0.0
2021-09-08,1949.560059,1949.560059,1882.189941,1906.140015,1906.140015,334600,0.0,0.0
2021-09-09,1901.719971,1916.680054,1879.310059,1883.410034,1883.410034,288700,0.0,0.0
2021-09-10,1904.98999,1922.560059,1847.25,1847.410034,1847.410034,327300,0.0,0.0
2021-09-13,1858.780029,1868.23999,1811.790039,1852.609985,1852.609985,221700,0.0,0.0
2021-09-14,1861.310059,1875.0,1837.530029,1856.339966,1856.339966,174700,0.0,0.0
2021-09-15,1846.0,1898.619995,1836.800049,1889.26001,1889.26001,239000,0.0,0.0
2021-09-16,1883.680054,1905.319946,1875.0,1881.349976,1881.349976,203900,0.0,0.0
2021-09-17,1892.939941,1903.660034,1871.800049,1878.22998,1878.22998,295100,0.0,0.0
2021-09-20,1821.130005,1857.140015,1777.949951,1820.699951,1820.699951,383500,0.0,0.0
2021-09-21,1827.790039,1862.670044,1817.689941,1838.589966,1838.589966,203700,0.0,0.0
2021-09-22,1850.76001,1888.839966,1840.900024,1879.48999,1879.48999,197400,0.0,0.0
2021-09-23,1895.0,1913.77002,1869.0,1886.48999,1886.48999,211900,0.0,0.0
2021-09-24,1858.699951,1876.939941,1830.0,1869.619995,1869.619995,236500,0.0,0.0
2021-09-27,1842.560059,1844.949951,1755.579956,1768.150024,1768.150024,509600,0.0,0.0
2021-09-28,1720.0,1736.02002,1665.0,1682.01001,1682.01001,588000,0.0,0.0
2021-09-29,1697.339966,1720.0,1648.569946,1662.98999,1662.98999,371200,0.0,0.0
2021-09-30,1665.969971,1696.579956,1641.01001,1679.400024,1679.400024,366400,0.0,0.0
2021-10-01,1692.150024,1700.390015,1650.069946,1667.599976,1667.599976,254800,0.0,0.0
2021-10-04,1647.52002,1650.900024,1584.400024,1592.75,1592.75,498500,0.0,0.0
2021-10-05,1596.0,1603.72998,1577.180054,1585.439941,1585.439941,394300,0.0,0.0
2021-10-06,1560.0,1577.189941,1524.839966,1548.569946,1548.569946,441900,0.0,0.0
2021-10-07,1574.930054,1580.650024,1544.109985,1554.040039,1554.040039,489500,0.0,0.0
2021-10-08,1557.670044,1571.459961,1505.099976,1511.189941,1511.189941,425700,0.0,0.0
2021-10-11,1500.040039,1506.359985,1452.390015,1459.319946,1459.319946,480800,0.0,0.0
2021-10-12,1472.97998,1488.98999,1454.73999,1461.25,1461.25,316800,0.0,0.0
2021-10-13,1479.089966,1524.189941,1471.77002,1518.430054,1518.430054,411500,0.0,0.0
2021-10-14,1536.619995,1544.099976,1514.51001,1524.25,1524.25,296800,0.0,0.0
2021-10-15,1532.640015,1572.859985,1531.5,1563.089966,1563.089966,357100,0.0,0.0
2021-10-18,1569.109985,1610.0,1551.550049,1592.619995,1592.619995,304400,0.0,0.0
2021-10-19,1605.709961,1619.349976,1582.949951,1591.26001,1591.26001,383900,0.0,0.0
2021-10-20,1608.0,1614.449951,1580.430054,1604.01001,1604.01001,228400,0.0,0.0
2021-10-21,1606.160034,1613.859985,1569.0,1583.939941,1583.939941,356200,0.0,0.0
2021-10-22,1581.550049,1583.430054,1499.469971,1503.780029,1503.780029,594700,0.0,0.0
2021-10-25,1521.349976,1561.859985,1521.349976,1536.51001,1536.51001,446100,0.0,0.0
2021-10-26,1545.599976,1552.180054,1517.540039,1544.660034,1544.660034,281300,0.0,0.0
2021-10-27,1543.780029,1549.0,1499.050049,1500.0,1500.0,373500,0.0,0.0
2021-10-28,1500.0,1528.52002,1481.880005,1516.869995,1516.869995,376800,0.0,0.0
2021-10-29,1501.98999,1504.329956,1477.47998,1481.02002,1481.02002,424400,0.0,0.0
2021-11-01,1485.579956,1500.0,1471.73999,1489.660034,1489.660034,411500,0.0,0.0
2021-11-02,1498.25,1509.420044,1479.819946,1508.709961,1508.709961,312700,0.0,0.0
2021-11-03,1522.439941,1546.699951,1508.550049,1531.930054,1531.930054,475600,0.0,0.0
2021-11-04,1524.439941,1568.719971,1524.439941,1556.48999,1556.48999,525200,0.0,0.0
2021-11-05,1652.5,1705.140015,1605.0,1629.76001,1629.76001,942900,0.0,0.0
2021-11-08,1644.380005,1664.97998,1610.949951,1650.0,1650.0,516000,0.0,0.0
2021-11-09,1674.859985,1711.02002,1660.140015,1709.97998,1709.97998,551200,0.0,0.0
2021-11-10,1687.310059,1698.349976,1570.640015,1592.219971,1592.219971,557300,0.0,0.0
2021-11-11,1614.839966,1626.670044,1575.5,1577.079956,1577.079956,291700,0.0,0.0
2021-11-12,1594.900024,1607.5,1563.219971,1597.150024,1597.150024,323300,0.0,0.0
2021-11-15,1603.619995,1642.609985,1601.920044,1633.209961,1633.209961,294100,0.0,0.0
2021-11-16,1515.01001,1550.0,1515.0,1541.550049,1541.550049,1322400,0.0,0.0
2021-11-17,1540.01001,1540.98999,1477.790039,1487.329956,1487.329956,690400,0.0,0.0
2021-11-18,1485.01001,1486.699951,1428.209961,1446.099976,1446.099976,782500,0.0,0.0
2021-11-19,1451.180054,1454.579956,1394.01001,1401.27002,1401.27002,852200,0.0,0.0
2021-11-22,1429.130005,1435.0,1311.680054,1314.829956,1314.829956,1113000,0.0,0.0
2021-11-23,1315.0,1337.209961,1273.849976,1285.0,1285.0,885200,0.0,0.0
2021-11-24,1282.579956,1308.300049,1263.0,1273.0,1273.0,837900,0.0,0.0
2021-11-26,1294.709961,1296.630005,1244.0,1258.709961,1258.709961,464800,0.0,0.0
2021-11-29,1286.920044,1292.449951,1223.339966,1234.099976,1234.099976,961300,0.0,0.0
2021-11-30,1230.0,1246.98999,1185.0,1188.410034,1188.410034,895600,0.0,0.0
2021-12-01,1214.670044,1215.0,1104.040039,1104.199951,1104.199951,1039000,0.0,0.0
2021-12-02,1110.01001,1140.0,1090.119995,1129.219971,1129.219971,1516800,0.0,0.0
2021-12-03,1138.140015,1138.140015,1040.839966,1052.949951,1052.949951,1293200,0.0,0.0
2021-12-06,1050.0,1116.839966,1018.72998,1112.140015,1112.140015,1361800,0.0,0.0
2021-12-07,1160.0,1197.939941,1160.0,1178.26001,1178.26001,1308400,0.0,0.0
2021-12-08,1176.160034,1211.650024,1170.0,1210.400024,1210.400024,1194000,0.0,0.0
2021-12-09,1202.060059,1221.189941,1131.040039,1131.839966,1131.839966,941500,0.0,0.0
2021-12-10,1150.0,1184.98999,1126.920044,1144.5,1144.5,652900,0.0,0.0
2021-12-13,1141.959961,1183.0,1125.030029,1180.0,1180.0,732000,0.0,0.0
2021-12-14,1157.459961,1193.189941,1150.0,1190.400024,1190.400024,645300,0.0,0.0
2021-12-15,1181.439941,1219.73999,1155.099976,1210.119995,1210.119995,608100,0.0,0.0
2021-12-16,1231.599976,1260.300049,1161.699951,1178.030029,1178.030029,748600,0.0,0.0
2021-12-17,1167.23999,1200.819946,1135.089966,1187.550049,1187.550049,742500,0.0,0.0
2021-12-20,1150.26001,1200.0,1138.640015,1187.359985,1187.359985,409700,0.0,0.0
2021-12-21,1195.0,1232.0,1179.219971,1224.51001,1224.51001,558200,0.0,0.0
2021-12-22,1219.0,1241.0,1213.680054,1227.939941,1227.939941,339700,0.0,0.0
2021-12-23,1225.969971,1265.660034,1216.290039,1262.72998,1262.72998,420200,0.0,0.0
2021-12-27,1275.0,1310.52002,1273.0,1299.109985,1299.109985,485800,0.0,0.0
2021-12-28,1309.829956,1331.410034,1301.23999,1316.280029,1316.280029,407500,0.0,0.0
2021-12-29,1309.969971,1330.0,1305.449951,1323.560059,1323.560059,405700,0.0,0.0
2021-12-30,1323.5,1359.609985,1320.02002,1356.459961,1356.459961,441800,0.0,0.0
2021-12-31,1350.530029,1365.969971,1342.709961,1348.400024,1348.400024,317200,0.0,0.0
2022-01-03,1355.01001,1360.77002,1287.689941,1332.939941,1332.939941,488400,0.0,0.0
2022-01-04,1322.02002,1338.949951,1231.48999,1241.380005,1241.380005,912200,0.0,0.0
2022-01-05,1205.22998,1214.380005,1112.52002,1129.689941,1129.689941,1066900,0.0,0.0
2022-01-06,1105.599976,1160.329956,1101.189941,1156.780029,1156.780029,773700,0.0,0.0
2022-01-07,1116.880005,1144.51001,1072.910034,1085.359985,1085.359985,1102400,0.0,0.0
2022-01-10,1048.420044,1057.76001,1001.01001,1053.310059,1053.310059,1372300,0.0,0.0
2022-01-11,1056.630005,1175.599976,1052.109985,1166.069946,1166.069946,1126000,0.0,0.0
2022-01-12,1186.800049,1227.310059,1151.01001,1210.910034,1210.910034,1034900,0.0,0.0
2022-01-13,1208.540039,1208.540039,1124.140015,1131.01001,1131.01001,710500,0.0,0.0
2022-01-14,1103.51001,1143.359985,1101.939941,1122.73999,1122.73999,477200,0.0,0.0
2022-01-18,1092.099976,1148.26001,1087.26001,1100.75,1100.75,461300,0.0,0.0
2022-01-19,1108.0,1120.910034,1057.22998,1060.939941,1060.939941,820600,0.0,0.0
2022-01-20,1079.310059,1148.869995,1077.969971,1091.310059,1091.310059,710300,0.0,0.0
2022-01-21,1080.72998,1115.209961,1046.469971,1052.560059,1052.560059,855200,0.0,0.0
2022-01-24,1009.0,1028.880005,957.599976,1026.630005,1026.630005,1375700,0.0,0.0
2022-01-25,998.539978,1034.0,982.950012,1001.650024,1001.650024,749900,0.0,0.0
2022-01-26,1036.0,1047.099976,965.659973,975.640015,975.640015,636600,0.0,0.0
2022-01-27,1002.340027,1033.130005,981.049988,992.5,992.5,715500,0.0,0.0
2022-01-28,992.5,1050.780029,971.599976,1048.630005,1048.630005,642400,0.0,0.0
2022-01-31,1055.869995,1138.569946,1055.869995,1132.060059,1132.060059,555800,0.0,0.0
2022-02-01,1145.0,1150.0,1097.97998,1138.109985,1138.109985,475900,0.0,0.0
2022-02-02,1153.25,1153.469971,1078.030029,1082.599976,1082.599976,389200,0.0,0.0
2022-02-03,1037.290039,1047.209961,994.190002,999.73999,999.73999,692500,0.0,0.0
2022-02-04,1004.799988,1055.290039,984.0,1035.329956,1035.329956,625300,0.0,0.0
2022-02-07,1040.0,1077.209961,1033.119995,1035.140015,1035.140015,384400,0.0,0.0
2022-02-08,1021.909973,1056.72998,1015.0,1050.869995,1050.869995,338100,0.0,0.0
2022-02-09,1088.98999,1134.719971,1068.420044,1133.199951,1133.199951,592900,0.0,0.0
2022-02-10,1092.640015,1156.76001,1085.930054,1122.420044,1122.420044,539100,0.0,0.0
2022-02-11,1114.23999,1145.0,1079.400024,1091.089966,1091.089966,503100,0.0,0.0
2022-02-14,1091.119995,1136.359985,1075.050049,1119.01001,1119.01001,479500,0.0,0.0
2022-02-15,1146.310059,1176.869995,1145.869995,1170.300049,1170.300049,467400,0.0,0.0
2022-02-16,1166.23999,1166.23999,1095.540039,1133.839966,1133.839966,559000,0.0,0.0
2022-02-17,1110.640015,1125.050049,1017.02002,1021.070007,1021.070007,722300,0.0,0.0
2022-02-18,1030.609985,1030.609985,936.01001,937.26001,937.26001,1179000,0.0,0.0
2022-02-22,913.0,938.0,873.400024,887.859985,887.859985,1281300,0.0,0.0
2022-02-23,993.0,996.150024,918.380005,920.570007,920.570007,1932800,0.0,0.0
2022-02-24,861.77002,1037.97998,858.98999,1033.589966,1033.589966,1273000,0.0,0.0
2022-02-25,1042.630005,1118.329956,1026.930054,1111.390015,1111.390015,1178700,0.0,0.0
2022-02-28,1093.390015,1151.0,1093.390015,1126.650024,1126.650024,821500,0.0,0.0
2022-03-01,1129.72998,1176.76001,1111.630005,1124.52002,1124.52002,537400,0.0,0.0
2022-03-02,1126.280029,1148.459961,1064.300049,1140.900024,1140.900024,700600,0.0,0.0
2022-03-03,1152.0,1154.290039,1088.050049,1096.76001,1096.76001,409700,0.0,0.0
2022-03-04,1084.900024,1107.329956,1048.890015,1055.780029,1055.780029,796700,0.0,0.0
2022-03-07,1067.98999,1069.880005,956.369995,957.869995,957.869995,657700,0.0,0.0
2022-03-08,950.0,976.669983,913.840027,914.780029,914.780029,976400,0.0,0.0
2022-03-09,955.549988,993.530029,936.0,984.76001,984.76001,1123500,0.0,0.0
2022-03-10,961.070007,962.719971,913.419983,931.289978,931.289978,634400,0.0,0.0
2022-03-11,955.289978,955.289978,891.630005,891.690002,891.690002,575100,0.0,0.0
2022-03-14,887.919983,928.47998,877.690002,882.469971,882.469971,597300,0.0,0.0
2022-03-15,884.119995,954.72998,884.02002,952.340027,952.340027,611400,0.0,0.0
2022-03-16,975.780029,1076.140015,975.780029,1075.969971,1075.969971,913600,0.0,0.0
2022-03-17,1068.540039,1150.420044,1045.72998,1149.089966,1149.089966,751200,0.0,0.0
2022-03-18,1133.280029,1191.469971,1120.51001,1185.530029,1185.530029,811600,0.0,0.0
2022-03-21,1160.0,1182.5,1121.369995,1153.839966,1153.839966,529100,0.0,0.0
2022-03-22,1154.719971,1222.119995,1154.719971,1215.069946,1215.069946,604500,0.0,0.0
2022-03-23,1195.73999,1258.170044,1172.0,1212.449951,1212.449951,591600,0.0,0.0
2022-03-24,1211.569946,1239.910034,1174.420044,1236.439941,1236.439941,483300,0.0,0.0
2022-03-25,1226.319946,1234.98999,1150.699951,1166.329956,1166.329956,585000,0.0,0.0
2022-03-28,1160.51001,1230.0,1160.51001,1225.160034,1225.160034,558400,0.0,0.0
2022-03-29,1245.670044,1267.670044,1221.97998,1256.5,1256.5,495700,0.0,0.0
2022-03-30,1239.300049,1255.51001,1192.810059,1209.849976,1209.849976,363700,0.0,0.0
2022-03-31,1212.449951,1223.930054,1188.319946,1189.47998,1189.47998,407600,0.0,0.0
2022-04-01,1213.630005,1251.560059,1205.170044,1224.130005,1224.130005,369600,0.0,0.0
2022-04-04,1240.0,1275.819946,1227.0,1265.01001,1265.01001,390200,0.0,0.0
2022-04-05,1263.98999,1265.300049,1204.72998,1218.150024,1218.150024,309500,0.0,0.0
2022-04-06,1190.0,1190.0,1137.160034,1163.969971,1163.969971,504800,0.0,0.0
2022-04-07,1155.0,1192.48999,1145.819946,1173.140015,1173.140015,265000,0.0,0.0
2022-04-08,1157.939941,1178.900024,1139.119995,1160.800049,1160.800049,362600,0.0,0.0
2022-04-11,1136.170044,1154.5,1116.150024,1125.689941,1125.689941,404600,0.0,0.0
2022-04-12,1165.430054,1185.869995,1113.849976,1115.97998,1115.97998,455100,0.0,0.0
2022-04-13,1115.0,1144.040039,1104.030029,1135.75,1135.75,327900,0.0,0.0
2022-04-14,1120.0,1129.73999,1059.109985,1060.339966,1060.339966,510700,0.0,0.0
2022-04-18,1050.0,1081.599976,1031.199951,1070.040039,1070.040039,352100,0.0,0.0
2022-04-19,1055.449951,1139.339966,1055.449951,1130.349976,1130.349976,343000,0.0,0.0
2022-04-20,1137.800049,1137.800049,1078.569946,1080.160034,1080.160034,383200,0.0,0.0
2022-04-21,1100.0,1111.219971,1010.820007,1014.01001,1014.01001,407500,0.0,0.0
2022-04-22,1010.0,1029.939941,967.330017,979.820007,979.820007,526700,0.0,0.0
2022-04-25,972.799988,1043.390015,968.890015,1041.920044,1041.920044,456600,0.0,0.0
2022-04-26,1017.22998,1038.819946,1006.48999,1019.840027,1019.840027,634700,0.0,0.0
2022-04-27,1006.289978,1066.140015,1005.859985,1024.73999,1024.73999,422000,0.0,0.0
2022-04-28,1044.0,1056.949951,1002.789978,1040.0,1040.0,427700,0.0,0.0
2022-04-29,1029.180054,1050.48999,965.820007,973.630005,973.630005,544100,0.0,0.0
2022-05-02,972.119995,1006.869995,958.609985,1002.789978,1002.789978,411700,0.0,0.0
2022-05-03,998.909973,1034.76001,981.01001,996.640015,996.640015,326600,0.0,0.0
2022-05-04,981.599976,1028.98999,925.0,1023.210022,1023.210022,547300,0.0,0.0
2022-05-05,993.0,994.48999,900.419983,913.219971,913.219971,798100,0.0,0.0
2022-05-06,960.01001,986.0,883.669983,927.549988,927.549988,1180000,0.0,0.0
2022-05-09,892.940002,899.429993,764.01001,770.98999,770.98999,1300000,0.0,0.0
2022-05-10,808.080017,836.130005,766.119995,774.440002,774.440002,1020100,0.0,0.0
2022-05-11,771.799988,774.98999,674.530029,679.679993,679.679993,1122200,0.0,0.0
2022-05-12,655.0,747.119995,640.0,722.929993,722.929993,1233700,0.0,0.0
2022-05-13,751.0,805.880005,738.830017,794.960022,794.960022,873400,0.0,0.0
2022-05-16,774.210022,823.0,767.059998,787.809998,787.809998,717600,0.0,0.0
2022-05-17,815.01001,835.320007,772.780029,834.880005,834.880005,696400,0.0,0.0
2022-05-18,802.01001,824.849976,745.77002,749.299988,749.299988,660200,0.0,0.0
2022-05-19,752.599976,823.330017,752.599976,801.570007,801.570007,953800,0.0,0.0
2022-05-20,824.710022,832.950012,732.0,775.650024,775.650024,1069900,0.0,0.0
2022-05-23,775.929993,782.830017,736.900024,774.299988,774.299988,848400,0.0,0.0
2022-05-24,745.119995,745.119995,690.5,699.859985,699.859985,917000,0.0,0.0
2022-05-25,703.619995,734.530029,696.799988,723.0,723.0,767300,0.0,0.0
2022-05-26,725.219971,788.789978,718.01001,783.440002,783.440002,731000,0.0,0.0
2022-05-27,802.359985,818.640015,785.01001,811.440002,811.440002,469800,0.0,0.0
2022-05-31,807.0,812.179993,765.75,785.880005,785.880005,580400,0.0,0.0
2022-06-01,797.559998,806.840027,741.960022,762.23999,762.23999,562400,0.0,0.0
2022-06-02,770.0,837.809998,770.0,836.73999,836.73999,546400,0.0,0.0
2022-06-03,815.190002,826.150024,787.619995,788.900024,788.900024,484300,0.0,0.0
2022-06-06,818.369995,824.830017,794.01001,803.98999,803.98999,397500,0.0,0.0
2022-06-07,797.429993,835.0,782.960022,824.679993,824.679993,633900,0.0,0.0
2022-06-08,824.119995,848.190002,813.47998,824.619995,824.619995,528400,0.0,0.0
2022-06-09,803.48999,810.0,746.179993,748.409973,748.409973,677400,0.0,0.0
2022-06-10,730.630005,735.859985,689.02002,691.690002,691.690002,918900,0.0,0.0
2022-06-13,643.960022,659.960022,615.22998,626.940002,626.940002,1220600,0.0,0.0
2022-06-14,630.960022,634.669983,600.679993,616.400024,616.400024,763300,0.0,0.0
2022-06-15,629.320007,683.849976,629.119995,672.690002,672.690002,1015100,0.0,0.0
2022-06-16,633.099976,641.669983,609.049988,612.700012,612.700012,626600,0.0,0.0
2022-06-17,625.23999,648.619995,614.0,635.219971,635.219971,751000,0.0,0.0
2022-06-21,654.799988,673.590027,645.869995,656.700012,656.700012,791100,0.0,0.0
2022-06-22,639.950012,695.679993,638.119995,677.400024,677.400024,719100,0.0,0.0
2022-06-23,684.48999,710.0,674.75,698.640015,698.640015,637700,0.0,0.0
2022-06-24,713.909973,745.900024,712.469971,739.460022,739.460022,654300,0.0,0.0
2022-06-27,745.390015,752.659973,711.52002,717.309998,717.309998,657500,0.0,0.0
2022-06-28,721.0,726.719971,659.090027,665.0,665.0,659900,0.0,0.0
2022-06-29,657.710022,672.090027,638.179993,660.130005,660.130005,449900,0.0,0.0
2022-06-30,646.380005,653.320007,611.460022,636.869995,636.869995,700400,0.0,0.0
2022-07-01,642.619995,665.950012,631.869995,659.950012,659.950012,521100,0.0,0.0
2022-07-05,649.02002,719.820007,627.859985,713.570007,713.570007,756700,0.0,0.0
2022-07-06,722.090027,728.409973,697.01001,704.549988,704.549988,664100,0.0,0.0
2022-07-07,705.530029,727.169983,700.73999,721.619995,721.619995,490400,0.0,0.0
2022-07-08,702.219971,720.590027,682.200012,708.630005,708.630005,395700,0.0,0.0
2022-07-11,696.320007,696.330017,654.559998,659.919983,659.919983,512700,0.0,0.0
2022-07-12,663.200012,678.409973,643.590027,653.630005,653.630005,578700,0.0,0.0
2022-07-13,633.0,666.200012,615.539978,655.75,655.75,627300,0.0,0.0
2022-07-14,648.340027,665.0,630.22998,655.690002,655.690002,586900,0.0,0.0
2022-07-15,658.0,698.51001,657.719971,689.98999,689.98999,749400,0.0,0.0
2022-07-18,700.200012,723.659973,680.820007,691.840027,691.840027,687800,0.0,0.0
2022-07-19,713.809998,725.630005,694.640015,724.75,724.75,463900,0.0,0.0
2022-07-20,725.169983,784.450012,724.650024,779.679993,779.679993,819400,0.0,0.0
2022-07-21,771.52002,790.76001,765.929993,789.200012,789.200012,453400,0.0,0.0
2022-07-22,783.0,802.419983,752.960022,763.919983,763.919983,514100,0.0,0.0
2022-07-25,766.0,773.969971,751.0,762.780029,762.780029,361800,0.0,0.0
2022-07-26,740.48999,743.849976,720.840027,727.789978,727.789978,550400,0.0,0.0
2022-07-27,743.960022,794.950012,740.73999,791.669983,791.669983,581600,0.0,0.0
2022-07-28,792.719971,811.570007,766.599976,803.75,803.75,631100,0.0,0.0
2022-07-29,818.210022,825.0,794.159973,813.710022,813.710022,667400,0.0,0.0
2022-08-01,805.539978,838.969971,785.0,813.969971,813.969971,497000,0.0,0.0
2022-08-02,798.76001,849.0,798.76001,837.590027,837.590027,491100,0.0,0.0
2022-08-03,852.559998,892.969971,848.840027,890.869995,890.869995,856300,0.0,0.0
2022-08-04,994.5,1084.98999,993.0,1034.829956,1034.829956,1851200,0.0,0.0
2022-08-05,1014.719971,1056.540039,1007.23999,1024.810059,1024.810059,849500,0.0,0.0
2022-08-08,1042.079956,1074.5,1018.0,1024.25,1024.25,618400,0.0,0.0
2022-08-09,1015.799988,1015.799988,972.72998,995.5,995.5,544800,0.0,0.0
2022-08-10,1050.0,1076.76001,1041.569946,1064.22998,1064.22998,720300,0.0,0.0
2022-08-11,1076.880005,1090.599976,1021.030029,1032.469971,1032.469971,486400,0.0,0.0
2022-08-12,1050.0,1083.599976,1042.660034,1081.079956,1081.079956,508500,0.0,0.0
2022-08-15,1073.0,1095.339966,1067.089966,1082.660034,1082.660034,399800,0.0,0.0
2022-08-16,1070.410034,1080.0,1040.459961,1053.75,1053.75,644500,0.0,0.0
2022-08-17,1030.0,1039.310059,990.0,997.900024,997.900024,839100,0.0,0.0
2022-08-18,995.0,995.0,975.460022,977.52002,977.52002,540600,0.0,0.0
2022-08-19,950.0,952.070007,904.210022,909.76001,909.76001,840400,0.0,0.0
2022-08-22,880.880005,894.929993,860.0,878.090027,878.090027,804400,0.0,0.0
2022-08-23,889.0,908.159973,875.710022,887.039978,887.039978,516900,0.0,0.0
2022-08-24,881.289978,917.440002,879.5,898.0,898.0,490600,0.0,0.0
2022-08-25,909.02002,919.840027,896.099976,919.179993,919.179993,495000,0.0,0.0
2022-08-26,920.0,934.599976,877.789978,877.799988,877.799988,538000,0.0,0.0
2022-08-29,854.01001,891.619995,853.280029,875.169983,875.169983,358200,0.0,0.0
2022-08-30,890.0,903.450012,849.25,862.099976,862.099976,572000,0.0,0.0
2022-08-31,868.109985,886.289978,851.630005,855.359985,855.359985,487400,0.0,0.0
2022-09-01,833.280029,860.0,812.460022,858.789978,858.789978,689000,0.0,0.0
2022-09-02,872.0,883.23999,847.150024,855.909973,855.909973,492900,0.0,0.0
2022-09-06,855.330017,871.640015,831.349976,857.929993,857.929993,645000,0.0,0.0
2022-09-07,858.140015,893.640015,848.390015,887.690002,887.690002,542900,0.0,0.0
2022-09-08,867.859985,930.650024,866.0,922.539978,922.539978,831100,0.0,0.0
2022-09-09,932.539978,976.200012,932.539978,970.98999,970.98999,1190100,0.0,0.0
2022-09-12,974.830017,1011.98999,974.830017,1002.01001,1002.01001,704400,0.0,0.0
2022-09-13,946.369995,969.98999,935.0,943.900024,943.900024,720700,0.0,0.0
2022-09-14,947.080017,970.859985,925.0,960.330017,960.330017,361000,0.0,0.0
2022-09-15,942.340027,982.830017,942.340027,965.780029,965.780029,682300,0.0,0.0
2022-09-16,932.950012,933.5,904.880005,919.109985,919.109985,629500,0.0,0.0
2022-09-19,900.200012,933.700012,900.200012,933.099976,933.099976,485400,0.0,0.0
2022-09-20,922.580017,929.809998,903.109985,905.690002,905.690002,506800,0.0,0.0
2022-09-21,905.890015,931.47998,887.359985,887.5,887.5,639300,0.0,0.0
2022-09-22,876.130005,884.900024,843.690002,850.0,850.0,637400,0.0,0.0
2022-09-23,833.75,840.429993,808.0,815.01001,815.01001,562100,0.0,0.0
2022-09-26,817.080017,833.97998,797.090027,799.580017,799.580017,604100,0.0,0.0
2022-09-27,821.280029,830.0,790.150024,804.690002,804.690002,501700,0.0,0.0
2022-09-28,805.369995,871.320007,801.299988,865.23999,865.23999,743800,0.0,0.0
2022-09-29,843.099976,850.530029,818.919983,829.679993,829.679993,504900,0.0,0.0
2022-09-30,818.109985,858.549988,811.549988,827.780029,827.780029,627700,0.0,0.0
2022-10-03,859.419983,893.969971,832.0,882.299988,882.299988,955400,0.0,0.0
2022-10-04,909.890015,955.559998,909.890015,948.25,948.25,876600,0.0,0.0
2022-10-05,919.880005,944.299988,910.049988,933.76001,933.76001,474000,0.0,0.0
2022-10-06,926.880005,962.070007,926.590027,929.179993,929.179993,374100,0.0,0.0
2022-10-07,905.219971,906.419983,874.01001,881.98999,881.98999,610000,0.0,0.0
2022-10-10,883.0,885.26001,854.409973,872.599976,872.599976,430100,0.0,0.0
2022-10-11,858.030029,863.190002,817.25,834.669983,834.669983,652100,0.0,0.0
2022-10-12,830.330017,837.590027,800.609985,820.650024,820.650024,547400,0.0,0.0
2022-10-13,777.280029,831.130005,760.059998,822.059998,822.059998,866100,0.0,0.0
2022-10-14,834.400024,845.48999,754.76001,756.880005,756.880005,727900,0.0,0.0
2022-10-17,793.789978,853.719971,793.789978,850.659973,850.659973,1057900,0.0,0.0
2022-10-18,901.5,911.52002,841.880005,853.289978,853.289978,661600,0.0,0.0
2022-10-19,834.380005,837.030029,801.650024,815.450012,815.450012,718600,0.0,0.0
2022-10-20,810.159973,852.26001,804.01001,820.469971,820.469971,630200,0.0,0.0
2022-10-21,811.52002,847.780029,797.01001,844.900024,844.900024,596500,0.0,0.0
2022-10-24,838.73999,839.210022,792.460022,827.159973,827.159973,536100,0.0,0.0
2022-10-25,832.380005,878.820007,832.380005,862.969971,862.969971,609900,0.0,0.0
2022-10-26,855.599976,880.669983,830.0,833.359985,833.359985,548000,0.0,0.0
2022-10-27,836.950012,858.390015,829.609985,836.820007,836.820007,552300,0.0,0.0
2022-10-28,825.030029,881.929993,820.309998,881.75,881.75,644300,0.0,0.0
2022-10-31,874.549988,905.650024,860.0,901.619995,901.619995,931800,0.0,0.0
2022-11-01,933.159973,945.159973,910.01001,919.340027,919.340027,776200,0.0,0.0
2022-11-02,910.0,913.909973,847.0,851.280029,851.280029,746200,0.0,0.0
2022-11-03,848.719971,910.76001,840.0,870.880005,870.880005,779800,0.0,0.0
2022-11-04,947.099976,1018.0,919.619995,938.570007,938.570007,1340000,0.0,0.0
2022-11-07,957.0,967.01001,914.859985,940.780029,940.780029,680600,0.0,0.0
2022-11-08,946.130005,957.52002,909.77002,937.080017,937.080017,556400,0.0,0.0
2022-11-09,921.200012,934.5,896.070007,897.619995,897.619995,569500,0.0,0.0
2022-11-10,964.450012,1006.179993,922.880005,935.530029,935.530029,1263500,0.0,0.0
2022-11-11,943.330017,989.02002,932.859985,974.890015,974.890015,838900,0.0,0.0
2022-11-14,966.159973,982.73999,950.299988,959.580017,959.580017,509000,0.0,0.0
2022-11-15,1009.73999,1039.390015,995.549988,1020.679993,1020.679993,711500,0.0,0.0
2022-11-16,988.0,1004.0,964.090027,972.820007,972.820007,690500,0.0,0.0
2022-11-17,940.0,949.98999,910.840027,927.130005,927.130005,720300,0.0,0.0
2022-11-18,944.419983,966.690002,936.0,962.080017,962.080017,636100,0.0,0.0
2022-11-21,948.450012,968.150024,944.609985,963.030029,963.030029,293100,0.0,0.0
2022-11-22,961.0,963.5,915.799988,957.159973,957.159973,431900,0.0,0.0
2022-11-23,967.0,975.460022,945.630005,962.429993,962.429993,387200,0.0,0.0
2022-11-25,957.98999,957.98999,946.47998,951.570007,951.570007,178900,0.0,0.0
2022-11-28,941.099976,956.690002,920.849976,921.340027,921.340027,505600,0.0,0.0
2022-11-29,927.200012,927.960022,882.099976,889.26001,889.26001,688800,0.0,0.0
2022-11-30,893.650024,934.169983,879.109985,930.98999,930.98999,838100,0.0,0.0
2022-12-01,936.76001,955.0,921.679993,941.01001,941.01001,502200,0.0,0.0
2022-12-02,920.01001,957.0,912.0,945.070007,945.070007,485800,0.0,0.0
2022-12-05,933.190002,935.940002,876.940002,881.900024,881.900024,597100,0.0,0.0
2022-12-06,891.369995,893.859985,852.0,863.090027,863.090027,414000,0.0,0.0
2022-12-07,855.619995,880.460022,845.02002,863.809998,863.809998,587700,0.0,0.0
2022-12-08,872.0,903.919983,865.039978,884.23999,884.23999,433400,0.0,0.0
2022-12-09,878.369995,908.25,872.059998,896.47998,896.47998,409500,0.0,0.0
2022-12-12,885.280029,894.369995,868.5,880.25,880.25,518100,0.0,0.0
2022-12-13,931.47998,942.090027,867.299988,870.650024,870.650024,880500,0.0,0.0
2022-12-14,864.059998,887.98999,855.0,867.299988,867.299988,579600,0.0,0.0
2022-12-15,852.070007,854.900024,818.219971,835.090027,835.090027,652100,0.0,0.0
2022-12-16,830.0,849.609985,825.0,843.97998,843.97998,731000,0.0,0.0
2022-12-19,844.23999,895.799988,843.52002,884.27002,884.27002,723800,0.0,0.0
2022-12-20,881.179993,907.080017,874.869995,875.909973,875.909973,540300,0.0,0.0
2022-12-21,877.580017,908.98999,873.0,900.099976,900.099976,409900,0.0,0.0
2022-12-22,882.969971,885.390015,863.469971,873.26001,873.26001,470100,0.0,0.0
2022-12-23,864.299988,879.72998,853.080017,878.320007,878.320007,288100,0.0,0.0
2022-12-27,872.98999,874.380005,848.130005,854.299988,854.299988,294000,0.0,0.0
2022-12-28,856.440002,867.98999,838.25,839.570007,839.570007,475300,0.0,0.0
2022-12-29,849.469971,874.080017,838.049988,866.280029,866.280029,443900,0.0,0.0
2022-12-30,846.809998,851.059998,830.01001,846.23999,846.23999,365600,0.0,0.0
2023-01-03,867.580017,874.059998,815.859985,826.109985,826.109985,775500,0.0,0.0
2023-01-04,842.0,849.289978,821.97998,837.440002,837.440002,404900,0.0,0.0
2023-01-05,827.869995,859.960022,818.01001,856.090027,856.090027,415200,0.0,0.0
2023-01-06,856.090027,879.419983,847.01001,873.469971,873.469971,343000,0.0,0.0
2023-01-09,891.26001,920.0,882.0,897.309998,897.309998,451800,0.0,0.0
2023-01-10,897.0,919.190002,896.309998,915.780029,915.780029,270200,0.0,0.0
2023-01-11,928.289978,936.890015,911.099976,936.799988,936.799988,466100,0.0,0.0
2023-01-12,983.0,1033.790039,933.570007,1024.310059,1024.310059,1132200,0.0,0.0
2023-01-13,1011.150024,1091.849976,1011.0,1082.920044,1082.920044,1237100,0.0,0.0
2023-01-17,1081.27002,1089.0,1046.859985,1070.0,1070.0,593800,0.0,0.0
2023-01-18,1082.119995,1108.599976,1049.859985,1068.920044,1068.920044,794400,0.0,0.0
2023-01-19,1045.369995,1085.0,1040.469971,1072.73999,1072.73999,769400,0.0,0.0
2023-01-20,1076.650024,1101.890015,1072.550049,1098.089966,1098.089966,504700,0.0,0.0
2023-01-23,1097.670044,1121.619995,1090.540039,1095.0,1095.0,582100,0.0,0.0
2023-01-24,1079.22998,1113.939941,1074.060059,1109.910034,1109.910034,441000,0.0,0.0
2023-01-25,1080.0,1133.680054,1073.160034,1130.640015,1130.640015,475600,0.0,0.0
2023-01-26,1151.310059,1190.930054,1151.310059,1188.579956,1188.579956,826200,0.0,0.0
2023-01-27,1187.349976,1233.280029,1183.0,1221.27002,1221.27002,702500,0.0,0.0
2023-01-30,1190.619995,1210.25,1160.609985,1161.800049,1161.800049,758700,0.0,0.0
2023-01-31,1170.01001,1183.180054,1153.01001,1181.689941,1181.689941,496700,0.0,0.0
2023-02-01,1180.0,1222.0,1152.47998,1214.290039,1214.290039,603300,0.0,0.0
2023-02-02,1235.920044,1250.47998,1201.780029,1226.579956,1226.579956,653900,0.0,0.0
2023-02-03,1175.699951,1223.540039,1161.880005,1187.25,1187.25,556400,0.0,0.0
2023-02-06,1168.699951,1188.790039,1158.880005,1175.439941,1175.439941,486600,0.0,0.0
2023-02-07,1168.23999,1177.25,1129.530029,1173.810059,1173.810059,820600,0.0,0.0
2023-02-08,1161.699951,1192.349976,1158.949951,1166.900024,1166.900024,376000,0.0,0.0
2023-02-09,1189.97998,1194.619995,1136.839966,1143.650024,1143.650024,330900,0.0,0.0
2023-02-10,1125.77002,1129.569946,1097.829956,1104.949951,1104.949951,400200,0.0,0.0
2023-02-13,1111.160034,1126.640015,1102.910034,1112.319946,1112.319946,288100,0.0,0.0
2023-02-14,1101.930054,1147.530029,1083.099976,1132.310059,1132.310059,389800,0.0,0.0
2023-02-15,1122.0,1164.0,1115.27002,1159.599976,1159.599976,338700,0.0,0.0
2023-02-16,1131.75,1156.75,1117.849976,1119.640015,1119.640015,394300,0.0,0.0
2023-02-17,1104.699951,1112.01001,1088.359985,1100.869995,1100.869995,427500,0.0,0.0
2023-02-21,1094.900024,1123.310059,1085.150024,1099.329956,1099.329956,656900,0.0,0.0
2023-02-22,1104.670044,1134.410034,1093.319946,1118.26001,1118.26001,683300,0.0,0.0
2023-02-23,1134.880005,1142.339966,1101.050049,1136.26001,1136.26001,720500,0.0,0.0
2023-02-24,1163.25,1181.699951,1118.810059,1156.880005,1156.880005,1089900,0.0,0.0
2023-02-27,1172.839966,1192.160034,1153.369995,1182.98999,1182.98999,701600,0.0,0.0
2023-02-28,1191.98999,1223.050049,1186.180054,1220.0,1220.0,568700,0.0,0.0
2023-03-01,1220.849976,1225.0,1190.209961,1208.719971,1208.719971,580400,0.0,0.0
2023-03-02,1195.0,1223.040039,1188.0,1218.52002,1218.52002,359600,0.0,0.0
2023-03-03,1226.47998,1227.969971,1203.22998,1226.73999,1226.73999,556800,0.0,0.0
2023-03-06,1233.0,1273.859985,1218.829956,1256.26001,1256.26001,624100,0.0,0.0
2023-03-07,1260.959961,1268.329956,1236.130005,1264.910034,1264.910034,559600,0.0,0.0
2023-03-08,1264.719971,1265.0,1230.319946,1252.569946,1252.569946,318100,0.0,0.0
2023-03-09,1243.77002,1268.0,1196.26001,1201.790039,1201.790039,456000,0.0,0.0
2023-03-10,1193.0,1201.140015,1143.619995,1168.040039,1168.040039,662000,0.0,0.0
2023-03-13,1152.780029,1180.670044,1124.02002,1162.329956,1162.329956,531400,0.0,0.0
2023-03-14,1193.300049,1216.280029,1179.160034,1214.959961,1214.959961,471400,0.0,0.0
2023-03-15,1186.72998,1200.0,1159.349976,1188.959961,1188.959961,475000,0.0,0.0
2023-03-16,1180.0,1228.77002,1173.369995,1214.73999,1214.73999,495500,0.0,0.0
2023-03-17,1200.170044,1208.0,1180.780029,1201.150024,1201.150024,641800,0.0,0.0
2023-03-20,1197.280029,1198.560059,1167.0,1182.75,1182.75,376700,0.0,0.0
2023-03-21,1199.25,1234.0,1196.219971,1220.420044,1220.420044,419700,0.0,0.0
2023-03-22,1224.199951,1225.650024,1185.079956,1186.630005,1186.630005,381500,0.0,0.0
2023-03-23,1205.920044,1236.02002,1178.569946,1191.550049,1191.550049,406900,0.0,0.0
2023-03-24,1184.280029,1197.26001,1163.839966,1187.280029,1187.280029,424600,0.0,0.0
2023-03-27,1198.0,1215.900024,1182.599976,1191.790039,1191.790039,355600,0.0,0.0
2023-03-28,1186.089966,1198.640015,1183.0,1196.73999,1196.73999,251700,0.0,0.0
2023-03-29,1212.670044,1230.22998,1208.140015,1224.880005,1224.880005,373700,0.0,0.0
2023-03-30,1247.98999,1269.180054,1228.0,1266.800049,1266.800049,463900,0.0,0.0
2023-03-31,1273.880005,1325.670044,1266.130005,1318.060059,1318.060059,719200,0.0,0.0
2023-04-03,1305.0,1317.77002,1297.0,1313.640015,1313.640015,393600,0.0,0.0
2023-04-04,1328.0,1329.48999,1296.859985,1301.900024,1301.900024,285500,0.0,0.0
2023-04-05,1288.280029,1295.180054,1240.5,1250.050049,1250.050049,473100,0.0,0.0
2023-04-06,1233.900024,1253.969971,1207.699951,1245.0,1245.0,323700,0.0,0.0
2023-04-10,1225.219971,1252.390015,1210.290039,1251.619995,1251.619995,289800,0.0,0.0
2023-04-11,1253.579956,1288.880005,1253.579956,1285.060059,1285.060059,403400,0.0,0.0
2023-04-12,1307.459961,1314.910034,1249.699951,1256.040039,1256.040039,393400,0.0,0.0
2023-04-13,1277.390015,1304.0,1268.47998,1296.119995,1296.119995,344000,0.0,0.0
2023-04-14,1294.170044,1319.97998,1289.449951,1301.880005,1301.880005,248000,0.0,0.0
2023-04-17,1301.52002,1315.880005,1285.640015,1314.73999,1314.73999,241600,0.0,0.0
2023-04-18,1320.599976,1337.75,1315.949951,1321.469971,1321.469971,274000,0.0,0.0
2023-04-19,1305.310059,1324.199951,1302.26001,1308.290039,1308.290039,209900,0.0,0.0
2023-04-20,1288.280029,1308.290039,1285.300049,1293.77002,1293.77002,286600,0.0,0.0
2023-04-21,1296.22998,1304.280029,1268.119995,1281.920044,1281.920044,262100,0.0,0.0
2023-04-24,1282.0,1285.98999,1252.130005,1273.619995,1273.619995,316600,0.0,0.0
2023-04-25,1261.780029,1262.310059,1227.579956,1229.550049,1229.550049,341400,0.0,0.0
2023-04-26,1241.959961,1259.98999,1232.920044,1235.630005,1235.630005,315700,0.0,0.0
2023-04-27,1257.969971,1257.969971,1233.719971,1244.920044,1244.920044,300900,0.0,0.0
2023-04-28,1248.380005,1294.27002,1237.25,1277.48999,1277.48999,446200,0.0,0.0
2023-05-01,1263.219971,1298.72998,1260.0,1291.650024,1291.650024,267300,0.0,0.0
2023-05-02,1292.47998,1292.47998,1242.670044,1255.73999,1255.73999,376000,0.0,0.0
2023-05-03,1267.180054,1296.72998,1256.290039,1279.98999,1279.98999,566200,0.0,0.0
2023-05-04,1326.050049,1336.810059,1196.160034,1213.380005,1213.380005,1238700,0.0,0.0
2023-05-05,1225.780029,1263.920044,1221.939941,1243.589966,1243.589966,478300,0.0,0.0
2023-05-08,1242.550049,1289.410034,1242.550049,1284.5,1284.5,451300,0.0,0.0
2023-05-09,1267.560059,1281.199951,1244.77002,1248.050049,1248.050049,469100,0.0,0.0
2023-05-10,1268.0,1317.280029,1263.089966,1288.920044,1288.920044,535000,0.0,0.0
2023-05-11,1296.0,1303.0,1281.800049,1296.52002,1296.52002,334600,0.0,0.0
2023-05-12,1293.930054,1295.369995,1261.640015,1279.670044,1279.670044,275800,0.0,0.0
2023-05-15,1289.930054,1306.290039,1284.170044,1296.800049,1296.800049,507900,0.0,0.0
2023-05-16,1286.209961,1301.670044,1268.060059,1275.390015,1275.390015,347600,0.0,0.0
2023-05-17,1288.25,1330.569946,1276.0,1320.150024,1320.150024,458600,0.0,0.0
2023-05-18,1320.0,1336.170044,1309.199951,1332.48999,1332.48999,349900,0.0,0.0
2023-05-19,1327.329956,1327.329956,1300.040039,1310.880005,1310.880005,511500,0.0,0.0
2023-05-22,1313.329956,1365.640015,1308.800049,1339.619995,1339.619995,604300,0.0,0.0
2023-05-23,1328.439941,1357.550049,1293.0,1299.829956,1299.829956,491900,0.0,0.0
2023-05-24,1290.0,1297.189941,1261.109985,1284.130005,1284.130005,326200,0.0,0.0
2023-05-25,1300.420044,1307.880005,1246.810059,1249.910034,1249.910034,368300,0.0,0.0
2023-05-26,1252.52002,1296.0,1250.650024,1282.26001,1282.26001,409100,0.0,0.0
2023-05-30,1297.25,1301.97998,1242.319946,1249.719971,1249.719971,515100,0.0,0.0
2023-05-31,1244.359985,1248.640015,1226.619995,1239.0,1239.0,637500,0.0,0.0
2023-06-01,1240.089966,1278.469971,1232.0,1258.02002,1258.02002,344300,0.0,0.0
2023-06-02,1279.910034,1284.109985,1221.069946,1270.670044,1270.670044,402000,0.0,0.0
2023-06-05,1268.709961,1292.280029,1258.160034,1289.48999,1289.48999,272900,0.0,0.0
2023-06-06,1282.97998,1282.97998,1246.099976,1254.449951,1254.449951,478800,0.0,0.0
2023-06-07,1253.439941,1259.540039,1200.880005,1208.290039,1208.290039,571600,0.0,0.0
2023-06-08,1205.839966,1224.359985,1192.339966,1209.73999,1209.73999,447500,0.0,0.0
2023-06-09,1219.160034,1220.150024,1186.109985,1208.550049,1208.550049,447300,0.0,0.0
2023-06-12,1209.0,1240.369995,1192.199951,1238.150024,1238.150024,399800,0.0,0.0
2023-06-13,1252.800049,1254.72998,1189.050049,1209.52002,1209.52002,500400,0.0,0.0
2023-06-14,1209.52002,1220.01001,1194.040039,1211.839966,1211.839966,360900,0.0,0.0
2023-06-15,1206.410034,1229.349976,1198.290039,1223.77002,1223.77002,389500,0.0,0.0
2023-06-16,1224.0,1224.0,1192.599976,1194.73999,1194.73999,779900,0.0,0.0
2023-06-20,1190.0,1237.23999,1182.0,1197.73999,1197.73999,436000,0.0,0.0
2023-06-21,1199.0,1227.51001,1192.0,1210.900024,1210.900024,387600,0.0,0.0
2023-06-22,1211.76001,1242.0,1199.5,1241.51001,1241.51001,452000,0.0,0.0
2023-06-23,1221.849976,1237.77002,1190.030029,1226.48999,1226.48999,779700,0.0,0.0
2023-06-26,1220.900024,1239.030029,1154.5,1155.51001,1155.51001,582500,0.0,0.0
2023-06-27,1173.099976,1183.0,1159.290039,1162.089966,1162.089966,522300,0.0,0.0
2023-06-28,1156.849976,1208.25,1156.849976,1207.689941,1207.689941,409600,0.0,0.0
2023-06-29,1211.199951,1214.209961,1162.390015,1171.449951,1171.449951,382400,0.0,0.0
2023-06-30,1188.0,1212.599976,1173.26001,1184.599976,1184.599976,489600,0.0,0.0
2023-07-03,1190.0,1193.75,1172.089966,1193.75,1193.75,237000,0.0,0.0
2023-07-05,1193.75,1248.77002,1178.300049,1247.359985,1247.359985,614900,0.0,0.0
2023-07-06,1221.199951,1226.0,1145.5,1153.589966,1153.589966,912500,0.0,0.0
2023-07-07,1166.530029,1189.97998,1151.050049,1153.819946,1153.819946,503100,0.0,0.0
2023-07-10,1108.040039,1109.48999,1063.02002,1087.150024,1087.150024,1409200,0.0,0.0
2023-07-11,1087.150024,1131.449951,1081.369995,1121.579956,1121.579956,585800,0.0,0.0
2023-07-12,1143.0,1153.430054,1127.349976,1141.130005,1141.130005,448200,0.0,0.0
2023-07-13,1153.949951,1154.0,1130.0,1146.719971,1146.719971,383400,0.0,0.0
2023-07-14,1141.0,1147.77002,1126.839966,1135.719971,1135.719971,471300,0.0,0.0
2023-07-17,1128.300049,1181.300049,1128.300049,1179.170044,1179.170044,547200,0.0,0.0
2023-07-18,1170.050049,1210.0,1170.050049,1208.660034,1208.660034,641200,0.0,0.0
2023-07-19,1219.030029,1232.579956,1210.939941,1225.75,1225.75,558100,0.0,0.0
2023-07-20,1210.0,1223.98999,1194.130005,1198.339966,1198.339966,627700,0.0,0.0
2023-07-21,1209.219971,1228.920044,1201.98999,1221.030029,1221.030029,1116300,0.0,0.0
2023-07-24,1221.030029,1223.359985,1174.069946,1198.430054,1198.430054,441700,0.0,0.0
2023-07-25,1201.51001,1212.560059,1181.160034,1181.839966,1181.839966,475000,0.0,0.0
2023-07-26,1181.560059,1189.0,1171.0,1176.22998,1176.22998,435700,0.0,0.0
2023-07-27,1193.0,1221.449951,1167.25,1169.900024,1169.900024,628300,0.0,0.0
2023-07-28,1193.849976,1228.140015,1182.390015,1225.02002,1225.02002,447400,0.0,0.0
2023-07-31,1235.030029,1257.660034,1223.660034,1238.050049,1238.050049,504300,0.0,0.0
2023-08-01,1236.900024,1236.900024,1202.52002,1210.400024,1210.400024,380800,0.0,0.0
2023-08-02,1184.550049,1194.640015,1150.01001,1164.810059,1164.810059,747000,0.0,0.0
2023-08-03,1225.0,1326.609985,1212.689941,1323.109985,1323.109985,1593900,0.0,0.0
2023-08-04,1321.319946,1325.109985,1277.290039,1296.160034,1296.160034,797000,0.0,0.0
2023-08-07,1315.359985,1370.0,1290.01001,1358.810059,1358.810059,710700,0.0,0.0
2023-08-08,1348.969971,1356.280029,1311.400024,1328.359985,1328.359985,523800,0.0,0.0
2023-08-09,1347.650024,1348.939941,1312.089966,1312.660034,1312.660034,418300,0.0,0.0
2023-08-10,1345.0,1388.390015,1344.339966,1387.060059,1387.060059,651500,0.0,0.0
2023-08-11,1360.719971,1368.410034,1328.469971,1330.0,1330.0,616300,0.0,0.0
2023-08-14,1305.910034,1313.0,1273.920044,1296.52002,1296.52002,653100,0.0,0.0
2023-08-15,1280.0,1293.130005,1280.0,1286.040039,1286.040039,329900,0.0,0.0
2023-08-16,1282.670044,1284.390015,1238.369995,1247.439941,1247.439941,525700,0.0,0.0
2023-08-17,1253.880005,1258.0,1196.040039,1196.560059,1196.560059,579200,0.0,0.0
2023-08-18,1183.98999,1214.060059,1180.579956,1199.589966,1199.589966,502300,0.0,0.0
2023-08-21,1207.98999,1234.959961,1203.119995,1228.51001,1228.51001,447800,0.0,0.0
2023-08-22,1248.849976,1252.420044,1219.829956,1242.72998,1242.72998,330300,0.0,0.0
2023-08-23,1245.869995,1277.640015,1245.869995,1258.869995,1258.869995,429900,0.0,0.0
2023-08-24,1261.0,1261.0,1212.01001,1215.310059,1215.310059,357200,0.0,0.0
2023-08-25,1221.310059,1240.5,1202.01001,1237.839966,1237.839966,310900,0.0,0.0
2023-08-28,1245.530029,1249.939941,1235.0,1249.459961,1249.459961,213300,0.0,0.0
2023-08-29,1252.449951,1322.290039,1247.890015,1304.660034,1304.660034,644900,0.0,0.0
2023-08-30,1310.0,1343.910034,1307.630005,1343.130005,1343.130005,494900,0.0,0.0
2023-08-31,1340.109985,1386.540039,1334.660034,1372.359985,1372.359985,678100,0.0,0.0
2023-09-01,1402.619995,1421.930054,1396.650024,1421.640015,1421.640015,549200,0.0,0.0
2023-09-05,1415.25,1448.22998,1410.0,1435.050049,1435.050049,621200,0.0,0.0
2023-09-06,1428.530029,1439.98999,1415.98999,1425.969971,1425.969971,735600,0.0,0.0
2023-09-07,1407.439941,1448.819946,1402.01001,1436.349976,1436.349976,503600,0.0,0.0
2023-09-08,1436.349976,1451.560059,1421.47998,1428.189941,1428.189941,509500,0.0,0.0
2023-09-11,1439.0,1439.0,1403.0,1422.930054,1422.930054,433000,0.0,0.0
2023-09-12,1416.060059,1418.900024,1391.069946,1399.140015,1399.140015,370300,0.0,0.0
2023-09-13,1393.25,1401.969971,1373.48999,1397.459961,1397.459961,362400,0.0,0.0
2023-09-14,1405.920044,1405.920044,1363.51001,1383.430054,1383.430054,472400,0.0,0.0
2023-09-15,1383.469971,1402.48999,1372.699951,1396.660034,1396.660034,451000,0.0,0.0
2023-09-18,1376.099976,1400.75,1372.829956,1383.72998,1383.72998,288000,0.0,0.0
2023-09-19,1367.359985,1371.180054,1322.839966,1342.640015,1342.640015,634000,0.0,0.0
2023-09-20,1357.0,1361.410034,1323.660034,1326.339966,1326.339966,412800,0.0,0.0
2023-09-21,1295.0,1310.099976,1287.0,1293.280029,1293.280029,358000,0.0,0.0
2023-09-22,1307.0,1317.0,1274.369995,1276.959961,1276.959961,280200,0.0,0.0
2023-09-25,1266.0,1296.400024,1265.02002,1290.530029,1290.530029,202200,0.0,0.0
2023-09-26,1275.130005,1278.579956,1251.530029,1268.619995,1268.619995,350900,0.0,0.0
2023-09-27,1272.0,1282.319946,1253.01001,1256.52002,1256.52002,312600,0.0,0.0
2023-09-28,1250.849976,1282.709961,1240.01001,1274.140015,1274.140015,354300,0.0,0.0
2023-09-29,1295.27002,1301.48999,1262.599976,1267.880005,1267.880005,348200,0.0,0.0
2023-10-02,1255.589966,1281.400024,1250.0,1259.410034,1259.410034,347000,0.0,0.0
2023-10-03,1246.859985,1257.170044,1213.099976,1228.280029,1228.280029,355000,0.0,0.0
2023-10-04,1238.22998,1242.0,1222.319946,1231.560059,1231.560059,218400,0.0,0.0
2023-10-05,1230.0,1230.0,1198.51001,1214.380005,1214.380005,351600,0.0,0.0
2023-10-06,1200.619995,1243.0,1190.01001,1237.530029,1237.530029,303300,0.0,0.0
2023-10-09,1218.829956,1244.920044,1206.02002,1238.380005,1238.380005,160900,0.0,0.0
2023-10-10,1245.199951,1277.109985,1242.0,1258.310059,1258.310059,301700,0.0,0.0
2023-10-11,1272.869995,1277.98999,1218.0,1243.949951,1243.949951,312800,0.0,0.0
2023-10-12,1239.01001,1246.689941,1218.079956,1229.959961,1229.959961,279700,0.0,0.0
2023-10-13,1223.849976,1228.47998,1210.180054,1223.5,1223.5,213300,0.0,0.0
2023-10-16,1233.079956,1249.97998,1224.430054,1226.199951,1226.199951,257600,0.0,0.0
2023-10-17,1215.900024,1244.5,1207.219971,1240.650024,1240.650024,281900,0.0,0.0
2023-10-18,1230.0,1239.97998,1205.349976,1211.699951,1211.699951,365600,0.0,0.0
2023-10-19,1220.650024,1228.869995,1171.170044,1179.959961,1179.959961,492400,0.0,0.0
2023-10-20,1180.780029,1181.0,1144.300049,1169.670044,1169.670044,354400,0.0,0.0
2023-10-23,1141.040039,1190.800049,1141.040039,1180.130005,1180.130005,279500,0.0,0.0
2023-10-24,1183.839966,1227.310059,1183.290039,1221.98999,1221.98999,362800,0.0,0.0
2023-10-25,1209.790039,1215.579956,1186.040039,1190.97998,1190.97998,345500,0.0,0.0
2023-10-26,1192.430054,1202.579956,1162.72998,1175.0,1175.0,407400,0.0,0.0
2023-10-27,1199.910034,1216.930054,1188.400024,1200.449951,1200.449951,498000,0.0,0.0
2023-10-30,1221.410034,1242.109985,1211.900024,1226.23999,1226.23999,428800,0.0,0.0
2023-10-31,1228.619995,1258.0,1205.800049,1240.73999,1240.73999,477800,0.0,0.0
2023-11-01,1239.0,1347.959961,1215.01001,1300.01001,1300.01001,918800,0.0,0.0
2023-11-02,1349.790039,1392.380005,1310.310059,1319.5,1319.5,958800,0.0,0.0
2023-11-03,1346.569946,1393.780029,1346.569946,1387.790039,1387.790039,734800,0.0,0.0
2023-11-06,1398.589966,1398.589966,1352.959961,1374.77002,1374.77002,454900,0.0,0.0
2023-11-07,1388.069946,1391.550049,1372.310059,1382.719971,1382.719971,390100,0.0,0.0
2023-11-08,1378.920044,1391.040039,1360.349976,1367.339966,1367.339966,252100,0.0,0.0
2023-11-09,1378.339966,1383.310059,1339.670044,1341.380005,1341.380005,251900,0.0,0.0
2023-11-10,1346.209961,1377.150024,1337.339966,1374.390015,1374.390015,258200,0.0,0.0
2023-11-13,1374.0,1386.859985,1355.030029,1378.290039,1378.290039,230700,0.0,0.0
2023-11-14,1423.219971,1466.920044,1419.27002,1430.51001,1430.51001,469800,0.0,0.0
2023-11-15,1445.0,1462.180054,1435.050049,1442.550049,1442.550049,322000,0.0,0.0
2023-11-16,1431.790039,1485.949951,1430.880005,1469.550049,1469.550049,422200,0.0,0.0
2023-11-17,1471.910034,1484.900024,1444.560059,1448.0,1448.0,503900,0.0,0.0
2023-11-20,1475.800049,1484.01001,1450.310059,1481.98999,1481.98999,413100,0.0,0.0
2023-11-21,1471.069946,1503.800049,1470.319946,1495.47998,1495.47998,352500,0.0,0.0
2023-11-22,1503.800049,1542.449951,1503.180054,1525.0,1525.0,448500,0.0,0.0
2023-11-24,1522.219971,1549.0,1522.130005,1535.5,1535.5,281000,0.0,0.0
2023-11-27,1550.0,1608.949951,1545.949951,1599.209961,1599.209961,681100,0.0,0.0
2023-11-28,1598.319946,1605.5,1579.420044,1589.089966,1589.089966,635900,0.0,0.0
2023-11-29,1602.0,1615.469971,1592.920044,1610.579956,1610.579956,425100,0.0,0.0
2023-11-30,1605.310059,1625.23999,1574.369995,1620.459961,1620.459961,488900,0.0,0.0
2023-12-01,1609.329956,1660.0,1607.75,1652.01001,1652.01001,377700,0.0,0.0
2023-12-04,1638.069946,1645.0,1590.0,1599.630005,1599.630005,574100,0.0,0.0
2023-12-05,1582.75,1595.410034,1570.23999,1584.599976,1584.599976,543500,0.0,0.0
2023-12-06,1598.459961,1598.459961,1564.209961,1569.25,1569.25,277600,0.0,0.0
2023-12-07,1576.459961,1592.810059,1567.050049,1590.939941,1590.939941,260400,0.0,0.0
2023-12-08,1577.689941,1594.01001,1573.0,1577.97998,1577.97998,336600,0.0,0.0
2023-12-11,1575.130005,1631.75,1571.02002,1614.699951,1614.699951,346100,0.0,0.0
2023-12-12,1611.0,1618.069946,1590.0,1616.920044,1616.920044,311600,0.0,0.0
2023-12-13,1612.869995,1622.160034,1582.01001,1612.160034,1612.160034,346500,0.0,0.0
2023-12-14,1626.800049,1631.089966,1571.0,1603.51001,1603.51001,540600,0.0,0.0
2023-12-15,1603.51001,1626.670044,1598.01001,1606.189941,1606.189941,505800,0.0,0.0
2023-12-18,1605.0,1629.920044,1602.680054,1619.569946,1619.569946,264400,0.0,0.0
2023-12-19,1620.0,1653.420044,1620.0,1629.98999,1629.98999,333300,0.0,0.0
2023-12-20,1625.109985,1643.5,1595.73999,1597.439941,1597.439941,324300,0.0,0.0
2023-12-21,1617.390015,1621.469971,1581.650024,1598.329956,1598.329956,398500,0.0,0.0
2023-12-22,1593.0,1593.0,1575.569946,1589.079956,1589.079956,301300,0.0,0.0
2023-12-26,1597.900024,1598.0,1568.089966,1576.640015,1576.640015,191000,0.0,0.0
2023-12-27,1576.819946,1598.0,1576.819946,1590.880005,1590.880005,200500,0.0,0.0
2023-12-28,1590.880005,1593.359985,1580.619995,1581.599976,1581.599976,143300,0.0,0.0
2023-12-29,1581.599976,1589.800049,1565.01001,1571.540039,1571.540039,180200,0.0,0.0
2024-01-02,1562.609985,1562.609985,1518.119995,1529.160034,1529.160034,350200,0.0,0.0
2024-01-03,1515.01001,1523.189941,1497.900024,1500.0,1500.0,272400,0.0,0.0
2024-01-04,1489.52002,1543.069946,1483.640015,1519.380005,1519.380005,436400,0.0,0.0
2024-01-05,1527.079956,1559.660034,1527.079956,1538.829956,1538.829956,317400,0.0,0.0
2024-01-08,1548.180054,1579.380005,1548.180054,1575.599976,1575.599976,278600,0.0,0.0
2024-01-09,1563.579956,1582.869995,1563.579956,1573.339966,1573.339966,189300,0.0,0.0
2024-01-10,1585.0,1610.280029,1581.290039,1598.160034,1598.160034,231500,0.0,0.0
2024-01-11,1605.310059,1620.0,1573.420044,1591.680054,1591.680054,263400,0.0,0.0
2024-01-12,1610.0,1678.0,1596.040039,1658.579956,1658.579956,444300,0.0,0.0
2024-01-16,1658.579956,1685.719971,1653.469971,1672.670044,1672.670044,364500,0.0,0.0
2024-01-17,1663.599976,1669.030029,1615.27002,1635.280029,1635.280029,312600,0.0,0.0
2024-01-18,1646.0,1672.439941,1643.939941,1661.97998,1661.97998,424300,0.0,0.0
2024-01-19,1670.0,1735.790039,1665.300049,1726.189941,1726.189941,684000,0.0,0.0
2024-01-22,1748.449951,1769.199951,1738.410034,1756.300049,1756.300049,592500,0.0,0.0
2024-01-23,1767.650024,1769.810059,1750.0,1759.910034,1759.910034,281300,0.0,0.0
2024-01-24,1770.660034,1799.27002,1756.800049,1762.699951,1762.699951,337100,0.0,0.0
2024-01-25,1768.660034,1773.709961,1722.0,1738.800049,1738.800049,316600,0.0,0.0
2024-01-26,1741.0,1798.680054,1727.73999,1795.800049,1795.800049,382700,0.0,0.0
2024-01-29,1796.97998,1800.089966,1760.150024,1777.430054,1777.430054,359600,0.0,0.0
2024-01-30,1760.0,1762.530029,1733.859985,1735.300049,1735.300049,300400,0.0,0.0
2024-01-31,1715.0,1736.0,1705.300049,1711.810059,1711.810059,295800,0.0,0.0
2024-02-01,1751.829956,1759.959961,1730.300049,1748.280029,1748.280029,250700,0.0,0.0
2024-02-02,1727.079956,1783.51001,1726.319946,1772.900024,1772.900024,304900,0.0,0.0
2024-02-05,1769.819946,1778.969971,1752.060059,1774.75,1774.75,200400,0.0,0.0
2024-02-06,1770.0,1772.609985,1676.01001,1710.390015,1710.390015,704200,0.0,0.0
2024-02-07,1718.449951,1734.920044,1704.369995,1713.869995,1713.869995,442800,0.0,0.0
2024-02-08,1729.329956,1743.780029,1712.650024,1732.829956,1732.829956,297600,0.0,0.0
2024-02-09,1757.51001,1775.01001,1740.099976,1742.26001,1742.26001,379800,0.0,0.0
2024-02-12,1740.180054,1767.0,1727.829956,1733.22998,1733.22998,242100,0.0,0.0
2024-02-13,1682.219971,1729.880005,1669.01001,1706.23999,1706.23999,325100,0.0,0.0
2024-02-14,1721.719971,1746.47998,1703.5,1746.369995,1746.369995,290500,0.0,0.0
2024-02-15,1760.0,1773.02002,1742.319946,1771.829956,1771.829956,300300,0.0,0.0
2024-02-16,1772.660034,1792.569946,1750.300049,1768.780029,1768.780029,354200,0.0,0.0
2024-02-20,1746.98999,1768.780029,1729.0,1740.01001,1740.01001,371900,0.0,0.0
2024-02-21,1740.209961,1752.609985,1711.349976,1737.77002,1737.77002,325700,0.0,0.0
2024-02-22,1767.640015,1825.0,1760.349976,1817.97998,1817.97998,711900,0.0,0.0
2024-02-23,1670.0,1670.0,1577.0,1629.319946,1629.319946,1858200,0.0,0.0
2024-02-26,1625.01001,1667.849976,1600.449951,1610.130005,1610.130005,631600,0.0,0.0
2024-02-27,1630.550049,1630.550049,1590.180054,1607.439941,1607.439941,480500,0.0,0.0
2024-02-28,1596.0,1600.689941,1577.77002,1579.48999,1579.48999,330200,0.0,0.0
2024-02-29,1593.949951,1614.849976,1584.130005,1595.300049,1595.300049,519400,0.0,0.0
2024-03-01,1605.060059,1614.900024,1579.439941,1612.75,1612.75,379100,0.0,0.0
2024-03-04,1611.109985,1612.339966,1552.790039,1560.079956,1560.079956,543500,0.0,0.0
2024-03-05,1550.0,1562.199951,1508.130005,1527.290039,1527.290039,481100,0.0,0.0
2024-03-06,1550.75,1557.150024,1504.219971,1525.589966,1525.589966,672500,0.0,0.0
2024-03-07,1541.430054,1543.0,1510.0,1529.939941,1529.939941,348800,0.0,0.0
2024-03-08,1528.0,1552.98999,1511.51001,1512.5,1512.5,378900,0.0,0.0
2024-03-11,1525.650024,1550.589966,1516.02002,1547.319946,1547.319946,385700,0.0,0.0
2024-03-12,1553.109985,1575.0,1530.449951,1545.560059,1545.560059,314500,0.0,0.0
2024-03-13,1546.0,1558.76001,1529.959961,1550.619995,1550.619995,300700,0.0,0.0
2024-03-14,1555.660034,1583.48999,1547.449951,1561.27002,1561.27002,333000,0.0,0.0
2024-03-15,1560.209961,1567.5,1496.410034,1499.51001,1499.51001,631800,0.0,0.0
2024-03-18,1524.810059,1529.609985,1500.790039,1509.050049,1509.050049,300900,0.0,0.0
2024-03-19,1502.76001,1523.449951,1480.040039,1519.439941,1519.439941,296000,0.0,0.0
2024-03-20,1524.319946,1534.26001,1495.650024,1528.839966,1528.839966,324500,0.0,0.0
2024-03-21,1538.069946,1581.0,1538.069946,1555.689941,1555.689941,497900,0.0,0.0
2024-03-22,1557.300049,1577.01001,1537.859985,1571.98999,1571.98999,266400,0.0,0.0
2024-03-25,1568.050049,1569.910034,1533.780029,1550.069946,1550.069946,269100,0.0,0.0
2024-03-26,1558.01001,1564.0,1532.680054,1537.459961,1537.459961,327500,0.0,0.0
2024-03-27,1552.800049,1552.800049,1503.050049,1522.650024,1522.650024,288400,0.0,0.0
2024-03-28,1522.650024,1534.140015,1509.339966,1511.959961,1511.959961,261900,0.0,0.0
2024-04-01,1527.25,1540.97998,1518.76001,1528.949951,1528.949951,326700,0.0,0.0
2024-04-02,1504.209961,1516.319946,1490.099976,1512.51001,1512.51001,228100,0.0,0.0
2024-04-03,1500.199951,1521.150024,1492.300049,1504.97998,1504.97998,205700,0.0,0.0
2024-04-04,1524.119995,1531.150024,1486.540039,1487.810059,1487.810059,252000,0.0,0.0
2024-04-05,1495.130005,1507.0,1486.030029,1501.719971,1501.719971,291700,0.0,0.0
2024-04-08,1513.25,1513.97998,1488.0,1488.579956,1488.579956,230600,0.0,0.0
2024-04-09,1492.369995,1503.0,1478.619995,1495.01001,1495.01001,255300,0.0,0.0
2024-04-10,1474.849976,1491.859985,1463.48999,1478.0,1478.0,251600,0.0,0.0
2024-04-11,1486.0,1509.02002,1479.0,1507.560059,1507.560059,286800,0.0,0.0
2024-04-12,1495.189941,1517.140015,1442.890015,1444.140015,1444.140015,539400,0.0,0.0
2024-04-15,1466.390015,1495.300049,1400.829956,1415.880005,1415.880005,627100,0.0,0.0
2024-04-16,1418.0,1419.849976,1396.689941,1397.880005,1397.880005,364700,0.0,0.0
2024-04-17,1404.400024,1414.189941,1389.0,1397.859985,1397.859985,448600,0.0,0.0
2024-04-18,1388.949951,1398.890015,1366.930054,1370.25,1370.25,391400,0.0,0.0
2024-04-19,1379.130005,1379.130005,1344.310059,1356.430054,1356.430054,359400,0.0,0.0
2024-04-22,1364.219971,1370.339966,1324.98999,1368.22998,1368.22998,389300,0.0,0.0
2024-04-23,1390.0,1408.180054,1367.280029,1395.0,1395.0,418100,0.0,0.0
2024-04-24,1384.869995,1399.699951,1360.0,1370.0,1370.0,301300,0.0,0.0
2024-04-25,1350.0,1369.079956,1341.0,1363.829956,1363.829956,211300,0.0,0.0
2024-04-26,1380.0,1416.76001,1376.689941,1406.0,1406.0,443300,0.0,0.0
2024-04-29,1430.0,1446.439941,1419.859985,1438.359985,1438.359985,334300,0.0,0.0
2024-04-30,1438.359985,1485.23999,1433.02002,1458.699951,1458.699951,548000,0.0,0.0
2024-05-01,1446.369995,1483.630005,1427.949951,1456.51001,1456.51001,526300,0.0,0.0
2024-05-02,1463.380005,1506.25,1444.099976,1505.98999,1505.98999,696000,0.0,0.0
2024-05-03,1620.0,1680.0,1617.0,1630.560059,1630.560059,1346800,0.0,0.0
2024-05-06,1642.209961,1694.040039,1633.319946,1653.849976,1653.849976,601900,0.0,0.0
2024-05-07,1652.939941,1702.689941,1640.22998,1688.689941,1688.689941,497000,0.0,0.0
2024-05-08,1665.0,1731.380005,1663.369995,1716.780029,1716.780029,485300,0.0,0.0
2024-05-09,1718.0,1718.0,1685.0,1695.400024,1695.400024,473900,0.0,0.0
2024-05-10,1700.0,1710.640015,1681.540039,1693.969971,1693.969971,230100,0.0,0.0
2024-05-13,1710.0,1710.0,1671.0,1677.339966,1677.339966,247900,0.0,0.0
2024-05-14,1670.01001,1706.0,1655.949951,1683.910034,1683.910034,323000,0.0,0.0
2024-05-15,1703.219971,1730.5,1682.900024,1718.5,1718.5,254200,0.0,0.0
2024-05-16,1728.0,1752.170044,1721.01001,1739.150024,1739.150024,338600,0.0,0.0
2024-05-17,1734.030029,1750.51001,1726.079956,1749.170044,1749.170044,274900,0.0,0.0
2024-05-20,1749.170044,1792.050049,1742.47998,1787.72998,1787.72998,313300,0.0,0.0
2024-05-21,1773.0,1779.800049,1758.27002,1772.069946,1772.069946,278500,0.0,0.0
2024-05-22,1772.800049,1772.800049,1722.359985,1736.780029,1736.780029,341300,0.0,0.0
2024-05-23,1749.339966,1749.339966,1698.209961,1707.400024,1707.400024,368400,0.0,0.0
2024-05-24,1682.97998,1715.689941,1671.219971,1693.569946,1693.569946,375400,0.0,0.0
2024-05-28,1693.569946,1708.550049,1680.050049,1708.0,1708.0,254700,0.0,0.0
2024-05-29,1690.0,1733.0,1689.660034,1709.859985,1709.859985,270300,0.0,0.0
2024-05-30,1701.310059,1744.530029,1696.680054,1699.949951,1699.949951,341300,0.0,0.0
2024-05-31,1699.949951,1732.0,1689.790039,1725.579956,1725.579956,456200,0.0,0.0
2024-06-03,1718.050049,1723.280029,1679.0,1693.140015,1693.140015,300400,0.0,0.0
2024-06-04,1684.0,1694.98999,1618.0,1630.650024,1630.650024,380400,0.0,0.0
2024-06-05,1631.0,1641.900024,1601.51001,1604.900024,1604.900024,447200,0.0,0.0
2024-06-06,1604.949951,1628.599976,1604.949951,1621.089966,1621.089966,366600,0.0,0.0
2024-06-07,1622.609985,1622.959961,1593.089966,1600.160034,1600.160034,292700,0.0,0.0
2024-06-10,1589.47998,1614.140015,1583.670044,1601.880005,1601.880005,181400,0.0,0.0
2024-06-11,1593.5,1601.449951,1575.119995,1580.0,1580.0,192100,0.0,0.0
2024-06-12,1600.099976,1609.0,1573.959961,1599.339966,1599.339966,283700,0.0,0.0
2024-06-13,1606.439941,1617.109985,1572.530029,1580.530029,1580.530029,251100,0.0,0.0
2024-06-14,1581.810059,1588.0,1561.0,1582.140015,1582.140015,223100,0.0,0.0
2024-06-17,1580.060059,1587.619995,1557.5,1559.22998,1559.22998,313400,0.0,0.0
2024-06-18,1558.300049,1583.280029,1550.0,1573.400024,1573.400024,250700,0.0,0.0
2024-06-20,1570.0,1586.900024,1567.969971,1585.030029,1585.030029,264200,0.0,0.0
2024-06-21,1622.030029,1622.030029,1579.660034,1600.050049,1600.050049,307000,0.0,0.0
2024-06-24,1607.76001,1617.839966,1580.099976,1582.859985,1582.859985,244600,0.0,0.0
2024-06-25,1592.199951,1647.180054,1590.050049,1642.280029,1642.280029,261600,0.0,0.0
2024-06-26,1636.5,1682.689941,1626.469971,1678.959961,1678.959961,315300,0.0,0.0
2024-06-27,1682.339966,1690.0,1650.25,1660.890015,1660.890015,250600,0.0,0.0
2024-06-28,1663.670044,1673.22998,1637.97998,1643.400024,1643.400024,249600,0.0,0.0
2024-07-01,1635.609985,1641.040039,1571.869995,1597.599976,1597.599976,337600,0.0,0.0
2024-07-02,1590.949951,1617.880005,1583.349976,1596.47998,1596.47998,297400,0.0,0.0
2024-07-03,1585.0,1594.119995,1563.209961,1591.439941,1591.439941,207700,0.0,0.0
2024-07-05,1610.0,1666.27002,1598.060059,1658.959961,1658.959961,354400,0.0,0.0
2024-07-08,1659.390015,1700.900024,1647.0,1683.75,1683.75,310500,0.0,0.0
2024-07-09,1698.98999,1733.969971,1675.77002,1722.050049,1722.050049,349000,0.0,0.0
2024-07-10,1733.97998,1739.339966,1679.959961,1703.550049,1703.550049,268100,0.0,0.0
2024-07-11,1710.569946,1733.76001,1700.040039,1708.650024,1708.650024,258800,0.0,0.0
2024-07-12,1710.449951,1764.5,1710.449951,1761.219971,1761.219971,335200,0.0,0.0
2024-07-15,1745.619995,1760.380005,1727.449951,1743.98999,1743.98999,376500,0.0,0.0
2024-07-16,1741.310059,1745.51001,1707.0,1720.430054,1720.430054,265100,0.0,0.0
2024-07-17,1710.0,1710.0,1655.099976,1670.089966,1670.089966,378000,0.0,0.0
2024-07-18,1670.72998,1685.310059,1613.540039,1623.26001,1623.26001,270400,0.0,0.0
2024-07-19,1612.900024,1664.589966,1612.900024,1649.98999,1649.98999,174100,0.0,0.0
2024-07-22,1668.189941,1691.949951,1651.22998,1687.380005,1687.380005,193900,0.0,0.0
2024-07-23,1683.51001,1700.180054,1680.22998,1692.22998,1692.22998,217700,0.0,0.0
2024-07-24,1676.170044,1676.170044,1635.51001,1642.550049,1642.550049,240300,0.0,0.0
2024-07-25,1634.390015,1674.5,1595.26001,1625.150024,1625.150024,278700,0.0,0.0
2024-07-26,1629.339966,1668.030029,1629.339966,1651.689941,1651.689941,169000,0.0,0.0
2024-07-29,1667.150024,1670.0,1613.670044,1621.400024,1621.400024,217900,0.0,0.0
2024-07-30,1623.72998,1647.630005,1603.089966,1626.150024,1626.150024,327100,0.0,0.0
2024-07-31,1660.0,1674.579956,1646.119995,1668.900024,1668.900024,375400,0.0,0.0
2024-08-01,1675.48999,1712.459961,1579.780029,1606.060059,1606.060059,624500,0.0,0.0
2024-08-02,1701.209961,1786.969971,1692.959961,1776.140015,1776.140015,958300,0.0,0.0
2024-08-05,1666.0,1820.0,1656.73999,1776.0,1776.0,725400,0.0,0.0
2024-08-06,1788.400024,1850.0,1776.01001,1810.390015,1810.390015,486500,0.0,0.0
2024-08-07,1834.880005,1878.380005,1825.810059,1859.699951,1859.699951,587100,0.0,0.0
2024-08-08,1880.0,1887.339966,1829.119995,1869.400024,1869.400024,345100,0.0,0.0
2024-08-09,1869.619995,1909.800049,1869.619995,1883.619995,1883.619995,232900,0.0,0.0
2024-08-12,1884.51001,1904.599976,1874.609985,1901.819946,1901.819946,186900,0.0,0.0
2024-08-13,1905.0,1923.180054,1891.97998,1916.199951,1916.199951,315200,0.0,0.0
2024-08-14,1921.680054,1921.680054,1883.0,1898.569946,1898.569946,272900,0.0,0.0
2024-08-15,1920.0,1998.680054,1915.0,1996.439941,1996.439941,519000,0.0,0.0
2024-08-16,1992.0,1999.0,1969.0,1977.969971,1977.969971,245100,0.0,0.0
2024-08-19,1989.670044,2029.98999,1985.170044,2028.0,2028.0,402100,0.0,0.0
2024-08-20,2020.0,2027.780029,2000.030029,2005.660034,2005.660034,225600,0.0,0.0
2024-08-21,2013.02002,2015.459961,1973.26001,2007.459961,2007.459961,238900,0.0,0.0
2024-08-22,2000.199951,2019.0,1983.449951,1988.829956,1988.829956,191500,0.0,0.0
2024-08-23,2006.5,2009.819946,1980.619995,2000.310059,2000.310059,162700,0.0,0.0
2024-08-26,1991.72998,2007.650024,1978.0,2004.699951,2004.699951,181700,0.0,0.0
2024-08-27,2002.98999,2048.98999,2002.98999,2036.209961,2036.209961,272400,0.0,0.0
2024-08-28,2035.25,2037.0,1982.680054,1995.170044,1995.170044,251500,0.0,0.0
2024-08-29,2003.469971,2023.550049,1994.98999,2015.790039,2015.790039,199200,0.0,0.0
2024-08-30,2025.98999,2064.76001,2018.410034,2061.659912,2061.659912,384400,0.0,0.0
2024-09-03,2050.0,2053.590088,1984.0,1990.170044,1990.170044,377200,0.0,0.0
2024-09-04,1996.829956,2006.01001,1977.900024,1991.589966,1991.589966,167900,0.0,0.0
2024-09-05,1991.589966,2048.050049,1991.589966,2038.180054,2038.180054,218700,0.0,0.0
2024-09-06,2034.849976,2034.849976,1966.0,1986.050049,1986.050049,304400,0.0,0.0
2024-09-09,2006.959961,2035.880005,2001.800049,2029.910034,2029.910034,229900,0.0,0.0
2024-09-10,2040.300049,2045.329956,2001.5,2017.579956,2017.579956,198600,0.0,0.0
2024-09-11,2026.810059,2053.0,1984.849976,2045.880005,2045.880005,323500,0.0,0.0
2024-09-12,2056.0,2142.590088,2054.719971,2140.100098,2140.100098,435900,0.0,0.0
2024-09-13,2136.959961,2143.959961,2117.679932,2122.370117,2122.370117,256700,0.0,0.0
2024-09-16,2128.830078,2128.830078,2102.0,2105.51001,2105.51001,264600,0.0,0.0
2024-09-17,2106.699951,2111.679932,2067.179932,2074.26001,2074.26001,283900,0.0,0.0
2024-09-18,2078.76001,2124.52002,2074.219971,2102.639893,2102.639893,218900,0.0,0.0
2024-09-19,2138.449951,2157.639893,2098.929932,2109.399902,2109.399902,360800,0.0,0.0
2024-09-20,2116.149902,2118.610107,2094.679932,2103.75,2103.75,319400,0.0,0.0
2024-09-23,2117.830078,2140.969971,2100.0,2102.629883,2102.629883,226500,0.0,0.0
2024-09-24,2116.280029,2124.330078,2092.0,2111.0,2111.0,303100,0.0,0.0
2024-09-25,2097.149902,2132.679932,2088.75,2131.290039,2131.290039,234900,0.0,0.0
2024-09-26,2147.800049,2161.72998,2098.320068,2100.209961,2100.209961,328900,0.0,0.0
2024-09-27,2100.209961,2100.209961,2055.52002,2064.709961,2064.709961,321200,0.0,0.0
2024-09-30,2055.300049,2064.870117,2030.25,2051.959961,2051.959961,398600,0.0,0.0
2024-10-01,2060.0,2067.719971,2033.23999,2066.120117,2066.120117,349100,0.0,0.0
2024-10-02,1993.219971,2015.420044,1952.420044,1970.719971,1970.719971,514600,0.0,0.0
2024-10-03,1956.650024,1970.01001,1942.319946,1959.199951,1959.199951,243200,0.0,0.0
2024-10-04,1966.0,1972.209961,1937.280029,1960.0,1960.0,315800,0.0,0.0
2024-10-07,1961.0,1985.0,1951.01001,1963.22998,1963.22998,252000,0.0,0.0
2024-10-08,1963.050049,2018.51001,1963.050049,2014.22998,2014.22998,268900,0.0,0.0
2024-10-09,2007.699951,2052.5,2002.920044,2047.98999,2047.98999,274700,0.0,0.0
2024-10-10,2044.0,2059.820068,2026.099976,2040.5,2040.5,197300,0.0,0.0
2024-10-11,2058.209961,2107.100098,2043.0,2091.159912,2091.159912,343000,0.0,0.0
2024-10-14,2091.820068,2105.040039,2073.409912,2079.959961,2079.959961,201700,0.0,0.0
2024-10-15,2075.47998,2082.98999,2018.390015,2033.619995,2033.619995,330700,0.0,0.0
2024-10-16,2029.319946,2063.969971,2029.319946,2046.469971,2046.469971,230300,0.0,0.0
2024-10-17,2066.850098,2079.939941,2046.030029,2065.870117,2065.870117,199700,0.0,0.0
2024-10-18,2065.870117,2088.330078,2046.670044,2079.790039,2079.790039,229900,0.0,0.0
2024-10-21,2065.0,2102.97998,2065.0,2100.580078,2100.580078,217200,0.0,0.0
2024-10-22,2077.919922,2090.01001,2061.02002,2067.820068,2067.820068,188600,0.0,0.0
2024-10-23,2062.290039,2075.23999,2028.420044,2038.699951,2038.699951,163600,0.0,0.0
2024-10-24,2038.699951,2063.98999,2029.880005,2055.929932,2055.929932,130900,0.0,0.0
2024-10-25,2053.98999,2092.52002,2044.939941,2047.349976,2047.349976,217100,0.0,0.0
2024-10-28,2056.0,2082.0,2044.619995,2056.090088,2056.090088,286200,0.0,0.0
2024-10-29,2058.23999,2075.679932,2023.5,2026.569946,2026.569946,338400,0.0,0.0
2024-10-30,2015.329956,2026.22998,1962.380005,2020.719971,2020.719971,366600,0.0,0.0
2024-10-31,2015.25,2048.340088,1990.180054,2037.180054,2037.180054,324100,0.0,0.0
2024-11-01,2030.439941,2060.860107,2021.910034,2054.899902,2054.899902,344800,0.0,0.0
2024-11-04,2059.0,2084.189941,2047.699951,2063.699951,2063.699951,249700,0.0,0.0
2024-11-05,2064.689941,2094.919922,2055.330078,2090.01001,2090.01001,287300,0.0,0.0
2024-11-06,2101.840088,2122.159912,2083.320068,2117.300049,2117.300049,508900,0.0,0.0
2024-11-07,1920.0,1920.0,1749.910034,1774.050049,1774.050049,2966800,0.0,0.0
2024-11-08,1824.5,1873.079956,1793.099976,1872.01001,1872.01001,1356900,0.0,0.0
2024-11-11,1894.140015,1967.0,1882.300049,1961.160034,1961.160034,987200,0.0,0.0
2024-11-12,1980.02002,2004.619995,1954.369995,1977.390015,1977.390015,637100,0.0,0.0
2024-11-13,1968.119995,1975.800049,1925.390015,1930.949951,1930.949951,456100,0.0,0.0
2024-11-14,1923.77002,1923.77002,1848.0,1876.199951,1876.199951,547000,0.0,0.0
2024-11-15,1875.900024,1885.01001,1852.790039,1880.0,1880.0,463700,0.0,0.0
2024-11-18,1880.0,1918.869995,1858.319946,1916.119995,1916.119995,359900,0.0,0.0
2024-11-19,1892.060059,1921.410034,1880.0,1916.51001,1916.51001,342900,0.0,0.0
2024-11-20,1923.52002,1945.939941,1905.410034,1931.26001,1931.26001,439300,0.0,0.0
2024-11-21,1917.01001,1970.560059,1880.0,1968.150024,1968.150024,385500,0.0,0.0
2024-11-22,1967.5,2007.579956,1955.170044,2005.0,2005.0,414200,0.0,0.0
2024-11-25,2034.0,2106.149902,2024.939941,2099.949951,2099.949951,655900,0.0,0.0
2024-11-26,2094.550049,2146.820068,2089.409912,2110.0,2110.0,393000,0.0,0.0
2024-11-27,2110.0,2115.199951,2038.670044,2044.76001,2044.76001,282300,0.0,0.0
2024-11-29,1984.97998,1998.349976,1940.51001,1985.170044,1985.170044,374200,0.0,0.0
2024-12-02,1988.0,2000.0,1931.790039,1952.439941,1952.439941,384800,0.0,0.0
2024-12-03,1952.439941,1958.390015,1928.130005,1929.48999,1929.48999,299500,0.0,0.0
2024-12-04,1929.48999,2000.0,1921.630005,1987.430054,1987.430054,367400,0.0,0.0
2024-12-05,1979.540039,2007.0,1965.5,1984.949951,1984.949951,325500,0.0,0.0
2024-12-06,1977.969971,1994.75,1943.469971,1947.180054,1947.180054,311000,0.0,0.0
2024-12-09,1941.689941,1965.77002,1839.98999,1844.300049,1844.300049,584200,0.0,0.0
2024-12-10,1857.0,1880.550049,1842.619995,1879.180054,1879.180054,393100,0.0,0.0
2024-12-11,1897.969971,1903.130005,1872.469971,1897.869995,1897.869995,283200,0.0,0.0
2024-12-12,1892.160034,1924.949951,1870.77002,1870.77002,1870.77002,231900,0.0,0.0
2024-12-13,1857.0,1878.410034,1813.02002,1823.859985,1823.859985,411200,0.0,0.0
2024-12-16,1825.98999,1829.609985,1793.540039,1796.719971,1796.719971,562900,0.0,0.0
2024-12-17,1795.0,1826.119995,1780.51001,1809.119995,1809.119995,559600,0.0,0.0
2024-12-18,1819.5,1847.97998,1701.5,1716.380005,1716.380005,773900,0.0,0.0
2024-12-19,1746.969971,1746.969971,1662.77002,1666.0,1666.0,930400,0.0,0.0
2024-12-20,1651.76001,1727.170044,1646.0,1720.359985,1720.359985,717600,0.0,0.0
2024-12-23,1725.219971,1758.319946,1719.060059,1729.849976,1729.849976,502500,0.0,0.0
2024-12-24,1730.0,1743.780029,1720.0,1743.290039,1743.290039,104900,0.0,0.0
2024-12-26,1743.199951,1749.97998,1727.839966,1732.76001,1732.76001,156000,0.0,0.0
2024-12-27,1734.52002,1739.540039,1711.810059,1725.469971,1725.469971,183700,0.0,0.0
2024-12-30,1702.339966,1726.0,1693.01001,1721.800049,1721.800049,241800,0.0,0.0
2024-12-31,1721.810059,1729.280029,1698.530029,1700.439941,1700.439941,173200,0.0,0.0
2025-01-02,1715.380005,1774.0,1707.310059,1765.0,1765.0,392000,0.0,0.0
2025-01-03,1800.130005,1850.0,1791.76001,1834.170044,1834.170044,519600,0.0,0.0
2025-01-06,1851.300049,1851.300049,1781.560059,1799.420044,1799.420044,365500,0.0,0.0
2025-01-07,1799.01001,1805.880005,1762.780029,1771.219971,1771.219971,307400,0.0,0.0
2025-01-08,1750.0,1761.0,1731.119995,1739.0,1739.0,388800,0.0,0.0
2025-01-10,1730.150024,1780.619995,1727.410034,1758.77002,1758.77002,364800,0.0,0.0
2025-01-13,1740.0,1749.02002,1730.140015,1740.0,1740.0,298600,0.0,0.0
2025-01-14,1751.0,1776.150024,1746.439941,1753.609985,1753.609985,240200,0.0,0.0
2025-01-15,1795.0,1843.530029,1785.030029,1838.150024,1838.150024,364000,0.0,0.0
2025-01-16,1841.380005,1851.390015,1815.060059,1837.180054,1837.180054,242000,0.0,0.0
2025-01-17,1876.420044,1876.420044,1832.910034,1836.0,1836.0,245100,0.0,0.0
2025-01-21,1852.660034,1863.310059,1829.119995,1834.51001,1834.51001,262800,0.0,0.0
2025-01-22,1847.959961,1885.0,1808.02002,1818.48999,1818.48999,402800,0.0,0.0
2025-01-23,1818.0,1834.47998,1793.0,1828.72998,1828.72998,267800,0.0,0.0
2025-01-24,1839.560059,1871.449951,1835.160034,1843.449951,1843.449951,325000,0.0,0.0
2025-01-27,1800.060059,1859.209961,1787.26001,1846.0,1846.0,355800,0.0,0.0
2025-01-28,1847.589966,1905.0,1826.530029,1895.530029,1895.530029,351700,0.0,0.0
2025-01-29,1900.52002,1902.0,1869.430054,1889.76001,1889.76001,181800,0.0,0.0
2025-01-30,1921.72998,1976.5,1913.060059,1947.319946,1947.319946,486900,0.0,0.0
2025-01-31,1950.0,1974.160034,1918.959961,1922.189941,1922.189941,280700,0.0,0.0
2025-02-03,1880.069946,1914.859985,1828.0,1908.900024,1908.900024,426500,0.0,0.0
2025-02-04,1925.170044,1971.540039,1915.0,1966.410034,1966.410034,376600,0.0,0.0
2025-02-05,1966.410034,1978.97998,1950.0,1975.189941,1975.189941,212200,0.0,0.0
2025-02-06,1972.0,2023.51001,1972.0,2012.800049,2012.800049,304800,0.0,0.0
2025-02-07,2011.859985,2044.75,1985.099976,1996.650024,1996.650024,331300,0.0,0.0
2025-02-10,2034.920044,2046.390015,2011.51001,2042.219971,2042.219971,246000,0.0,0.0
2025-02-11,2025.699951,2074.399902,2004.349976,2035.180054,2035.180054,315200,0.0,0.0
2025-02-12,2020.0,2033.050049,1996.030029,2016.72998,2016.72998,350800,0.0,0.0
2025-02-13,2019.0,2069.689941,2003.160034,2066.149902,2066.149902,294300,0.0,0.0
2025-02-14,2064.72998,2124.0,2043.73999,2109.98999,2109.98999,355400,0.0,0.0
2025-02-18,2092.120117,2101.100098,2066.0,2098.75,2098.75,364600,0.0,0.0
2025-02-19,2083.120117,2100.300049,2065.610107,2075.790039,2075.790039,413700,0.0,0.0
2025-02-20,2060.370117,2119.090088,2034.030029,2110.469971,2110.469971,731500,0.0,0.0
2025-02-21,2352.75,2374.540039,2226.189941,2260.0,2260.0,1257200,0.0,0.0
2025-02-24,2280.179932,2318.76001,2206.110107,2223.350098,2223.350098,513900,0.0,0.0
2025-02-25,2230.0,2245.47998,2128.919922,2168.600098,2168.600098,527900,0.0,0.0
2025-02-26,2185.98999,2207.01001,2153.909912,2197.639893,2197.639893,478500,0.0,0.0
2025-02-27,2218.75,2218.75,2119.780029,2129.800049,2129.800049,433000,0.0,0.0
2025-02-28,2101.409912,2123.449951,2056.610107,2121.870117,2121.870117,457400,0.0,0.0
2025-03-03,2143.610107,2143.610107,2058.0,2070.409912,2070.409912,358700,0.0,0.0
2025-03-04,2050.0,2079.52002,2001.0,2059.870117,2059.870117,317300,0.0,0.0
2025-03-05,2071.110107,2116.050049,2062.0,2112.77002,2112.77002,333000,0.0,0.0
2025-03-06,2076.620117,2107.48999,2035.650024,2045.25,2045.25,380200,0.0,0.0
2025-03-07,2043.310059,2053.679932,1896.0,2009.339966,2009.339966,771600,0.0,0.0
2025-03-10,1981.869995,1981.869995,1914.829956,1944.609985,1944.609985,868400,0.0,0.0
2025-03-11,1947.400024,2015.22998,1935.0,1990.109985,1990.109985,649600,0.0,0.0
2025-03-12,2034.630005,2054.98999,1978.0,2004.829956,2004.829956,522100,0.0,0.0
2025-03-13,2013.390015,2019.949951,1971.22998,1989.699951,1989.699951,510600,0.0,0.0
2025-03-14,2022.75,2049.159912,2003.579956,2021.369995,2021.369995,510600,0.0,0.0
2025-03-17,2030.609985,2124.76001,2022.430054,2106.459961,2106.459961,443600,0.0,0.0
2025-03-18,2103.76001,2104.0,1981.0,2002.800049,2002.800049,436100,0.0,0.0
2025-03-19,2026.329956,2082.01001,2008.689941,2065.939941,2065.939941,349000,0.0,0.0
2025-03-20,2061.889893,2090.860107,2044.930054,2067.570068,2067.570068,264500,0.0,0.0
2025-03-21,2037.5,2097.110107,2020.0,2095.27002,2095.27002,441800,0.0,0.0
2025-03-24,2114.399902,2164.73999,2100.5,2134.310059,2134.310059,356400,0.0,0.0
2025-03-25,2153.889893,2202.0,2127.610107,2191.300049,2191.300049,429400,0.0,0.0
2025-03-26,2180.719971,2180.719971,2069.76001,2074.969971,2074.969971,492100,0.0,0.0
2025-03-27,2065.850098,2113.100098,2050.0,2095.850098,2095.850098,268300,0.0,0.0
2025-03-28,2095.850098,2109.340088,2043.550049,2048.070068,2048.070068,326900,0.0,0.0
2025-03-31,1995.98999,2020.0,1921.0,1950.869995,1950.869995,680800,0.0,0.0
2025-04-01,1955.73999,1955.73999,1906.150024,1915.0,1915.0,682400,0.0,0.0
2025-04-02,1900.0,1952.5,1890.0,1934.030029,1934.030029,466300,0.0,0.0
2025-04-03,1870.810059,1965.969971,1848.150024,1945.550049,1945.550049,655900,0.0,0.0
2025-04-04,1862.640015,1894.319946,1807.199951,1841.290039,1841.290039,853300,0.0,0.0
2025-04-07,1726.209961,1880.0,1723.900024,1794.72998,1794.72998,671400,0.0,0.0
2025-04-08,1883.810059,1944.089966,1810.170044,1826.109985,1826.109985,621500,0.0,0.0
2025-04-09,1800.0,2003.22998,1797.280029,1980.660034,1980.660034,927400,0.0,0.0
2025-04-10,1960.01001,1960.01001,1865.23999,1933.98999,1933.98999,383700,0.0,0.0
2025-04-11,1943.0,2002.839966,1935.0,1996.949951,1996.949951,359400,0.0,0.0
2025-04-14,2070.969971,2075.0,2000.0,2037.119995,2037.119995,317700,0.0,0.0
2025-04-15,2070.0,2121.870117,2043.01001,2118.320068,2118.320068,424700,0.0,0.0
2025-04-16,2062.350098,2093.429932,2030.0,2064.370117,2064.370117,426100,0.0,0.0
2025-04-17,2088.969971,2110.909912,2050.560059,2099.370117,2099.370117,251100,0.0,0.0
2025-04-21,2088.469971,2115.939941,2031.589966,2056.429932,2056.429932,226800,0.0,0.0
2025-04-22,2099.370117,2152.669922,2080.540039,2128.330078,2128.330078,323300,0.0,0.0
2025-04-23,2182.030029,2200.0,2129.159912,2139.919922,2139.919922,331200,0.0,0.0
2025-04-24,2159.26001,2210.0,2133.02002,2204.810059,2204.810059,391200,0.0,0.0
2025-04-25,2204.810059,2235.959961,2186.0,2225.850098,2225.850098,284100,0.0,0.0
2025-04-28,2240.51001,2249.070068,2186.560059,2208.399902,2208.399902,249500,0.0,0.0
2025-04-29,2225.389893,2295.889893,2208.320068,2280.860107,2280.860107,352100,0.0,0.0
2025-04-30,2230.0,2337.51001,2217.830078,2330.850098,2330.850098,601300,0.0,0.0
2025-05-01,2337.860107,2349.0,2290.600098,2294.52002,2294.52002,303900,0.0,0.0
2025-05-02,2325.0,2338.280029,2257.389893,2280.689941,2280.689941,352900,0.0,0.0
2025-05-05,2256.0,2278.5,2242.5,2246.540039,2246.540039,294200,0.0,0.0
2025-05-06,2225.0,2251.25,2206.879883,2229.0,2229.0,475900,0.0,0.0
2025-05-07,2222.840088,2277.600098,2217.459961,2262.090088,2262.090088,709000,0.0,0.0
2025-05-08,2470.070068,2501.0,2380.409912,2410.0,2410.0,906000,0.0,0.0
2025-05-09,2424.889893,2469.610107,2413.860107,2450.0,2450.0,382700,0.0,0.0
2025-05-12,2500.0,2520.0,2443.610107,2504.610107,2504.610107,550300,0.0,0.0
2025-05-13,2504.610107,2561.679932,2491.280029,2515.120117,2515.120117,361300,0.0,0.0
2025-05-14,2516.25,2564.030029,2509.399902,2564.0,2564.0,317200,0.0,0.0
2025-05-15,2569.780029,2610.300049,2547.800049,2586.48999,2586.48999,403200,0.0,0.0
2025-05-16,2590.5,2608.01001,2573.340088,2584.919922,2584.919922,280200,0.0,0.0
2025-05-19,2574.52002,2604.699951,2536.399902,2578.350098,2578.350098,367600,0.0,0.0
2025-05-20,2562.810059,2584.23999,2545.51001,2579.209961,2579.209961,256000,0.0,0.0
2025-05-21,2549.320068,2625.110107,2549.320068,2601.969971,2601.969971,344400,0.0,0.0
2025-05-22,2563.0,2635.879883,2561.0,2606.01001,2606.01001,282400,0.0,0.0
2025-05-23,2550.25,2575.0,2501.100098,2507.830078,2507.830078,502300,0.0,0.0
2025-05-27,2521.389893,2560.02002,2504.110107,2555.169922,2555.169922,265900,0.0,0.0
2025-05-28,2558.790039,2584.689941,2530.330078,2550.709961,2550.709961,267500,0.0,0.0
2025-05-29,2578.189941,2578.189941,2527.050049,2545.48999,2545.48999,200100,0.0,0.0
2025-05-30,2538.679932,2572.709961,2525.0,2563.290039,2563.290039,405900,0.0,0.0
2025-06-02,2563.0,2595.0,2535.0,2593.439941,2593.439941,260600,0.0,0.0
2025-06-03,2606.0,2627.820068,2582.0,2602.26001,2602.26001,268800,0.0,0.0
2025-06-04,2601.070068,2616.449951,2569.0,2573.959961,2573.959961,293100,0.0,0.0
2025-06-05,2575.0,2593.030029,2554.949951,2581.73999,2581.73999,238500,0.0,0.0
2025-06-06,2540.01001,2545.949951,2414.0,2482.389893,2482.389893,713800,0.0,0.0
2025-06-09,2477.5,2486.909912,2448.600098,2448.600098,2448.600098,399700,0.0,0.0
2025-06-10,2440.0,2448.669922,2364.540039,2396.439941,2396.439941,502700,0.0,0.0
2025-06-11,2395.850098,2416.949951,2345.0,2387.0,2387.0,499200,0.0,0.0
2025-06-12,2373.560059,2391.449951,2361.48999,2368.820068,2368.820068,310100,0.0,0.0
2025-06-13,2345.129883,2397.379883,2332.72998,2371.97998,2371.97998,341600,0.0,0.0
2025-06-16,2390.0,2466.719971,2380.100098,2454.76001,2454.76001,350900,0.0,0.0
2025-06-17,2446.800049,2473.909912,2378.919922,2389.47998,2389.47998,310100,0.0,0.0
2025-06-18,2400.0,2410.0,2364.73999,2402.75,2402.75,238200,0.0,0.0
2025-06-20,2429.550049,2439.47998,2396.0,2403.810059,2403.810059,368800,0.0,0.0
2025-06-23,2403.810059,2465.25,2376.300049,2452.889893,2452.889893,350700,0.0,0.0
2025-06-24,2489.5,2530.600098,2474.850098,2528.949951,2528.949951,313300,0.0,0.0
2025-06-25,2540.0,2565.449951,2500.850098,2540.5,2540.5,303100,0.0,0.0
2025-06-26,2540.0,2576.360107,2525.340088,2560.199951,2560.199951,326800,0.0,0.0
2025-06-27,2568.0,2585.0,2529.860107,2560.050049,2560.050049,295900,0.0,0.0
2025-06-30,2576.129883,2615.360107,2552.77002,2613.629883,2613.629883,293200,0.0,0.0
2025-07-01,2645.219971,2645.219971,2474.969971,2501.399902,2501.399902,573400,0.0,0.0
2025-07-02,2498.439941,2531.530029,2433.659912,2472.050049,2472.050049,415900,0.0,0.0
2025-07-03,2514.219971,2521.790039,2485.5,2514.050049,2514.050049,194200,0.0,0.0
2025-07-07,2495.0,2512.090088,2474.050049,2501.080078,2501.080078,311400,0.0,0.0
2025-07-08,2492.310059,2505.639893,2431.919922,2476.600098,2476.600098,224900,0.0,0.0
2025-07-09,2492.0,2505.0,2464.639893,2477.080078,2477.080078,240100,0.0,0.0
2025-07-10,2438.659912,2448.290039,2358.320068,2402.100098,2402.100098,472400,0.0,0.0
2025-07-11,2406.530029,2417.610107,2368.320068,2387.449951,2387.449951,341700,0.0,0.0
2025-07-14,2379.820068,2420.0,2376.0,2380.25,2380.25,230100,0.0,0.0
2025-07-15,2383.98999,2405.0,2360.0,2390.0,2390.0,240600,0.0,0.0
2025-07-16,2408.780029,2408.780029,2367.080078,2405.149902,2405.149902,210500,0.0,0.0
2025-07-17,2405.149902,2422.169922,2347.350098,2351.139893,2351.139893,378600,0.0,0.0
2025-07-18,2364.0,2428.040039,2347.98999,2413.570068,2413.570068,319800,0.0,0.0
2025-07-21,2402.810059,2412.280029,2345.0,2379.060059,2379.060059,249200,0.0,0.0
2025-07-22,2394.5,2410.0,2375.129883,2384.719971,2384.719971,266900,0.0,0.0
2025-07-23,2387.27002,2399.699951,2359.620117,2394.429932,2394.429932,267900,0.0,0.0
2025-07-24,2407.580078,2410.659912,2367.929932,2391.050049,2391.050049,159400,0.0,0.0
2025-07-25,2400.110107,2400.110107,2345.0,2362.560059,2362.560059,278500,0.0,0.0
2025-07-28,2365.0,2378.610107,2348.090088,2354.110107,2354.110107,192900,0.0,0.0
2025-07-29,2374.47998,2390.0,2362.939941,2384.899902,2384.899902,259300,0.0,0.0
2025-07-30,2393.0,2400.0,2368.709961,2381.389893,2381.389893,227200,0.0,0.0
2025-07-31,2384.98999,2389.899902,2350.0,2373.889893,2373.889893,258200,0.0,0.0
2025-08-01,2379.98999,2401.530029,2360.0,2375.919922,2375.919922,375200,0.0,0.0
2025-08-04,2400.0,2431.189941,2370.429932,2395.830078,2395.830078,563500,0.0,0.0
2025-08-05,2329.110107,2480.0,2318.080078,2408.02002,2408.02002,1124100,0.0,0.0
2025-08-06,2441.340088,2455.939941,2284.98999,2317.219971,2317.219971,616200,0.0,0.0
2025-08-07,2338.689941,2368.899902,2311.110107,2334.820068,2334.820068,352000,0.0,0.0
2025-08-08,2345.469971,2359.0,2302.75,2353.699951,2353.699951,303500,0.0,0.0
2025-08-11,2353.0,2360.219971,2291.0,2292.040039,2292.040039,351300,0.0,0.0
2025-08-12,2292.409912,2375.0,2292.300049,2350.830078,2350.830078,408600,0.0,0.0
2025-08-13,2364.070068,2388.73999,2313.100098,2327.300049,2327.300049,313700,0.0,0.0
2025-08-14,2322.52002,2347.429932,2313.560059,2319.800049,2319.800049,286000,0.0,0.0
2025-08-15,2345.0,2432.830078,2342.320068,2392.300049,2392.300049,411200,0.0,0.0
2025-08-18,2416.370117,2425.0,2364.01001,2364.01001,2364.01001,223300,0.0,0.0
2025-08-19,2361.449951,2379.149902,2333.469971,2342.939941,2342.939941,352800,0.0,0.0
2025-08-20,2353.25,2365.77002,2327.5,2335.97998,2335.97998,272400,0.0,0.0
2025-08-21,2345.659912,2355.97998,2319.01001,2337.439941,2337.439941,216700,0.0,0.0
2025-08-22,2347.5,2461.939941,2347.5,2430.620117,2430.620117,436100,0.0,0.0
2025-08-25,2421.76001,2440.0,2385.01001,2407.73999,2407.73999,199400,0.0,0.0
2025-08-26,2408.0,2426.949951,2375.0,2405.530029,2405.530029,409700,0.0,0.0
2025-08-27,2380.070068,2425.0,2380.070068,2413.429932,2413.429932,224100,0.0,0.0
2025-08-28,2396.969971,2504.370117,2396.969971,2472.290039,2472.290039,373100,0.0,0.0
2025-08-29,2484.0,2503.23999,2446.300049,2472.909912,2472.909912,292500,0.0,0.0
2025-09-02,2424.550049,2438.780029,2365.439941,2379.76001,2379.76001,359800,0.0,0.0
2025-09-03,2367.870117,2380.26001,2342.709961,2373.120117,2373.120117,302300,0.0,0.0
2025-09-04,2376.679932,2421.76001,2372.110107,2417.800049,2417.800049,270700,0.0,0.0
2025-09-05,2421.629883,2450.219971,2321.330078,2417.48999,2417.48999,493500,0.0,0.0
2025-09-08,2361.110107,2373.929932,2298.040039,2346.959961,2346.959961,789100,0.0,0.0
2025-09-09,2348.209961,2378.23999,2341.330078,2373.01001,2373.01001,272400,0.0,0.0
2025-09-10,2377.0,2402.889893,2318.419922,2348.98999,2348.98999,415600,0.0,0.0
2025-09-11,2357.080078,2372.310059,2331.550049,2338.199951,2338.199951,331200,0.0,0.0
2025-09-12,2325.0,2352.379883,2290.5,2339.360107,2339.360107,571800,0.0,0.0
2025-09-15,2337.76001,2352.439941,2311.360107,2335.820068,2335.820068,375500,0.0,0.0
2025-09-16,2344.550049,2394.169922,2336.870117,2390.139893,2390.139893,436600,0.0,0.0
2025-09-17,2395.699951,2468.25,2370.26001,2446.320068,2446.320068,418100,0.0,0.0
2025-09-18,2459.669922,2531.189941,2459.320068,2476.370117,2476.370117,378800,0.0,0.0
2025-09-19,2493.060059,2500.0,2433.320068,2452.340088,2452.340088,416900,0.0,0.0
2025-09-22,2442.110107,2463.340088,2415.76001,2460.659912,2460.659912,288400,0.0,0.0
2025-09-23,2460.0,2516.649902,2433.48999,2494.350098,2494.350098,267700,0.0,0.0
2025-09-24,2511.669922,2530.0,2481.5,2510.969971,2510.969971,272600,0.0,0.0
2025-09-25,2507.889893,2507.889893,2443.159912,2492.25,2492.25,362500,0.0,0.0
2025-09-26,2499.0,2514.899902,2459.350098,2468.419922,2468.419922,249700,0.0,0.0
2025-09-29,2492.22998,2548.5,2484.649902,2501.310059,2501.310059,283200,0.0,0.0
2025-09-30,2475.0,2481.100098,2314.179932,2336.939941,2336.939941,928300,0.0,0.0
2025-10-01,2344.290039,2345.0,2172.77002,2176.909912,2176.909912,1189700,0.0,0.0
2025-10-02,2201.649902,2250.860107,2159.360107,2246.600098,2246.600098,897800,0.0,0.0
2025-10-03,2241.01001,2249.5,2160.0,2172.75,2172.75,617600,0.0,0.0
2025-10-06,2178.310059,2178.310059,2116.0,2154.219971,2154.219971,636600,0.0,0.0
2025-10-07,2151.870117,2189.469971,2118.27002,2187.570068,2187.570068,332300,0.0,0.0
2025-10-08,2194.300049,2199.110107,2140.639893,2179.889893,2179.889893,396200,0.0,0.0
2025-10-09,2183.0,2279.449951,2170.0,2275.0,2275.0,523200,0.0,0.0
2025-10-10,2271.01001,2280.0,2120.0,2133.669922,2133.669922,731200,0.0,0.0
2025-10-13,2150.01001,2207.909912,2146.0,2175.909912,2175.909912,352500,0.0,0.0
2025-10-14,2150.0,2183.949951,2121.409912,2157.820068,2157.820068,315600,0.0,0.0
2025-10-15,2181.919922,2181.919922,2033.0,2048.350098,2048.350098,757000,0.0,0.0
2025-10-16,2050.51001,2071.780029,2025.25,2043.060059,2043.060059,818100,0.0,0.0
2025-10-17,2061.899902,2061.899902,2020.0,2024.97998,2024.97998,742100,0.0,0.0
2025-10-20,2039.72998,2105.0,2033.089966,2102.110107,2102.110107,360900,0.0,0.0
2025-10-21,2105.0,2163.23999,2096.0,2142.050049,2142.050049,349400,0.0,0.0
2025-10-22,2129.560059,2131.439941,2088.449951,2095.209961,2095.209961,283000,0.0,0.0
2025-10-23,2108.689941,2149.97998,2095.0,2148.320068,2148.320068,296000,0.0,0.0
2025-10-24,2171.820068,2185.0,2140.02002,2161.110107,2161.110107,367600,0.0,0.0
2025-10-27,2300.0,2304.090088,2220.0,2282.320068,2282.320068,640000,0.0,0.0
2025-10-28,2290.540039,2298.050049,2250.050049,2290.139893,2290.139893,385400,0.0,0.0
2025-10-29,2283.419922,2319.280029,2251.0,2295.919922,2295.919922,545800,0.0,0.0
2025-10-30,2210.550049,2428.0,2210.0,2360.76001,2360.76001,892700,0.0,0.0
2025-10-31,2375.0,2419.780029,2308.0,2327.26001,2327.26001,754700,0.0,0.0
2025-11-03,2331.199951,2387.550049,2289.0,2316.399902,2316.399902,497300,0.0,0.0
2025-11-04,2300.0,2372.790039,2270.0,2305.689941,2305.689941,383300,0.0,0.0
2025-11-05,2295.0,2320.0,2233.419922,2301.879883,2301.879883,464400,0.0,0.0
2025-11-06,2274.120117,2276.909912,2121.780029,2128.330078,2128.330078,742300,0.0,0.0
2025-11-07,2120.0,2122.0,2078.360107,2108.600098,2108.600098,655600,0.0,0.0
2025-11-10,2127.149902,2131.560059,2049.429932,2092.040039,2092.040039,823700,0.0,0.0
2025-11-11,2086.159912,2124.5,2070.0,2099.570068,2099.570068,395000,0.0,0.0
2025-11-12,2141.570068,2143.439941,2094.659912,2103.909912,2103.909912,406000,0.0,0.0
2025-11-13,2084.51001,2100.0,2017.880005,2031.050049,2031.050049,700900,0.0,0.0
2025-11-14,2030.150024,2049.550049,1990.550049,2048.889893,2048.889893,600500,0.0,0.0
2025-11-17,2055.0,2074.189941,2038.0,2057.719971,2057.719971,375300,0.0,0.0
2025-11-18,2051.100098,2084.129883,2035.609985,2058.810059,2058.810059,380000,0.0,0.0
2025-11-19,2065.0,2095.669922,2054.169922,2077.179932,2077.179932,428500,0.0,0.0
2025-11-20,2105.300049,2108.0,1897.180054,1899.75,1899.75,1195200,0.0,0.0
2025-11-21,1903.619995,1966.73999,1901.0,1951.780029,1951.780029,816100,0.0,0.0
2025-11-24,1970.0,2011.0,1935.089966,2008.920044,2008.920044,870200,0.0,0.0
2025-11-25,2000.670044,2059.939941,1990.560059,2055.0,2055.0,524700,0.0,0.0
2025-11-26,2077.439941,2079.969971,2026.0,2033.319946,2033.319946,377900,0.0,0.0
2025-11-28,2075.379883,2090.860107,2050.0,2071.780029,2071.780029,248700,0.0,0.0
2025-12-01,2060.0,2084.879883,2035.390015,2064.550049,2064.550049,538600,0.0,0.0
2025-12-02,2067.75,2153.75,2066.01001,2115.909912,2115.909912,616200,0.0,0.0
2025-12-03,2117.0,2151.629883,2102.560059,2119.830078,2119.830078,383800,0.0,0.0
2025-12-04,2128.51001,2151.330078,2079.080078,2139.560059,2139.560059,443000,0.0,0.0
2025-12-05,2145.48999,2163.0,2051.040039,2066.419922,2066.419922,668900,0.0,0.0
2025-12-08,2087.080078,2121.419922,2075.0,2088.360107,2088.360107,361300,0.0,0.0
2025-12-09,2072.050049,2091.98999,2044.589966,2074.47998,2074.47998,418100,0.0,0.0
2025-12-10,2031.01001,2037.5,1957.0,1970.72998,1970.72998,1173900,0.0,0.0
2025-12-11,1978.410034,2042.050049,1969.689941,2019.810059,2019.810059,522400,0.0,0.0
2025-12-12,2014.650024,2050.48999,2005.0,2015.890015,2015.890015,401200,0.0,0.0
2025-12-15,2028.859985,2028.859985,1955.109985,1966.76001,1966.76001,487100,0.0,0.0
2025-12-16,1964.439941,1974.300049,1906.180054,1933.719971,1933.719971,908300,0.0,0.0
2025-12-17,1943.689941,1956.050049,1901.829956,1916.280029,1916.280029,687600,0.0,0.0
2025-12-18,1932.48999,1983.219971,1932.48999,1964.459961,1964.459961,686100,0.0,0.0
2025-12-19,1969.839966,2014.459961,1962.0,1997.609985,1997.609985,737900,0.0,0.0
2025-12-22,2009.880005,2013.0,1960.030029,1993.650024,1993.650024,311100,0.0,0.0
2025-12-23,1995.0,2006.660034,1974.0,1995.069946,1995.069946,254200,0.0,0.0
2025-12-24,1996.0,2008.170044,1982.119995,1998.209961,1998.209961,98200,0.0,0.0
2025-12-26,1998.079956,2012.0,1994.01001,2005.709961,2005.709961,192500,0.0,0.0
2025-12-29,1995.0,2039.76001,1986.0,2014.969971,2014.969971,276000,0.0,0.0
2025-12-30,2014.920044,2025.189941,1997.060059,2020.880005,2020.880005,294100,0.0,0.0
2025-12-31,2014.560059,2027.72998,2007.5,2014.26001,2014.26001,199700,0.0,0.0
2026-01-02,2027.550049,2035.0,1968.880005,1973.699951,1973.699951,502500,0.0,0.0
2026-01-05,2011.939941,2211.929932,2010.900024,2148.620117,2148.620117,1072900,0.0,0.0
2026-01-06,2142.169922,2239.949951,2138.0,2187.040039,2187.040039,689200,0.0,0.0
2026-01-07,2187.040039,2188.48999,2130.0,2162.610107,2162.610107,383100,0.0,0.0
2026-01-08,2176.699951,2200.699951,2160.02002,2179.800049,2179.800049,340500,0.0,0.0
2026-01-09,2191.5,2193.060059,2162.0,2178.409912,2178.409912,309200,0.0,0.0
2026-01-12,2164.27002,2165.030029,2122.570068,2149.899902,2149.899902,408500,0.0,0.0
2026-01-13,2127.209961,2130.149902,2030.910034,2073.570068,2073.570068,689900,0.0,0.0
2026-01-14,2055.699951,2108.0,2041.02002,2101.949951,2101.949951,500100,0.0,0.0
2026-01-15,2137.120117,2151.459961,2084.620117,2098.850098,2098.850098,425200,0.0,0.0
2026-01-16,2104.73999,2110.040039,2061.620117,2075.01001,2075.01001,546800,0.0,0.0
2026-01-20,2049.040039,2110.360107,2028.209961,2034.819946,2034.819946,535800,0.0,0.0
2026-01-21,2045.0,2093.51001,2032.01001,2057.77002,2057.77002,942900,0.0,0.0
2026-01-22,2113.409912,2166.0,2111.01001,2153.75,2153.75,872900,0.0,0.0
2026-01-23,2145.0,2153.459961,2100.310059,2137.290039,2137.290039,467100,0.0,0.0
2026-01-26,2131.469971,2241.98999,2127.969971,2212.620117,2212.620117,539100,0.0,0.0
2026-01-27,2222.0,2302.459961,2205.0,2295.0,2295.0,569400,0.0,0.0
2026-01-28,2303.909912,2342.0,2266.350098,2268.600098,2268.600098,486000,0.0,0.0
2026-01-29,2268.97998,2292.340088,2209.929932,2218.139893,2218.139893,418500,0.0,0.0
2026-01-30,2200.0,2226.679932,2129.0,2147.790039,2147.790039,558600,0.0,0.0
2026-02-02,2134.51001,2184.899902,2112.280029,2147.219971,2147.219971,342000,0.0,0.0
2026-02-03,2145.0,2158.27002,2065.639893,2099.899902,2099.899902,501800,0.0,0.0
2026-02-04,2085.310059,2090.26001,1985.339966,2052.780029,2052.780029,766800,0.0,0.0
2026-02-05,2066.02002,2094.090088,2024.140015,2034.76001,2034.76001,519100,0.0,0.0
2026-02-06,2042.430054,2042.430054,1913.0,1970.150024,1970.150024,937700,0.0,0.0
2026-02-09,1984.02002,2037.02002,1958.880005,2035.589966,2035.589966,546200,0.0,0.0
2026-02-10,2035.180054,2082.090088,2012.329956,2025.319946,2025.319946,545700,0.0,0.0
2026-02-11,2053.22998,2060.0,1972.0,2018.180054,2018.180054,471000,0.0,0.0
2026-02-12,2092.620117,2113.899902,1997.0,2007.0,2007.0,584400,0.0,0.0
2026-02-13,1990.26001,2006.319946,1963.469971,1988.26001,1988.26001,425500,0.0,0.0
2026-02-17,1975.390015,2006.660034,1931.119995,1975.51001,1975.51001,425400,0.0,0.0
2026-02-18,1988.209961,2047.869995,1976.0,2009.050049,2009.050049,328000,0.0,0.0
2026-02-19,2009.079956,2025.390015,1990.180054,1996.550049,1996.550049,284500,0.0,0.0
2026-02-20,1986.01001,2020.550049,1964.869995,1996.869995,1996.869995,361100,0.0,0.0
2026-02-23,1995.349976,2008.189941,1848.910034,1864.459961,1864.459961,757900,0.0,0.0
2026-02-24,1885.0,1928.959961,1857.119995,1922.560059,1922.560059,900800,0.0,0.0
2026-02-25,1760.119995,1781.47998,1654.23999,1767.709961,1767.709961,2381200,0.0,0.0
2026-02-26,1791.0,1796.0,1731.26001,1740.880005,1740.880005,1089700,0.0,0.0
2026-02-27,1739.369995,1775.97998,1721.410034,1757.579956,1757.579956,792500,0.0,0.0
2026-03-02,1700.150024,1780.0,1682.119995,1777.0,1777.0,818500,0.0,0.0
2026-03-03,1688.880005,1721.959961,1660.199951,1714.01001,1714.01001,977600,0.0,0.0
2026-03-04,1731.76001,1789.0,1727.0,1769.030029,1769.030029,520600,0.0,0.0
2026-03-05,1769.699951,1810.619995,1765.0,1780.359985,1780.359985,489300,0.0,0.0
2026-03-06,1758.130005,1794.170044,1738.550049,1787.859985,1787.859985,439900,0.0,0.0
2026-03-09,1742.709961,1769.52002,1721.410034,1769.52002,1769.52002,600800,0.0,0.0
2026-03-10,1773.5,1773.5,1723.699951,1742.089966,1742.089966,441800,0.0,0.0
2026-03-11,1745.26001,1766.560059,1726.459961,1766.099976,1766.099976,367400,0.0,0.0
2026-03-12,1700.0,1712.689941,1631.180054,1680.0,1680.0,1203900,0.0,0.0
2026-03-13,1670.800049,1695.0,1645.910034,1670.0,1670.0,678900,0.0,0.0
2026-03-16,1685.0,1741.959961,1681.0,1732.329956,1732.329956,465600,0.0,0.0
2026-03-17,1733.329956,1752.26001,1711.0,1728.140015,1728.140015,362400,0.0,0.0
2026-03-18,1718.449951,1741.209961,1686.98999,1690.26001,1690.26001,366500,0.0,0.0
2026-03-19,1680.02002,1684.030029,1648.51001,1666.930054,1666.930054,427100,0.0,0.0
2026-03-20,1656.0,1671.719971,1631.180054,1635.76001,1635.76001,537400,0.0,0.0
2026-03-23,1662.459961,1691.790039,1637.209961,1666.079956,1666.079956,460500,0.0,0.0
2026-03-24,1647.319946,1653.52002,1606.209961,1612.02002,1612.02002,511100,0.0,0.0
2026-03-25,1637.099976,1658.660034,1617.25,1639.469971,1639.469971,403600,0.0,0.0
2026-03-26,1624.77002,1668.589966,1620.0,1630.98999,1630.98999,290000,0.0,0.0
2026-03-27,1618.959961,1633.119995,1593.209961,1599.52002,1599.52002,546400,0.0,0.0
2026-03-30,1608.050049,1633.579956,1598.22998,1619.199951,1619.199951,385800,0.0,0.0
2026-03-31,1645.0,1741.640015,1631.02002,1729.02002,1729.02002,800000,0.0,0.0
2026-04-01,1740.160034,1741.040039,1692.310059,1718.969971,1718.969971,643300,0.0,0.0
2026-04-02,1689.969971,1737.98999,1684.089966,1715.52002,1715.52002,290400,0.0,0.0
2026-04-06,1706.579956,1727.26001,1694.0,1710.369995,1710.369995,210700,0.0,0.0
2026-04-07,1714.26001,1744.910034,1691.910034,1742.300049,1742.300049,351300,0.0,0.0
2026-04-08,1822.790039,1843.910034,1765.430054,1775.73999,1775.73999,520800,0.0,0.0
2026-04-09,1783.48999,1802.219971,1744.099976,1793.209961,1793.209961,322700,0.0,0.0
2026-04-10,1801.0,1812.890015,1756.869995,1773.959961,1773.959961,366500,0.0,0.0
2026-04-13,1761.75,1839.01001,1761.109985,1831.930054,1831.930054,465500,0.0,0.0
2026-04-14,1841.0,1878.849976,1836.339966,1840.660034,1840.660034,358000,0.0,0.0
2026-04-15,1858.189941,1887.069946,1843.040039,1872.119995,1872.119995,470300,0.0,0.0
2026-04-16,1860.73999,1891.5,1808.599976,1822.130005,1822.130005,412600,0.0,0.0
2026-04-17,1850.189941,1875.0,1832.5,1855.829956,1855.829956,361000,0.0,0.0
2026-04-20,1855.829956,1871.439941,1835.01001,1870.079956,1870.079956,356700,0.0,0.0
2026-04-21,1884.01001,1903.0,1851.0,1854.180054,1854.180054,260700,0.0,0.0
2026-04-22,1871.73999,1881.380005,1843.959961,1860.97998,1860.97998,255400,0.0,0.0
2026-04-23,1845.150024,1846.849976,1792.319946,1809.199951,1809.199951,303700,0.0,0.0
2026-04-24,1819.430054,1841.060059,1799.719971,1835.219971,1835.219971,299000,0.0,0.0
2026-04-27,1832.839966,1874.22998,1832.01001,1839.280029,1839.280029,364900,0.0,0.0
2026-04-28,1839.910034,1846.329956,1778.339966,1791.98999,1791.98999,328800,0.0,0.0
2026-04-29,1767.75,1771.5,1738.0,1767.02002,1767.02002,450800,0.0,0.0
2026-04-30,1768.0,1810.0,1761.439941,1792.630005,1792.630005,317600,0.0,0.0
2026-05-01,1799.439941,1861.339966,1799.430054,1850.050049,1850.050049,374800,0.0,0.0
2026-05-04,1847.160034,1876.01001,1813.189941,1813.530029,1813.530029,373000,0.0,0.0
2026-05-05,1812.609985,1821.310059,1778.27002,1817.310059,1817.310059,329300,0.0,0.0
2026-05-06,1830.01001,1864.5,1825.0,1841.140015,1841.140015,421900,0.0,0.0
2026-05-07,1850.810059,1890.0,1839.550049,1870.01001,1870.01001,814600,0.0,0.0
2026-05-08,1685.0,1704.189941,1623.0,1632.52002,1632.52002,2333900,0.0,0.0
2026-05-11,1641.329956,1642.0,1536.709961,1557.300049,1557.300049,1864500,0.0,0.0
2026-05-12,1562.75,1583.0,1541.140015,1578.780029,1578.780029,1163500,0.0,0.0
2026-05-13,1533.130005,1562.560059,1495.0,1562.0,1562.0,1309300,0.0,0.0
2026-05-14,1547.0,1619.339966,1541.689941,1607.369995,1607.369995,701700,0.0,0.0
2026-05-15,1591.0,1594.050049,1538.109985,1546.810059,1546.810059,619900,0.0,0.0
2026-05-18,1540.0,1586.189941,1528.670044,1585.910034,1585.910034,673400,0.0,0.0
2026-05-19,1583.890015,1625.0,1572.920044,1594.859985,1594.859985,557800,0.0,0.0
2026-05-20,1598.0,1662.0,1587.209961,1651.199951,1651.199951,536900,0.0,0.0
2026-05-21,1632.0,1680.0,1615.5,1677.900024,1677.900024,494400,0.0,0.0
2026-05-22,1681.209961,1703.920044,1650.130005,1664.420044,1664.420044,399000,0.0,0.0
2026-05-26,1657.98999,1659.650024,1616.469971,1648.040039,1648.040039,497900,0.0,0.0
2026-05-27,1645.0,1709.0,1644.51001,1696.170044,1696.170044,441000,0.0,0.0
2026-05-28,1705.0,1715.910034,1681.0,1695.530029,1695.530029,565100,0.0,0.0
2026-05-29,1682.869995,1707.0,1679.02002,1695.650024,1695.650024,759600,0.0,0.0
2026-06-01,1700.449951,1733.780029,1681.25,1730.97998,1730.97998,610200,0.0,0.0
2026-06-02,1720.0,1733.219971,1662.719971,1672.829956,1672.829956,505500,0.0,0.0
2026-06-03,1652.01001,1670.0,1629.52002,1638.540039,1638.540039,544600,0.0,0.0
2026-06-04,1657.650024,1683.550049,1616.0,1634.780029,1634.780029,493100,0.0,0.0
2026-06-05,1630.180054,1650.199951,1604.0,1607.800049,1607.800049,446500,0.0,0.0
2026-06-08,1606.079956,1630.569946,1582.430054,1611.98999,1611.98999,431900,0.0,0.0
2026-06-09,1609.170044,1668.930054,1600.119995,1641.160034,1641.160034,506900,0.0,0.0
2026-06-10,1628.0,1629.0,1579.25,1588.290039,1588.290039,404100,0.0,0.0
2026-06-11,1585.560059,1623.319946,1546.0,1610.0,1610.0,650200,0.0,0.0
2026-06-12,1628.0,1632.859985,1565.97998,1589.599976,1589.599976,596000,0.0,0.0
2026-06-15,1618.099976,1673.5,1617.420044,1646.359985,1646.359985,532100,0.0,0.0
2026-06-16,1657.150024,1712.0,1652.609985,1674.079956,1674.079956,448000,0.0,0.0
2026-06-17,1674.079956,1702.0,1630.0,1631.819946,1631.819946,460600,0.0,0.0
2026-06-18,1635.0,1647.670044,1608.089966,1635.150024,1635.150024,655100,0.0,0.0
2026-06-22,1633.5,1635.150024,1588.01001,1589.449951,1589.449951,414500,0.0,0.0
2026-06-23,1581.130005,1606.73999,1566.0,1583.660034,1583.660034,403700,0.0,0.0
2026-06-24,1583.0,1684.579956,1579.0,1659.569946,1659.569946,634500,0.0,0.0
2026-06-25,1663.0,1663.349976,1613.829956,1619.25,1619.25,441500,0.0,0.0
2026-06-26,1619.97998,1693.939941,1600.060059,1675.099976,1675.099976,481600,0.0,0.0
2026-06-29,1685.969971,1744.420044,1682.400024,1683.130005,1683.130005,422900,0.0,0.0
2026-06-30,1669.180054,1702.47998,1657.01001,1697.390015,1697.390015,432900,0.0,0.0
2026-07-01,1715.0,1766.660034,1713.579956,1742.189941,1742.189941,497100,0.0,0.0
2026-07-02,1757.900024,1781.72998,1749.0,1763.359985,1763.359985,407600,0.0,0.0
2026-07-06,1764.130005,1812.0,1756.329956,1805.680054,1805.680054,329200,0.0,0.0
2026-07-07,1828.030029,1836.089966,1793.459961,1813.609985,1813.609985,287900,0.0,0.0
2026-07-08,1800.300049,1815.359985,1764.680054,1809.380005,1809.380005,275100,0.0,0.0
2026-07-09,1777.189941,1809.380005,1760.900024,1807.829956,1807.829956,385600,0.0,0.0
2026-07-10,1823.73999,1884.060059,1810.0,1852.219971,1852.219971,406300,0.0,0.0
2026-07-13,1856.640015,1897.26001,1855.0,1867.300049,1867.300049,483900,0.0,0.0
2026-07-14,1851.390015,1896.0,1842.040039,1873.880005,1873.880005,410900,0.0,0.0
2026-07-15,1873.0,1905.48999,1819.670044,1843.189941,1843.189941,508200,0.0,0.0
2026-07-16,1862.819946,1883.359985,1840.0,1857.420044,1857.420044,344700,0.0,0.0
2026-07-17,1827.130005,1833.26001,1789.0,1813.910034,1813.910034,313600,0.0,0.0
2026-07-20,1819.390015,1863.199951,1805.0,1832.420044,1832.420044,294300,0.0,0.0
2026-07-21,1840.0,1840.0,1797.959961,1822.650024,1822.650024,261300,0.0,0.0
2026-07-22,1818.089966,1818.089966,1773.680054,1799.209961,1799.209961,246100,0.0,0.0
2026-07-23,1790.800049,1804.25,1771.170044,1798.699951,1798.699951,305900,0.0,0.0
2026-07-24,1800.709961,1839.910034,1797.280029,1801.439941,1801.439941,303800,0.0,0.0
2026-07-27,1825.709961,1855.439941,1818.51001,1819.73999,1819.73999,329200,0.0,0.0
2026-07-28,1839.140015,1886.0,1839.140015,1862.52002,1862.52002,409000,0.0,0.0
2026-07-29,1842.76001,1902.380005,1842.76001,1863.310059,1863.310059,297900,0.0,0.0
2026-07-30,1845.01001,1888.0,1828.890015,1885.72998,1885.72998,370100,0.0,0.0
2026-07-31,1874.0,1889.219971,1851.790039,1877.949951,1877.949951,366000,0.0,0.0
2026-08-03,1916.699951,1926.0,1875.98999,1898.790039,1898.790039,442900,0.0,0.0
2026-08-04,1889.660034,1906.380005,1864.560059,1888.5,1888.5,448300,0.0,0.0
2026-08-05,1923.25,1944.98999,1909.109985,1922.569946,1922.569946,606200,0.0,0.0
2026-08-06,1825.51001,1833.209961,1766.050049,1830.0,1830.0,1200900,0.0,0.0
2026-08-07,1820.550049,1851.189941,1800.01001,1820.689941,1820.689941,491800,0.0,0.0
2026-08-10,1817.420044,1848.5,1806.51001,1824.339966,1824.339966,313100,0.0,0.0
2026-08-11,1850.0,1946.0,1830.27002,1940.0,1940.0,803600,0.0,0.0
2026-08-12,1921.0,1927.0,1827.0,1828.290039,1828.290039,684500,0.0,0.0
2026-08-13,1840.0,1858.5,1815.01001,1828.25,1828.25,356700,0.0,0.0
2026-08-14,1837.27002,1874.97998,1832.01001,1844.579956,1844.579956,270300,0.0,0.0
2026-08-17,1823.390015,1829.180054,1767.51001,1787.569946,1787.569946,534300,0.0,0.0
2026-08-18,1782.060059,1813.98999,1759.209961,1779.140015,1779.140015,340900,0.0,0.0
2026-08-19,1780.5,1918.170044,1771.0,1908.650024,1908.650024,709200,0.0,0.0
2026-08-20,1897.76001,1929.640015,1885.329956,1921.959961,1921.959961,399500,0.0,0.0
2026-08-21,1928.390015,1962.569946,1911.01001,1922.72998,1922.72998,422700,0.0,0.0
2026-08-24,1926.75,1990.98999,1918.0,1947.900024,1947.900024,459800,0.0,0.0
2026-08-25,1937.829956,2011.199951,1929.0,1997.0,1997.0,432100,0.0,0.0
2026-08-26,1995.390015,2008.380005,1948.400024,1950.439941,1950.439941,326500,0.0,0.0
2026-08-27,1947.26001,1961.98999,1906.069946,1930.75,1930.75,370100,0.0,0.0
2026-08-28,1941.98999,1972.589966,1939.949951,1966.25,1966.25,338200,0.0,0.0
2026-08-31,1954.0,1964.0,1922.380005,1936.199951,1936.199951,335200,0.0,0.0
2026-09-01,1900.0,1975.01001,1900.0,1963.48999,1963.48999,325300,0.0,0.0
2026-09-02,1949.609985,2009.98999,1949.609985,2006.579956,2006.579956,391200,0.0,0.0
2026-09-03,2025.0,2066.0,1985.079956,1991.060059,1991.060059,431300,0.0,0.0
2026-09-04,1985.52002,1999.98999,1966.0,1978.359985,1978.359985,281800,0.0,0.0
2026-09-08,1945.0,1969.400024,1908.0,1926.25,1926.25,351300,0.0,0.0
2026-09-09,1909.0,1909.0,1853.030029,1876.329956,1876.329956,521400,0.0,0.0
2026-09-10,1867.390015,1946.839966,1840.0,1906.23999,1906.23999,450900,0.0,0.0
2026-09-11,1928.5,1933.5,1892.22998,1897.369995,1897.369995,314800,0.0,0.0
2026-09-14,1911.469971,1911.469971,1876.0,1900.23999,1900.23999,445900,0.0,0.0
2026-09-15,1876.140015,1886.359985,1828.219971,1828.939941,1828.939941,609100,0.0,0.0
2026-09-16,1822.0,1853.5,1794.719971,1839.709961,1839.709961,940300,0.0,0.0
2026-09-17,1847.390015,1851.98999,1800.420044,1825.209961,1825.209961,963400,0.0,0.0
2026-09-18,1825.189941,1827.050049,1785.219971,1787.390015,1787.390015,1161900,0.0,0.0
2026-09-21,1790.5,1834.719971,1787.280029,1820.469971,1820.469971,1064900,0.0,0.0
2026-09-22,1836.0,1842.48999,1790.219971,1826.579956,1826.579956,923800,0.0,0.0
2026-09-23,1799.890015,1836.069946,1788.119995,1799.23999,1799.23999,701400,0.0,0.0
2026-09-24,1793.420044,1805.920044,1736.849976,1754.130005,1754.130005,906100,0.0,0.0
2026-09-25,1741.0,1759.109985,1715.349976,1752.609985,1752.609985,535500,0.0,0.0
2026-09-28,1726.280029,1727.369995,1685.550049,1712.410034,1712.410034,565200,0.0,0.0
2026-09-29,1715.0,1734.670044,1701.089966,1724.900024,1724.900024,468300,0.0,0.0
2026-09-30,1731.0,1739.880005,1690.069946,1728.530029,1728.530029,687100,0.0,0.0
2026-10-01,1729.170044,1731.359985,1668.439941,1685.119995,1685.119995,709800,0.0,0.0
2026-10-02,1693.75,1709.359985,1679.02002,1696.560059,1696.560059,389300,0.0,0.0
2026-10-05,1774.0,1871.670044,1769.76001,1860.609985,1860.609985,1259000,0.0,0.0
2026-10-06,1860.609985,1878.98999,1830.109985,1857.98999,1857.98999,532500,0.0,0.0
2026-10-07,1844.890015,1884.430054,1835.97998,1872.780029,1872.780029,429600,0.0,0.0
2026-10-08,1867.540039,1872.47998,1840.170044,1856.660034,1856.660034,274900,0.0,0.0
2026-10-09,1867.47998,1892.569946,1854.469971,,,313134,0.0,0.0
